score;completeness;rescuebot_action;rescuebot_location;ben_action;ben_location;world_nr;tick_nr
0;0.0;;(22, 11);;(22, 12);1;0
0;0.0;;(22, 11);;(22, 12);1;1
0;0.0;;(22, 11);;(22, 12);1;2
0;0.0;;(22, 11);;(22, 12);1;3
0;0.0;;(22, 11);;(22, 12);1;4
0;0.0;;(22, 11);;(22, 12);1;5
0;0.0;;(22, 11);;(22, 12);1;6
0;0.0;;(22, 11);;(22, 12);1;7
0;0.0;;(22, 11);;(22, 12);1;8
0;0.0;;(22, 11);;(22, 12);1;9
0;0.0;;(22, 11);;(22, 12);1;10
0;0.0;;(22, 11);;(22, 12);1;11
0;0.0;;(22, 11);;(22, 12);1;12
0;0.0;;(22, 11);;(22, 12);1;13
0;0.0;;(22, 11);;(22, 12);1;14
0;0.0;;(22, 11);;(22, 12);1;15
0;0.0;;(22, 11);;(22, 12);1;16
0;0.0;;(22, 11);;(22, 12);1;17
0;0.0;;(22, 11);;(22, 12);1;18
0;0.0;;(22, 11);;(22, 12);1;19
0;0.0;;(22, 11);;(22, 12);1;20
0;0.0;;(22, 11);;(22, 12);1;21
0;0.0;;(22, 11);;(22, 12);1;22
0;0.0;;(22, 11);;(22, 12);1;23
0;0.0;;(22, 11);;(22, 12);1;24
0;0.0;;(22, 11);;(22, 12);1;25
0;0.0;;(22, 11);;(22, 12);1;26
0;0.0;;(22, 11);;(22, 12);1;27
0;0.0;;(22, 11);;(22, 12);1;28
0;0.0;;(22, 11);;(22, 12);1;29
0;0.0;;(22, 11);;(22, 12);1;30
0;0.0;;(22, 11);;(22, 12);1;31
0;0.0;;(22, 11);;(22, 12);1;32
0;0.0;;(22, 11);;(22, 12);1;33
0;0.0;;(22, 11);;(22, 12);1;34
0;0.0;;(22, 11);;(22, 12);1;35
0;0.0;;(22, 11);;(22, 12);1;36
0;0.0;;(22, 11);;(22, 12);1;37
0;0.0;;(22, 11);;(22, 12);1;38
0;0.0;;(22, 11);;(22, 12);1;39
0;0.0;;(22, 11);;(22, 12);1;40
0;0.0;;(22, 11);;(22, 12);1;41
0;0.0;;(22, 11);;(22, 12);1;42
0;0.0;;(22, 11);;(22, 12);1;43
0;0.0;;(22, 11);;(22, 12);1;44
0;0.0;;(22, 11);;(22, 12);1;45
0;0.0;;(22, 11);;(22, 12);1;46
0;0.0;;(22, 11);;(22, 12);1;47
0;0.0;;(22, 11);;(22, 12);1;48
0;0.0;;(22, 11);;(22, 12);1;49
0;0.0;;(22, 11);;(22, 12);1;50
0;0.0;;(22, 11);;(22, 12);1;51
0;0.0;;(22, 11);;(22, 12);1;52
0;0.0;;(22, 11);;(22, 12);1;53
0;0.0;;(22, 11);;(22, 12);1;54
0;0.0;;(22, 11);;(22, 12);1;55
0;0.0;;(22, 11);;(22, 12);1;56
0;0.0;;(22, 11);;(22, 12);1;57
0;0.0;;(22, 11);;(22, 12);1;58
0;0.0;;(22, 11);;(22, 12);1;59
0;0.0;;(22, 11);;(22, 12);1;60
0;0.0;;(22, 11);;(22, 12);1;61
0;0.0;;(22, 11);;(22, 12);1;62
0;0.0;;(22, 11);;(22, 12);1;63
0;0.0;;(22, 11);;(22, 12);1;64
0;0.0;;(22, 11);;(22, 12);1;65
0;0.0;;(22, 11);;(22, 12);1;66
0;0.0;;(22, 11);;(22, 12);1;67
0;0.0;;(22, 11);;(22, 12);1;68
0;0.0;;(22, 11);;(22, 12);1;69
0;0.0;;(22, 11);;(22, 12);1;70
0;0.0;;(22, 11);;(22, 12);1;71
0;0.0;;(22, 11);;(22, 12);1;72
0;0.0;;(22, 11);;(22, 12);1;73
0;0.0;;(22, 11);;(22, 12);1;74
0;0.0;;(22, 11);;(22, 12);1;75
0;0.0;;(22, 11);;(22, 12);1;76
0;0.0;;(22, 11);;(22, 12);1;77
0;0.0;;(22, 11);;(22, 12);1;78
0;0.0;;(22, 11);;(22, 12);1;79
0;0.0;;(22, 11);;(22, 12);1;80
0;0.0;;(22, 11);;(22, 12);1;81
0;0.0;;(22, 11);;(22, 12);1;82
0;0.0;;(22, 11);;(22, 12);1;83
0;0.0;;(22, 11);;(22, 12);1;84
0;0.0;;(22, 11);;(22, 12);1;85
0;0.0;;(22, 11);;(22, 12);1;86
0;0.0;;(22, 11);;(22, 12);1;87
0;0.0;;(22, 11);;(22, 12);1;88
0;0.0;;(22, 11);;(22, 12);1;89
0;0.0;;(22, 11);;(22, 12);1;90
0;0.0;;(22, 11);;(22, 12);1;91
0;0.0;;(22, 11);;(22, 12);1;92
0;0.0;;(22, 11);;(22, 12);1;93
0;0.0;;(22, 11);;(22, 12);1;94
0;0.0;;(22, 11);;(22, 12);1;95
0;0.0;;(22, 11);;(22, 12);1;96
0;0.0;;(22, 11);;(22, 12);1;97
0;0.0;;(22, 11);;(22, 12);1;98
0;0.0;;(22, 11);;(22, 12);1;99
0;0.0;;(22, 11);;(22, 12);1;100
0;0.0;;(22, 11);;(22, 12);1;101
0;0.0;;(22, 11);;(22, 12);1;102
0;0.0;;(22, 11);;(22, 12);1;103
0;0.0;;(22, 11);;(22, 12);1;104
0;0.0;;(22, 11);;(22, 12);1;105
0;0.0;;(22, 11);;(22, 12);1;106
0;0.0;;(22, 11);;(22, 12);1;107
0;0.0;;(22, 11);;(22, 12);1;108
0;0.0;;(22, 11);;(22, 12);1;109
0;0.0;;(22, 11);;(22, 12);1;110
0;0.0;;(22, 11);;(22, 12);1;111
0;0.0;;(22, 11);;(22, 12);1;112
0;0.0;;(22, 11);;(22, 12);1;113
0;0.0;;(22, 11);;(22, 12);1;114
0;0.0;;(22, 11);;(22, 12);1;115
0;0.0;;(22, 11);;(22, 12);1;116
0;0.0;;(22, 11);;(22, 12);1;117
0;0.0;;(22, 11);;(22, 12);1;118
0;0.0;;(22, 11);;(22, 12);1;119
0;0.0;;(22, 11);;(22, 12);1;120
0;0.0;;(22, 11);;(22, 12);1;121
0;0.0;;(22, 11);;(22, 12);1;122
0;0.0;;(22, 11);;(22, 12);1;123
0;0.0;;(22, 11);;(22, 12);1;124
0;0.0;;(22, 11);;(22, 12);1;125
0;0.0;;(22, 11);;(22, 12);1;126
0;0.0;;(22, 11);;(22, 12);1;127
0;0.0;;(22, 11);;(22, 12);1;128
0;0.0;;(22, 11);;(22, 12);1;129
0;0.0;;(22, 11);;(22, 12);1;130
0;0.0;;(22, 11);;(22, 12);1;131
0;0.0;;(22, 11);;(22, 12);1;132
0;0.0;;(22, 11);;(22, 12);1;133
0;0.0;;(22, 11);;(22, 12);1;134
0;0.0;;(22, 11);;(22, 12);1;135
0;0.0;;(22, 11);;(22, 12);1;136
0;0.0;;(22, 11);;(22, 12);1;137
0;0.0;;(22, 11);;(22, 12);1;138
0;0.0;;(22, 11);;(22, 12);1;139
0;0.0;;(22, 11);;(22, 12);1;140
0;0.0;;(22, 11);;(22, 12);1;141
0;0.0;;(22, 11);;(22, 12);1;142
0;0.0;;(22, 11);;(22, 12);1;143
0;0.0;;(22, 11);;(22, 12);1;144
0;0.0;;(22, 11);;(22, 12);1;145
0;0.0;;(22, 11);;(22, 12);1;146
0;0.0;;(22, 11);;(22, 12);1;147
0;0.0;;(22, 11);;(22, 12);1;148
0;0.0;;(22, 11);;(22, 12);1;149
0;0.0;;(22, 11);;(22, 12);1;150
0;0.0;;(22, 11);;(22, 12);1;151
0;0.0;;(22, 11);;(22, 12);1;152
0;0.0;;(22, 11);;(22, 12);1;153
0;0.0;;(22, 11);;(22, 12);1;154
0;0.0;;(22, 11);;(22, 12);1;155
0;0.0;;(22, 11);;(22, 12);1;156
0;0.0;;(22, 11);;(22, 12);1;157
0;0.0;;(22, 11);;(22, 12);1;158
0;0.0;;(22, 11);;(22, 12);1;159
0;0.0;;(22, 11);;(22, 12);1;160
0;0.0;;(22, 11);;(22, 12);1;161
0;0.0;;(22, 11);;(22, 12);1;162
0;0.0;;(22, 11);;(22, 12);1;163
0;0.0;;(22, 11);;(22, 12);1;164
0;0.0;;(22, 11);;(22, 12);1;165
0;0.0;;(22, 11);;(22, 12);1;166
0;0.0;;(22, 11);;(22, 12);1;167
0;0.0;;(22, 11);;(22, 12);1;168
0;0.0;;(22, 11);;(22, 12);1;169
0;0.0;;(22, 11);;(22, 12);1;170
0;0.0;;(22, 11);;(22, 12);1;171
0;0.0;;(22, 11);;(22, 12);1;172
0;0.0;;(22, 11);;(22, 12);1;173
0;0.0;;(22, 11);;(22, 12);1;174
0;0.0;;(22, 11);;(22, 12);1;175
0;0.0;;(22, 11);;(22, 12);1;176
0;0.0;;(22, 11);;(22, 12);1;177
0;0.0;;(22, 11);;(22, 12);1;178
0;0.0;;(22, 11);;(22, 12);1;179
0;0.0;;(22, 11);;(22, 12);1;180
0;0.0;;(22, 11);;(22, 12);1;181
0;0.0;;(22, 11);;(22, 12);1;182
0;0.0;;(22, 11);;(22, 12);1;183
0;0.0;;(22, 11);;(22, 12);1;184
0;0.0;;(22, 11);;(22, 12);1;185
0;0.0;;(22, 11);;(22, 12);1;186
0;0.0;;(22, 11);;(22, 12);1;187
0;0.0;;(22, 11);;(22, 12);1;188
0;0.0;;(22, 11);;(22, 12);1;189
0;0.0;;(22, 11);;(22, 12);1;190
0;0.0;;(22, 11);;(22, 12);1;191
0;0.0;;(22, 11);;(22, 12);1;192
0;0.0;;(22, 11);;(22, 12);1;193
0;0.0;;(22, 11);;(22, 12);1;194
0;0.0;;(22, 11);;(22, 12);1;195
0;0.0;;(22, 11);;(22, 12);1;196
0;0.0;;(22, 11);;(22, 12);1;197
0;0.0;;(22, 11);;(22, 12);1;198
0;0.0;;(22, 11);;(22, 12);1;199
0;0.0;;(22, 11);;(22, 12);1;200
0;0.0;;(22, 11);;(22, 12);1;201
0;0.0;;(22, 11);;(22, 12);1;202
0;0.0;;(22, 11);;(22, 12);1;203
0;0.0;;(22, 11);;(22, 12);1;204
0;0.0;;(22, 11);;(22, 12);1;205
0;0.0;;(22, 11);;(22, 12);1;206
0;0.0;;(22, 11);;(22, 12);1;207
0;0.0;;(22, 11);;(22, 12);1;208
0;0.0;;(22, 11);;(22, 12);1;209
0;0.0;;(22, 11);;(22, 12);1;210
0;0.0;;(22, 11);;(22, 12);1;211
0;0.0;;(22, 11);;(22, 12);1;212
0;0.0;;(22, 11);;(22, 12);1;213
0;0.0;;(22, 11);;(22, 12);1;214
0;0.0;;(22, 11);;(22, 12);1;215
0;0.0;;(22, 11);;(22, 12);1;216
0;0.0;;(22, 11);;(22, 12);1;217
0;0.0;;(22, 11);;(22, 12);1;218
0;0.0;;(22, 11);;(22, 12);1;219
0;0.0;;(22, 11);;(22, 12);1;220
0;0.0;;(22, 11);;(22, 12);1;221
0;0.0;;(22, 11);;(22, 12);1;222
0;0.0;;(22, 11);;(22, 12);1;223
0;0.0;;(22, 11);;(22, 12);1;224
0;0.0;;(22, 11);;(22, 12);1;225
0;0.0;;(22, 11);;(22, 12);1;226
0;0.0;;(22, 11);;(22, 12);1;227
0;0.0;;(22, 11);;(22, 12);1;228
0;0.0;;(22, 11);;(22, 12);1;229
0;0.0;;(22, 11);;(22, 12);1;230
0;0.0;;(22, 11);;(22, 12);1;231
0;0.0;;(22, 11);;(22, 12);1;232
0;0.0;;(22, 11);;(22, 12);1;233
0;0.0;;(22, 11);;(22, 12);1;234
0;0.0;;(22, 11);;(22, 12);1;235
0;0.0;;(22, 11);;(22, 12);1;236
0;0.0;;(22, 11);;(22, 12);1;237
0;0.0;;(22, 11);;(22, 12);1;238
0;0.0;;(22, 11);;(22, 12);1;239
0;0.0;;(22, 11);;(22, 12);1;240
0;0.0;;(22, 11);;(22, 12);1;241
0;0.0;;(22, 11);;(22, 12);1;242
0;0.0;;(22, 11);;(22, 12);1;243
0;0.0;;(22, 11);;(22, 12);1;244
0;0.0;;(22, 11);;(22, 12);1;245
0;0.0;;(22, 11);;(22, 12);1;246
0;0.0;;(22, 11);;(22, 12);1;247
0;0.0;;(22, 11);;(22, 12);1;248
0;0.0;;(22, 11);;(22, 12);1;249
0;0.0;;(22, 11);;(22, 12);1;250
0;0.0;;(22, 11);;(22, 12);1;251
0;0.0;;(22, 11);;(22, 12);1;252
0;0.0;;(22, 11);;(22, 12);1;253
0;0.0;;(22, 11);;(22, 12);1;254
0;0.0;;(22, 11);;(22, 12);1;255
0;0.0;;(22, 11);;(22, 12);1;256
0;0.0;;(22, 11);;(22, 12);1;257
0;0.0;;(22, 11);;(22, 12);1;258
0;0.0;;(22, 11);;(22, 12);1;259
0;0.0;;(22, 11);;(22, 12);1;260
0;0.0;;(22, 11);;(22, 12);1;261
0;0.0;;(22, 11);;(22, 12);1;262
0;0.0;;(22, 11);;(22, 12);1;263
0;0.0;;(22, 11);;(22, 12);1;264
0;0.0;;(22, 11);;(22, 12);1;265
0;0.0;;(22, 11);;(22, 12);1;266
0;0.0;;(22, 11);;(22, 12);1;267
0;0.0;;(22, 11);;(22, 12);1;268
0;0.0;;(22, 11);;(22, 12);1;269
0;0.0;;(22, 11);;(22, 12);1;270
0;0.0;;(22, 11);;(22, 12);1;271
0;0.0;;(22, 11);;(22, 12);1;272
0;0.0;;(22, 11);;(22, 12);1;273
0;0.0;;(22, 11);;(22, 12);1;274
0;0.0;;(22, 11);;(22, 12);1;275
0;0.0;;(22, 11);;(22, 12);1;276
0;0.0;;(22, 11);;(22, 12);1;277
0;0.0;;(22, 11);;(22, 12);1;278
0;0.0;;(22, 11);;(22, 12);1;279
0;0.0;;(22, 11);;(22, 12);1;280
0;0.0;;(22, 11);;(22, 12);1;281
0;0.0;;(22, 11);;(22, 12);1;282
0;0.0;;(22, 11);;(22, 12);1;283
0;0.0;;(22, 11);;(22, 12);1;284
0;0.0;;(22, 11);;(22, 12);1;285
0;0.0;;(22, 11);;(22, 12);1;286
0;0.0;;(22, 11);;(22, 12);1;287
0;0.0;;(22, 11);;(22, 12);1;288
0;0.0;;(22, 11);;(22, 12);1;289
0;0.0;;(22, 11);;(22, 12);1;290
0;0.0;;(22, 11);;(22, 12);1;291
0;0.0;;(22, 11);;(22, 12);1;292
0;0.0;;(22, 11);;(22, 12);1;293
0;0.0;;(22, 11);;(22, 12);1;294
0;0.0;;(22, 11);;(22, 12);1;295
0;0.0;;(22, 11);;(22, 12);1;296
0;0.0;;(22, 11);;(22, 12);1;297
0;0.0;;(22, 11);;(22, 12);1;298
0;0.0;;(22, 11);;(22, 12);1;299
0;0.0;;(22, 11);;(22, 12);1;300
0;0.0;;(22, 11);;(22, 12);1;301
0;0.0;;(22, 11);;(22, 12);1;302
0;0.0;;(22, 11);;(22, 12);1;303
0;0.0;;(22, 11);;(22, 12);1;304
0;0.0;;(22, 11);;(22, 12);1;305
0;0.0;;(22, 11);;(22, 12);1;306
0;0.0;;(22, 11);;(22, 12);1;307
0;0.0;;(22, 11);;(22, 12);1;308
0;0.0;;(22, 11);;(22, 12);1;309
0;0.0;;(22, 11);;(22, 12);1;310
0;0.0;;(22, 11);;(22, 12);1;311
0;0.0;;(22, 11);;(22, 12);1;312
0;0.0;;(22, 11);;(22, 12);1;313
0;0.0;;(22, 11);;(22, 12);1;314
0;0.0;;(22, 11);;(22, 12);1;315
0;0.0;;(22, 11);;(22, 12);1;316
0;0.0;;(22, 11);;(22, 12);1;317
0;0.0;;(22, 11);;(22, 12);1;318
0;0.0;;(22, 11);;(22, 12);1;319
0;0.0;;(22, 11);;(22, 12);1;320
0;0.0;;(22, 11);;(22, 12);1;321
0;0.0;;(22, 11);;(22, 12);1;322
0;0.0;;(22, 11);;(22, 12);1;323
0;0.0;;(22, 11);;(22, 12);1;324
0;0.0;;(22, 11);;(22, 12);1;325
0;0.0;;(22, 11);;(22, 12);1;326
0;0.0;;(22, 11);;(22, 12);1;327
0;0.0;;(22, 11);;(22, 12);1;328
0;0.0;;(22, 11);;(22, 12);1;329
0;0.0;;(22, 11);MoveWest;(21, 12);1;330
0;0.0;;(22, 11);;(21, 12);1;331
0;0.0;;(22, 11);;(21, 12);1;332
0;0.0;;(22, 11);MoveWest;(20, 12);1;333
0;0.0;MoveNorth;(22, 11);;(20, 12);1;334
0;0.0;MoveNorth;(22, 11);MoveWest;(19, 12);1;335
0;0.0;MoveNorth;(22, 11);MoveSouth;(19, 13);1;336
0;0.0;MoveNorth;(22, 11);MoveSouth;(19, 14);1;337
0;0.0;MoveNorth;(22, 11);;(19, 14);1;338
0;0.0;MoveNorth;(22, 11);;(19, 14);1;339
0;0.0;MoveNorth;(22, 11);;(19, 14);1;340
0;0.0;MoveNorth;(22, 11);MoveSouth;(19, 15);1;341
0;0.0;MoveNorth;(22, 10);;(19, 15);1;342
0;0.0;MoveNorth;(22, 10);MoveSouth;(19, 16);1;343
0;0.0;MoveNorth;(22, 10);MoveSouth;(19, 17);1;344
0;0.0;MoveNorth;(22, 10);;(19, 17);1;345
0;0.0;MoveNorth;(22, 10);MoveSouth;(19, 17);1;346
0;0.0;MoveNorth;(22, 10);MoveSouth;(19, 17);1;347
0;0.0;MoveNorth;(22, 10);MoveSouth;(19, 17);1;348
0;0.0;MoveNorth;(22, 10);MoveSouth;(19, 17);1;349
0;0.0;MoveNorth;(22, 10);MoveSouth;(19, 17);1;350
0;0.0;MoveNorth;(22, 9);MoveSouth;(19, 18);1;351
0;0.0;MoveNorth;(22, 9);MoveWest;(18, 18);1;352
0;0.0;MoveNorth;(22, 9);;(18, 18);1;353
0;0.0;MoveNorth;(22, 9);;(18, 18);1;354
0;0.0;MoveNorth;(22, 9);MoveSouth;(18, 19);1;355
0;0.0;MoveNorth;(22, 9);;(18, 19);1;356
0;0.0;MoveNorth;(22, 9);;(18, 19);1;357
0;0.0;MoveNorth;(22, 9);;(18, 19);1;358
0;0.0;MoveNorth;(22, 9);MoveWest;(18, 19);1;359
0;0.0;MoveNorth;(22, 8);;(18, 19);1;360
0;0.0;MoveNorth;(22, 8);;(18, 19);1;361
0;0.0;MoveNorth;(22, 8);;(18, 19);1;362
0;0.0;MoveNorth;(22, 8);;(18, 19);1;363
0;0.0;MoveNorth;(22, 8);;(18, 19);1;364
0;0.0;MoveNorth;(22, 8);MoveNorth;(18, 18);1;365
0;0.0;MoveNorth;(22, 8);;(18, 18);1;366
0;0.0;MoveNorth;(22, 8);;(18, 18);1;367
0;0.0;MoveNorth;(22, 8);;(18, 18);1;368
0;0.0;MoveNorth;(22, 7);;(18, 18);1;369
0;0.0;MoveNorthWest;(22, 7);;(18, 18);1;370
0;0.0;MoveNorthWest;(22, 7);MoveWest;(17, 18);1;371
0;0.0;MoveNorthWest;(22, 7);;(17, 18);1;372
0;0.0;MoveNorthWest;(22, 7);MoveWest;(16, 18);1;373
0;0.0;MoveNorthWest;(22, 7);;(16, 18);1;374
0;0.0;MoveNorthWest;(22, 7);;(16, 18);1;375
0;0.0;MoveNorthWest;(22, 7);;(16, 18);1;376
0;0.0;MoveNorthWest;(22, 7);;(16, 18);1;377
0;0.0;MoveNorthWest;(21, 6);;(16, 18);1;378
0;0.0;MoveNorth;(21, 6);;(16, 18);1;379
0;0.0;MoveNorth;(21, 6);;(16, 18);1;380
0;0.0;MoveNorth;(21, 6);;(16, 18);1;381
0;0.0;MoveNorth;(21, 6);;(16, 18);1;382
0;0.0;MoveNorth;(21, 6);;(16, 18);1;383
0;0.0;MoveNorth;(21, 6);;(16, 18);1;384
0;0.0;MoveNorth;(21, 6);;(16, 18);1;385
0;0.0;MoveNorth;(21, 6);;(16, 18);1;386
0;0.0;MoveNorth;(21, 5);;(16, 18);1;387
0;0.0;MoveNorth;(21, 5);;(16, 18);1;388
0;0.0;MoveNorth;(21, 5);;(16, 18);1;389
0;0.0;MoveNorth;(21, 5);;(16, 18);1;390
0;0.0;MoveNorth;(21, 5);;(16, 18);1;391
0;0.0;MoveNorth;(21, 5);;(16, 18);1;392
0;0.0;MoveNorth;(21, 5);;(16, 18);1;393
0;0.0;MoveNorth;(21, 5);;(16, 18);1;394
0;0.0;MoveNorth;(21, 5);;(16, 18);1;395
0;0.0;MoveNorth;(21, 4);;(16, 18);1;396
0;0.0;MoveNorthWest;(21, 4);;(16, 18);1;397
0;0.0;MoveNorthWest;(21, 4);;(16, 18);1;398
0;0.0;MoveNorthWest;(21, 4);;(16, 18);1;399
0;0.0;MoveNorthWest;(21, 4);;(16, 18);1;400
0;0.0;MoveNorthWest;(21, 4);;(16, 18);1;401
0;0.0;MoveNorthWest;(21, 4);;(16, 18);1;402
0;0.0;MoveNorthWest;(21, 4);;(16, 18);1;403
0;0.0;MoveNorthWest;(21, 4);;(16, 18);1;404
0;0.0;MoveNorthWest;(20, 3);;(16, 18);1;405
0;0.0;MoveNorth;(20, 3);;(16, 18);1;406
0;0.0;MoveNorth;(20, 3);;(16, 18);1;407
0;0.0;MoveNorth;(20, 3);;(16, 18);1;408
0;0.0;MoveNorth;(20, 3);;(16, 18);1;409
0;0.0;MoveNorth;(20, 3);;(16, 18);1;410
0;0.0;MoveNorth;(20, 3);;(16, 18);1;411
0;0.0;MoveNorth;(20, 3);;(16, 18);1;412
0;0.0;MoveNorth;(20, 3);;(16, 18);1;413
0;0.0;MoveNorth;(20, 2);;(16, 18);1;414
0;0.0;MoveSouthEast;(20, 2);;(16, 18);1;415
0;0.0;MoveSouthEast;(20, 2);;(16, 18);1;416
0;0.0;MoveSouthEast;(20, 2);;(16, 18);1;417
0;0.0;MoveSouthEast;(20, 2);;(16, 18);1;418
0;0.0;MoveSouthEast;(20, 2);;(16, 18);1;419
0;0.0;MoveSouthEast;(20, 2);;(16, 18);1;420
0;0.0;MoveSouthEast;(20, 2);;(16, 18);1;421
0;0.0;MoveSouthEast;(20, 2);;(16, 18);1;422
0;0.0;MoveSouthEast;(21, 3);;(16, 18);1;423
0;0.0;MoveNorthEast;(21, 3);;(16, 18);1;424
0;0.0;MoveNorthEast;(21, 3);;(16, 18);1;425
0;0.0;MoveNorthEast;(21, 3);;(16, 18);1;426
0;0.0;MoveNorthEast;(21, 3);;(16, 18);1;427
0;0.0;MoveNorthEast;(21, 3);;(16, 18);1;428
0;0.0;MoveNorthEast;(21, 3);;(16, 18);1;429
0;0.0;MoveNorthEast;(21, 3);;(16, 18);1;430
0;0.0;MoveNorthEast;(21, 3);;(16, 18);1;431
0;0.0;MoveNorthEast;(22, 2);;(16, 18);1;432
0;0.0;Idle;(22, 2);;(16, 18);1;433
0;0.0;Idle;(22, 2);;(16, 18);1;434
0;0.0;Idle;(22, 2);;(16, 18);1;435
0;0.0;Idle;(22, 2);;(16, 18);1;436
0;0.0;Idle;(22, 2);;(16, 18);1;437
0;0.0;Idle;(22, 2);MoveWest;(15, 18);1;438
0;0.0;Idle;(22, 2);;(15, 18);1;439
0;0.0;Idle;(22, 2);;(15, 18);1;440
0;0.0;Idle;(22, 2);;(15, 18);1;441
0;0.0;Idle;(22, 2);;(15, 18);1;442
0;0.0;Idle;(22, 2);;(15, 18);1;443
0;0.0;Idle;(22, 2);MoveSouth;(15, 18);1;444
0;0.0;Idle;(22, 2);;(15, 18);1;445
0;0.0;Idle;(22, 2);;(15, 18);1;446
0;0.0;Idle;(22, 2);;(15, 18);1;447
0;0.0;Idle;(22, 2);;(15, 18);1;448
0;0.0;Idle;(22, 2);;(15, 18);1;449
0;0.0;Idle;(22, 2);;(15, 18);1;450
0;0.0;Idle;(22, 2);;(15, 18);1;451
0;0.0;Idle;(22, 2);;(15, 18);1;452
0;0.0;Idle;(22, 2);;(15, 18);1;453
0;0.0;Idle;(22, 2);;(15, 18);1;454
0;0.0;Idle;(22, 2);;(15, 18);1;455
0;0.0;Idle;(22, 2);;(15, 18);1;456
0;0.0;Idle;(22, 2);;(15, 18);1;457
0;0.0;Idle;(22, 2);;(15, 18);1;458
0;0.0;MoveSouthWest;(22, 2);;(15, 18);1;459
0;0.0;MoveSouthWest;(22, 2);;(15, 18);1;460
0;0.0;MoveSouthWest;(22, 2);;(15, 18);1;461
0;0.0;MoveSouthWest;(22, 2);;(15, 18);1;462
0;0.0;MoveSouthWest;(22, 2);;(15, 18);1;463
0;0.0;MoveSouthWest;(22, 2);;(15, 18);1;464
0;0.0;MoveSouthWest;(22, 2);;(15, 18);1;465
0;0.0;MoveSouthWest;(22, 2);;(15, 18);1;466
0;0.0;MoveSouthWest;(21, 3);;(15, 18);1;467
0;0.0;MoveSouth;(21, 3);;(15, 18);1;468
0;0.0;MoveSouth;(21, 3);MoveNorth;(15, 17);1;469
0;0.0;MoveSouth;(21, 3);;(15, 17);1;470
0;0.0;MoveSouth;(21, 3);MoveNorth;(15, 16);1;471
0;0.0;MoveSouth;(21, 3);;(15, 16);1;472
0;0.0;MoveSouth;(21, 3);MoveNorth;(15, 15);1;473
0;0.0;MoveSouth;(21, 3);;(15, 15);1;474
0;0.0;MoveSouth;(21, 3);MoveNorth;(15, 14);1;475
0;0.0;MoveSouth;(21, 4);;(15, 14);1;476
0;0.0;MoveSouthWest;(21, 4);;(15, 14);1;477
0;0.0;MoveSouthWest;(21, 4);;(15, 14);1;478
0;0.0;MoveSouthWest;(21, 4);;(15, 14);1;479
0;0.0;MoveSouthWest;(21, 4);;(15, 14);1;480
0;0.0;MoveSouthWest;(21, 4);MoveSouth;(15, 15);1;481
0;0.0;MoveSouthWest;(21, 4);;(15, 15);1;482
0;0.0;MoveSouthWest;(21, 4);;(15, 15);1;483
0;0.0;MoveSouthWest;(21, 4);MoveSouth;(15, 16);1;484
0;0.0;MoveSouthWest;(20, 5);;(15, 16);1;485
0;0.0;MoveWest;(20, 5);;(15, 16);1;486
0;0.0;MoveWest;(20, 5);;(15, 16);1;487
0;0.0;MoveWest;(20, 5);;(15, 16);1;488
0;0.0;MoveWest;(20, 5);;(15, 16);1;489
0;0.0;MoveWest;(20, 5);;(15, 16);1;490
0;0.0;MoveWest;(20, 5);;(15, 16);1;491
0;0.0;MoveWest;(20, 5);;(15, 16);1;492
0;0.0;MoveWest;(20, 5);;(15, 16);1;493
0;0.0;MoveWest;(20, 5);;(15, 16);1;494
0;0.0;MoveWest;(20, 5);;(15, 16);1;495
0;0.0;MoveWest;(20, 5);;(15, 16);1;496
0;0.0;MoveWest;(20, 5);;(15, 16);1;497
0;0.0;MoveWest;(20, 5);;(15, 16);1;498
0;0.0;MoveWest;(19, 5);;(15, 16);1;499
0;0.0;MoveWest;(19, 5);;(15, 16);1;500
0;0.0;MoveWest;(19, 5);;(15, 16);1;501
0;0.0;MoveWest;(19, 5);;(15, 16);1;502
0;0.0;MoveWest;(19, 5);;(15, 16);1;503
0;0.0;MoveWest;(19, 5);;(15, 16);1;504
0;0.0;MoveWest;(19, 5);;(15, 16);1;505
0;0.0;MoveWest;(19, 5);;(15, 16);1;506
0;0.0;MoveWest;(19, 5);;(15, 16);1;507
0;0.0;MoveWest;(19, 5);;(15, 16);1;508
0;0.0;MoveWest;(19, 5);;(15, 16);1;509
0;0.0;MoveWest;(19, 5);;(15, 16);1;510
0;0.0;MoveWest;(19, 5);;(15, 16);1;511
0;0.0;MoveWest;(19, 5);;(15, 16);1;512
0;0.0;MoveWest;(18, 5);;(15, 16);1;513
0;0.0;MoveSouth;(18, 5);;(15, 16);1;514
0;0.0;MoveSouth;(18, 5);;(15, 16);1;515
0;0.0;MoveSouth;(18, 5);;(15, 16);1;516
0;0.0;MoveSouth;(18, 5);;(15, 16);1;517
0;0.0;MoveSouth;(18, 5);;(15, 16);1;518
0;0.0;MoveSouth;(18, 5);;(15, 16);1;519
0;0.0;MoveSouth;(18, 5);;(15, 16);1;520
0;0.0;MoveSouth;(18, 5);;(15, 16);1;521
0;0.0;MoveSouth;(18, 6);;(15, 16);1;522
0;0.0;MoveSouth;(18, 6);;(15, 16);1;523
0;0.0;MoveSouth;(18, 6);;(15, 16);1;524
0;0.0;MoveSouth;(18, 6);;(15, 16);1;525
0;0.0;MoveSouth;(18, 6);;(15, 16);1;526
0;0.0;MoveSouth;(18, 6);;(15, 16);1;527
0;0.0;MoveSouth;(18, 6);;(15, 16);1;528
0;0.0;MoveSouth;(18, 6);;(15, 16);1;529
0;0.0;MoveSouth;(18, 6);;(15, 16);1;530
0;0.0;MoveSouth;(18, 7);;(15, 16);1;531
0;0.0;MoveSouth;(18, 7);;(15, 16);1;532
0;0.0;MoveSouth;(18, 7);;(15, 16);1;533
0;0.0;MoveSouth;(18, 7);;(15, 16);1;534
0;0.0;MoveSouth;(18, 7);;(15, 16);1;535
0;0.0;MoveSouth;(18, 7);;(15, 16);1;536
0;0.0;MoveSouth;(18, 7);;(15, 16);1;537
0;0.0;MoveSouth;(18, 7);;(15, 16);1;538
0;0.0;MoveSouth;(18, 7);;(15, 16);1;539
0;0.0;MoveSouth;(18, 8);;(15, 16);1;540
0;0.0;MoveSouth;(18, 8);;(15, 16);1;541
0;0.0;MoveSouth;(18, 8);;(15, 16);1;542
0;0.0;MoveSouth;(18, 8);;(15, 16);1;543
0;0.0;MoveSouth;(18, 8);;(15, 16);1;544
0;0.0;MoveSouth;(18, 8);;(15, 16);1;545
0;0.0;MoveSouth;(18, 8);;(15, 16);1;546
0;0.0;MoveSouth;(18, 8);;(15, 16);1;547
0;0.0;MoveSouth;(18, 8);;(15, 16);1;548
0;0.0;MoveSouth;(18, 9);;(15, 16);1;549
0;0.0;MoveSouth;(18, 9);;(15, 16);1;550
0;0.0;MoveSouth;(18, 9);;(15, 16);1;551
0;0.0;MoveSouth;(18, 9);;(15, 16);1;552
0;0.0;MoveSouth;(18, 9);;(15, 16);1;553
0;0.0;MoveSouth;(18, 9);;(15, 16);1;554
0;0.0;MoveSouth;(18, 9);;(15, 16);1;555
0;0.0;MoveSouth;(18, 9);;(15, 16);1;556
0;0.0;MoveSouth;(18, 9);;(15, 16);1;557
0;0.0;MoveSouth;(18, 9);;(15, 16);1;558
0;0.0;MoveSouth;(18, 9);;(15, 16);1;559
0;0.0;MoveSouth;(18, 9);;(15, 16);1;560
0;0.0;MoveSouth;(18, 9);;(15, 16);1;561
0;0.0;MoveSouth;(18, 9);;(15, 16);1;562
0;0.0;MoveSouth;(18, 10);;(15, 16);1;563
0;0.0;MoveSouth;(18, 10);;(15, 16);1;564
0;0.0;MoveSouth;(18, 10);;(15, 16);1;565
0;0.0;MoveSouth;(18, 10);;(15, 16);1;566
0;0.0;MoveSouth;(18, 10);;(15, 16);1;567
0;0.0;MoveSouth;(18, 10);;(15, 16);1;568
0;0.0;MoveSouth;(18, 10);;(15, 16);1;569
0;0.0;MoveSouth;(18, 10);;(15, 16);1;570
0;0.0;MoveSouth;(18, 10);;(15, 16);1;571
0;0.0;MoveSouth;(18, 10);;(15, 16);1;572
0;0.0;MoveSouth;(18, 10);;(15, 16);1;573
0;0.0;MoveSouth;(18, 10);;(15, 16);1;574
0;0.0;MoveSouth;(18, 10);;(15, 16);1;575
0;0.0;MoveSouth;(18, 10);;(15, 16);1;576
0;0.0;MoveSouth;(18, 11);;(15, 16);1;577
0;0.0;MoveSouth;(18, 11);;(15, 16);1;578
0;0.0;MoveSouth;(18, 11);;(15, 16);1;579
0;0.0;MoveSouth;(18, 11);;(15, 16);1;580
0;0.0;MoveSouth;(18, 11);;(15, 16);1;581
0;0.0;MoveSouth;(18, 11);;(15, 16);1;582
0;0.0;MoveSouth;(18, 11);;(15, 16);1;583
0;0.0;MoveSouth;(18, 11);;(15, 16);1;584
0;0.0;MoveSouth;(18, 11);;(15, 16);1;585
0;0.0;MoveSouth;(18, 11);;(15, 16);1;586
0;0.0;MoveSouth;(18, 11);;(15, 16);1;587
0;0.0;MoveSouth;(18, 11);;(15, 16);1;588
0;0.0;MoveSouth;(18, 11);;(15, 16);1;589
0;0.0;MoveSouth;(18, 11);;(15, 16);1;590
0;0.0;MoveSouth;(18, 12);;(15, 16);1;591
0;0.0;MoveSouth;(18, 12);;(15, 16);1;592
0;0.0;MoveSouth;(18, 12);;(15, 16);1;593
0;0.0;MoveSouth;(18, 12);;(15, 16);1;594
0;0.0;MoveSouth;(18, 12);;(15, 16);1;595
0;0.0;MoveSouth;(18, 12);;(15, 16);1;596
0;0.0;MoveSouth;(18, 12);;(15, 16);1;597
0;0.0;MoveSouth;(18, 12);;(15, 16);1;598
0;0.0;MoveSouth;(18, 12);;(15, 16);1;599
0;0.0;MoveSouth;(18, 12);;(15, 16);1;600
0;0.0;MoveSouth;(18, 12);;(15, 16);1;601
0;0.0;MoveSouth;(18, 12);;(15, 16);1;602
0;0.0;MoveSouth;(18, 12);;(15, 16);1;603
0;0.0;MoveSouth;(18, 12);;(15, 16);1;604
0;0.0;MoveSouth;(18, 13);;(15, 16);1;605
0;0.0;MoveSouth;(18, 13);;(15, 16);1;606
0;0.0;MoveSouth;(18, 13);;(15, 16);1;607
0;0.0;MoveSouth;(18, 13);;(15, 16);1;608
0;0.0;MoveSouth;(18, 13);;(15, 16);1;609
0;0.0;MoveSouth;(18, 13);;(15, 16);1;610
0;0.0;MoveSouth;(18, 13);;(15, 16);1;611
0;0.0;MoveSouth;(18, 13);;(15, 16);1;612
0;0.0;MoveSouth;(18, 13);;(15, 16);1;613
0;0.0;MoveSouth;(18, 13);;(15, 16);1;614
0;0.0;MoveSouth;(18, 13);;(15, 16);1;615
0;0.0;MoveSouth;(18, 13);;(15, 16);1;616
0;0.0;MoveSouth;(18, 13);;(15, 16);1;617
0;0.0;MoveSouth;(18, 13);;(15, 16);1;618
0;0.0;MoveSouth;(18, 14);;(15, 16);1;619
0;0.0;MoveSouth;(18, 14);;(15, 16);1;620
0;0.0;MoveSouth;(18, 14);;(15, 16);1;621
0;0.0;MoveSouth;(18, 14);;(15, 16);1;622
0;0.0;MoveSouth;(18, 14);;(15, 16);1;623
0;0.0;MoveSouth;(18, 14);;(15, 16);1;624
0;0.0;MoveSouth;(18, 14);;(15, 16);1;625
0;0.0;MoveSouth;(18, 14);;(15, 16);1;626
0;0.0;MoveSouth;(18, 14);;(15, 16);1;627
0;0.0;MoveSouth;(18, 14);;(15, 16);1;628
0;0.0;MoveSouth;(18, 14);;(15, 16);1;629
0;0.0;MoveSouth;(18, 14);;(15, 16);1;630
0;0.0;MoveSouth;(18, 14);;(15, 16);1;631
0;0.0;MoveSouth;(18, 14);;(15, 16);1;632
0;0.0;MoveSouth;(18, 15);;(15, 16);1;633
0;0.0;MoveSouth;(18, 15);;(15, 16);1;634
0;0.0;MoveSouth;(18, 15);;(15, 16);1;635
0;0.0;MoveSouth;(18, 15);;(15, 16);1;636
0;0.0;MoveSouth;(18, 15);;(15, 16);1;637
0;0.0;MoveSouth;(18, 15);;(15, 16);1;638
0;0.0;MoveSouth;(18, 15);;(15, 16);1;639
0;0.0;MoveSouth;(18, 15);;(15, 16);1;640
0;0.0;MoveSouth;(18, 15);;(15, 16);1;641
0;0.0;MoveSouth;(18, 15);;(15, 16);1;642
0;0.0;MoveSouth;(18, 15);;(15, 16);1;643
0;0.0;MoveSouth;(18, 15);;(15, 16);1;644
0;0.0;MoveSouth;(18, 15);;(15, 16);1;645
0;0.0;MoveSouth;(18, 15);;(15, 16);1;646
0;0.0;MoveSouth;(18, 16);;(15, 16);1;647
0;0.0;MoveSouthWest;(18, 16);;(15, 16);1;648
0;0.0;MoveSouthWest;(18, 16);;(15, 16);1;649
0;0.0;MoveSouthWest;(18, 16);;(15, 16);1;650
0;0.0;MoveSouthWest;(18, 16);;(15, 16);1;651
0;0.0;MoveSouthWest;(18, 16);;(15, 16);1;652
0;0.0;MoveSouthWest;(18, 16);;(15, 16);1;653
0;0.0;MoveSouthWest;(18, 16);;(15, 16);1;654
0;0.0;MoveSouthWest;(18, 16);;(15, 16);1;655
0;0.0;MoveSouthWest;(18, 16);;(15, 16);1;656
0;0.0;MoveSouthWest;(18, 16);;(15, 16);1;657
0;0.0;MoveSouthWest;(18, 16);;(15, 16);1;658
0;0.0;MoveSouthWest;(18, 16);;(15, 16);1;659
0;0.0;MoveSouthWest;(18, 16);;(15, 16);1;660
0;0.0;MoveSouthWest;(17, 17);;(15, 16);1;661
0;0.0;MoveWest;(17, 17);;(15, 16);1;662
0;0.0;MoveWest;(17, 17);;(15, 16);1;663
0;0.0;MoveWest;(17, 17);;(15, 16);1;664
0;0.0;MoveWest;(17, 17);;(15, 16);1;665
0;0.0;MoveWest;(17, 17);;(15, 16);1;666
0;0.0;MoveWest;(17, 17);;(15, 16);1;667
0;0.0;MoveWest;(17, 17);;(15, 16);1;668
0;0.0;MoveWest;(17, 17);;(15, 16);1;669
0;0.0;MoveWest;(17, 17);;(15, 16);1;670
0;0.0;MoveWest;(17, 17);;(15, 16);1;671
0;0.0;MoveWest;(17, 17);;(15, 16);1;672
0;0.0;MoveWest;(17, 17);;(15, 16);1;673
0;0.0;MoveWest;(17, 17);;(15, 16);1;674
0;0.0;MoveWest;(16, 17);;(15, 16);1;675
0;0.0;MoveWest;(16, 17);;(15, 16);1;676
0;0.0;MoveWest;(16, 17);;(15, 16);1;677
0;0.0;MoveWest;(16, 17);;(15, 16);1;678
0;0.0;MoveWest;(16, 17);;(15, 16);1;679
0;0.0;MoveWest;(16, 17);;(15, 16);1;680
0;0.0;MoveWest;(16, 17);;(15, 16);1;681
0;0.0;MoveWest;(16, 17);;(15, 16);1;682
0;0.0;MoveWest;(16, 17);;(15, 16);1;683
0;0.0;MoveWest;(16, 17);;(15, 16);1;684
0;0.0;MoveWest;(16, 17);;(15, 16);1;685
0;0.0;MoveWest;(16, 17);;(15, 16);1;686
0;0.0;MoveWest;(16, 17);;(15, 16);1;687
0;0.0;MoveWest;(16, 17);;(15, 16);1;688
0;0.0;MoveWest;(15, 17);;(15, 16);1;689
0;0.0;MoveNorth;(15, 17);;(15, 16);1;690
0;0.0;MoveNorth;(15, 17);;(15, 16);1;691
0;0.0;MoveNorth;(15, 17);;(15, 16);1;692
0;0.0;MoveNorth;(15, 17);;(15, 16);1;693
0;0.0;MoveNorth;(15, 17);;(15, 16);1;694
0;0.0;MoveNorth;(15, 17);;(15, 16);1;695
0;0.0;MoveNorth;(15, 17);;(15, 16);1;696
0;0.0;MoveNorth;(15, 17);;(15, 16);1;697
0;0.0;MoveNorth;(15, 16);;(15, 16);1;698
0;0.0;MoveNorthWest;(15, 16);;(15, 16);1;699
0;0.0;MoveNorthWest;(15, 16);;(15, 16);1;700
0;0.0;MoveNorthWest;(15, 16);;(15, 16);1;701
0;0.0;MoveNorthWest;(15, 16);;(15, 16);1;702
0;0.0;MoveNorthWest;(15, 16);;(15, 16);1;703
0;0.0;MoveNorthWest;(15, 16);;(15, 16);1;704
0;0.0;MoveNorthWest;(15, 16);;(15, 16);1;705
0;0.0;MoveNorthWest;(15, 16);;(15, 16);1;706
0;0.0;MoveNorthWest;(14, 15);;(15, 16);1;707
0;0.0;MoveNorth;(14, 15);;(15, 16);1;708
0;0.0;MoveNorth;(14, 15);;(15, 16);1;709
0;0.0;MoveNorth;(14, 15);;(15, 16);1;710
0;0.0;MoveNorth;(14, 15);;(15, 16);1;711
0;0.0;MoveNorth;(14, 15);;(15, 16);1;712
0;0.0;MoveNorth;(14, 15);;(15, 16);1;713
0;0.0;MoveNorth;(14, 15);;(15, 16);1;714
0;0.0;MoveNorth;(14, 15);;(15, 16);1;715
0;0.0;MoveNorth;(14, 14);;(15, 16);1;716
0;0.0;MoveSouthEast;(14, 14);;(15, 16);1;717
0;0.0;MoveSouthEast;(14, 14);;(15, 16);1;718
0;0.0;MoveSouthEast;(14, 14);;(15, 16);1;719
0;0.0;MoveSouthEast;(14, 14);;(15, 16);1;720
0;0.0;MoveSouthEast;(14, 14);;(15, 16);1;721
0;0.0;MoveSouthEast;(14, 14);;(15, 16);1;722
0;0.0;MoveSouthEast;(14, 14);;(15, 16);1;723
0;0.0;MoveSouthEast;(14, 14);;(15, 16);1;724
0;0.0;MoveSouthEast;(15, 15);;(15, 16);1;725
0;0.0;MoveNorthEast;(15, 15);;(15, 16);1;726
0;0.0;MoveNorthEast;(15, 15);;(15, 16);1;727
0;0.0;MoveNorthEast;(15, 15);;(15, 16);1;728
0;0.0;MoveNorthEast;(15, 15);;(15, 16);1;729
0;0.0;MoveNorthEast;(15, 15);;(15, 16);1;730
0;0.0;MoveNorthEast;(15, 15);;(15, 16);1;731
0;0.0;MoveNorthEast;(15, 15);;(15, 16);1;732
0;0.0;MoveNorthEast;(15, 15);;(15, 16);1;733
0;0.0;MoveNorthEast;(16, 14);;(15, 16);1;734
0;0.0;Idle;(16, 14);;(15, 16);1;735
0;0.0;Idle;(16, 14);;(15, 16);1;736
0;0.0;Idle;(16, 14);;(15, 16);1;737
0;0.0;Idle;(16, 14);;(15, 16);1;738
0;0.0;Idle;(16, 14);;(15, 16);1;739
0;0.0;Idle;(16, 14);;(15, 16);1;740
0;0.0;Idle;(16, 14);;(15, 16);1;741
0;0.0;Idle;(16, 14);;(15, 16);1;742
0;0.0;Idle;(16, 14);;(15, 16);1;743
0;0.0;Idle;(16, 14);;(15, 16);1;744
0;0.0;Idle;(16, 14);;(15, 16);1;745
0;0.0;Idle;(16, 14);;(15, 16);1;746
0;0.0;Idle;(16, 14);;(15, 16);1;747
0;0.0;Idle;(16, 14);;(15, 16);1;748
0;0.0;Idle;(16, 14);;(15, 16);1;749
0;0.0;Idle;(16, 14);;(15, 16);1;750
0;0.0;Idle;(16, 14);;(15, 16);1;751
0;0.0;Idle;(16, 14);;(15, 16);1;752
0;0.0;Idle;(16, 14);;(15, 16);1;753
0;0.0;Idle;(16, 14);;(15, 16);1;754
0;0.0;Idle;(16, 14);;(15, 16);1;755
0;0.0;Idle;(16, 14);;(15, 16);1;756
0;0.0;Idle;(16, 14);;(15, 16);1;757
0;0.0;Idle;(16, 14);;(15, 16);1;758
0;0.0;Idle;(16, 14);;(15, 16);1;759
0;0.0;Idle;(16, 14);;(15, 16);1;760
0;0.0;MoveSouth;(16, 14);;(15, 16);1;761
0;0.0;MoveSouth;(16, 14);;(15, 16);1;762
0;0.0;MoveSouth;(16, 14);;(15, 16);1;763
0;0.0;MoveSouth;(16, 14);;(15, 16);1;764
0;0.0;MoveSouth;(16, 14);;(15, 16);1;765
0;0.0;MoveSouth;(16, 14);;(15, 16);1;766
0;0.0;MoveSouth;(16, 14);;(15, 16);1;767
0;0.0;MoveSouth;(16, 14);;(15, 16);1;768
0;0.0;MoveSouth;(16, 15);;(15, 16);1;769
0;0.0;MoveSouthWest;(16, 15);;(15, 16);1;770
0;0.0;MoveSouthWest;(16, 15);;(15, 16);1;771
0;0.0;MoveSouthWest;(16, 15);;(15, 16);1;772
0;0.0;MoveSouthWest;(16, 15);;(15, 16);1;773
0;0.0;MoveSouthWest;(16, 15);;(15, 16);1;774
0;0.0;MoveSouthWest;(16, 15);;(15, 16);1;775
0;0.0;MoveSouthWest;(16, 15);;(15, 16);1;776
0;0.0;MoveSouthWest;(16, 15);;(15, 16);1;777
0;0.0;MoveSouthWest;(15, 16);;(15, 16);1;778
0;0.0;MoveSouth;(15, 16);;(15, 16);1;779
0;0.0;MoveSouth;(15, 16);;(15, 16);1;780
0;0.0;MoveSouth;(15, 16);;(15, 16);1;781
0;0.0;MoveSouth;(15, 16);;(15, 16);1;782
0;0.0;MoveSouth;(15, 16);;(15, 16);1;783
0;0.0;MoveSouth;(15, 16);;(15, 16);1;784
0;0.0;MoveSouth;(15, 16);;(15, 16);1;785
0;0.0;MoveSouth;(15, 16);;(15, 16);1;786
0;0.0;MoveSouth;(15, 17);;(15, 16);1;787
0;0.0;MoveSouth;(15, 17);;(15, 16);1;788
0;0.0;MoveSouth;(15, 17);;(15, 16);1;789
0;0.0;MoveSouth;(15, 17);;(15, 16);1;790
0;0.0;MoveSouth;(15, 17);;(15, 16);1;791
0;0.0;MoveSouth;(15, 17);;(15, 16);1;792
0;0.0;MoveSouth;(15, 17);;(15, 16);1;793
0;0.0;MoveSouth;(15, 17);MoveSouth;(15, 17);1;794
0;0.0;MoveSouth;(15, 17);;(15, 17);1;795
0;0.0;MoveSouth;(15, 18);;(15, 17);1;796
0;0.0;RemoveObject;(15, 18);;(15, 17);1;797
0;0.0;RemoveObject;(15, 18);;(15, 17);1;798
0;0.0;RemoveObject;(15, 18);MoveSouth;(15, 18);1;799
0;0.0;RemoveObject;(15, 18);MoveSouth;(15, 18);1;800
0;0.0;RemoveObject;(15, 18);;(15, 18);1;801
0;0.0;RemoveObject;(15, 18);;(15, 18);1;802
0;0.0;RemoveObject;(15, 18);;(15, 18);1;803
0;0.0;RemoveObject;(15, 18);;(15, 18);1;804
0;0.0;RemoveObject;(15, 18);;(15, 18);1;805
0;0.0;RemoveObject;(15, 18);;(15, 18);1;806
0;0.0;RemoveObject;(15, 18);;(15, 18);1;807
0;0.0;RemoveObject;(15, 18);;(15, 18);1;808
0;0.0;RemoveObject;(15, 18);;(15, 18);1;809
0;0.0;RemoveObject;(15, 18);;(15, 18);1;810
0;0.0;RemoveObject;(15, 18);;(15, 18);1;811
0;0.0;RemoveObject;(15, 18);;(15, 18);1;812
0;0.0;RemoveObject;(15, 18);;(15, 18);1;813
0;0.0;RemoveObject;(15, 18);;(15, 18);1;814
0;0.0;RemoveObject;(15, 18);MoveWest;(14, 18);1;815
0;0.0;RemoveObject;(15, 18);;(14, 18);1;816
0;0.0;RemoveObject;(15, 18);;(14, 18);1;817
0;0.0;RemoveObject;(15, 18);MoveNorth;(14, 18);1;818
0;0.0;RemoveObject;(15, 18);MoveNorth;(14, 18);1;819
0;0.0;RemoveObject;(15, 18);MoveNorth;(14, 18);1;820
0;0.0;RemoveObject;(15, 18);MoveNorth;(14, 18);1;821
0;0.0;RemoveObject;(15, 18);MoveNorth;(14, 18);1;822
0;0.0;RemoveObject;(15, 18);MoveNorth;(14, 17);1;823
0;0.0;RemoveObject;(15, 18);;(14, 17);1;824
0;0.0;RemoveObject;(15, 18);;(14, 17);1;825
0;0.0;RemoveObject;(15, 18);MoveNorth;(14, 17);1;826
0;0.0;RemoveObject;(15, 18);MoveNorth;(14, 17);1;827
0;0.0;RemoveObject;(15, 18);MoveNorth;(14, 17);1;828
0;0.0;RemoveObject;(15, 18);MoveNorth;(14, 17);1;829
0;0.0;RemoveObject;(15, 18);MoveNorth;(14, 17);1;830
0;0.0;RemoveObject;(15, 18);MoveNorth;(14, 17);1;831
0;0.0;RemoveObject;(15, 18);MoveWest;(14, 17);1;832
0;0.0;RemoveObject;(15, 18);MoveWest;(14, 17);1;833
0;0.0;RemoveObject;(15, 18);MoveWest;(14, 17);1;834
0;0.0;RemoveObject;(15, 18);MoveWest;(14, 17);1;835
0;0.0;RemoveObject;(15, 18);MoveWest;(14, 17);1;836
0;0.0;RemoveObject;(15, 18);MoveWest;(13, 17);1;837
0;0.0;RemoveObject;(15, 18);MoveWest;(12, 17);1;838
0;0.0;RemoveObject;(15, 18);;(12, 17);1;839
0;0.0;RemoveObject;(15, 18);MoveWest;(11, 17);1;840
0;0.0;RemoveObject;(15, 18);;(11, 17);1;841
0;0.0;RemoveObject;(15, 18);MoveWest;(10, 17);1;842
0;0.0;RemoveObject;(15, 18);;(10, 17);1;843
0;0.0;RemoveObject;(15, 18);MoveWest;(9, 17);1;844
0;0.0;RemoveObject;(15, 18);;(9, 17);1;845
0;0.0;RemoveObject;(15, 18);;(9, 17);1;846
0;0.0;RemoveObject;(15, 18);;(9, 17);1;847
0;0.0;RemoveObject;(15, 18);;(9, 17);1;848
0;0.0;RemoveObject;(15, 18);;(9, 17);1;849
0;0.0;RemoveObject;(15, 18);;(9, 17);1;850
0;0.0;RemoveObject;(15, 18);;(9, 17);1;851
0;0.0;RemoveObject;(15, 18);MoveSouth;(9, 18);1;852
0;0.0;RemoveObject;(15, 18);;(9, 18);1;853
0;0.0;RemoveObject;(15, 18);;(9, 18);1;854
0;0.0;RemoveObject;(15, 18);MoveSouth;(9, 18);1;855
0;0.0;RemoveObject;(15, 18);;(9, 18);1;856
0;0.0;RemoveObject;(15, 18);MoveSouth;(9, 18);1;857
0;0.0;RemoveObject;(15, 18);;(9, 18);1;858
0;0.0;RemoveObject;(15, 18);;(9, 18);1;859
0;0.0;RemoveObject;(15, 18);;(9, 18);1;860
0;0.0;RemoveObject;(15, 18);;(9, 18);1;861
0;0.0;RemoveObject;(15, 18);;(9, 18);1;862
0;0.0;RemoveObject;(15, 18);;(9, 18);1;863
0;0.0;RemoveObject;(15, 18);;(9, 18);1;864
0;0.0;RemoveObject;(15, 18);;(9, 18);1;865
0;0.0;RemoveObject;(15, 18);;(9, 18);1;866
0;0.0;RemoveObject;(15, 18);;(9, 18);1;867
0;0.0;RemoveObject;(15, 18);;(9, 18);1;868
0;0.0;RemoveObject;(15, 18);;(9, 18);1;869
0;0.0;RemoveObject;(15, 18);;(9, 18);1;870
0;0.0;RemoveObject;(15, 18);;(9, 18);1;871
0;0.0;RemoveObject;(15, 18);;(9, 18);1;872
0;0.0;RemoveObject;(15, 18);;(9, 18);1;873
0;0.0;RemoveObject;(15, 18);;(9, 18);1;874
0;0.0;RemoveObject;(15, 18);;(9, 18);1;875
0;0.0;RemoveObject;(15, 18);;(9, 18);1;876
0;0.0;RemoveObject;(15, 18);;(9, 18);1;877
0;0.0;RemoveObject;(15, 18);;(9, 18);1;878
0;0.0;RemoveObject;(15, 18);;(9, 18);1;879
0;0.0;RemoveObject;(15, 18);;(9, 18);1;880
0;0.0;RemoveObject;(15, 18);;(9, 18);1;881
0;0.0;RemoveObject;(15, 18);;(9, 18);1;882
0;0.0;RemoveObject;(15, 18);;(9, 18);1;883
0;0.0;RemoveObject;(15, 18);;(9, 18);1;884
0;0.0;RemoveObject;(15, 18);;(9, 18);1;885
0;0.0;RemoveObject;(15, 18);;(9, 18);1;886
0;0.0;RemoveObject;(15, 18);;(9, 18);1;887
0;0.0;RemoveObject;(15, 18);;(9, 18);1;888
0;0.0;RemoveObject;(15, 18);;(9, 18);1;889
0;0.0;RemoveObject;(15, 18);;(9, 18);1;890
0;0.0;RemoveObject;(15, 18);;(9, 18);1;891
0;0.0;RemoveObject;(15, 18);;(9, 18);1;892
0;0.0;RemoveObject;(15, 18);;(9, 18);1;893
0;0.0;RemoveObject;(15, 18);;(9, 18);1;894
0;0.0;RemoveObject;(15, 18);;(9, 18);1;895
0;0.0;RemoveObject;(15, 18);;(9, 18);1;896
0;0.0;RemoveObject;(15, 18);;(9, 18);1;897
0;0.0;MoveSouth;(15, 18);;(9, 18);1;898
0;0.0;MoveSouth;(15, 18);;(9, 18);1;899
0;0.0;MoveSouth;(15, 18);;(9, 18);1;900
0;0.0;MoveSouth;(15, 18);;(9, 18);1;901
0;0.0;MoveSouth;(15, 18);;(9, 18);1;902
0;0.0;MoveSouth;(15, 18);;(9, 18);1;903
0;0.0;MoveSouth;(15, 18);;(9, 18);1;904
0;0.0;MoveSouth;(15, 18);;(9, 18);1;905
0;0.0;MoveSouth;(15, 19);;(9, 18);1;906
0;0.0;MoveSouthWest;(15, 19);;(9, 18);1;907
0;0.0;MoveSouthWest;(15, 19);;(9, 18);1;908
0;0.0;MoveSouthWest;(15, 19);;(9, 18);1;909
0;0.0;MoveSouthWest;(15, 19);;(9, 18);1;910
0;0.0;MoveSouthWest;(15, 19);;(9, 18);1;911
0;0.0;MoveSouthWest;(15, 19);;(9, 18);1;912
0;0.0;MoveSouthWest;(15, 19);;(9, 18);1;913
0;0.0;MoveSouthWest;(15, 19);;(9, 18);1;914
0;0.0;MoveSouthWest;(14, 20);;(9, 18);1;915
0;0.0;MoveSouthEast;(14, 20);;(9, 18);1;916
0;0.0;MoveSouthEast;(14, 20);;(9, 18);1;917
0;0.0;MoveSouthEast;(14, 20);;(9, 18);1;918
0;0.0;MoveSouthEast;(14, 20);;(9, 18);1;919
0;0.0;MoveSouthEast;(14, 20);;(9, 18);1;920
0;0.0;MoveSouthEast;(14, 20);;(9, 18);1;921
0;0.0;MoveSouthEast;(14, 20);;(9, 18);1;922
0;0.0;MoveSouthEast;(14, 20);;(9, 18);1;923
0;0.0;MoveSouthEast;(15, 21);;(9, 18);1;924
0;0.0;MoveNorthEast;(15, 21);;(9, 18);1;925
0;0.0;MoveNorthEast;(15, 21);;(9, 18);1;926
0;0.0;MoveNorthEast;(15, 21);;(9, 18);1;927
0;0.0;MoveNorthEast;(15, 21);;(9, 18);1;928
0;0.0;MoveNorthEast;(15, 21);;(9, 18);1;929
0;0.0;MoveNorthEast;(15, 21);;(9, 18);1;930
0;0.0;MoveNorthEast;(15, 21);;(9, 18);1;931
0;0.0;MoveNorthEast;(15, 21);;(9, 18);1;932
0;0.0;MoveNorthEast;(16, 20);;(9, 18);1;933
0;0.0;;(16, 20);;(9, 18);1;934
0;0.0;;(16, 20);;(9, 18);1;935
0;0.0;;(16, 20);;(9, 18);1;936
0;0.0;;(16, 20);;(9, 18);1;937
0;0.0;;(16, 20);;(9, 18);1;938
0;0.0;;(16, 20);;(9, 18);1;939
0;0.0;;(16, 20);;(9, 18);1;940
0;0.0;;(16, 20);;(9, 18);1;941
0;0.0;;(16, 20);;(9, 18);1;942
0;0.0;;(16, 20);;(9, 18);1;943
0;0.0;;(16, 20);;(9, 18);1;944
0;0.0;;(16, 20);;(9, 18);1;945
0;0.0;;(16, 20);;(9, 18);1;946
0;0.0;;(16, 20);;(9, 18);1;947
0;0.0;;(16, 20);;(9, 18);1;948
0;0.0;;(16, 20);;(9, 18);1;949
0;0.0;;(16, 20);;(9, 18);1;950
0;0.0;;(16, 20);;(9, 18);1;951
0;0.0;;(16, 20);;(9, 18);1;952
0;0.0;;(16, 20);;(9, 18);1;953
0;0.0;;(16, 20);;(9, 18);1;954
0;0.0;;(16, 20);;(9, 18);1;955
0;0.0;;(16, 20);;(9, 18);1;956
0;0.0;;(16, 20);;(9, 18);1;957
0;0.0;;(16, 20);;(9, 18);1;958
0;0.0;;(16, 20);;(9, 18);1;959
0;0.0;;(16, 20);;(9, 18);1;960
0;0.0;;(16, 20);;(9, 18);1;961
0;0.0;;(16, 20);;(9, 18);1;962
0;0.0;;(16, 20);;(9, 18);1;963
0;0.0;;(16, 20);;(9, 18);1;964
0;0.0;;(16, 20);;(9, 18);1;965
0;0.0;;(16, 20);;(9, 18);1;966
0;0.0;;(16, 20);;(9, 18);1;967
0;0.0;;(16, 20);;(9, 18);1;968
0;0.0;;(16, 20);;(9, 18);1;969
0;0.0;;(16, 20);MoveEast;(10, 18);1;970
0;0.0;;(16, 20);;(10, 18);1;971
0;0.0;;(16, 20);MoveEast;(10, 18);1;972
0;0.0;;(16, 20);MoveEast;(10, 18);1;973
0;0.0;;(16, 20);MoveEast;(10, 18);1;974
0;0.0;;(16, 20);MoveEast;(10, 18);1;975
0;0.0;;(16, 20);MoveEast;(10, 18);1;976
0;0.0;;(16, 20);MoveEast;(11, 18);1;977
0;0.0;;(16, 20);MoveEast;(11, 18);1;978
0;0.0;;(16, 20);MoveEast;(11, 18);1;979
0;0.0;;(16, 20);MoveEast;(11, 18);1;980
0;0.0;;(16, 20);MoveEast;(11, 18);1;981
0;0.0;;(16, 20);MoveEast;(11, 18);1;982
0;0.0;;(16, 20);MoveEast;(12, 18);1;983
0;0.0;;(16, 20);;(12, 18);1;984
0;0.0;;(16, 20);;(12, 18);1;985
0;0.0;;(16, 20);;(12, 18);1;986
0;0.0;;(16, 20);;(12, 18);1;987
0;0.0;;(16, 20);;(12, 18);1;988
0;0.0;;(16, 20);;(12, 18);1;989
0;0.0;;(16, 20);;(12, 18);1;990
0;0.0;;(16, 20);;(12, 18);1;991
0;0.0;;(16, 20);;(12, 18);1;992
0;0.0;;(16, 20);;(12, 18);1;993
0;0.0;;(16, 20);;(12, 18);1;994
0;0.0;;(16, 20);;(12, 18);1;995
0;0.0;;(16, 20);;(12, 18);1;996
0;0.0;;(16, 20);;(12, 18);1;997
0;0.0;;(16, 20);;(12, 18);1;998
0;0.0;;(16, 20);;(12, 18);1;999
0;0.0;;(16, 20);;(12, 18);1;1000
0;0.0;;(16, 20);;(12, 18);1;1001
0;0.0;;(16, 20);;(12, 18);1;1002
0;0.0;;(16, 20);;(12, 18);1;1003
0;0.0;;(16, 20);;(12, 18);1;1004
0;0.0;;(16, 20);;(12, 18);1;1005
0;0.0;;(16, 20);;(12, 18);1;1006
0;0.0;;(16, 20);;(12, 18);1;1007
0;0.0;;(16, 20);;(12, 18);1;1008
0;0.0;;(16, 20);;(12, 18);1;1009
0;0.0;;(16, 20);;(12, 18);1;1010
0;0.0;;(16, 20);;(12, 18);1;1011
0;0.0;;(16, 20);;(12, 18);1;1012
0;0.0;;(16, 20);;(12, 18);1;1013
0;0.0;;(16, 20);;(12, 18);1;1014
0;0.0;;(16, 20);;(12, 18);1;1015
0;0.0;;(16, 20);;(12, 18);1;1016
0;0.0;;(16, 20);;(12, 18);1;1017
0;0.0;;(16, 20);;(12, 18);1;1018
0;0.0;;(16, 20);;(12, 18);1;1019
0;0.0;;(16, 20);;(12, 18);1;1020
0;0.0;;(16, 20);;(12, 18);1;1021
0;0.0;;(16, 20);;(12, 18);1;1022
0;0.0;;(16, 20);;(12, 18);1;1023
0;0.0;;(16, 20);;(12, 18);1;1024
0;0.0;;(16, 20);;(12, 18);1;1025
0;0.0;;(16, 20);;(12, 18);1;1026
0;0.0;;(16, 20);;(12, 18);1;1027
0;0.0;;(16, 20);;(12, 18);1;1028
0;0.0;;(16, 20);;(12, 18);1;1029
0;0.0;;(16, 20);;(12, 18);1;1030
0;0.0;;(16, 20);;(12, 18);1;1031
0;0.0;;(16, 20);;(12, 18);1;1032
0;0.0;;(16, 20);;(12, 18);1;1033
0;0.0;;(16, 20);;(12, 18);1;1034
0;0.0;;(16, 20);;(12, 18);1;1035
0;0.0;;(16, 20);;(12, 18);1;1036
0;0.0;;(16, 20);;(12, 18);1;1037
0;0.0;;(16, 20);;(12, 18);1;1038
0;0.0;;(16, 20);;(12, 18);1;1039
0;0.0;;(16, 20);;(12, 18);1;1040
0;0.0;;(16, 20);;(12, 18);1;1041
0;0.0;;(16, 20);;(12, 18);1;1042
0;0.0;;(16, 20);;(12, 18);1;1043
0;0.0;;(16, 20);;(12, 18);1;1044
0;0.0;;(16, 20);;(12, 18);1;1045
0;0.0;;(16, 20);;(12, 18);1;1046
0;0.0;;(16, 20);;(12, 18);1;1047
0;0.0;;(16, 20);;(12, 18);1;1048
0;0.0;;(16, 20);;(12, 18);1;1049
0;0.0;;(16, 20);;(12, 18);1;1050
0;0.0;;(16, 20);;(12, 18);1;1051
0;0.0;;(16, 20);;(12, 18);1;1052
0;0.0;;(16, 20);;(12, 18);1;1053
0;0.0;;(16, 20);;(12, 18);1;1054
0;0.0;;(16, 20);;(12, 18);1;1055
0;0.0;;(16, 20);;(12, 18);1;1056
0;0.0;;(16, 20);;(12, 18);1;1057
0;0.0;;(16, 20);;(12, 18);1;1058
0;0.0;;(16, 20);;(12, 18);1;1059
0;0.0;;(16, 20);;(12, 18);1;1060
0;0.0;;(16, 20);;(12, 18);1;1061
0;0.0;;(16, 20);;(12, 18);1;1062
0;0.0;;(16, 20);;(12, 18);1;1063
0;0.0;;(16, 20);;(12, 18);1;1064
0;0.0;;(16, 20);;(12, 18);1;1065
0;0.0;;(16, 20);;(12, 18);1;1066
0;0.0;;(16, 20);;(12, 18);1;1067
0;0.0;;(16, 20);;(12, 18);1;1068
0;0.0;;(16, 20);;(12, 18);1;1069
0;0.0;;(16, 20);;(12, 18);1;1070
0;0.0;;(16, 20);;(12, 18);1;1071
0;0.0;;(16, 20);;(12, 18);1;1072
0;0.0;;(16, 20);;(12, 18);1;1073
0;0.0;;(16, 20);;(12, 18);1;1074
0;0.0;;(16, 20);;(12, 18);1;1075
0;0.0;;(16, 20);;(12, 18);1;1076
0;0.0;;(16, 20);;(12, 18);1;1077
0;0.0;;(16, 20);;(12, 18);1;1078
0;0.0;;(16, 20);;(12, 18);1;1079
0;0.0;;(16, 20);;(12, 18);1;1080
0;0.0;;(16, 20);;(12, 18);1;1081
0;0.0;;(16, 20);;(12, 18);1;1082
0;0.0;;(16, 20);;(12, 18);1;1083
0;0.0;;(16, 20);;(12, 18);1;1084
0;0.0;;(16, 20);;(12, 18);1;1085
0;0.0;;(16, 20);;(12, 18);1;1086
0;0.0;;(16, 20);;(12, 18);1;1087
0;0.0;;(16, 20);;(12, 18);1;1088
0;0.0;;(16, 20);;(12, 18);1;1089
0;0.0;;(16, 20);;(12, 18);1;1090
0;0.0;;(16, 20);;(12, 18);1;1091
0;0.0;;(16, 20);;(12, 18);1;1092
0;0.0;;(16, 20);;(12, 18);1;1093
0;0.0;;(16, 20);;(12, 18);1;1094
0;0.0;;(16, 20);;(12, 18);1;1095
0;0.0;;(16, 20);;(12, 18);1;1096
0;0.0;;(16, 20);;(12, 18);1;1097
0;0.0;;(16, 20);;(12, 18);1;1098
0;0.0;;(16, 20);;(12, 18);1;1099
0;0.0;;(16, 20);;(12, 18);1;1100
0;0.0;;(16, 20);;(12, 18);1;1101
0;0.0;Idle;(16, 20);;(12, 18);1;1102
0;0.0;Idle;(16, 20);;(12, 18);1;1103
0;0.0;Idle;(16, 20);;(12, 18);1;1104
0;0.0;Idle;(16, 20);MoveEast;(12, 18);1;1105
0;0.0;Idle;(16, 20);MoveEast;(12, 18);1;1106
0;0.0;Idle;(16, 20);MoveEast;(12, 18);1;1107
0;0.0;Idle;(16, 20);MoveEast;(12, 18);1;1108
0;0.0;Idle;(16, 20);MoveEast;(12, 18);1;1109
0;0.0;Idle;(16, 20);MoveEast;(13, 18);1;1110
0;0.0;Idle;(16, 20);MoveEast;(13, 18);1;1111
0;0.0;Idle;(16, 20);MoveEast;(13, 18);1;1112
0;0.0;Idle;(16, 20);MoveEast;(13, 18);1;1113
0;0.0;Idle;(16, 20);MoveEast;(13, 18);1;1114
0;0.0;Idle;(16, 20);MoveEast;(13, 18);1;1115
0;0.0;Idle;(16, 20);MoveEast;(14, 18);1;1116
0;0.0;Idle;(16, 20);MoveEast;(14, 18);1;1117
0;0.0;Idle;(16, 20);MoveEast;(14, 18);1;1118
0;0.0;Idle;(16, 20);MoveEast;(14, 18);1;1119
0;0.0;Idle;(16, 20);MoveEast;(14, 18);1;1120
0;0.0;Idle;(16, 20);MoveEast;(14, 18);1;1121
0;0.0;Idle;(16, 20);MoveEast;(15, 18);1;1122
0;0.0;Idle;(16, 20);;(15, 18);1;1123
0;0.0;Idle;(16, 20);;(15, 18);1;1124
0;0.0;Idle;(16, 20);;(15, 18);1;1125
0;0.0;Idle;(16, 20);;(15, 18);1;1126
0;0.0;Idle;(16, 20);MoveSouth;(15, 19);1;1127
0;0.0;MoveWest;(16, 20);;(15, 19);1;1128
0;0.0;MoveWest;(16, 20);;(15, 19);1;1129
0;0.0;MoveWest;(16, 20);;(15, 19);1;1130
0;0.0;MoveWest;(16, 20);MoveSouth;(15, 20);1;1131
0;0.0;MoveWest;(16, 20);;(15, 20);1;1132
0;0.0;MoveWest;(16, 20);;(15, 20);1;1133
0;0.0;MoveWest;(16, 20);;(15, 20);1;1134
0;0.0;MoveWest;(16, 20);;(15, 20);1;1135
0;0.0;MoveWest;(15, 20);;(15, 20);1;1136
0;0.0;MoveWest;(15, 20);;(15, 20);1;1137
0;0.0;MoveWest;(15, 20);;(15, 20);1;1138
0;0.0;MoveWest;(15, 20);MoveWest;(14, 20);1;1139
0;0.0;MoveWest;(15, 20);;(14, 20);1;1140
0;0.0;MoveWest;(15, 20);;(14, 20);1;1141
0;0.0;MoveWest;(15, 20);;(14, 20);1;1142
0;0.0;MoveWest;(15, 20);;(14, 20);1;1143
0;0.0;MoveWest;(15, 20);;(14, 20);1;1144
0;0.0;MoveWest;(14, 20);;(14, 20);1;1145
0;0.0;;(14, 20);;(14, 20);1;1146
0;0.0;;(14, 20);;(14, 20);1;1147
0;0.0;;(14, 20);;(14, 20);1;1148
0;0.0;;(14, 20);;(14, 20);1;1149
0;0.0;;(14, 20);;(14, 20);1;1150
0;0.0;;(14, 20);;(14, 20);1;1151
0;0.0;;(14, 20);;(14, 20);1;1152
0;0.0;;(14, 20);;(14, 20);1;1153
0;0.0;;(14, 20);;(14, 20);1;1154
0;0.0;;(14, 20);;(14, 20);1;1155
0;0.0;;(14, 20);;(14, 20);1;1156
0;0.0;;(14, 20);;(14, 20);1;1157
0;0.0;;(14, 20);;(14, 20);1;1158
0;0.0;;(14, 20);;(14, 20);1;1159
0;0.0;;(14, 20);;(14, 20);1;1160
0;0.0;;(14, 20);;(14, 20);1;1161
0;0.0;;(14, 20);;(14, 20);1;1162
0;0.0;;(14, 20);;(14, 20);1;1163
0;0.0;;(14, 20);;(14, 20);1;1164
0;0.0;;(14, 20);;(14, 20);1;1165
0;0.0;;(14, 20);;(14, 20);1;1166
0;0.0;;(14, 20);;(14, 20);1;1167
0;0.0;;(14, 20);;(14, 20);1;1168
0;0.0;;(14, 20);;(14, 20);1;1169
0;0.0;;(14, 20);;(14, 20);1;1170
0;0.0;;(14, 20);;(14, 20);1;1171
0;0.0;;(14, 20);;(14, 20);1;1172
0;0.0;;(14, 20);;(14, 20);1;1173
0;0.0;;(14, 20);;(14, 20);1;1174
0;0.0;;(14, 20);;(14, 20);1;1175
0;0.0;;(14, 20);;(14, 20);1;1176
0;0.0;;(14, 20);;(14, 20);1;1177
0;0.0;;(14, 20);;(14, 20);1;1178
0;0.0;;(14, 20);;(14, 20);1;1179
0;0.0;;(14, 20);CarryObjectTogether;(14, 20);1;1180
0;0.0;;(14, 20);;(14, 20);1;1181
0;0.0;;(14, 20);;(14, 20);1;1182
0;0.0;;(14, 20);;(14, 20);1;1183
0;0.0;;(14, 20);;(14, 20);1;1184
0;0.0;;(14, 20);;(14, 20);1;1185
0;0.0;;(14, 20);;(14, 20);1;1186
0;0.0;;(14, 20);;(14, 20);1;1187
0;0.0;;(14, 20);MoveEast;(15, 20);1;1188
0;0.0;;(14, 20);;(15, 20);1;1189
0;0.0;;(14, 20);;(15, 20);1;1190
0;0.0;;(14, 20);MoveNorth;(15, 19);1;1191
0;0.0;;(14, 20);;(15, 19);1;1192
0;0.0;;(14, 20);MoveNorth;(15, 18);1;1193
0;0.0;;(14, 20);MoveNorth;(15, 17);1;1194
0;0.0;;(14, 20);;(15, 17);1;1195
0;0.0;;(14, 20);;(15, 17);1;1196
0;0.0;;(14, 20);MoveEast;(16, 17);1;1197
0;0.0;;(14, 20);;(16, 17);1;1198
0;0.0;;(14, 20);MoveEast;(16, 17);1;1199
0;0.0;;(14, 20);MoveEast;(16, 17);1;1200
0;0.0;;(14, 20);MoveEast;(16, 17);1;1201
0;0.0;;(14, 20);MoveEast;(16, 17);1;1202
0;0.0;;(14, 20);MoveEast;(16, 17);1;1203
0;0.0;;(14, 20);MoveEast;(17, 17);1;1204
0;0.0;;(14, 20);MoveSouth;(17, 17);1;1205
0;0.0;;(14, 20);MoveSouth;(17, 17);1;1206
0;0.0;;(14, 20);MoveSouth;(17, 17);1;1207
0;0.0;;(14, 20);MoveSouth;(17, 17);1;1208
0;0.0;;(14, 20);MoveSouth;(17, 17);1;1209
0;0.0;;(14, 20);MoveSouth;(17, 18);1;1210
0;0.0;;(14, 20);MoveSouth;(17, 18);1;1211
0;0.0;;(14, 20);;(17, 18);1;1212
0;0.0;;(14, 20);;(17, 18);1;1213
0;0.0;;(14, 20);;(17, 18);1;1214
0;0.0;;(14, 20);MoveEast;(18, 18);1;1215
0;0.0;;(14, 20);;(18, 18);1;1216
0;0.0;;(14, 20);MoveEast;(19, 18);1;1217
0;0.0;;(14, 20);;(19, 18);1;1218
0;0.0;;(14, 20);MoveEast;(20, 18);1;1219
0;0.0;;(14, 20);MoveEast;(20, 18);1;1220
0;0.0;;(14, 20);MoveEast;(20, 18);1;1221
0;0.0;;(14, 20);MoveEast;(20, 18);1;1222
0;0.0;;(14, 20);MoveEast;(20, 18);1;1223
0;0.0;;(14, 20);MoveEast;(20, 18);1;1224
0;0.0;;(14, 20);MoveEast;(21, 18);1;1225
0;0.0;;(14, 20);MoveEast;(22, 18);1;1226
0;0.0;;(14, 20);MoveEast;(23, 18);1;1227
0;0.0;;(14, 20);;(23, 18);1;1228
0;0.0;;(14, 20);MoveEast;(23, 18);1;1229
0;0.0;;(14, 20);MoveEast;(23, 18);1;1230
0;0.0;;(14, 20);;(23, 18);1;1231
0;0.0;;(14, 20);MoveEast;(23, 18);1;1232
0;0.0;;(14, 20);;(23, 18);1;1233
0;0.0;;(14, 20);MoveNorth;(23, 17);1;1234
0;0.0;;(14, 20);MoveNorth;(23, 16);1;1235
0;0.0;;(14, 20);;(23, 16);1;1236
0;0.0;;(14, 20);MoveNorth;(23, 15);1;1237
0;0.0;;(14, 20);MoveNorth;(23, 14);1;1238
0;0.0;;(14, 20);;(23, 14);1;1239
0;0.0;;(14, 20);MoveNorth;(23, 13);1;1240
0;0.0;;(14, 20);;(23, 13);1;1241
0;0.0;;(14, 20);;(23, 13);1;1242
0;0.0;;(14, 20);;(23, 13);1;1243
0;0.0;;(14, 20);;(23, 13);1;1244
0;0.0;;(14, 20);;(23, 13);1;1245
0;0.0;;(14, 20);;(23, 13);1;1246
0;0.0;;(14, 20);;(23, 13);1;1247
0;0.0;;(14, 20);;(23, 13);1;1248
0;0.0;;(14, 20);;(23, 13);1;1249
0;0.0;;(14, 20);;(23, 13);1;1250
3;0.125;;(23, 13);DropObjectTogether;(23, 13);1;1251
3;0.125;MoveWest;(23, 13);;(23, 13);1;1252
3;0.125;MoveWest;(23, 13);;(23, 13);1;1253
3;0.125;MoveWest;(23, 13);;(23, 13);1;1254
3;0.125;MoveWest;(23, 13);;(23, 13);1;1255
3;0.125;MoveWest;(23, 13);;(23, 13);1;1256
3;0.125;MoveWest;(23, 13);;(23, 13);1;1257
3;0.125;MoveWest;(23, 13);;(23, 13);1;1258
3;0.125;MoveWest;(23, 13);;(23, 13);1;1259
3;0.125;MoveWest;(22, 13);;(23, 13);1;1260
3;0.125;MoveWest;(22, 13);;(23, 13);1;1261
3;0.125;MoveWest;(22, 13);;(23, 13);1;1262
3;0.125;MoveWest;(22, 13);;(23, 13);1;1263
3;0.125;MoveWest;(22, 13);;(23, 13);1;1264
3;0.125;MoveWest;(22, 13);;(23, 13);1;1265
3;0.125;MoveWest;(22, 13);;(23, 13);1;1266
3;0.125;MoveWest;(22, 13);;(23, 13);1;1267
3;0.125;MoveWest;(22, 13);;(23, 13);1;1268
3;0.125;MoveWest;(21, 13);;(23, 13);1;1269
3;0.125;MoveSouthWest;(21, 13);MoveSouth;(23, 14);1;1270
3;0.125;MoveSouthWest;(21, 13);;(23, 14);1;1271
3;0.125;MoveSouthWest;(21, 13);;(23, 14);1;1272
3;0.125;MoveSouthWest;(21, 13);MoveSouth;(23, 15);1;1273
3;0.125;MoveSouthWest;(21, 13);MoveSouth;(23, 16);1;1274
3;0.125;MoveSouthWest;(21, 13);;(23, 16);1;1275
3;0.125;MoveSouthWest;(21, 13);MoveSouth;(23, 17);1;1276
3;0.125;MoveSouthWest;(21, 13);MoveSouth;(23, 18);1;1277
3;0.125;MoveSouthWest;(20, 14);;(23, 18);1;1278
3;0.125;MoveSouthWest;(20, 14);MoveSouth;(23, 18);1;1279
3;0.125;MoveSouthWest;(20, 14);;(23, 18);1;1280
3;0.125;MoveSouthWest;(20, 14);MoveWest;(22, 18);1;1281
3;0.125;MoveSouthWest;(20, 14);;(22, 18);1;1282
3;0.125;MoveSouthWest;(20, 14);MoveWest;(21, 18);1;1283
3;0.125;MoveSouthWest;(20, 14);MoveWest;(20, 18);1;1284
3;0.125;MoveSouthWest;(20, 14);;(20, 18);1;1285
3;0.125;MoveSouthWest;(20, 14);MoveWest;(20, 18);1;1286
3;0.125;MoveSouthWest;(19, 15);MoveWest;(20, 18);1;1287
3;0.125;MoveSouthWest;(19, 15);MoveWest;(20, 18);1;1288
3;0.125;MoveSouthWest;(19, 15);MoveWest;(20, 18);1;1289
3;0.125;MoveSouthWest;(19, 15);MoveWest;(20, 18);1;1290
3;0.125;MoveSouthWest;(19, 15);MoveWest;(19, 18);1;1291
3;0.125;MoveSouthWest;(19, 15);MoveWest;(18, 18);1;1292
3;0.125;MoveSouthWest;(19, 15);;(18, 18);1;1293
3;0.125;MoveSouthWest;(19, 15);MoveWest;(17, 18);1;1294
3;0.125;MoveSouthWest;(19, 15);MoveWest;(16, 18);1;1295
3;0.125;MoveSouthWest;(18, 16);;(16, 18);1;1296
3;0.125;MoveSouthWest;(18, 16);MoveWest;(15, 18);1;1297
3;0.125;MoveSouthWest;(18, 16);;(15, 18);1;1298
3;0.125;MoveSouthWest;(18, 16);;(15, 18);1;1299
3;0.125;MoveSouthWest;(18, 16);;(15, 18);1;1300
3;0.125;MoveSouthWest;(18, 16);;(15, 18);1;1301
3;0.125;MoveSouthWest;(18, 16);MoveWest;(14, 18);1;1302
3;0.125;MoveSouthWest;(18, 16);;(14, 18);1;1303
3;0.125;MoveSouthWest;(18, 16);MoveWest;(14, 18);1;1304
3;0.125;MoveSouthWest;(18, 16);MoveWest;(14, 18);1;1305
3;0.125;MoveSouthWest;(18, 16);MoveWest;(14, 18);1;1306
3;0.125;MoveSouthWest;(18, 16);MoveWest;(14, 18);1;1307
3;0.125;MoveSouthWest;(18, 16);MoveWest;(14, 18);1;1308
3;0.125;MoveSouthWest;(18, 16);MoveWest;(13, 18);1;1309
3;0.125;MoveSouthWest;(17, 17);MoveWest;(13, 18);1;1310
3;0.125;MoveWest;(17, 17);MoveWest;(13, 18);1;1311
3;0.125;MoveWest;(17, 17);MoveWest;(13, 18);1;1312
3;0.125;MoveWest;(17, 17);MoveWest;(13, 18);1;1313
3;0.125;MoveWest;(17, 17);MoveWest;(13, 18);1;1314
3;0.125;MoveWest;(17, 17);MoveWest;(12, 18);1;1315
3;0.125;MoveWest;(17, 17);MoveWest;(12, 18);1;1316
3;0.125;MoveWest;(17, 17);MoveWest;(12, 18);1;1317
3;0.125;MoveWest;(17, 17);MoveWest;(12, 18);1;1318
3;0.125;MoveWest;(17, 17);MoveWest;(12, 18);1;1319
3;0.125;MoveWest;(17, 17);MoveWest;(12, 18);1;1320
3;0.125;MoveWest;(17, 17);MoveWest;(11, 18);1;1321
3;0.125;MoveWest;(17, 17);MoveWest;(11, 18);1;1322
3;0.125;MoveWest;(17, 17);MoveWest;(11, 18);1;1323
3;0.125;MoveWest;(16, 17);MoveWest;(11, 18);1;1324
3;0.125;MoveWest;(16, 17);MoveWest;(11, 18);1;1325
3;0.125;MoveWest;(16, 17);MoveWest;(11, 18);1;1326
3;0.125;MoveWest;(16, 17);MoveWest;(10, 18);1;1327
3;0.125;MoveWest;(16, 17);MoveWest;(10, 18);1;1328
3;0.125;MoveWest;(16, 17);MoveWest;(10, 18);1;1329
3;0.125;MoveWest;(16, 17);MoveWest;(10, 18);1;1330
3;0.125;MoveWest;(16, 17);MoveWest;(10, 18);1;1331
3;0.125;MoveWest;(16, 17);MoveWest;(10, 18);1;1332
3;0.125;MoveWest;(16, 17);MoveWest;(9, 18);1;1333
3;0.125;MoveWest;(16, 17);;(9, 18);1;1334
3;0.125;MoveWest;(16, 17);;(9, 18);1;1335
3;0.125;MoveWest;(16, 17);;(9, 18);1;1336
3;0.125;MoveWest;(16, 17);;(9, 18);1;1337
3;0.125;MoveWest;(15, 17);;(9, 18);1;1338
3;0.125;MoveWest;(15, 17);;(9, 18);1;1339
3;0.125;MoveWest;(15, 17);MoveWest;(8, 18);1;1340
3;0.125;MoveWest;(15, 17);;(8, 18);1;1341
3;0.125;MoveWest;(15, 17);;(8, 18);1;1342
3;0.125;MoveWest;(15, 17);;(8, 18);1;1343
3;0.125;MoveWest;(15, 17);MoveWest;(7, 18);1;1344
3;0.125;MoveWest;(15, 17);MoveWest;(6, 18);1;1345
3;0.125;MoveWest;(15, 17);;(6, 18);1;1346
3;0.125;MoveWest;(14, 17);;(6, 18);1;1347
3;0.125;MoveWest;(14, 17);MoveWest;(5, 18);1;1348
3;0.125;MoveWest;(14, 17);MoveWest;(4, 18);1;1349
3;0.125;MoveWest;(14, 17);;(4, 18);1;1350
3;0.125;MoveWest;(14, 17);MoveWest;(3, 18);1;1351
3;0.125;MoveWest;(14, 17);;(3, 18);1;1352
3;0.125;MoveWest;(14, 17);;(3, 18);1;1353
3;0.125;MoveWest;(14, 17);;(3, 18);1;1354
3;0.125;MoveWest;(14, 17);MoveSouth;(3, 19);1;1355
3;0.125;MoveWest;(14, 17);;(3, 19);1;1356
3;0.125;MoveWest;(14, 17);;(3, 19);1;1357
3;0.125;MoveWest;(14, 17);MoveSouth;(3, 20);1;1358
3;0.125;MoveWest;(14, 17);MoveSouth;(3, 21);1;1359
3;0.125;MoveWest;(14, 17);;(3, 21);1;1360
3;0.125;MoveWest;(13, 17);;(3, 21);1;1361
3;0.125;MoveWest;(13, 17);;(3, 21);1;1362
3;0.125;MoveWest;(13, 17);;(3, 21);1;1363
3;0.125;MoveWest;(13, 17);;(3, 21);1;1364
3;0.125;MoveWest;(13, 17);;(3, 21);1;1365
3;0.125;MoveWest;(13, 17);;(3, 21);1;1366
3;0.125;MoveWest;(13, 17);;(3, 21);1;1367
3;0.125;MoveWest;(13, 17);;(3, 21);1;1368
3;0.125;MoveWest;(13, 17);;(3, 21);1;1369
3;0.125;MoveWest;(12, 17);;(3, 21);1;1370
3;0.125;MoveWest;(12, 17);;(3, 21);1;1371
3;0.125;MoveWest;(12, 17);;(3, 21);1;1372
3;0.125;MoveWest;(12, 17);;(3, 21);1;1373
3;0.125;MoveWest;(12, 17);;(3, 21);1;1374
3;0.125;MoveWest;(12, 17);;(3, 21);1;1375
3;0.125;MoveWest;(12, 17);;(3, 21);1;1376
3;0.125;MoveWest;(12, 17);;(3, 21);1;1377
3;0.125;MoveWest;(12, 17);;(3, 21);1;1378
3;0.125;MoveWest;(11, 17);;(3, 21);1;1379
3;0.125;MoveWest;(11, 17);;(3, 21);1;1380
3;0.125;MoveWest;(11, 17);;(3, 21);1;1381
3;0.125;MoveWest;(11, 17);;(3, 21);1;1382
3;0.125;MoveWest;(11, 17);;(3, 21);1;1383
3;0.125;MoveWest;(11, 17);;(3, 21);1;1384
3;0.125;MoveWest;(11, 17);;(3, 21);1;1385
3;0.125;MoveWest;(11, 17);;(3, 21);1;1386
3;0.125;MoveWest;(11, 17);;(3, 21);1;1387
3;0.125;MoveWest;(10, 17);;(3, 21);1;1388
3;0.125;MoveSouthWest;(10, 17);;(3, 21);1;1389
3;0.125;MoveSouthWest;(10, 17);;(3, 21);1;1390
3;0.125;MoveSouthWest;(10, 17);;(3, 21);1;1391
3;0.125;MoveSouthWest;(10, 17);;(3, 21);1;1392
3;0.125;MoveSouthWest;(10, 17);;(3, 21);1;1393
3;0.125;MoveSouthWest;(10, 17);;(3, 21);1;1394
3;0.125;MoveSouthWest;(10, 17);;(3, 21);1;1395
3;0.125;MoveSouthWest;(10, 17);;(3, 21);1;1396
3;0.125;MoveSouthWest;(9, 18);;(3, 21);1;1397
3;0.125;;(9, 18);;(3, 21);1;1398
3;0.125;;(9, 18);;(3, 21);1;1399
3;0.125;;(9, 18);;(3, 21);1;1400
3;0.125;;(9, 18);;(3, 21);1;1401
3;0.125;;(9, 18);;(3, 21);1;1402
3;0.125;;(9, 18);;(3, 21);1;1403
3;0.125;;(9, 18);;(3, 21);1;1404
3;0.125;;(9, 18);;(3, 21);1;1405
3;0.125;;(9, 18);;(3, 21);1;1406
3;0.125;;(9, 18);;(3, 21);1;1407
3;0.125;;(9, 18);;(3, 21);1;1408
3;0.125;;(9, 18);;(3, 21);1;1409
3;0.125;;(9, 18);;(3, 21);1;1410
3;0.125;;(9, 18);;(3, 21);1;1411
3;0.125;;(9, 18);;(3, 21);1;1412
3;0.125;;(9, 18);;(3, 21);1;1413
3;0.125;;(9, 18);;(3, 21);1;1414
3;0.125;;(9, 18);;(3, 21);1;1415
3;0.125;;(9, 18);;(3, 21);1;1416
3;0.125;;(9, 18);;(3, 21);1;1417
3;0.125;;(9, 18);;(3, 21);1;1418
3;0.125;;(9, 18);;(3, 21);1;1419
3;0.125;;(9, 18);;(3, 21);1;1420
3;0.125;;(9, 18);;(3, 21);1;1421
3;0.125;;(9, 18);;(3, 21);1;1422
3;0.125;;(9, 18);;(3, 21);1;1423
3;0.125;;(9, 18);;(3, 21);1;1424
3;0.125;;(9, 18);;(3, 21);1;1425
3;0.125;;(9, 18);;(3, 21);1;1426
3;0.125;;(9, 18);;(3, 21);1;1427
3;0.125;;(9, 18);;(3, 21);1;1428
3;0.125;;(9, 18);;(3, 21);1;1429
3;0.125;;(9, 18);;(3, 21);1;1430
3;0.125;;(9, 18);;(3, 21);1;1431
3;0.125;;(9, 18);;(3, 21);1;1432
3;0.125;;(9, 18);;(3, 21);1;1433
3;0.125;;(9, 18);;(3, 21);1;1434
3;0.125;;(9, 18);;(3, 21);1;1435
3;0.125;;(9, 18);;(3, 21);1;1436
3;0.125;;(9, 18);;(3, 21);1;1437
3;0.125;;(9, 18);;(3, 21);1;1438
3;0.125;;(9, 18);;(3, 21);1;1439
3;0.125;;(9, 18);;(3, 21);1;1440
3;0.125;;(9, 18);;(3, 21);1;1441
3;0.125;;(9, 18);;(3, 21);1;1442
3;0.125;;(9, 18);;(3, 21);1;1443
3;0.125;;(9, 18);;(3, 21);1;1444
3;0.125;;(9, 18);;(3, 21);1;1445
3;0.125;;(9, 18);;(3, 21);1;1446
3;0.125;;(9, 18);;(3, 21);1;1447
3;0.125;;(9, 18);;(3, 21);1;1448
3;0.125;;(9, 18);;(3, 21);1;1449
3;0.125;;(9, 18);;(3, 21);1;1450
3;0.125;;(9, 18);;(3, 21);1;1451
3;0.125;;(9, 18);;(3, 21);1;1452
3;0.125;;(9, 18);;(3, 21);1;1453
3;0.125;;(9, 18);;(3, 21);1;1454
3;0.125;;(9, 18);;(3, 21);1;1455
3;0.125;;(9, 18);;(3, 21);1;1456
3;0.125;;(9, 18);;(3, 21);1;1457
3;0.125;;(9, 18);;(3, 21);1;1458
3;0.125;;(9, 18);;(3, 21);1;1459
3;0.125;;(9, 18);;(3, 21);1;1460
3;0.125;;(9, 18);;(3, 21);1;1461
3;0.125;;(9, 18);;(3, 21);1;1462
3;0.125;;(9, 18);;(3, 21);1;1463
3;0.125;;(9, 18);;(3, 21);1;1464
3;0.125;;(9, 18);;(3, 21);1;1465
3;0.125;;(9, 18);;(3, 21);1;1466
3;0.125;;(9, 18);;(3, 21);1;1467
3;0.125;;(9, 18);;(3, 21);1;1468
3;0.125;;(9, 18);;(3, 21);1;1469
3;0.125;;(9, 18);;(3, 21);1;1470
3;0.125;;(9, 18);;(3, 21);1;1471
3;0.125;;(9, 18);;(3, 21);1;1472
3;0.125;;(9, 18);;(3, 21);1;1473
3;0.125;;(9, 18);;(3, 21);1;1474
3;0.125;;(9, 18);;(3, 21);1;1475
3;0.125;;(9, 18);;(3, 21);1;1476
3;0.125;;(9, 18);;(3, 21);1;1477
3;0.125;;(9, 18);;(3, 21);1;1478
3;0.125;;(9, 18);;(3, 21);1;1479
3;0.125;;(9, 18);;(3, 21);1;1480
3;0.125;;(9, 18);;(3, 21);1;1481
3;0.125;;(9, 18);;(3, 21);1;1482
3;0.125;;(9, 18);;(3, 21);1;1483
3;0.125;;(9, 18);;(3, 21);1;1484
3;0.125;;(9, 18);;(3, 21);1;1485
3;0.125;;(9, 18);;(3, 21);1;1486
3;0.125;;(9, 18);;(3, 21);1;1487
3;0.125;;(9, 18);;(3, 21);1;1488
3;0.125;;(9, 18);;(3, 21);1;1489
3;0.125;;(9, 18);;(3, 21);1;1490
3;0.125;;(9, 18);;(3, 21);1;1491
3;0.125;;(9, 18);;(3, 21);1;1492
3;0.125;;(9, 18);;(3, 21);1;1493
3;0.125;;(9, 18);;(3, 21);1;1494
3;0.125;;(9, 18);;(3, 21);1;1495
3;0.125;;(9, 18);;(3, 21);1;1496
3;0.125;;(9, 18);;(3, 21);1;1497
3;0.125;;(9, 18);;(3, 21);1;1498
3;0.125;;(9, 18);;(3, 21);1;1499
3;0.125;;(9, 18);;(3, 21);1;1500
3;0.125;;(9, 18);;(3, 21);1;1501
3;0.125;;(9, 18);;(3, 21);1;1502
3;0.125;;(9, 18);;(3, 21);1;1503
3;0.125;;(9, 18);;(3, 21);1;1504
3;0.125;;(9, 18);;(3, 21);1;1505
3;0.125;;(9, 18);;(3, 21);1;1506
3;0.125;;(9, 18);;(3, 21);1;1507
3;0.125;;(9, 18);;(3, 21);1;1508
3;0.125;;(9, 18);;(3, 21);1;1509
3;0.125;;(9, 18);;(3, 21);1;1510
3;0.125;;(9, 18);;(3, 21);1;1511
3;0.125;;(9, 18);;(3, 21);1;1512
3;0.125;;(9, 18);;(3, 21);1;1513
3;0.125;;(9, 18);;(3, 21);1;1514
3;0.125;;(9, 18);;(3, 21);1;1515
3;0.125;;(9, 18);;(3, 21);1;1516
3;0.125;;(9, 18);;(3, 21);1;1517
3;0.125;;(9, 18);;(3, 21);1;1518
3;0.125;;(9, 18);;(3, 21);1;1519
3;0.125;;(9, 18);;(3, 21);1;1520
3;0.125;;(9, 18);MoveNorth;(3, 20);1;1521
3;0.125;;(9, 18);;(3, 20);1;1522
3;0.125;;(9, 18);MoveNorth;(3, 19);1;1523
3;0.125;;(9, 18);;(3, 19);1;1524
3;0.125;;(9, 18);;(3, 19);1;1525
3;0.125;;(9, 18);;(3, 19);1;1526
3;0.125;;(9, 18);;(3, 19);1;1527
3;0.125;;(9, 18);;(3, 19);1;1528
3;0.125;;(9, 18);MoveNorth;(3, 18);1;1529
3;0.125;;(9, 18);;(3, 18);1;1530
3;0.125;;(9, 18);;(3, 18);1;1531
3;0.125;;(9, 18);;(3, 18);1;1532
3;0.125;;(9, 18);MoveEast;(4, 18);1;1533
3;0.125;;(9, 18);MoveEast;(5, 18);1;1534
3;0.125;;(9, 18);;(5, 18);1;1535
3;0.125;;(9, 18);MoveEast;(6, 18);1;1536
3;0.125;;(9, 18);MoveEast;(7, 18);1;1537
3;0.125;;(9, 18);;(7, 18);1;1538
3;0.125;;(9, 18);MoveEast;(8, 18);1;1539
3;0.125;;(9, 18);;(8, 18);1;1540
3;0.125;;(9, 18);MoveEast;(9, 18);1;1541
3;0.125;;(9, 18);;(9, 18);1;1542
3;0.125;;(9, 18);;(9, 18);1;1543
3;0.125;;(9, 18);;(9, 18);1;1544
3;0.125;;(9, 18);;(9, 18);1;1545
3;0.125;;(9, 18);;(9, 18);1;1546
3;0.125;;(9, 18);;(9, 18);1;1547
3;0.125;;(9, 18);;(9, 18);1;1548
3;0.125;;(9, 18);;(9, 18);1;1549
3;0.125;;(9, 18);;(9, 18);1;1550
3;0.125;;(9, 18);;(9, 18);1;1551
3;0.125;;(9, 18);RemoveObjectTogether;(9, 18);1;1552
3;0.125;;(9, 18);RemoveObjectTogether;(9, 18);1;1553
3;0.125;;(9, 18);RemoveObjectTogether;(9, 18);1;1554
3;0.125;;(9, 18);RemoveObjectTogether;(9, 18);1;1555
3;0.125;;(9, 18);RemoveObjectTogether;(9, 18);1;1556
3;0.125;;(9, 18);RemoveObjectTogether;(9, 18);1;1557
3;0.125;;(9, 18);RemoveObjectTogether;(9, 18);1;1558
3;0.125;;(9, 18);RemoveObjectTogether;(9, 18);1;1559
3;0.125;;(9, 18);RemoveObjectTogether;(9, 18);1;1560
3;0.125;;(9, 18);RemoveObjectTogether;(9, 18);1;1561
3;0.125;;(9, 18);RemoveObjectTogether;(9, 18);1;1562
3;0.125;;(9, 18);RemoveObjectTogether;(9, 18);1;1563
3;0.125;;(9, 18);RemoveObjectTogether;(9, 18);1;1564
3;0.125;;(9, 18);RemoveObjectTogether;(9, 18);1;1565
3;0.125;;(9, 18);RemoveObjectTogether;(9, 18);1;1566
3;0.125;;(9, 18);RemoveObjectTogether;(9, 18);1;1567
3;0.125;;(9, 18);RemoveObjectTogether;(9, 18);1;1568
3;0.125;;(9, 18);RemoveObjectTogether;(9, 18);1;1569
3;0.125;;(9, 18);RemoveObjectTogether;(9, 18);1;1570
3;0.125;;(9, 18);RemoveObjectTogether;(9, 18);1;1571
3;0.125;;(9, 18);RemoveObjectTogether;(9, 18);1;1572
3;0.125;;(9, 18);RemoveObjectTogether;(9, 18);1;1573
3;0.125;;(9, 18);RemoveObjectTogether;(9, 18);1;1574
3;0.125;;(9, 18);RemoveObjectTogether;(9, 18);1;1575
3;0.125;;(9, 18);RemoveObjectTogether;(9, 18);1;1576
3;0.125;;(9, 18);RemoveObjectTogether;(9, 18);1;1577
3;0.125;MoveSouth;(9, 18);;(9, 18);1;1578
3;0.125;MoveSouth;(9, 18);;(9, 18);1;1579
3;0.125;MoveSouth;(9, 18);;(9, 18);1;1580
3;0.125;MoveSouth;(9, 18);;(9, 18);1;1581
3;0.125;MoveSouth;(9, 18);;(9, 18);1;1582
3;0.125;MoveSouth;(9, 18);;(9, 18);1;1583
3;0.125;MoveSouth;(9, 18);;(9, 18);1;1584
3;0.125;MoveSouth;(9, 18);;(9, 18);1;1585
3;0.125;MoveSouth;(9, 19);;(9, 18);1;1586
3;0.125;MoveSouthWest;(9, 19);;(9, 18);1;1587
3;0.125;MoveSouthWest;(9, 19);;(9, 18);1;1588
3;0.125;MoveSouthWest;(9, 19);;(9, 18);1;1589
3;0.125;MoveSouthWest;(9, 19);;(9, 18);1;1590
3;0.125;MoveSouthWest;(9, 19);;(9, 18);1;1591
3;0.125;MoveSouthWest;(9, 19);;(9, 18);1;1592
3;0.125;MoveSouthWest;(9, 19);;(9, 18);1;1593
3;0.125;MoveSouthWest;(9, 19);;(9, 18);1;1594
3;0.125;MoveSouthWest;(8, 20);;(9, 18);1;1595
3;0.125;MoveSouthEast;(8, 20);;(9, 18);1;1596
3;0.125;MoveSouthEast;(8, 20);;(9, 18);1;1597
3;0.125;MoveSouthEast;(8, 20);;(9, 18);1;1598
3;0.125;MoveSouthEast;(8, 20);;(9, 18);1;1599
3;0.125;MoveSouthEast;(8, 20);;(9, 18);1;1600
3;0.125;MoveSouthEast;(8, 20);;(9, 18);1;1601
3;0.125;MoveSouthEast;(8, 20);;(9, 18);1;1602
3;0.125;MoveSouthEast;(8, 20);;(9, 18);1;1603
3;0.125;MoveSouthEast;(9, 21);;(9, 18);1;1604
3;0.125;MoveNorthEast;(9, 21);;(9, 18);1;1605
3;0.125;MoveNorthEast;(9, 21);;(9, 18);1;1606
3;0.125;MoveNorthEast;(9, 21);;(9, 18);1;1607
3;0.125;MoveNorthEast;(9, 21);;(9, 18);1;1608
3;0.125;MoveNorthEast;(9, 21);;(9, 18);1;1609
3;0.125;MoveNorthEast;(9, 21);;(9, 18);1;1610
3;0.125;MoveNorthEast;(9, 21);;(9, 18);1;1611
3;0.125;MoveNorthEast;(9, 21);;(9, 18);1;1612
3;0.125;MoveNorthEast;(10, 20);;(9, 18);1;1613
3;0.125;Idle;(10, 20);;(9, 18);1;1614
3;0.125;Idle;(10, 20);;(9, 18);1;1615
3;0.125;Idle;(10, 20);;(9, 18);1;1616
3;0.125;Idle;(10, 20);;(9, 18);1;1617
3;0.125;Idle;(10, 20);;(9, 18);1;1618
3;0.125;Idle;(10, 20);;(9, 18);1;1619
3;0.125;Idle;(10, 20);;(9, 18);1;1620
3;0.125;Idle;(10, 20);;(9, 18);1;1621
3;0.125;Idle;(10, 20);;(9, 18);1;1622
3;0.125;Idle;(10, 20);;(9, 18);1;1623
3;0.125;Idle;(10, 20);;(9, 18);1;1624
3;0.125;Idle;(10, 20);;(9, 18);1;1625
3;0.125;Idle;(10, 20);;(9, 18);1;1626
3;0.125;Idle;(10, 20);;(9, 18);1;1627
3;0.125;Idle;(10, 20);;(9, 18);1;1628
3;0.125;Idle;(10, 20);;(9, 18);1;1629
3;0.125;Idle;(10, 20);;(9, 18);1;1630
3;0.125;Idle;(10, 20);;(9, 18);1;1631
3;0.125;Idle;(10, 20);;(9, 18);1;1632
3;0.125;Idle;(10, 20);;(9, 18);1;1633
3;0.125;Idle;(10, 20);;(9, 18);1;1634
3;0.125;Idle;(10, 20);;(9, 18);1;1635
3;0.125;Idle;(10, 20);;(9, 18);1;1636
3;0.125;Idle;(10, 20);;(9, 18);1;1637
3;0.125;Idle;(10, 20);;(9, 18);1;1638
3;0.125;Idle;(10, 20);;(9, 18);1;1639
3;0.125;MoveNorthWest;(10, 20);;(9, 18);1;1640
3;0.125;MoveNorthWest;(10, 20);;(9, 18);1;1641
3;0.125;MoveNorthWest;(10, 20);;(9, 18);1;1642
3;0.125;MoveNorthWest;(10, 20);;(9, 18);1;1643
3;0.125;MoveNorthWest;(10, 20);;(9, 18);1;1644
3;0.125;MoveNorthWest;(10, 20);;(9, 18);1;1645
3;0.125;MoveNorthWest;(10, 20);;(9, 18);1;1646
3;0.125;MoveNorthWest;(10, 20);;(9, 18);1;1647
3;0.125;MoveNorthWest;(9, 19);;(9, 18);1;1648
3;0.125;MoveNorth;(9, 19);;(9, 18);1;1649
3;0.125;MoveNorth;(9, 19);;(9, 18);1;1650
3;0.125;MoveNorth;(9, 19);;(9, 18);1;1651
3;0.125;MoveNorth;(9, 19);;(9, 18);1;1652
3;0.125;MoveNorth;(9, 19);;(9, 18);1;1653
3;0.125;MoveNorth;(9, 19);;(9, 18);1;1654
3;0.125;MoveNorth;(9, 19);;(9, 18);1;1655
3;0.125;MoveNorth;(9, 19);;(9, 18);1;1656
3;0.125;MoveNorth;(9, 18);;(9, 18);1;1657
3;0.125;MoveNorth;(9, 18);;(9, 18);1;1658
3;0.125;MoveNorth;(9, 18);;(9, 18);1;1659
3;0.125;MoveNorth;(9, 18);;(9, 18);1;1660
3;0.125;MoveNorth;(9, 18);;(9, 18);1;1661
3;0.125;MoveNorth;(9, 18);MoveSouth;(9, 19);1;1662
3;0.125;MoveNorth;(9, 18);;(9, 19);1;1663
3;0.125;MoveNorth;(9, 18);;(9, 19);1;1664
3;0.125;MoveNorth;(9, 18);;(9, 19);1;1665
3;0.125;MoveNorth;(9, 17);;(9, 19);1;1666
3;0.125;;(9, 17);;(9, 19);1;1667
3;0.125;;(9, 17);MoveSouth;(9, 20);1;1668
3;0.125;;(9, 17);;(9, 20);1;1669
3;0.125;;(9, 17);MoveSouth;(9, 21);1;1670
3;0.125;;(9, 17);;(9, 21);1;1671
3;0.125;;(9, 17);;(9, 21);1;1672
3;0.125;;(9, 17);MoveSouth;(9, 21);1;1673
3;0.125;;(9, 17);;(9, 21);1;1674
3;0.125;;(9, 17);;(9, 21);1;1675
3;0.125;;(9, 17);;(9, 21);1;1676
3;0.125;;(9, 17);;(9, 21);1;1677
3;0.125;;(9, 17);MoveNorth;(9, 20);1;1678
3;0.125;;(9, 17);;(9, 20);1;1679
3;0.125;;(9, 17);MoveNorth;(9, 19);1;1680
3;0.125;;(9, 17);;(9, 19);1;1681
3;0.125;;(9, 17);MoveNorth;(9, 18);1;1682
3;0.125;;(9, 17);;(9, 18);1;1683
3;0.125;;(9, 17);;(9, 18);1;1684
3;0.125;;(9, 17);;(9, 18);1;1685
3;0.125;;(9, 17);;(9, 18);1;1686
3;0.125;;(9, 17);;(9, 18);1;1687
3;0.125;;(9, 17);;(9, 18);1;1688
3;0.125;;(9, 17);MoveWest;(8, 18);1;1689
3;0.125;;(9, 17);;(8, 18);1;1690
3;0.125;;(9, 17);MoveWest;(7, 18);1;1691
3;0.125;;(9, 17);;(7, 18);1;1692
3;0.125;;(9, 17);MoveWest;(6, 18);1;1693
3;0.125;;(9, 17);MoveWest;(5, 18);1;1694
3;0.125;;(9, 17);;(5, 18);1;1695
3;0.125;;(9, 17);MoveWest;(4, 18);1;1696
3;0.125;;(9, 17);MoveWest;(3, 18);1;1697
3;0.125;;(9, 17);;(3, 18);1;1698
3;0.125;;(9, 17);MoveNorth;(3, 17);1;1699
3;0.125;;(9, 17);MoveNorth;(3, 17);1;1700
3;0.125;;(9, 17);;(3, 17);1;1701
3;0.125;;(9, 17);;(3, 17);1;1702
3;0.125;;(9, 17);;(3, 17);1;1703
3;0.125;;(9, 17);;(3, 17);1;1704
3;0.125;;(9, 17);;(3, 17);1;1705
3;0.125;;(9, 17);MoveSouth;(3, 18);1;1706
3;0.125;;(9, 17);;(3, 18);1;1707
3;0.125;;(9, 17);MoveSouth;(3, 19);1;1708
3;0.125;;(9, 17);MoveSouth;(3, 20);1;1709
3;0.125;;(9, 17);;(3, 20);1;1710
3;0.125;;(9, 17);MoveSouth;(3, 21);1;1711
3;0.125;;(9, 17);;(3, 21);1;1712
3;0.125;;(9, 17);MoveSouth;(3, 21);1;1713
3;0.125;;(9, 17);;(3, 21);1;1714
3;0.125;;(9, 17);;(3, 21);1;1715
3;0.125;;(9, 17);;(3, 21);1;1716
3;0.125;;(9, 17);;(3, 21);1;1717
3;0.125;;(9, 17);;(3, 21);1;1718
3;0.125;;(9, 17);;(3, 21);1;1719
3;0.125;;(9, 17);;(3, 21);1;1720
3;0.125;;(9, 17);;(3, 21);1;1721
3;0.125;;(9, 17);;(3, 21);1;1722
3;0.125;;(9, 17);;(3, 21);1;1723
3;0.125;;(9, 17);;(3, 21);1;1724
3;0.125;;(9, 17);;(3, 21);1;1725
3;0.125;;(9, 17);;(3, 21);1;1726
3;0.125;;(9, 17);;(3, 21);1;1727
3;0.125;;(9, 17);;(3, 21);1;1728
3;0.125;;(9, 17);;(3, 21);1;1729
3;0.125;;(9, 17);;(3, 21);1;1730
3;0.125;;(9, 17);;(3, 21);1;1731
3;0.125;;(9, 17);;(3, 21);1;1732
3;0.125;;(9, 17);;(3, 21);1;1733
3;0.125;;(9, 17);;(3, 21);1;1734
3;0.125;;(9, 17);;(3, 21);1;1735
3;0.125;;(9, 17);;(3, 21);1;1736
3;0.125;;(9, 17);;(3, 21);1;1737
3;0.125;;(9, 17);;(3, 21);1;1738
3;0.125;;(9, 17);;(3, 21);1;1739
3;0.125;;(9, 17);;(3, 21);1;1740
3;0.125;;(9, 17);;(3, 21);1;1741
3;0.125;;(9, 17);;(3, 21);1;1742
3;0.125;;(9, 17);;(3, 21);1;1743
3;0.125;;(9, 17);;(3, 21);1;1744
3;0.125;;(9, 17);;(3, 21);1;1745
3;0.125;;(9, 17);;(3, 21);1;1746
3;0.125;;(9, 17);;(3, 21);1;1747
3;0.125;;(9, 17);;(3, 21);1;1748
3;0.125;;(9, 17);;(3, 21);1;1749
3;0.125;;(9, 17);;(3, 21);1;1750
3;0.125;;(9, 17);;(3, 21);1;1751
3;0.125;;(9, 17);;(3, 21);1;1752
3;0.125;;(9, 17);;(3, 21);1;1753
3;0.125;;(9, 17);;(3, 21);1;1754
3;0.125;;(9, 17);;(3, 21);1;1755
3;0.125;;(9, 17);;(3, 21);1;1756
3;0.125;;(9, 17);;(3, 21);1;1757
3;0.125;;(9, 17);;(3, 21);1;1758
3;0.125;;(9, 17);;(3, 21);1;1759
3;0.125;;(9, 17);;(3, 21);1;1760
3;0.125;;(9, 17);;(3, 21);1;1761
3;0.125;;(9, 17);;(3, 21);1;1762
3;0.125;;(9, 17);;(3, 21);1;1763
3;0.125;;(9, 17);;(3, 21);1;1764
3;0.125;;(9, 17);;(3, 21);1;1765
3;0.125;;(9, 17);;(3, 21);1;1766
3;0.125;;(9, 17);;(3, 21);1;1767
3;0.125;;(9, 17);;(3, 21);1;1768
3;0.125;;(9, 17);;(3, 21);1;1769
3;0.125;;(9, 17);;(3, 21);1;1770
3;0.125;;(9, 17);;(3, 21);1;1771
3;0.125;;(9, 17);;(3, 21);1;1772
3;0.125;;(9, 17);;(3, 21);1;1773
3;0.125;;(9, 17);;(3, 21);1;1774
3;0.125;;(9, 17);;(3, 21);1;1775
3;0.125;;(9, 17);;(3, 21);1;1776
3;0.125;;(9, 17);;(3, 21);1;1777
3;0.125;;(9, 17);;(3, 21);1;1778
3;0.125;;(9, 17);;(3, 21);1;1779
3;0.125;;(9, 17);;(3, 21);1;1780
3;0.125;;(9, 17);;(3, 21);1;1781
3;0.125;;(9, 17);;(3, 21);1;1782
3;0.125;;(9, 17);;(3, 21);1;1783
3;0.125;;(9, 17);;(3, 21);1;1784
3;0.125;;(9, 17);;(3, 21);1;1785
3;0.125;;(9, 17);;(3, 21);1;1786
3;0.125;;(9, 17);;(3, 21);1;1787
3;0.125;;(9, 17);;(3, 21);1;1788
3;0.125;;(9, 17);;(3, 21);1;1789
3;0.125;;(9, 17);;(3, 21);1;1790
3;0.125;;(9, 17);;(3, 21);1;1791
3;0.125;;(9, 17);;(3, 21);1;1792
3;0.125;;(9, 17);;(3, 21);1;1793
3;0.125;;(9, 17);;(3, 21);1;1794
3;0.125;;(9, 17);;(3, 21);1;1795
3;0.125;;(9, 17);;(3, 21);1;1796
3;0.125;;(9, 17);;(3, 21);1;1797
3;0.125;;(9, 17);;(3, 21);1;1798
3;0.125;;(9, 17);;(3, 21);1;1799
3;0.125;;(9, 17);;(3, 21);1;1800
3;0.125;;(9, 17);;(3, 21);1;1801
3;0.125;;(9, 17);;(3, 21);1;1802
3;0.125;;(9, 17);;(3, 21);1;1803
3;0.125;;(9, 17);;(3, 21);1;1804
3;0.125;;(9, 17);;(3, 21);1;1805
3;0.125;;(9, 17);;(3, 21);1;1806
3;0.125;;(9, 17);;(3, 21);1;1807
3;0.125;;(9, 17);;(3, 21);1;1808
3;0.125;;(9, 17);;(3, 21);1;1809
3;0.125;;(9, 17);;(3, 21);1;1810
3;0.125;;(9, 17);;(3, 21);1;1811
3;0.125;;(9, 17);;(3, 21);1;1812
3;0.125;;(9, 17);;(3, 21);1;1813
3;0.125;;(9, 17);;(3, 21);1;1814
3;0.125;;(9, 17);;(3, 21);1;1815
3;0.125;;(9, 17);;(3, 21);1;1816
3;0.125;;(9, 17);;(3, 21);1;1817
3;0.125;;(9, 17);;(3, 21);1;1818
3;0.125;;(9, 17);;(3, 21);1;1819
3;0.125;;(9, 17);;(3, 21);1;1820
3;0.125;;(9, 17);;(3, 21);1;1821
3;0.125;;(9, 17);MoveEast;(4, 21);1;1822
3;0.125;;(9, 17);;(4, 21);1;1823
3;0.125;;(9, 17);;(4, 21);1;1824
3;0.125;;(9, 17);;(4, 21);1;1825
3;0.125;;(9, 17);;(4, 21);1;1826
3;0.125;;(9, 17);;(4, 21);1;1827
3;0.125;;(9, 17);;(4, 21);1;1828
3;0.125;;(9, 17);;(4, 21);1;1829
3;0.125;;(9, 17);;(4, 21);1;1830
3;0.125;;(9, 17);;(4, 21);1;1831
3;0.125;;(9, 17);CarryObjectTogether;(4, 21);1;1832
3;0.125;;(9, 17);;(4, 21);1;1833
3;0.125;;(9, 17);;(4, 21);1;1834
3;0.125;;(9, 17);;(4, 21);1;1835
3;0.125;;(9, 17);;(4, 21);1;1836
3;0.125;;(9, 17);;(4, 21);1;1837
3;0.125;;(9, 17);;(4, 21);1;1838
3;0.125;;(9, 17);;(4, 21);1;1839
3;0.125;;(9, 17);;(4, 21);1;1840
3;0.125;;(9, 17);;(4, 21);1;1841
3;0.125;;(9, 17);;(4, 21);1;1842
3;0.125;;(9, 17);;(4, 21);1;1843
3;0.125;;(9, 17);;(4, 21);1;1844
3;0.125;;(9, 17);;(4, 21);1;1845
3;0.125;;(9, 17);;(4, 21);1;1846
3;0.125;;(9, 17);;(4, 21);1;1847
3;0.125;;(9, 17);;(4, 21);1;1848
3;0.125;;(9, 17);;(4, 21);1;1849
3;0.125;;(9, 17);;(4, 21);1;1850
3;0.125;;(9, 17);;(4, 21);1;1851
3;0.125;;(9, 17);;(4, 21);1;1852
3;0.125;;(9, 17);;(4, 21);1;1853
3;0.125;;(9, 17);;(4, 21);1;1854
3;0.125;;(9, 17);;(4, 21);1;1855
3;0.125;;(9, 17);;(4, 21);1;1856
3;0.125;;(9, 17);CarryObject;(4, 21);1;1857
3;0.125;;(9, 17);;(4, 21);1;1858
3;0.125;;(9, 17);;(4, 21);1;1859
3;0.125;;(9, 17);;(4, 21);1;1860
3;0.125;;(9, 17);;(4, 21);1;1861
3;0.125;;(9, 17);;(4, 21);1;1862
3;0.125;;(9, 17);;(4, 21);1;1863
3;0.125;;(9, 17);;(4, 21);1;1864
3;0.125;;(9, 17);;(4, 21);1;1865
3;0.125;;(9, 17);MoveWest;(3, 21);1;1866
3;0.125;;(9, 17);;(3, 21);1;1867
3;0.125;;(9, 17);MoveNorth;(3, 20);1;1868
3;0.125;;(9, 17);MoveNorth;(3, 19);1;1869
3;0.125;;(9, 17);;(3, 19);1;1870
3;0.125;;(9, 17);;(3, 19);1;1871
3;0.125;;(9, 17);MoveNorth;(3, 18);1;1872
3;0.125;;(9, 17);;(3, 18);1;1873
3;0.125;;(9, 17);;(3, 18);1;1874
3;0.125;;(9, 17);;(3, 18);1;1875
3;0.125;;(9, 17);MoveEast;(4, 18);1;1876
3;0.125;;(9, 17);MoveEast;(5, 18);1;1877
3;0.125;;(9, 17);;(5, 18);1;1878
3;0.125;;(9, 17);MoveEast;(6, 18);1;1879
3;0.125;;(9, 17);;(6, 18);1;1880
3;0.125;;(9, 17);MoveEast;(7, 18);1;1881
3;0.125;;(9, 17);MoveEast;(8, 18);1;1882
3;0.125;;(9, 17);MoveEast;(9, 18);1;1883
3;0.125;;(9, 17);;(9, 18);1;1884
3;0.125;;(9, 17);MoveEast;(10, 18);1;1885
3;0.125;;(9, 17);;(10, 18);1;1886
3;0.125;;(9, 17);;(10, 18);1;1887
3;0.125;;(9, 17);;(10, 18);1;1888
3;0.125;;(9, 17);;(10, 18);1;1889
3;0.125;;(9, 17);;(10, 18);1;1890
3;0.125;;(9, 17);;(10, 18);1;1891
3;0.125;;(9, 17);;(10, 18);1;1892
3;0.125;;(9, 17);;(10, 18);1;1893
3;0.125;;(9, 17);;(10, 18);1;1894
3;0.125;;(9, 17);;(10, 18);1;1895
3;0.125;;(9, 17);;(10, 18);1;1896
3;0.125;;(9, 17);;(10, 18);1;1897
3;0.125;;(9, 17);;(10, 18);1;1898
3;0.125;;(9, 17);;(10, 18);1;1899
3;0.125;;(9, 17);;(10, 18);1;1900
3;0.125;;(9, 17);;(10, 18);1;1901
3;0.125;;(9, 17);;(10, 18);1;1902
3;0.125;;(9, 17);;(10, 18);1;1903
3;0.125;;(9, 17);;(10, 18);1;1904
3;0.125;;(9, 17);;(10, 18);1;1905
3;0.125;;(9, 17);;(10, 18);1;1906
3;0.125;;(9, 17);;(10, 18);1;1907
3;0.125;;(9, 17);;(10, 18);1;1908
3;0.125;;(9, 17);;(10, 18);1;1909
3;0.125;;(9, 17);MoveEast;(10, 18);1;1910
3;0.125;;(9, 17);MoveEast;(10, 18);1;1911
3;0.125;;(9, 17);MoveEast;(10, 18);1;1912
3;0.125;;(9, 17);MoveEast;(10, 18);1;1913
3;0.125;;(9, 17);MoveEast;(10, 18);1;1914
3;0.125;;(9, 17);MoveEast;(11, 18);1;1915
3;0.125;;(9, 17);MoveEast;(11, 18);1;1916
3;0.125;;(9, 17);MoveEast;(11, 18);1;1917
3;0.125;;(9, 17);MoveEast;(11, 18);1;1918
3;0.125;;(9, 17);MoveEast;(11, 18);1;1919
3;0.125;;(9, 17);MoveEast;(11, 18);1;1920
3;0.125;;(9, 17);MoveEast;(12, 18);1;1921
3;0.125;;(9, 17);MoveEast;(12, 18);1;1922
3;0.125;;(9, 17);MoveEast;(12, 18);1;1923
3;0.125;;(9, 17);MoveEast;(12, 18);1;1924
3;0.125;;(9, 17);MoveEast;(12, 18);1;1925
3;0.125;;(9, 17);MoveEast;(12, 18);1;1926
3;0.125;;(9, 17);MoveEast;(13, 18);1;1927
3;0.125;;(9, 17);MoveEast;(13, 18);1;1928
3;0.125;;(9, 17);MoveEast;(13, 18);1;1929
3;0.125;;(9, 17);MoveEast;(13, 18);1;1930
3;0.125;;(9, 17);MoveEast;(13, 18);1;1931
3;0.125;;(9, 17);MoveEast;(13, 18);1;1932
3;0.125;;(9, 17);MoveEast;(14, 18);1;1933
3;0.125;;(9, 17);MoveEast;(14, 18);1;1934
3;0.125;;(9, 17);MoveEast;(14, 18);1;1935
3;0.125;;(9, 17);MoveEast;(14, 18);1;1936
3;0.125;;(9, 17);MoveEast;(14, 18);1;1937
3;0.125;;(9, 17);MoveEast;(14, 18);1;1938
3;0.125;;(9, 17);MoveEast;(15, 18);1;1939
3;0.125;;(9, 17);MoveEast;(16, 18);1;1940
3;0.125;;(9, 17);MoveEast;(17, 18);1;1941
3;0.125;;(9, 17);;(17, 18);1;1942
3;0.125;;(9, 17);MoveEast;(18, 18);1;1943
3;0.125;;(9, 17);;(18, 18);1;1944
3;0.125;;(9, 17);MoveEast;(19, 18);1;1945
3;0.125;;(9, 17);MoveEast;(20, 18);1;1946
3;0.125;;(9, 17);;(20, 18);1;1947
3;0.125;;(9, 17);MoveEast;(20, 18);1;1948
3;0.125;;(9, 17);MoveEast;(20, 18);1;1949
3;0.125;;(9, 17);MoveEast;(20, 18);1;1950
3;0.125;;(9, 17);MoveEast;(20, 18);1;1951
3;0.125;;(9, 17);MoveEast;(20, 18);1;1952
3;0.125;;(9, 17);MoveEast;(21, 18);1;1953
3;0.125;;(9, 17);MoveEast;(22, 18);1;1954
3;0.125;RemoveObject;(9, 17);;(22, 18);1;1955
3;0.125;RemoveObject;(9, 17);MoveEast;(23, 18);1;1956
3;0.125;RemoveObject;(9, 17);;(23, 18);1;1957
3;0.125;RemoveObject;(9, 17);MoveEast;(23, 18);1;1958
3;0.125;RemoveObject;(9, 17);;(23, 18);1;1959
3;0.125;RemoveObject;(9, 17);MoveSouth;(23, 18);1;1960
3;0.125;RemoveObject;(9, 17);MoveNorth;(23, 17);1;1961
3;0.125;RemoveObject;(9, 17);;(23, 17);1;1962
3;0.125;RemoveObject;(9, 17);MoveNorth;(23, 16);1;1963
3;0.125;RemoveObject;(9, 17);;(23, 16);1;1964
3;0.125;RemoveObject;(9, 17);MoveNorth;(23, 15);1;1965
3;0.125;RemoveObject;(9, 17);;(23, 15);1;1966
3;0.125;RemoveObject;(9, 17);;(23, 15);1;1967
3;0.125;RemoveObject;(9, 17);;(23, 15);1;1968
3;0.125;RemoveObject;(9, 17);;(23, 15);1;1969
3;0.125;RemoveObject;(9, 17);;(23, 15);1;1970
3;0.125;RemoveObject;(9, 17);;(23, 15);1;1971
3;0.125;RemoveObject;(9, 17);;(23, 15);1;1972
3;0.125;RemoveObject;(9, 17);;(23, 15);1;1973
3;0.125;RemoveObject;(9, 17);DropObjectTogether;(23, 15);1;1974
3;0.125;RemoveObject;(9, 17);;(23, 15);1;1975
3;0.125;RemoveObject;(9, 17);;(23, 15);1;1976
3;0.125;RemoveObject;(9, 17);;(23, 15);1;1977
3;0.125;RemoveObject;(9, 17);;(23, 15);1;1978
3;0.125;RemoveObject;(9, 17);;(23, 15);1;1979
3;0.125;RemoveObject;(9, 17);;(23, 15);1;1980
3;0.125;RemoveObject;(9, 17);;(23, 15);1;1981
3;0.125;RemoveObject;(9, 17);;(23, 15);1;1982
3;0.125;RemoveObject;(9, 17);;(23, 15);1;1983
3;0.125;RemoveObject;(9, 17);;(23, 15);1;1984
3;0.125;RemoveObject;(9, 17);;(23, 15);1;1985
3;0.125;RemoveObject;(9, 17);;(23, 15);1;1986
3;0.125;RemoveObject;(9, 17);;(23, 15);1;1987
3;0.125;RemoveObject;(9, 17);;(23, 15);1;1988
3;0.125;RemoveObject;(9, 17);;(23, 15);1;1989
3;0.125;RemoveObject;(9, 17);;(23, 15);1;1990
3;0.125;RemoveObject;(9, 17);;(23, 15);1;1991
3;0.125;RemoveObject;(9, 17);;(23, 15);1;1992
3;0.125;RemoveObject;(9, 17);;(23, 15);1;1993
3;0.125;RemoveObject;(9, 17);;(23, 15);1;1994
3;0.125;RemoveObject;(9, 17);;(23, 15);1;1995
3;0.125;RemoveObject;(9, 17);;(23, 15);1;1996
3;0.125;RemoveObject;(9, 17);;(23, 15);1;1997
3;0.125;RemoveObject;(9, 17);;(23, 15);1;1998
6;0.25;RemoveObject;(9, 17);Drop;(23, 15);1;1999
6;0.25;RemoveObject;(9, 17);;(23, 15);1;2000
6;0.25;RemoveObject;(9, 17);;(23, 15);1;2001
6;0.25;RemoveObject;(9, 17);;(23, 15);1;2002
6;0.25;RemoveObject;(9, 17);;(23, 15);1;2003
6;0.25;RemoveObject;(9, 17);;(23, 15);1;2004
6;0.25;RemoveObject;(9, 17);;(23, 15);1;2005
6;0.25;RemoveObject;(9, 17);;(23, 15);1;2006
6;0.25;RemoveObject;(9, 17);MoveSouth;(23, 16);1;2007
6;0.25;RemoveObject;(9, 17);;(23, 16);1;2008
6;0.25;RemoveObject;(9, 17);MoveSouth;(23, 17);1;2009
6;0.25;RemoveObject;(9, 17);;(23, 17);1;2010
6;0.25;RemoveObject;(9, 17);MoveSouth;(23, 18);1;2011
6;0.25;RemoveObject;(9, 17);MoveSouth;(23, 18);1;2012
6;0.25;RemoveObject;(9, 17);;(23, 18);1;2013
6;0.25;RemoveObject;(9, 17);MoveWest;(22, 18);1;2014
6;0.25;RemoveObject;(9, 17);;(22, 18);1;2015
6;0.25;RemoveObject;(9, 17);;(22, 18);1;2016
6;0.25;RemoveObject;(9, 17);;(22, 18);1;2017
6;0.25;RemoveObject;(9, 17);MoveWest;(21, 18);1;2018
6;0.25;RemoveObject;(9, 17);;(21, 18);1;2019
6;0.25;RemoveObject;(9, 17);MoveWest;(20, 18);1;2020
6;0.25;RemoveObject;(9, 17);;(20, 18);1;2021
6;0.25;RemoveObject;(9, 17);MoveWest;(20, 18);1;2022
6;0.25;RemoveObject;(9, 17);MoveWest;(20, 18);1;2023
6;0.25;RemoveObject;(9, 17);MoveWest;(20, 18);1;2024
6;0.25;RemoveObject;(9, 17);MoveWest;(20, 18);1;2025
6;0.25;RemoveObject;(9, 17);MoveWest;(20, 18);1;2026
6;0.25;RemoveObject;(9, 17);MoveWest;(19, 18);1;2027
6;0.25;RemoveObject;(9, 17);MoveWest;(18, 18);1;2028
6;0.25;RemoveObject;(9, 17);;(18, 18);1;2029
6;0.25;RemoveObject;(9, 17);MoveWest;(17, 18);1;2030
6;0.25;RemoveObject;(9, 17);;(17, 18);1;2031
6;0.25;RemoveObject;(9, 17);MoveWest;(16, 18);1;2032
6;0.25;RemoveObject;(9, 17);;(16, 18);1;2033
6;0.25;RemoveObject;(9, 17);;(16, 18);1;2034
6;0.25;RemoveObject;(9, 17);;(16, 18);1;2035
6;0.25;RemoveObject;(9, 17);MoveNorth;(16, 17);1;2036
6;0.25;RemoveObject;(9, 17);;(16, 17);1;2037
6;0.25;RemoveObject;(9, 17);;(16, 17);1;2038
6;0.25;RemoveObject;(9, 17);MoveWest;(16, 17);1;2039
6;0.25;RemoveObject;(9, 17);MoveWest;(16, 17);1;2040
6;0.25;RemoveObject;(9, 17);MoveWest;(16, 17);1;2041
6;0.25;RemoveObject;(9, 17);MoveWest;(16, 17);1;2042
6;0.25;RemoveObject;(9, 17);MoveWest;(16, 17);1;2043
6;0.25;RemoveObject;(9, 17);MoveWest;(15, 17);1;2044
6;0.25;RemoveObject;(9, 17);MoveWest;(14, 17);1;2045
6;0.25;RemoveObject;(9, 17);;(14, 17);1;2046
6;0.25;RemoveObject;(9, 17);MoveWest;(14, 17);1;2047
6;0.25;RemoveObject;(9, 17);MoveWest;(14, 17);1;2048
6;0.25;RemoveObject;(9, 17);MoveWest;(14, 17);1;2049
6;0.25;RemoveObject;(9, 17);MoveWest;(14, 17);1;2050
6;0.25;RemoveObject;(9, 17);MoveWest;(14, 17);1;2051
6;0.25;RemoveObject;(9, 17);MoveWest;(13, 17);1;2052
6;0.25;RemoveObject;(9, 17);MoveWest;(12, 17);1;2053
6;0.25;RemoveObject;(9, 17);MoveWest;(11, 17);1;2054
6;0.25;RemoveObject;(9, 17);;(11, 17);1;2055
6;0.25;MoveNorth;(9, 17);MoveWest;(10, 17);1;2056
6;0.25;MoveNorth;(9, 17);;(10, 17);1;2057
6;0.25;MoveNorth;(9, 17);;(10, 17);1;2058
6;0.25;MoveNorth;(9, 17);;(10, 17);1;2059
6;0.25;MoveNorth;(9, 17);;(10, 17);1;2060
6;0.25;MoveNorth;(9, 17);;(10, 17);1;2061
6;0.25;MoveNorth;(9, 17);MoveWest;(9, 17);1;2062
6;0.25;MoveNorth;(9, 17);;(9, 17);1;2063
6;0.25;MoveNorth;(9, 16);;(9, 17);1;2064
6;0.25;MoveNorthWest;(9, 16);;(9, 17);1;2065
6;0.25;MoveNorthWest;(9, 16);;(9, 17);1;2066
6;0.25;MoveNorthWest;(9, 16);;(9, 17);1;2067
6;0.25;MoveNorthWest;(9, 16);;(9, 17);1;2068
6;0.25;MoveNorthWest;(9, 16);;(9, 17);1;2069
6;0.25;MoveNorthWest;(9, 16);MoveNorth;(9, 16);1;2070
6;0.25;MoveNorthWest;(9, 16);;(9, 16);1;2071
6;0.25;MoveNorthWest;(9, 16);;(9, 16);1;2072
6;0.25;MoveNorthWest;(8, 15);MoveNorth;(9, 15);1;2073
6;0.25;MoveNorth;(8, 15);MoveNorth;(9, 14);1;2074
6;0.25;MoveNorth;(8, 15);;(9, 14);1;2075
6;0.25;MoveNorth;(8, 15);MoveNorth;(9, 14);1;2076
6;0.25;MoveNorth;(8, 15);;(9, 14);1;2077
6;0.25;MoveNorth;(8, 15);;(9, 14);1;2078
6;0.25;MoveNorth;(8, 15);;(9, 14);1;2079
6;0.25;MoveNorth;(8, 15);;(9, 14);1;2080
6;0.25;MoveNorth;(8, 15);MoveSouth;(9, 15);1;2081
6;0.25;MoveNorth;(8, 14);;(9, 15);1;2082
6;0.25;MoveSouthEast;(8, 14);;(9, 15);1;2083
6;0.25;MoveSouthEast;(8, 14);;(9, 15);1;2084
6;0.25;MoveSouthEast;(8, 14);MoveEast;(10, 15);1;2085
6;0.25;MoveSouthEast;(8, 14);;(10, 15);1;2086
6;0.25;MoveSouthEast;(8, 14);;(10, 15);1;2087
6;0.25;MoveSouthEast;(8, 14);;(10, 15);1;2088
6;0.25;MoveSouthEast;(8, 14);;(10, 15);1;2089
6;0.25;MoveSouthEast;(8, 14);;(10, 15);1;2090
6;0.25;MoveSouthEast;(9, 15);;(10, 15);1;2091
6;0.25;MoveNorthEast;(9, 15);;(10, 15);1;2092
6;0.25;MoveNorthEast;(9, 15);;(10, 15);1;2093
6;0.25;MoveNorthEast;(9, 15);;(10, 15);1;2094
6;0.25;MoveNorthEast;(9, 15);;(10, 15);1;2095
6;0.25;MoveNorthEast;(9, 15);;(10, 15);1;2096
6;0.25;MoveNorthEast;(9, 15);;(10, 15);1;2097
6;0.25;MoveNorthEast;(9, 15);;(10, 15);1;2098
6;0.25;MoveNorthEast;(9, 15);;(10, 15);1;2099
6;0.25;MoveNorthEast;(10, 14);;(10, 15);1;2100
6;0.25;;(10, 14);;(10, 15);1;2101
6;0.25;;(10, 14);;(10, 15);1;2102
6;0.25;;(10, 14);;(10, 15);1;2103
6;0.25;;(10, 14);;(10, 15);1;2104
6;0.25;;(10, 14);;(10, 15);1;2105
6;0.25;;(10, 14);;(10, 15);1;2106
6;0.25;;(10, 14);;(10, 15);1;2107
6;0.25;;(10, 14);;(10, 15);1;2108
6;0.25;;(10, 14);;(10, 15);1;2109
6;0.25;;(10, 14);;(10, 15);1;2110
6;0.25;;(10, 14);;(10, 15);1;2111
6;0.25;;(10, 14);;(10, 15);1;2112
6;0.25;;(10, 14);;(10, 15);1;2113
6;0.25;;(10, 14);;(10, 15);1;2114
6;0.25;;(10, 14);;(10, 15);1;2115
6;0.25;;(10, 14);;(10, 15);1;2116
6;0.25;;(10, 14);;(10, 15);1;2117
6;0.25;;(10, 14);;(10, 15);1;2118
6;0.25;;(10, 14);;(10, 15);1;2119
6;0.25;;(10, 14);;(10, 15);1;2120
6;0.25;;(10, 14);;(10, 15);1;2121
6;0.25;;(10, 14);;(10, 15);1;2122
6;0.25;;(10, 14);;(10, 15);1;2123
6;0.25;Idle;(10, 14);;(10, 15);1;2124
6;0.25;Idle;(10, 14);;(10, 15);1;2125
6;0.25;Idle;(10, 14);;(10, 15);1;2126
6;0.25;Idle;(10, 14);;(10, 15);1;2127
6;0.25;Idle;(10, 14);;(10, 15);1;2128
6;0.25;Idle;(10, 14);;(10, 15);1;2129
6;0.25;Idle;(10, 14);;(10, 15);1;2130
6;0.25;Idle;(10, 14);;(10, 15);1;2131
6;0.25;Idle;(10, 14);;(10, 15);1;2132
6;0.25;Idle;(10, 14);;(10, 15);1;2133
6;0.25;Idle;(10, 14);;(10, 15);1;2134
6;0.25;Idle;(10, 14);;(10, 15);1;2135
6;0.25;Idle;(10, 14);;(10, 15);1;2136
6;0.25;Idle;(10, 14);;(10, 15);1;2137
6;0.25;Idle;(10, 14);;(10, 15);1;2138
6;0.25;Idle;(10, 14);;(10, 15);1;2139
6;0.25;Idle;(10, 14);;(10, 15);1;2140
6;0.25;Idle;(10, 14);;(10, 15);1;2141
6;0.25;Idle;(10, 14);;(10, 15);1;2142
6;0.25;Idle;(10, 14);;(10, 15);1;2143
6;0.25;Idle;(10, 14);;(10, 15);1;2144
6;0.25;Idle;(10, 14);;(10, 15);1;2145
6;0.25;Idle;(10, 14);;(10, 15);1;2146
6;0.25;Idle;(10, 14);;(10, 15);1;2147
6;0.25;Idle;(10, 14);;(10, 15);1;2148
6;0.25;Idle;(10, 14);;(10, 15);1;2149
6;0.25;MoveSouth;(10, 14);;(10, 15);1;2150
6;0.25;MoveSouth;(10, 14);;(10, 15);1;2151
6;0.25;MoveSouth;(10, 14);;(10, 15);1;2152
6;0.25;MoveSouth;(10, 14);;(10, 15);1;2153
6;0.25;MoveSouth;(10, 14);;(10, 15);1;2154
6;0.25;MoveSouth;(10, 14);;(10, 15);1;2155
6;0.25;MoveSouth;(10, 14);;(10, 15);1;2156
6;0.25;MoveSouth;(10, 14);;(10, 15);1;2157
6;0.25;MoveSouth;(10, 15);;(10, 15);1;2158
6;0.25;;(10, 15);;(10, 15);1;2159
6;0.25;;(10, 15);;(10, 15);1;2160
6;0.25;;(10, 15);;(10, 15);1;2161
6;0.25;;(10, 15);;(10, 15);1;2162
6;0.25;;(10, 15);;(10, 15);1;2163
6;0.25;;(10, 15);CarryObjectTogether;(10, 15);1;2164
6;0.25;;(10, 15);;(10, 15);1;2165
6;0.25;;(10, 15);;(10, 15);1;2166
6;0.25;;(10, 15);;(10, 15);1;2167
6;0.25;;(10, 15);;(10, 15);1;2168
6;0.25;;(10, 15);;(10, 15);1;2169
6;0.25;;(10, 15);;(10, 15);1;2170
6;0.25;;(10, 15);;(10, 15);1;2171
6;0.25;;(10, 15);MoveWest;(9, 15);1;2172
6;0.25;;(10, 15);;(9, 15);1;2173
6;0.25;;(10, 15);MoveSouth;(9, 16);1;2174
6;0.25;;(10, 15);;(9, 16);1;2175
6;0.25;;(10, 15);MoveSouth;(9, 17);1;2176
6;0.25;;(10, 15);;(9, 17);1;2177
6;0.25;;(10, 15);MoveSouth;(9, 18);1;2178
6;0.25;;(10, 15);;(9, 18);1;2179
6;0.25;;(10, 15);MoveEast;(10, 18);1;2180
6;0.25;;(10, 15);;(10, 18);1;2181
6;0.25;;(10, 15);MoveEast;(10, 18);1;2182
6;0.25;;(10, 15);MoveEast;(10, 18);1;2183
6;0.25;;(10, 15);MoveEast;(10, 18);1;2184
6;0.25;;(10, 15);MoveEast;(10, 18);1;2185
6;0.25;;(10, 15);MoveEast;(10, 18);1;2186
6;0.25;;(10, 15);MoveEast;(11, 18);1;2187
6;0.25;;(10, 15);MoveEast;(11, 18);1;2188
6;0.25;;(10, 15);MoveEast;(11, 18);1;2189
6;0.25;;(10, 15);MoveEast;(11, 18);1;2190
6;0.25;;(10, 15);MoveEast;(11, 18);1;2191
6;0.25;;(10, 15);MoveEast;(11, 18);1;2192
6;0.25;;(10, 15);MoveEast;(12, 18);1;2193
6;0.25;;(10, 15);MoveEast;(12, 18);1;2194
6;0.25;;(10, 15);MoveEast;(12, 18);1;2195
6;0.25;;(10, 15);MoveEast;(12, 18);1;2196
6;0.25;;(10, 15);MoveEast;(12, 18);1;2197
6;0.25;;(10, 15);MoveEast;(12, 18);1;2198
6;0.25;;(10, 15);MoveEast;(13, 18);1;2199
6;0.25;;(10, 15);MoveEast;(13, 18);1;2200
6;0.25;;(10, 15);MoveEast;(13, 18);1;2201
6;0.25;;(10, 15);MoveEast;(13, 18);1;2202
6;0.25;;(10, 15);MoveEast;(13, 18);1;2203
6;0.25;;(10, 15);MoveEast;(13, 18);1;2204
6;0.25;;(10, 15);MoveEast;(14, 18);1;2205
6;0.25;;(10, 15);MoveEast;(14, 18);1;2206
6;0.25;;(10, 15);MoveEast;(14, 18);1;2207
6;0.25;;(10, 15);MoveEast;(14, 18);1;2208
6;0.25;;(10, 15);MoveEast;(14, 18);1;2209
6;0.25;;(10, 15);MoveEast;(14, 18);1;2210
6;0.25;;(10, 15);MoveEast;(15, 18);1;2211
6;0.25;;(10, 15);MoveEast;(16, 18);1;2212
6;0.25;;(10, 15);MoveEast;(17, 18);1;2213
6;0.25;;(10, 15);;(17, 18);1;2214
6;0.25;;(10, 15);MoveEast;(18, 18);1;2215
6;0.25;;(10, 15);MoveEast;(19, 18);1;2216
6;0.25;;(10, 15);;(19, 18);1;2217
6;0.25;;(10, 15);MoveEast;(20, 18);1;2218
6;0.25;;(10, 15);;(20, 18);1;2219
6;0.25;;(10, 15);MoveEast;(20, 18);1;2220
6;0.25;;(10, 15);MoveEast;(20, 18);1;2221
6;0.25;;(10, 15);MoveEast;(20, 18);1;2222
6;0.25;;(10, 15);MoveEast;(20, 18);1;2223
6;0.25;;(10, 15);MoveEast;(20, 18);1;2224
6;0.25;;(10, 15);MoveEast;(21, 18);1;2225
6;0.25;;(10, 15);MoveEast;(22, 18);1;2226
6;0.25;;(10, 15);;(22, 18);1;2227
6;0.25;;(10, 15);MoveEast;(23, 18);1;2228
6;0.25;;(10, 15);MoveEast;(23, 18);1;2229
6;0.25;;(10, 15);;(23, 18);1;2230
6;0.25;;(10, 15);MoveNorth;(23, 17);1;2231
6;0.25;;(10, 15);MoveNorth;(23, 16);1;2232
6;0.25;;(10, 15);;(23, 16);1;2233
6;0.25;;(10, 15);MoveNorth;(23, 15);1;2234
6;0.25;;(10, 15);;(23, 15);1;2235
6;0.25;;(10, 15);MoveNorth;(23, 14);1;2236
6;0.25;;(10, 15);MoveNorth;(23, 13);1;2237
6;0.25;;(10, 15);;(23, 13);1;2238
6;0.25;;(10, 15);MoveNorth;(23, 12);1;2239
6;0.25;;(10, 15);MoveNorth;(23, 11);1;2240
6;0.25;;(10, 15);;(23, 11);1;2241
6;0.25;;(10, 15);MoveNorth;(23, 10);1;2242
6;0.25;;(10, 15);MoveNorth;(23, 9);1;2243
6;0.25;;(10, 15);;(23, 9);1;2244
6;0.25;;(10, 15);MoveNorth;(23, 8);1;2245
6;0.25;;(10, 15);;(23, 8);1;2246
6;0.25;;(10, 15);;(23, 8);1;2247
6;0.25;;(10, 15);;(23, 8);1;2248
6;0.25;;(10, 15);;(23, 8);1;2249
6;0.25;;(10, 15);MoveSouth;(23, 9);1;2250
6;0.25;;(10, 15);;(23, 9);1;2251
6;0.25;;(10, 15);MoveSouth;(23, 10);1;2252
6;0.25;;(10, 15);;(23, 10);1;2253
6;0.25;;(10, 15);;(23, 10);1;2254
6;0.25;;(10, 15);;(23, 10);1;2255
6;0.25;;(10, 15);;(23, 10);1;2256
6;0.25;;(10, 15);;(23, 10);1;2257
6;0.25;;(10, 15);;(23, 10);1;2258
6;0.25;;(23, 10);DropObjectTogether;(23, 10);1;2259
6;0.25;MoveSouthWest;(23, 10);;(23, 10);1;2260
6;0.25;MoveSouthWest;(23, 10);;(23, 10);1;2261
6;0.25;MoveSouthWest;(23, 10);;(23, 10);1;2262
6;0.25;MoveSouthWest;(23, 10);;(23, 10);1;2263
6;0.25;MoveSouthWest;(23, 10);;(23, 10);1;2264
6;0.25;MoveSouthWest;(23, 10);;(23, 10);1;2265
6;0.25;MoveSouthWest;(23, 10);;(23, 10);1;2266
6;0.25;MoveSouthWest;(23, 10);;(23, 10);1;2267
6;0.25;MoveSouthWest;(22, 11);;(23, 10);1;2268
6;0.25;MoveSouthWest;(22, 11);;(23, 10);1;2269
6;0.25;MoveSouthWest;(22, 11);;(23, 10);1;2270
6;0.25;MoveSouthWest;(22, 11);;(23, 10);1;2271
6;0.25;MoveSouthWest;(22, 11);;(23, 10);1;2272
6;0.25;MoveSouthWest;(22, 11);;(23, 10);1;2273
6;0.25;MoveSouthWest;(22, 11);;(23, 10);1;2274
6;0.25;MoveSouthWest;(22, 11);;(23, 10);1;2275
6;0.25;MoveSouthWest;(22, 11);;(23, 10);1;2276
6;0.25;MoveSouthWest;(21, 12);;(23, 10);1;2277
6;0.25;MoveSouthWest;(21, 12);;(23, 10);1;2278
6;0.25;MoveSouthWest;(21, 12);;(23, 10);1;2279
6;0.25;MoveSouthWest;(21, 12);;(23, 10);1;2280
6;0.25;MoveSouthWest;(21, 12);;(23, 10);1;2281
6;0.25;MoveSouthWest;(21, 12);;(23, 10);1;2282
6;0.25;MoveSouthWest;(21, 12);;(23, 10);1;2283
6;0.25;MoveSouthWest;(21, 12);;(23, 10);1;2284
6;0.25;MoveSouthWest;(21, 12);;(23, 10);1;2285
6;0.25;MoveSouthWest;(20, 13);;(23, 10);1;2286
6;0.25;MoveSouthWest;(20, 13);;(23, 10);1;2287
6;0.25;MoveSouthWest;(20, 13);;(23, 10);1;2288
6;0.25;MoveSouthWest;(20, 13);;(23, 10);1;2289
6;0.25;MoveSouthWest;(20, 13);;(23, 10);1;2290
6;0.25;MoveSouthWest;(20, 13);;(23, 10);1;2291
6;0.25;MoveSouthWest;(20, 13);;(23, 10);1;2292
6;0.25;MoveSouthWest;(20, 13);;(23, 10);1;2293
6;0.25;MoveSouthWest;(20, 13);CarryObjectTogether;(23, 10);1;2294
6;0.25;MoveSouthWest;(19, 14);;(23, 10);1;2295
6;0.25;MoveSouthWest;(19, 14);;(23, 10);1;2296
6;0.25;MoveSouthWest;(19, 14);;(23, 10);1;2297
6;0.25;MoveSouthWest;(19, 14);;(23, 10);1;2298
6;0.25;MoveSouthWest;(19, 14);;(23, 10);1;2299
6;0.25;MoveSouthWest;(19, 14);;(23, 10);1;2300
6;0.25;MoveSouthWest;(19, 14);;(23, 10);1;2301
6;0.25;MoveSouthWest;(19, 14);;(23, 10);1;2302
6;0.25;MoveSouthWest;(19, 14);;(23, 10);1;2303
6;0.25;MoveSouthWest;(18, 15);;(23, 10);1;2304
6;0.25;MoveSouth;(18, 15);;(23, 10);1;2305
6;0.25;MoveSouth;(18, 15);MoveNorth;(23, 9);1;2306
6;0.25;MoveSouth;(18, 15);;(23, 9);1;2307
6;0.25;MoveSouth;(18, 15);;(23, 9);1;2308
6;0.25;MoveSouth;(18, 15);;(23, 9);1;2309
6;0.25;MoveSouth;(18, 15);;(23, 9);1;2310
6;0.25;MoveSouth;(18, 15);;(23, 9);1;2311
6;0.25;MoveSouth;(18, 15);;(23, 9);1;2312
6;0.25;MoveSouth;(18, 15);;(23, 9);1;2313
6;0.25;MoveSouth;(18, 15);MoveSouth;(23, 10);1;2314
6;0.25;MoveSouth;(18, 15);;(23, 10);1;2315
6;0.25;MoveSouth;(18, 15);MoveWest;(22, 10);1;2316
6;0.25;MoveSouth;(18, 15);;(22, 10);1;2317
6;0.25;MoveSouth;(18, 16);;(22, 10);1;2318
6;0.25;MoveSouthWest;(18, 16);;(22, 10);1;2319
6;0.25;MoveSouthWest;(18, 16);;(22, 10);1;2320
6;0.25;MoveSouthWest;(18, 16);;(22, 10);1;2321
6;0.25;MoveSouthWest;(18, 16);MoveSouth;(22, 11);1;2322
6;0.25;MoveSouthWest;(18, 16);;(22, 11);1;2323
6;0.25;MoveSouthWest;(18, 16);MoveSouth;(22, 12);1;2324
6;0.25;MoveSouthWest;(18, 16);;(22, 12);1;2325
6;0.25;MoveSouthWest;(18, 16);MoveSouth;(22, 13);1;2326
6;0.25;MoveSouthWest;(18, 16);MoveSouth;(22, 14);1;2327
6;0.25;MoveSouthWest;(18, 16);;(22, 14);1;2328
6;0.25;MoveSouthWest;(18, 16);MoveSouth;(22, 15);1;2329
6;0.25;MoveSouthWest;(18, 16);;(22, 15);1;2330
6;0.25;MoveSouthWest;(18, 16);MoveSouth;(22, 16);1;2331
6;0.25;MoveSouthWest;(17, 17);MoveSouth;(22, 17);1;2332
6;0.25;MoveWest;(17, 17);;(22, 17);1;2333
6;0.25;MoveWest;(17, 17);MoveSouth;(22, 18);1;2334
6;0.25;MoveWest;(17, 17);;(22, 18);1;2335
6;0.25;MoveWest;(17, 17);MoveSouth;(22, 18);1;2336
6;0.25;MoveWest;(17, 17);;(22, 18);1;2337
6;0.25;MoveWest;(17, 17);;(22, 18);1;2338
6;0.25;MoveWest;(17, 17);;(22, 18);1;2339
6;0.25;MoveWest;(17, 17);;(22, 18);1;2340
6;0.25;MoveWest;(17, 17);;(22, 18);1;2341
6;0.25;MoveWest;(17, 17);;(22, 18);1;2342
6;0.25;MoveWest;(17, 17);;(22, 18);1;2343
6;0.25;MoveWest;(17, 17);;(22, 18);1;2344
6;0.25;MoveWest;(17, 17);;(22, 18);1;2345
6;0.25;MoveWest;(16, 17);;(22, 18);1;2346
6;0.25;MoveWest;(16, 17);;(22, 18);1;2347
6;0.25;MoveWest;(16, 17);;(22, 18);1;2348
6;0.25;MoveWest;(16, 17);;(22, 18);1;2349
6;0.25;MoveWest;(16, 17);;(22, 18);1;2350
6;0.25;MoveWest;(16, 17);;(22, 18);1;2351
6;0.25;MoveWest;(16, 17);;(22, 18);1;2352
6;0.25;MoveWest;(16, 17);;(22, 18);1;2353
6;0.25;MoveWest;(16, 17);;(22, 18);1;2354
6;0.25;MoveWest;(16, 17);;(22, 18);1;2355
6;0.25;MoveWest;(16, 17);;(22, 18);1;2356
6;0.25;MoveWest;(16, 17);;(22, 18);1;2357
6;0.25;MoveWest;(16, 17);;(22, 18);1;2358
6;0.25;MoveWest;(16, 17);;(22, 18);1;2359
6;0.25;MoveWest;(15, 17);;(22, 18);1;2360
6;0.25;MoveWest;(15, 17);MoveWest;(21, 18);1;2361
6;0.25;MoveWest;(15, 17);;(21, 18);1;2362
6;0.25;MoveWest;(15, 17);MoveWest;(20, 18);1;2363
6;0.25;MoveWest;(15, 17);;(20, 18);1;2364
6;0.25;MoveWest;(15, 17);MoveWest;(20, 18);1;2365
6;0.25;MoveWest;(15, 17);MoveWest;(20, 18);1;2366
6;0.25;MoveWest;(15, 17);MoveWest;(20, 18);1;2367
6;0.25;MoveWest;(15, 17);MoveWest;(20, 18);1;2368
6;0.25;MoveWest;(14, 17);MoveWest;(20, 18);1;2369
6;0.25;MoveWest;(14, 17);MoveWest;(19, 18);1;2370
6;0.25;MoveWest;(14, 17);MoveWest;(18, 18);1;2371
6;0.25;MoveWest;(14, 17);;(18, 18);1;2372
6;0.25;MoveWest;(14, 17);;(18, 18);1;2373
6;0.25;MoveWest;(14, 17);;(18, 18);1;2374
6;0.25;MoveWest;(14, 17);;(18, 18);1;2375
6;0.25;MoveWest;(14, 17);;(18, 18);1;2376
6;0.25;MoveWest;(14, 17);MoveWest;(17, 18);1;2377
6;0.25;MoveWest;(14, 17);;(17, 18);1;2378
6;0.25;MoveWest;(14, 17);;(17, 18);1;2379
6;0.25;MoveWest;(14, 17);;(17, 18);1;2380
6;0.25;MoveWest;(14, 17);;(17, 18);1;2381
6;0.25;MoveWest;(14, 17);;(17, 18);1;2382
6;0.25;MoveWest;(13, 17);MoveNorth;(17, 17);1;2383
6;0.25;MoveWest;(13, 17);;(17, 17);1;2384
6;0.25;MoveWest;(13, 17);;(17, 17);1;2385
6;0.25;MoveWest;(13, 17);MoveWest;(17, 17);1;2386
6;0.25;MoveWest;(13, 17);MoveWest;(17, 17);1;2387
6;0.25;MoveWest;(13, 17);MoveWest;(17, 17);1;2388
6;0.25;MoveWest;(13, 17);MoveWest;(17, 17);1;2389
6;0.25;MoveWest;(13, 17);MoveWest;(17, 17);1;2390
6;0.25;MoveWest;(13, 17);MoveWest;(16, 17);1;2391
6;0.25;MoveWest;(12, 17);MoveWest;(16, 17);1;2392
6;0.25;MoveWest;(12, 17);MoveWest;(16, 17);1;2393
6;0.25;MoveWest;(12, 17);MoveWest;(16, 17);1;2394
6;0.25;MoveWest;(12, 17);MoveWest;(16, 17);1;2395
6;0.25;MoveWest;(12, 17);MoveWest;(16, 17);1;2396
6;0.25;MoveWest;(12, 17);MoveWest;(15, 17);1;2397
6;0.25;MoveWest;(12, 17);MoveWest;(14, 17);1;2398
6;0.25;MoveWest;(12, 17);MoveWest;(14, 17);1;2399
6;0.25;MoveWest;(12, 17);MoveWest;(14, 17);1;2400
6;0.25;MoveWest;(11, 17);MoveWest;(14, 17);1;2401
6;0.25;MoveWest;(11, 17);MoveWest;(14, 17);1;2402
6;0.25;MoveWest;(11, 17);MoveWest;(14, 17);1;2403
6;0.25;MoveWest;(11, 17);MoveWest;(13, 17);1;2404
6;0.25;MoveWest;(11, 17);MoveWest;(12, 17);1;2405
6;0.25;MoveWest;(11, 17);MoveWest;(11, 17);1;2406
6;0.25;MoveWest;(11, 17);;(11, 17);1;2407
6;0.25;MoveWest;(11, 17);MoveWest;(10, 17);1;2408
6;0.25;MoveWest;(11, 17);;(10, 17);1;2409
6;0.25;MoveWest;(10, 17);MoveWest;(9, 17);1;2410
6;0.25;MoveWest;(10, 17);;(9, 17);1;2411
6;0.25;MoveWest;(10, 17);;(9, 17);1;2412
6;0.25;MoveWest;(10, 17);;(9, 17);1;2413
6;0.25;MoveWest;(10, 17);;(9, 17);1;2414
6;0.25;MoveWest;(10, 17);;(9, 17);1;2415
6;0.25;MoveWest;(10, 17);MoveSouth;(9, 18);1;2416
6;0.25;MoveWest;(10, 17);;(9, 18);1;2417
6;0.25;MoveWest;(10, 17);;(9, 18);1;2418
6;0.25;MoveWest;(9, 17);;(9, 18);1;2419
6;0.25;MoveWest;(9, 17);MoveWest;(8, 18);1;2420
6;0.25;MoveWest;(9, 17);;(8, 18);1;2421
6;0.25;MoveWest;(9, 17);MoveWest;(7, 18);1;2422
6;0.25;MoveWest;(9, 17);;(7, 18);1;2423
6;0.25;MoveWest;(9, 17);MoveWest;(6, 18);1;2424
6;0.25;MoveWest;(9, 17);MoveWest;(5, 18);1;2425
6;0.25;MoveWest;(9, 17);;(5, 18);1;2426
6;0.25;MoveWest;(9, 17);MoveWest;(4, 18);1;2427
6;0.25;MoveWest;(8, 17);MoveWest;(3, 18);1;2428
6;0.25;MoveWest;(8, 17);MoveWest;(2, 18);1;2429
6;0.25;MoveWest;(8, 17);;(2, 18);1;2430
6;0.25;MoveWest;(8, 17);;(2, 18);1;2431
6;0.25;MoveWest;(8, 17);MoveNorth;(2, 17);1;2432
6;0.25;MoveWest;(8, 17);;(2, 17);1;2433
6;0.25;MoveWest;(8, 17);;(2, 17);1;2434
6;0.25;MoveWest;(8, 17);;(2, 17);1;2435
6;0.25;MoveWest;(8, 17);;(2, 17);1;2436
6;0.25;MoveWest;(8, 17);;(2, 17);1;2437
6;0.25;MoveWest;(8, 17);MoveEast;(2, 17);1;2438
6;0.25;MoveWest;(8, 17);MoveEast;(2, 17);1;2439
6;0.25;MoveWest;(8, 17);MoveEast;(2, 17);1;2440
6;0.25;MoveWest;(8, 17);MoveEast;(2, 17);1;2441
6;0.25;MoveWest;(7, 17);MoveEast;(2, 17);1;2442
6;0.25;MoveWest;(7, 17);MoveEast;(3, 17);1;2443
6;0.25;MoveWest;(7, 17);;(3, 17);1;2444
6;0.25;MoveWest;(7, 17);;(3, 17);1;2445
6;0.25;MoveWest;(7, 17);;(3, 17);1;2446
6;0.25;MoveWest;(7, 17);;(3, 17);1;2447
6;0.25;MoveWest;(7, 17);;(3, 17);1;2448
6;0.25;MoveWest;(7, 17);;(3, 17);1;2449
6;0.25;MoveWest;(7, 17);;(3, 17);1;2450
6;0.25;MoveWest;(7, 17);;(3, 17);1;2451
6;0.25;MoveWest;(7, 17);;(3, 17);1;2452
6;0.25;MoveWest;(7, 17);;(3, 17);1;2453
6;0.25;MoveWest;(7, 17);;(3, 17);1;2454
6;0.25;MoveWest;(7, 17);;(3, 17);1;2455
6;0.25;MoveWest;(6, 17);;(3, 17);1;2456
6;0.25;MoveWest;(6, 17);;(3, 17);1;2457
6;0.25;MoveWest;(6, 17);;(3, 17);1;2458
6;0.25;MoveWest;(6, 17);;(3, 17);1;2459
6;0.25;MoveWest;(6, 17);;(3, 17);1;2460
6;0.25;MoveWest;(6, 17);;(3, 17);1;2461
6;0.25;MoveWest;(6, 17);;(3, 17);1;2462
6;0.25;MoveWest;(6, 17);;(3, 17);1;2463
6;0.25;MoveWest;(6, 17);;(3, 17);1;2464
6;0.25;MoveWest;(6, 17);;(3, 17);1;2465
6;0.25;MoveWest;(6, 17);;(3, 17);1;2466
6;0.25;MoveWest;(6, 17);;(3, 17);1;2467
6;0.25;MoveWest;(6, 17);;(3, 17);1;2468
6;0.25;MoveWest;(6, 17);;(3, 17);1;2469
6;0.25;MoveWest;(5, 17);;(3, 17);1;2470
6;0.25;MoveWest;(5, 17);;(3, 17);1;2471
6;0.25;MoveWest;(5, 17);;(3, 17);1;2472
6;0.25;MoveWest;(5, 17);;(3, 17);1;2473
6;0.25;MoveWest;(5, 17);;(3, 17);1;2474
6;0.25;MoveWest;(5, 17);;(3, 17);1;2475
6;0.25;MoveWest;(5, 17);;(3, 17);1;2476
6;0.25;MoveWest;(5, 17);;(3, 17);1;2477
6;0.25;MoveWest;(5, 17);;(3, 17);1;2478
6;0.25;MoveWest;(5, 17);;(3, 17);1;2479
6;0.25;MoveWest;(5, 17);;(3, 17);1;2480
6;0.25;MoveWest;(5, 17);;(3, 17);1;2481
6;0.25;MoveWest;(5, 17);;(3, 17);1;2482
6;0.25;MoveWest;(5, 17);;(3, 17);1;2483
6;0.25;MoveWest;(4, 17);;(3, 17);1;2484
6;0.25;MoveWest;(4, 17);;(3, 17);1;2485
6;0.25;MoveWest;(4, 17);;(3, 17);1;2486
6;0.25;MoveWest;(4, 17);;(3, 17);1;2487
6;0.25;MoveWest;(4, 17);;(3, 17);1;2488
6;0.25;MoveWest;(4, 17);;(3, 17);1;2489
6;0.25;MoveWest;(4, 17);;(3, 17);1;2490
6;0.25;MoveWest;(4, 17);;(3, 17);1;2491
6;0.25;MoveWest;(4, 17);;(3, 17);1;2492
6;0.25;MoveWest;(4, 17);;(3, 17);1;2493
6;0.25;MoveWest;(4, 17);;(3, 17);1;2494
6;0.25;MoveWest;(4, 17);;(3, 17);1;2495
6;0.25;MoveWest;(4, 17);;(3, 17);1;2496
6;0.25;MoveWest;(4, 17);;(3, 17);1;2497
6;0.25;MoveWest;(3, 17);;(3, 17);1;2498
6;0.25;;(3, 17);;(3, 17);1;2499
6;0.25;;(3, 17);;(3, 17);1;2500
6;0.25;;(3, 17);;(3, 17);1;2501
6;0.25;;(3, 17);;(3, 17);1;2502
6;0.25;;(3, 17);;(3, 17);1;2503
6;0.25;;(3, 17);;(3, 17);1;2504
6;0.25;;(3, 17);;(3, 17);1;2505
6;0.25;;(3, 17);;(3, 17);1;2506
6;0.25;;(3, 17);;(3, 17);1;2507
6;0.25;;(3, 17);;(3, 17);1;2508
6;0.25;;(3, 17);;(3, 17);1;2509
6;0.25;;(3, 17);;(3, 17);1;2510
6;0.25;;(3, 17);;(3, 17);1;2511
6;0.25;;(3, 17);;(3, 17);1;2512
6;0.25;;(3, 17);;(3, 17);1;2513
6;0.25;;(3, 17);;(3, 17);1;2514
6;0.25;;(3, 17);;(3, 17);1;2515
6;0.25;;(3, 17);;(3, 17);1;2516
6;0.25;;(3, 17);;(3, 17);1;2517
6;0.25;;(3, 17);;(3, 17);1;2518
6;0.25;;(3, 17);;(3, 17);1;2519
6;0.25;;(3, 17);;(3, 17);1;2520
6;0.25;;(3, 17);;(3, 17);1;2521
6;0.25;;(3, 17);RemoveObjectTogether;(3, 17);1;2522
6;0.25;;(3, 17);RemoveObjectTogether;(3, 17);1;2523
6;0.25;;(3, 17);RemoveObjectTogether;(3, 17);1;2524
6;0.25;;(3, 17);RemoveObjectTogether;(3, 17);1;2525
6;0.25;;(3, 17);RemoveObjectTogether;(3, 17);1;2526
6;0.25;;(3, 17);RemoveObjectTogether;(3, 17);1;2527
6;0.25;;(3, 17);RemoveObjectTogether;(3, 17);1;2528
6;0.25;;(3, 17);RemoveObjectTogether;(3, 17);1;2529
6;0.25;;(3, 17);RemoveObjectTogether;(3, 17);1;2530
6;0.25;;(3, 17);RemoveObjectTogether;(3, 17);1;2531
6;0.25;;(3, 17);RemoveObjectTogether;(3, 17);1;2532
6;0.25;;(3, 17);RemoveObjectTogether;(3, 17);1;2533
6;0.25;;(3, 17);RemoveObjectTogether;(3, 17);1;2534
6;0.25;;(3, 17);RemoveObjectTogether;(3, 17);1;2535
6;0.25;;(3, 17);RemoveObjectTogether;(3, 17);1;2536
6;0.25;;(3, 17);RemoveObjectTogether;(3, 17);1;2537
6;0.25;;(3, 17);RemoveObjectTogether;(3, 17);1;2538
6;0.25;;(3, 17);RemoveObjectTogether;(3, 17);1;2539
6;0.25;;(3, 17);RemoveObjectTogether;(3, 17);1;2540
6;0.25;;(3, 17);RemoveObjectTogether;(3, 17);1;2541
6;0.25;;(3, 17);RemoveObjectTogether;(3, 17);1;2542
6;0.25;;(3, 17);RemoveObjectTogether;(3, 17);1;2543
6;0.25;;(3, 17);RemoveObjectTogether;(3, 17);1;2544
6;0.25;;(3, 17);RemoveObjectTogether;(3, 17);1;2545
6;0.25;;(3, 17);RemoveObjectTogether;(3, 17);1;2546
6;0.25;;(3, 17);RemoveObjectTogether;(3, 17);1;2547
6;0.25;;(3, 17);RemoveObjectTogether;(3, 17);1;2548
6;0.25;;(3, 17);RemoveObjectTogether;(3, 17);1;2549
6;0.25;;(3, 17);RemoveObjectTogether;(3, 17);1;2550
6;0.25;;(3, 17);RemoveObjectTogether;(3, 17);1;2551
6;0.25;;(3, 17);RemoveObjectTogether;(3, 17);1;2552
6;0.25;;(3, 17);RemoveObjectTogether;(3, 17);1;2553
6;0.25;;(3, 17);RemoveObjectTogether;(3, 17);1;2554
6;0.25;;(3, 17);RemoveObjectTogether;(3, 17);1;2555
6;0.25;;(3, 17);RemoveObjectTogether;(3, 17);1;2556
6;0.25;;(3, 17);RemoveObjectTogether;(3, 17);1;2557
6;0.25;;(3, 17);RemoveObjectTogether;(3, 17);1;2558
6;0.25;;(3, 17);RemoveObjectTogether;(3, 17);1;2559
6;0.25;;(3, 17);RemoveObjectTogether;(3, 17);1;2560
6;0.25;;(3, 17);RemoveObjectTogether;(3, 17);1;2561
6;0.25;;(3, 17);RemoveObjectTogether;(3, 17);1;2562
6;0.25;;(3, 17);RemoveObjectTogether;(3, 17);1;2563
6;0.25;;(3, 17);RemoveObjectTogether;(3, 17);1;2564
6;0.25;;(3, 17);RemoveObjectTogether;(3, 17);1;2565
6;0.25;;(3, 17);RemoveObjectTogether;(3, 17);1;2566
6;0.25;;(3, 17);RemoveObjectTogether;(3, 17);1;2567
6;0.25;;(3, 17);RemoveObjectTogether;(3, 17);1;2568
6;0.25;;(3, 17);RemoveObjectTogether;(3, 17);1;2569
6;0.25;;(3, 17);RemoveObjectTogether;(3, 17);1;2570
6;0.25;;(3, 17);RemoveObjectTogether;(3, 17);1;2571
6;0.25;;(3, 17);RemoveObjectTogether;(3, 17);1;2572
6;0.25;MoveNorth;(3, 17);;(3, 17);1;2573
6;0.25;MoveNorth;(3, 17);;(3, 17);1;2574
6;0.25;MoveNorth;(3, 17);;(3, 17);1;2575
6;0.25;MoveNorth;(3, 17);;(3, 17);1;2576
6;0.25;MoveNorth;(3, 17);;(3, 17);1;2577
6;0.25;MoveNorth;(3, 17);;(3, 17);1;2578
6;0.25;MoveNorth;(3, 17);;(3, 17);1;2579
6;0.25;MoveNorth;(3, 17);;(3, 17);1;2580
6;0.25;MoveNorth;(3, 16);;(3, 17);1;2581
6;0.25;MoveNorthWest;(3, 16);;(3, 17);1;2582
6;0.25;MoveNorthWest;(3, 16);;(3, 17);1;2583
6;0.25;MoveNorthWest;(3, 16);;(3, 17);1;2584
6;0.25;MoveNorthWest;(3, 16);;(3, 17);1;2585
6;0.25;MoveNorthWest;(3, 16);;(3, 17);1;2586
6;0.25;MoveNorthWest;(3, 16);;(3, 17);1;2587
6;0.25;MoveNorthWest;(3, 16);;(3, 17);1;2588
6;0.25;MoveNorthWest;(3, 16);;(3, 17);1;2589
6;0.25;MoveNorthWest;(2, 15);;(3, 17);1;2590
6;0.25;MoveNorth;(2, 15);;(3, 17);1;2591
6;0.25;MoveNorth;(2, 15);;(3, 17);1;2592
6;0.25;MoveNorth;(2, 15);;(3, 17);1;2593
6;0.25;MoveNorth;(2, 15);;(3, 17);1;2594
6;0.25;MoveNorth;(2, 15);;(3, 17);1;2595
6;0.25;MoveNorth;(2, 15);;(3, 17);1;2596
6;0.25;MoveNorth;(2, 15);;(3, 17);1;2597
6;0.25;MoveNorth;(2, 15);;(3, 17);1;2598
6;0.25;MoveNorth;(2, 14);;(3, 17);1;2599
6;0.25;MoveSouthEast;(2, 14);;(3, 17);1;2600
6;0.25;MoveSouthEast;(2, 14);;(3, 17);1;2601
6;0.25;MoveSouthEast;(2, 14);;(3, 17);1;2602
6;0.25;MoveSouthEast;(2, 14);;(3, 17);1;2603
6;0.25;MoveSouthEast;(2, 14);;(3, 17);1;2604
6;0.25;MoveSouthEast;(2, 14);;(3, 17);1;2605
6;0.25;MoveSouthEast;(2, 14);;(3, 17);1;2606
6;0.25;MoveSouthEast;(2, 14);;(3, 17);1;2607
6;0.25;MoveSouthEast;(3, 15);;(3, 17);1;2608
6;0.25;MoveNorthEast;(3, 15);;(3, 17);1;2609
6;0.25;MoveNorthEast;(3, 15);;(3, 17);1;2610
6;0.25;MoveNorthEast;(3, 15);;(3, 17);1;2611
6;0.25;MoveNorthEast;(3, 15);;(3, 17);1;2612
6;0.25;MoveNorthEast;(3, 15);;(3, 17);1;2613
6;0.25;MoveNorthEast;(3, 15);;(3, 17);1;2614
6;0.25;MoveNorthEast;(3, 15);;(3, 17);1;2615
6;0.25;MoveNorthEast;(3, 15);;(3, 17);1;2616
6;0.25;MoveNorthEast;(4, 14);;(3, 17);1;2617
6;0.25;;(4, 14);;(3, 17);1;2618
6;0.25;;(4, 14);;(3, 17);1;2619
6;0.25;;(4, 14);;(3, 17);1;2620
6;0.25;;(4, 14);;(3, 17);1;2621
6;0.25;;(4, 14);;(3, 17);1;2622
6;0.25;;(4, 14);;(3, 17);1;2623
6;0.25;;(4, 14);;(3, 17);1;2624
6;0.25;;(4, 14);;(3, 17);1;2625
6;0.25;;(4, 14);;(3, 17);1;2626
6;0.25;;(4, 14);;(3, 17);1;2627
6;0.25;;(4, 14);;(3, 17);1;2628
6;0.25;;(4, 14);;(3, 17);1;2629
6;0.25;;(4, 14);;(3, 17);1;2630
6;0.25;;(4, 14);;(3, 17);1;2631
6;0.25;;(4, 14);;(3, 17);1;2632
6;0.25;;(4, 14);;(3, 17);1;2633
6;0.25;;(4, 14);;(3, 17);1;2634
6;0.25;;(4, 14);;(3, 17);1;2635
6;0.25;;(4, 14);;(3, 17);1;2636
6;0.25;;(4, 14);;(3, 17);1;2637
6;0.25;;(4, 14);;(3, 17);1;2638
6;0.25;;(4, 14);;(3, 17);1;2639
6;0.25;;(4, 14);;(3, 17);1;2640
6;0.25;;(4, 14);;(3, 17);1;2641
6;0.25;;(4, 14);;(3, 17);1;2642
6;0.25;;(4, 14);;(3, 17);1;2643
6;0.25;;(4, 14);;(3, 17);1;2644
6;0.25;;(4, 14);;(3, 17);1;2645
6;0.25;;(4, 14);;(3, 17);1;2646
6;0.25;;(4, 14);;(3, 17);1;2647
6;0.25;;(4, 14);;(3, 17);1;2648
6;0.25;;(4, 14);;(3, 17);1;2649
6;0.25;;(4, 14);;(3, 17);1;2650
6;0.25;;(4, 14);;(3, 17);1;2651
6;0.25;;(4, 14);;(3, 17);1;2652
6;0.25;;(4, 14);;(3, 17);1;2653
6;0.25;;(4, 14);;(3, 17);1;2654
6;0.25;;(4, 14);;(3, 17);1;2655
6;0.25;;(4, 14);;(3, 17);1;2656
6;0.25;;(4, 14);;(3, 17);1;2657
6;0.25;;(4, 14);;(3, 17);1;2658
6;0.25;;(4, 14);;(3, 17);1;2659
6;0.25;;(4, 14);;(3, 17);1;2660
6;0.25;;(4, 14);;(3, 17);1;2661
6;0.25;;(4, 14);;(3, 17);1;2662
6;0.25;;(4, 14);;(3, 17);1;2663
6;0.25;;(4, 14);;(3, 17);1;2664
6;0.25;;(4, 14);;(3, 17);1;2665
6;0.25;;(4, 14);;(3, 17);1;2666
6;0.25;;(4, 14);;(3, 17);1;2667
6;0.25;Idle;(4, 14);;(3, 17);1;2668
6;0.25;Idle;(4, 14);;(3, 17);1;2669
6;0.25;Idle;(4, 14);;(3, 17);1;2670
6;0.25;Idle;(4, 14);;(3, 17);1;2671
6;0.25;Idle;(4, 14);;(3, 17);1;2672
6;0.25;Idle;(4, 14);;(3, 17);1;2673
6;0.25;Idle;(4, 14);;(3, 17);1;2674
6;0.25;Idle;(4, 14);;(3, 17);1;2675
6;0.25;Idle;(4, 14);;(3, 17);1;2676
6;0.25;Idle;(4, 14);;(3, 17);1;2677
6;0.25;Idle;(4, 14);;(3, 17);1;2678
6;0.25;Idle;(4, 14);;(3, 17);1;2679
6;0.25;Idle;(4, 14);;(3, 17);1;2680
6;0.25;Idle;(4, 14);;(3, 17);1;2681
6;0.25;Idle;(4, 14);;(3, 17);1;2682
6;0.25;Idle;(4, 14);;(3, 17);1;2683
6;0.25;Idle;(4, 14);;(3, 17);1;2684
6;0.25;Idle;(4, 14);;(3, 17);1;2685
6;0.25;Idle;(4, 14);;(3, 17);1;2686
6;0.25;Idle;(4, 14);;(3, 17);1;2687
6;0.25;Idle;(4, 14);;(3, 17);1;2688
6;0.25;Idle;(4, 14);;(3, 17);1;2689
6;0.25;Idle;(4, 14);;(3, 17);1;2690
6;0.25;Idle;(4, 14);;(3, 17);1;2691
6;0.25;Idle;(4, 14);;(3, 17);1;2692
6;0.25;Idle;(4, 14);;(3, 17);1;2693
6;0.25;MoveSouth;(4, 14);;(3, 17);1;2694
6;0.25;MoveSouth;(4, 14);;(3, 17);1;2695
6;0.25;MoveSouth;(4, 14);;(3, 17);1;2696
6;0.25;MoveSouth;(4, 14);;(3, 17);1;2697
6;0.25;MoveSouth;(4, 14);;(3, 17);1;2698
6;0.25;MoveSouth;(4, 14);;(3, 17);1;2699
6;0.25;MoveSouth;(4, 14);;(3, 17);1;2700
6;0.25;MoveSouth;(4, 14);;(3, 17);1;2701
6;0.25;MoveSouth;(4, 15);MoveSouth;(3, 18);1;2702
6;0.25;;(4, 15);;(3, 18);1;2703
6;0.25;;(4, 15);;(3, 18);1;2704
6;0.25;;(4, 15);MoveEast;(4, 18);1;2705
6;0.25;;(4, 15);;(4, 18);1;2706
6;0.25;;(4, 15);MoveEast;(5, 18);1;2707
6;0.25;;(4, 15);;(5, 18);1;2708
6;0.25;;(4, 15);MoveEast;(6, 18);1;2709
6;0.25;;(4, 15);MoveEast;(7, 18);1;2710
6;0.25;;(4, 15);;(7, 18);1;2711
6;0.25;;(4, 15);MoveEast;(8, 18);1;2712
6;0.25;;(4, 15);MoveEast;(9, 18);1;2713
6;0.25;;(4, 15);;(9, 18);1;2714
6;0.25;;(4, 15);;(9, 18);1;2715
6;0.25;;(4, 15);;(9, 18);1;2716
6;0.25;;(4, 15);MoveEast;(10, 18);1;2717
6;0.25;;(4, 15);;(10, 18);1;2718
6;0.25;;(4, 15);;(10, 18);1;2719
6;0.25;;(4, 15);;(10, 18);1;2720
6;0.25;;(4, 15);MoveEast;(10, 18);1;2721
6;0.25;;(4, 15);MoveEast;(10, 18);1;2722
6;0.25;;(4, 15);MoveEast;(10, 18);1;2723
6;0.25;;(4, 15);MoveEast;(10, 18);1;2724
6;0.25;;(4, 15);MoveEast;(10, 18);1;2725
6;0.25;;(4, 15);MoveEast;(11, 18);1;2726
6;0.25;;(4, 15);MoveEast;(11, 18);1;2727
6;0.25;;(4, 15);MoveEast;(11, 18);1;2728
6;0.25;;(4, 15);MoveEast;(11, 18);1;2729
6;0.25;;(4, 15);MoveEast;(11, 18);1;2730
6;0.25;;(4, 15);MoveEast;(11, 18);1;2731
6;0.25;;(4, 15);MoveEast;(12, 18);1;2732
6;0.25;;(4, 15);MoveNorth;(12, 18);1;2733
6;0.25;;(4, 15);MoveNorth;(12, 18);1;2734
6;0.25;;(4, 15);MoveNorth;(12, 18);1;2735
6;0.25;;(4, 15);MoveNorth;(12, 18);1;2736
6;0.25;;(4, 15);MoveNorth;(12, 18);1;2737
6;0.25;;(4, 15);MoveNorth;(12, 17);1;2738
6;0.25;;(4, 15);MoveNorth;(12, 16);1;2739
6;0.25;;(4, 15);;(12, 16);1;2740
6;0.25;;(4, 15);MoveNorth;(12, 15);1;2741
6;0.25;;(4, 15);MoveNorth;(12, 14);1;2742
6;0.25;;(4, 15);;(12, 14);1;2743
6;0.25;;(4, 15);MoveNorth;(12, 13);1;2744
6;0.25;;(4, 15);;(12, 13);1;2745
6;0.25;;(4, 15);MoveNorth;(12, 12);1;2746
6;0.25;;(4, 15);;(12, 12);1;2747
6;0.25;;(4, 15);;(12, 12);1;2748
6;0.25;;(4, 15);;(12, 12);1;2749
6;0.25;;(4, 15);;(12, 12);1;2750
6;0.25;;(4, 15);MoveWest;(11, 12);1;2751
6;0.25;;(4, 15);;(11, 12);1;2752
6;0.25;;(4, 15);MoveWest;(11, 12);1;2753
6;0.25;;(4, 15);MoveWest;(11, 12);1;2754
6;0.25;;(4, 15);MoveWest;(11, 12);1;2755
6;0.25;;(4, 15);MoveWest;(11, 12);1;2756
6;0.25;;(4, 15);MoveWest;(11, 12);1;2757
6;0.25;;(4, 15);MoveWest;(10, 12);1;2758
6;0.25;;(4, 15);MoveNorth;(10, 12);1;2759
6;0.25;;(4, 15);MoveNorth;(10, 12);1;2760
6;0.25;;(4, 15);MoveNorth;(10, 12);1;2761
6;0.25;;(4, 15);MoveNorth;(10, 12);1;2762
6;0.25;;(4, 15);MoveNorth;(10, 12);1;2763
6;0.25;;(4, 15);MoveNorth;(10, 11);1;2764
6;0.25;;(4, 15);MoveWest;(9, 11);1;2765
6;0.25;;(4, 15);;(9, 11);1;2766
6;0.25;;(4, 15);;(9, 11);1;2767
6;0.25;;(4, 15);;(9, 11);1;2768
6;0.25;;(4, 15);MoveWest;(8, 11);1;2769
6;0.25;;(4, 15);;(8, 11);1;2770
6;0.25;;(4, 15);MoveWest;(7, 11);1;2771
6;0.25;;(4, 15);;(7, 11);1;2772
6;0.25;;(4, 15);MoveWest;(6, 11);1;2773
6;0.25;;(4, 15);MoveWest;(5, 11);1;2774
6;0.25;;(4, 15);;(5, 11);1;2775
6;0.25;;(4, 15);;(5, 11);1;2776
6;0.25;;(4, 15);MoveNorth;(5, 11);1;2777
6;0.25;;(4, 15);;(5, 11);1;2778
6;0.25;;(4, 15);;(5, 11);1;2779
6;0.25;;(4, 15);MoveEast;(6, 11);1;2780
6;0.25;;(4, 15);;(6, 11);1;2781
6;0.25;;(4, 15);MoveNorth;(6, 10);1;2782
6;0.25;;(4, 15);;(6, 10);1;2783
6;0.25;;(4, 15);MoveNorth;(6, 9);1;2784
6;0.25;;(4, 15);;(6, 9);1;2785
6;0.25;;(4, 15);MoveNorth;(6, 8);1;2786
6;0.25;;(4, 15);MoveNorth;(6, 7);1;2787
6;0.25;;(4, 15);;(6, 7);1;2788
6;0.25;;(4, 15);MoveNorth;(6, 6);1;2789
6;0.25;;(4, 15);MoveNorth;(6, 5);1;2790
6;0.25;;(4, 15);;(6, 5);1;2791
6;0.25;;(4, 15);;(6, 5);1;2792
6;0.25;;(4, 15);MoveWest;(6, 5);1;2793
6;0.25;;(4, 15);MoveWest;(6, 5);1;2794
6;0.25;;(4, 15);MoveWest;(6, 5);1;2795
6;0.25;;(4, 15);MoveWest;(6, 5);1;2796
6;0.25;;(4, 15);MoveWest;(6, 5);1;2797
6;0.25;;(4, 15);MoveWest;(5, 5);1;2798
6;0.25;;(4, 15);MoveWest;(4, 5);1;2799
6;0.25;;(4, 15);;(4, 5);1;2800
6;0.25;;(4, 15);MoveWest;(3, 5);1;2801
6;0.25;;(4, 15);;(3, 5);1;2802
6;0.25;;(4, 15);;(3, 5);1;2803
6;0.25;;(4, 15);;(3, 5);1;2804
6;0.25;;(4, 15);;(3, 5);1;2805
6;0.25;;(4, 15);;(3, 5);1;2806
6;0.25;;(4, 15);MoveSouth;(3, 6);1;2807
6;0.25;;(4, 15);;(3, 6);1;2808
6;0.25;;(4, 15);MoveSouth;(3, 7);1;2809
6;0.25;;(4, 15);;(3, 7);1;2810
6;0.25;;(4, 15);MoveSouth;(3, 8);1;2811
6;0.25;;(4, 15);;(3, 8);1;2812
6;0.25;;(4, 15);;(3, 8);1;2813
6;0.25;;(4, 15);;(3, 8);1;2814
6;0.25;;(4, 15);;(3, 8);1;2815
6;0.25;;(4, 15);;(3, 8);1;2816
6;0.25;;(4, 15);;(3, 8);1;2817
6;0.25;;(4, 15);;(3, 8);1;2818
6;0.25;;(4, 15);;(3, 8);1;2819
6;0.25;;(4, 15);;(3, 8);1;2820
6;0.25;;(4, 15);;(3, 8);1;2821
6;0.25;;(4, 15);;(3, 8);1;2822
6;0.25;;(4, 15);;(3, 8);1;2823
6;0.25;;(4, 15);;(3, 8);1;2824
6;0.25;;(4, 15);;(3, 8);1;2825
6;0.25;;(4, 15);;(3, 8);1;2826
6;0.25;;(4, 15);;(3, 8);1;2827
6;0.25;;(4, 15);;(3, 8);1;2828
6;0.25;;(4, 15);;(3, 8);1;2829
6;0.25;;(4, 15);;(3, 8);1;2830
6;0.25;;(4, 15);;(3, 8);1;2831
6;0.25;;(4, 15);;(3, 8);1;2832
6;0.25;;(4, 15);;(3, 8);1;2833
6;0.25;;(4, 15);;(3, 8);1;2834
6;0.25;;(4, 15);;(3, 8);1;2835
6;0.25;;(4, 15);;(3, 8);1;2836
6;0.25;;(4, 15);;(3, 8);1;2837
6;0.25;;(4, 15);;(3, 8);1;2838
6;0.25;;(4, 15);;(3, 8);1;2839
6;0.25;;(4, 15);;(3, 8);1;2840
6;0.25;;(4, 15);;(3, 8);1;2841
6;0.25;;(4, 15);;(3, 8);1;2842
6;0.25;;(4, 15);;(3, 8);1;2843
6;0.25;;(4, 15);;(3, 8);1;2844
6;0.25;;(4, 15);;(3, 8);1;2845
6;0.25;;(4, 15);;(3, 8);1;2846
6;0.25;;(4, 15);;(3, 8);1;2847
6;0.25;;(4, 15);;(3, 8);1;2848
6;0.25;;(4, 15);;(3, 8);1;2849
6;0.25;;(4, 15);;(3, 8);1;2850
6;0.25;;(4, 15);;(3, 8);1;2851
6;0.25;;(4, 15);;(3, 8);1;2852
6;0.25;;(4, 15);;(3, 8);1;2853
6;0.25;;(4, 15);;(3, 8);1;2854
6;0.25;;(4, 15);;(3, 8);1;2855
6;0.25;;(4, 15);;(3, 8);1;2856
6;0.25;;(4, 15);;(3, 8);1;2857
6;0.25;;(4, 15);;(3, 8);1;2858
6;0.25;;(4, 15);;(3, 8);1;2859
6;0.25;;(4, 15);;(3, 8);1;2860
6;0.25;;(4, 15);;(3, 8);1;2861
6;0.25;;(4, 15);;(3, 8);1;2862
6;0.25;;(4, 15);;(3, 8);1;2863
6;0.25;;(4, 15);;(3, 8);1;2864
6;0.25;;(4, 15);;(3, 8);1;2865
6;0.25;;(4, 15);MoveSouth;(3, 9);1;2866
6;0.25;;(4, 15);;(3, 9);1;2867
6;0.25;;(4, 15);MoveSouth;(3, 9);1;2868
6;0.25;;(4, 15);;(3, 9);1;2869
6;0.25;;(4, 15);;(3, 9);1;2870
6;0.25;;(4, 15);;(3, 9);1;2871
6;0.25;;(4, 15);;(3, 9);1;2872
6;0.25;;(4, 15);;(3, 9);1;2873
6;0.25;;(4, 15);;(3, 9);1;2874
6;0.25;;(4, 15);MoveEast;(4, 9);1;2875
6;0.25;;(4, 15);;(4, 9);1;2876
6;0.25;;(4, 15);MoveNorth;(4, 8);1;2877
6;0.25;;(4, 15);;(4, 8);1;2878
6;0.25;;(4, 15);;(4, 8);1;2879
6;0.25;;(4, 15);;(4, 8);1;2880
6;0.25;;(4, 15);MoveNorth;(4, 8);1;2881
6;0.25;;(4, 15);MoveWest;(3, 8);1;2882
6;0.25;;(4, 15);;(3, 8);1;2883
6;0.25;;(4, 15);;(3, 8);1;2884
6;0.25;;(4, 15);MoveWest;(2, 8);1;2885
6;0.25;;(4, 15);;(2, 8);1;2886
6;0.25;;(4, 15);;(2, 8);1;2887
6;0.25;;(4, 15);;(2, 8);1;2888
6;0.25;;(4, 15);MoveSouth;(2, 9);1;2889
6;0.25;;(4, 15);;(2, 9);1;2890
6;0.25;;(4, 15);;(2, 9);1;2891
6;0.25;;(4, 15);;(2, 9);1;2892
6;0.25;;(4, 15);MoveEast;(3, 9);1;2893
6;0.25;;(4, 15);;(3, 9);1;2894
6;0.25;;(4, 15);MoveNorth;(3, 8);1;2895
6;0.25;;(4, 15);;(3, 8);1;2896
6;0.25;;(4, 15);;(3, 8);1;2897
6;0.25;;(4, 15);MoveNorth;(3, 7);1;2898
6;0.25;;(4, 15);;(3, 7);1;2899
6;0.25;;(4, 15);MoveNorth;(3, 6);1;2900
6;0.25;;(4, 15);;(3, 6);1;2901
6;0.25;;(4, 15);;(3, 6);1;2902
6;0.25;;(4, 15);;(3, 6);1;2903
6;0.25;;(4, 15);;(3, 6);1;2904
6;0.25;;(4, 15);;(3, 6);1;2905
6;0.25;;(4, 15);;(3, 6);1;2906
6;0.25;;(4, 15);;(3, 6);1;2907
6;0.25;;(4, 15);;(3, 6);1;2908
6;0.25;;(4, 15);MoveNorth;(3, 5);1;2909
6;0.25;;(4, 15);;(3, 5);1;2910
6;0.25;;(4, 15);MoveNorth;(3, 5);1;2911
6;0.25;;(4, 15);;(3, 5);1;2912
6;0.25;;(4, 15);;(3, 5);1;2913
6;0.25;;(4, 15);MoveSouth;(3, 6);1;2914
6;0.25;;(4, 15);;(3, 6);1;2915
6;0.25;;(4, 15);;(3, 6);1;2916
6;0.25;;(4, 15);;(3, 6);1;2917
6;0.25;;(4, 15);MoveEast;(4, 6);1;2918
6;0.25;;(4, 15);;(4, 6);1;2919
6;0.25;;(4, 15);MoveEast;(5, 6);1;2920
6;0.25;;(4, 15);MoveEast;(6, 6);1;2921
6;0.25;;(4, 15);;(6, 6);1;2922
6;0.25;;(4, 15);MoveEast;(7, 6);1;2923
6;0.25;;(4, 15);;(7, 6);1;2924
6;0.25;;(4, 15);MoveEast;(8, 6);1;2925
6;0.25;;(4, 15);;(8, 6);1;2926
6;0.25;;(4, 15);;(8, 6);1;2927
6;0.25;;(4, 15);;(8, 6);1;2928
6;0.25;;(4, 15);;(8, 6);1;2929
6;0.25;;(4, 15);MoveEast;(9, 6);1;2930
6;0.25;;(4, 15);;(9, 6);1;2931
6;0.25;;(4, 15);;(9, 6);1;2932
6;0.25;;(4, 15);;(9, 6);1;2933
6;0.25;;(4, 15);;(9, 6);1;2934
6;0.25;;(4, 15);;(9, 6);1;2935
6;0.25;;(4, 15);;(9, 6);1;2936
6;0.25;;(4, 15);;(9, 6);1;2937
6;0.25;;(4, 15);;(9, 6);1;2938
6;0.25;;(4, 15);;(9, 6);1;2939
6;0.25;;(4, 15);;(9, 6);1;2940
6;0.25;;(4, 15);;(9, 6);1;2941
6;0.25;;(4, 15);;(9, 6);1;2942
6;0.25;;(4, 15);;(9, 6);1;2943
6;0.25;;(4, 15);;(9, 6);1;2944
6;0.25;;(4, 15);;(9, 6);1;2945
6;0.25;;(4, 15);;(9, 6);1;2946
6;0.25;;(4, 15);RemoveObject;(9, 6);1;2947
6;0.25;;(4, 15);RemoveObject;(9, 6);1;2948
6;0.25;;(4, 15);RemoveObject;(9, 6);1;2949
6;0.25;;(4, 15);RemoveObject;(9, 6);1;2950
6;0.25;;(4, 15);RemoveObject;(9, 6);1;2951
6;0.25;;(4, 15);RemoveObject;(9, 6);1;2952
6;0.25;;(4, 15);RemoveObject;(9, 6);1;2953
6;0.25;;(4, 15);RemoveObject;(9, 6);1;2954
6;0.25;;(4, 15);RemoveObject;(9, 6);1;2955
6;0.25;Idle;(4, 15);RemoveObject;(9, 6);1;2956
6;0.25;Idle;(4, 15);RemoveObject;(9, 6);1;2957
6;0.25;Idle;(4, 15);RemoveObject;(9, 6);1;2958
6;0.25;Idle;(4, 15);RemoveObject;(9, 6);1;2959
6;0.25;Idle;(4, 15);RemoveObject;(9, 6);1;2960
6;0.25;Idle;(4, 15);RemoveObject;(9, 6);1;2961
6;0.25;Idle;(4, 15);RemoveObject;(9, 6);1;2962
6;0.25;Idle;(4, 15);RemoveObject;(9, 6);1;2963
6;0.25;Idle;(4, 15);RemoveObject;(9, 6);1;2964
6;0.25;Idle;(4, 15);RemoveObject;(9, 6);1;2965
6;0.25;Idle;(4, 15);RemoveObject;(9, 6);1;2966
6;0.25;Idle;(4, 15);RemoveObject;(9, 6);1;2967
6;0.25;Idle;(4, 15);RemoveObject;(9, 6);1;2968
6;0.25;Idle;(4, 15);RemoveObject;(9, 6);1;2969
6;0.25;Idle;(4, 15);RemoveObject;(9, 6);1;2970
6;0.25;Idle;(4, 15);RemoveObject;(9, 6);1;2971
6;0.25;Idle;(4, 15);RemoveObject;(9, 6);1;2972
6;0.25;Idle;(4, 15);RemoveObject;(9, 6);1;2973
6;0.25;Idle;(4, 15);RemoveObject;(9, 6);1;2974
6;0.25;Idle;(4, 15);RemoveObject;(9, 6);1;2975
6;0.25;Idle;(4, 15);RemoveObject;(9, 6);1;2976
6;0.25;Idle;(4, 15);RemoveObject;(9, 6);1;2977
6;0.25;Idle;(4, 15);RemoveObject;(9, 6);1;2978
6;0.25;Idle;(4, 15);RemoveObject;(9, 6);1;2979
6;0.25;Idle;(4, 15);RemoveObject;(9, 6);1;2980
6;0.25;Idle;(4, 15);RemoveObject;(9, 6);1;2981
6;0.25;Idle;(4, 15);RemoveObject;(9, 6);1;2982
6;0.25;Idle;(4, 15);RemoveObject;(9, 6);1;2983
6;0.25;Idle;(4, 15);RemoveObject;(9, 6);1;2984
6;0.25;Idle;(4, 15);RemoveObject;(9, 6);1;2985
6;0.25;Idle;(4, 15);RemoveObject;(9, 6);1;2986
6;0.25;Idle;(4, 15);RemoveObject;(9, 6);1;2987
6;0.25;Idle;(4, 15);RemoveObject;(9, 6);1;2988
6;0.25;Idle;(4, 15);RemoveObject;(9, 6);1;2989
6;0.25;Idle;(4, 15);RemoveObject;(9, 6);1;2990
6;0.25;Idle;(4, 15);RemoveObject;(9, 6);1;2991
6;0.25;Idle;(4, 15);RemoveObject;(9, 6);1;2992
6;0.25;Idle;(4, 15);RemoveObject;(9, 6);1;2993
6;0.25;Idle;(4, 15);RemoveObject;(9, 6);1;2994
6;0.25;Idle;(4, 15);RemoveObject;(9, 6);1;2995
6;0.25;Idle;(4, 15);RemoveObject;(9, 6);1;2996
6;0.25;Idle;(4, 15);RemoveObject;(9, 6);1;2997
6;0.25;Idle;(4, 15);RemoveObject;(9, 6);1;2998
6;0.25;Idle;(4, 15);RemoveObject;(9, 6);1;2999
6;0.25;Idle;(4, 15);RemoveObject;(9, 6);1;3000
6;0.25;Idle;(4, 15);RemoveObject;(9, 6);1;3001
6;0.25;Idle;(4, 15);RemoveObject;(9, 6);1;3002
6;0.25;Idle;(4, 15);RemoveObject;(9, 6);1;3003
6;0.25;Idle;(4, 15);RemoveObject;(9, 6);1;3004
6;0.25;Idle;(4, 15);RemoveObject;(9, 6);1;3005
6;0.25;Idle;(4, 15);RemoveObject;(9, 6);1;3006
6;0.25;Idle;(4, 15);RemoveObject;(9, 6);1;3007
6;0.25;MoveSouthWest;(4, 15);RemoveObject;(9, 6);1;3008
6;0.25;MoveSouthWest;(4, 15);RemoveObject;(9, 6);1;3009
6;0.25;MoveSouthWest;(4, 15);RemoveObject;(9, 6);1;3010
6;0.25;MoveSouthWest;(4, 15);RemoveObject;(9, 6);1;3011
6;0.25;MoveSouthWest;(4, 15);RemoveObject;(9, 6);1;3012
6;0.25;MoveSouthWest;(4, 15);RemoveObject;(9, 6);1;3013
6;0.25;MoveSouthWest;(4, 15);RemoveObject;(9, 6);1;3014
6;0.25;MoveSouthWest;(4, 15);RemoveObject;(9, 6);1;3015
6;0.25;MoveSouthWest;(3, 16);RemoveObject;(9, 6);1;3016
6;0.25;MoveSouthEast;(3, 16);RemoveObject;(9, 6);1;3017
6;0.25;MoveSouthEast;(3, 16);RemoveObject;(9, 6);1;3018
6;0.25;MoveSouthEast;(3, 16);RemoveObject;(9, 6);1;3019
6;0.25;MoveSouthEast;(3, 16);RemoveObject;(9, 6);1;3020
6;0.25;MoveSouthEast;(3, 16);RemoveObject;(9, 6);1;3021
6;0.25;MoveSouthEast;(3, 16);RemoveObject;(9, 6);1;3022
6;0.25;MoveSouthEast;(3, 16);RemoveObject;(9, 6);1;3023
6;0.25;MoveSouthEast;(3, 16);RemoveObject;(9, 6);1;3024
6;0.25;MoveSouthEast;(4, 17);RemoveObject;(9, 6);1;3025
6;0.25;MoveEast;(4, 17);RemoveObject;(9, 6);1;3026
6;0.25;MoveEast;(4, 17);RemoveObject;(9, 6);1;3027
6;0.25;MoveEast;(4, 17);RemoveObject;(9, 6);1;3028
6;0.25;MoveEast;(4, 17);RemoveObject;(9, 6);1;3029
6;0.25;MoveEast;(4, 17);RemoveObject;(9, 6);1;3030
6;0.25;MoveEast;(4, 17);RemoveObject;(9, 6);1;3031
6;0.25;MoveEast;(4, 17);RemoveObject;(9, 6);1;3032
6;0.25;MoveEast;(4, 17);RemoveObject;(9, 6);1;3033
6;0.25;MoveEast;(4, 17);RemoveObject;(9, 6);1;3034
6;0.25;MoveEast;(4, 17);RemoveObject;(9, 6);1;3035
6;0.25;MoveEast;(4, 17);RemoveObject;(9, 6);1;3036
6;0.25;MoveEast;(4, 17);RemoveObject;(9, 6);1;3037
6;0.25;MoveEast;(4, 17);RemoveObject;(9, 6);1;3038
6;0.25;MoveEast;(5, 17);RemoveObject;(9, 6);1;3039
6;0.25;MoveNorthEast;(5, 17);RemoveObject;(9, 6);1;3040
6;0.25;MoveNorthEast;(5, 17);RemoveObject;(9, 6);1;3041
6;0.25;MoveNorthEast;(5, 17);RemoveObject;(9, 6);1;3042
6;0.25;MoveNorthEast;(5, 17);RemoveObject;(9, 6);1;3043
6;0.25;MoveNorthEast;(5, 17);RemoveObject;(9, 6);1;3044
6;0.25;MoveNorthEast;(5, 17);RemoveObject;(9, 6);1;3045
6;0.25;MoveNorthEast;(5, 17);RemoveObject;(9, 6);1;3046
6;0.25;MoveNorthEast;(5, 17);RemoveObject;(9, 6);1;3047
6;0.25;MoveNorthEast;(5, 17);RemoveObject;(9, 6);1;3048
6;0.25;MoveNorthEast;(5, 17);RemoveObject;(9, 6);1;3049
6;0.25;MoveNorthEast;(5, 17);RemoveObject;(9, 6);1;3050
6;0.25;MoveNorthEast;(5, 17);RemoveObject;(9, 6);1;3051
6;0.25;MoveNorthEast;(5, 17);RemoveObject;(9, 6);1;3052
6;0.25;MoveNorthEast;(6, 16);RemoveObject;(9, 6);1;3053
6;0.25;MoveNorth;(6, 16);RemoveObject;(9, 6);1;3054
6;0.25;MoveNorth;(6, 16);RemoveObject;(9, 6);1;3055
6;0.25;MoveNorth;(6, 16);RemoveObject;(9, 6);1;3056
6;0.25;MoveNorth;(6, 16);RemoveObject;(9, 6);1;3057
6;0.25;MoveNorth;(6, 16);RemoveObject;(9, 6);1;3058
6;0.25;MoveNorth;(6, 16);RemoveObject;(9, 6);1;3059
6;0.25;MoveNorth;(6, 16);RemoveObject;(9, 6);1;3060
6;0.25;MoveNorth;(6, 16);RemoveObject;(9, 6);1;3061
6;0.25;MoveNorth;(6, 16);RemoveObject;(9, 6);1;3062
6;0.25;MoveNorth;(6, 16);RemoveObject;(9, 6);1;3063
6;0.25;MoveNorth;(6, 16);RemoveObject;(9, 6);1;3064
6;0.25;MoveNorth;(6, 16);RemoveObject;(9, 6);1;3065
6;0.25;MoveNorth;(6, 16);RemoveObject;(9, 6);1;3066
6;0.25;MoveNorth;(6, 15);RemoveObject;(9, 6);1;3067
6;0.25;MoveNorth;(6, 15);RemoveObject;(9, 6);1;3068
6;0.25;MoveNorth;(6, 15);RemoveObject;(9, 6);1;3069
6;0.25;MoveNorth;(6, 15);RemoveObject;(9, 6);1;3070
6;0.25;MoveNorth;(6, 15);RemoveObject;(9, 6);1;3071
6;0.25;MoveNorth;(6, 15);RemoveObject;(9, 6);1;3072
6;0.25;MoveNorth;(6, 15);RemoveObject;(9, 6);1;3073
6;0.25;MoveNorth;(6, 15);RemoveObject;(9, 6);1;3074
6;0.25;MoveNorth;(6, 15);RemoveObject;(9, 6);1;3075
6;0.25;MoveNorth;(6, 15);RemoveObject;(9, 6);1;3076
6;0.25;MoveNorth;(6, 15);RemoveObject;(9, 6);1;3077
6;0.25;MoveNorth;(6, 15);RemoveObject;(9, 6);1;3078
6;0.25;MoveNorth;(6, 15);RemoveObject;(9, 6);1;3079
6;0.25;MoveNorth;(6, 15);RemoveObject;(9, 6);1;3080
6;0.25;MoveNorth;(6, 14);RemoveObject;(9, 6);1;3081
6;0.25;MoveNorth;(6, 14);RemoveObject;(9, 6);1;3082
6;0.25;MoveNorth;(6, 14);RemoveObject;(9, 6);1;3083
6;0.25;MoveNorth;(6, 14);RemoveObject;(9, 6);1;3084
6;0.25;MoveNorth;(6, 14);RemoveObject;(9, 6);1;3085
6;0.25;MoveNorth;(6, 14);RemoveObject;(9, 6);1;3086
6;0.25;MoveNorth;(6, 14);RemoveObject;(9, 6);1;3087
6;0.25;MoveNorth;(6, 14);RemoveObject;(9, 6);1;3088
6;0.25;MoveNorth;(6, 14);RemoveObject;(9, 6);1;3089
6;0.25;MoveNorth;(6, 14);RemoveObject;(9, 6);1;3090
6;0.25;MoveNorth;(6, 14);RemoveObject;(9, 6);1;3091
6;0.25;MoveNorth;(6, 14);RemoveObject;(9, 6);1;3092
6;0.25;MoveNorth;(6, 14);RemoveObject;(9, 6);1;3093
6;0.25;MoveNorth;(6, 14);RemoveObject;(9, 6);1;3094
6;0.25;MoveNorth;(6, 13);RemoveObject;(9, 6);1;3095
6;0.25;MoveNorth;(6, 13);RemoveObject;(9, 6);1;3096
6;0.25;MoveNorth;(6, 13);RemoveObject;(9, 6);1;3097
6;0.25;MoveNorth;(6, 13);RemoveObject;(9, 6);1;3098
6;0.25;MoveNorth;(6, 13);RemoveObject;(9, 6);1;3099
6;0.25;MoveNorth;(6, 13);RemoveObject;(9, 6);1;3100
6;0.25;MoveNorth;(6, 13);RemoveObject;(9, 6);1;3101
6;0.25;MoveNorth;(6, 13);RemoveObject;(9, 6);1;3102
6;0.25;MoveNorth;(6, 13);RemoveObject;(9, 6);1;3103
6;0.25;MoveNorth;(6, 13);RemoveObject;(9, 6);1;3104
6;0.25;MoveNorth;(6, 13);RemoveObject;(9, 6);1;3105
6;0.25;MoveNorth;(6, 13);RemoveObject;(9, 6);1;3106
6;0.25;MoveNorth;(6, 13);RemoveObject;(9, 6);1;3107
6;0.25;MoveNorth;(6, 13);RemoveObject;(9, 6);1;3108
6;0.25;MoveNorth;(6, 12);RemoveObject;(9, 6);1;3109
6;0.25;MoveNorth;(6, 12);RemoveObject;(9, 6);1;3110
6;0.25;MoveNorth;(6, 12);RemoveObject;(9, 6);1;3111
6;0.25;MoveNorth;(6, 12);RemoveObject;(9, 6);1;3112
6;0.25;MoveNorth;(6, 12);RemoveObject;(9, 6);1;3113
6;0.25;MoveNorth;(6, 12);RemoveObject;(9, 6);1;3114
6;0.25;MoveNorth;(6, 12);RemoveObject;(9, 6);1;3115
6;0.25;MoveNorth;(6, 12);RemoveObject;(9, 6);1;3116
6;0.25;MoveNorth;(6, 12);RemoveObject;(9, 6);1;3117
6;0.25;MoveNorth;(6, 12);RemoveObject;(9, 6);1;3118
6;0.25;MoveNorth;(6, 12);RemoveObject;(9, 6);1;3119
6;0.25;MoveNorth;(6, 12);RemoveObject;(9, 6);1;3120
6;0.25;MoveNorth;(6, 12);RemoveObject;(9, 6);1;3121
6;0.25;MoveNorth;(6, 12);RemoveObject;(9, 6);1;3122
6;0.25;MoveNorth;(6, 11);RemoveObject;(9, 6);1;3123
6;0.25;MoveNorth;(6, 11);RemoveObject;(9, 6);1;3124
6;0.25;MoveNorth;(6, 11);RemoveObject;(9, 6);1;3125
6;0.25;MoveNorth;(6, 11);RemoveObject;(9, 6);1;3126
6;0.25;MoveNorth;(6, 11);RemoveObject;(9, 6);1;3127
6;0.25;MoveNorth;(6, 11);RemoveObject;(9, 6);1;3128
6;0.25;MoveNorth;(6, 11);RemoveObject;(9, 6);1;3129
6;0.25;MoveNorth;(6, 11);RemoveObject;(9, 6);1;3130
6;0.25;MoveNorth;(6, 11);RemoveObject;(9, 6);1;3131
6;0.25;MoveNorth;(6, 10);RemoveObject;(9, 6);1;3132
6;0.25;MoveNorth;(6, 10);RemoveObject;(9, 6);1;3133
6;0.25;MoveNorth;(6, 10);RemoveObject;(9, 6);1;3134
6;0.25;MoveNorth;(6, 10);RemoveObject;(9, 6);1;3135
6;0.25;MoveNorth;(6, 10);RemoveObject;(9, 6);1;3136
6;0.25;MoveNorth;(6, 10);RemoveObject;(9, 6);1;3137
6;0.25;MoveNorth;(6, 10);RemoveObject;(9, 6);1;3138
6;0.25;MoveNorth;(6, 10);RemoveObject;(9, 6);1;3139
6;0.25;MoveNorth;(6, 10);RemoveObject;(9, 6);1;3140
6;0.25;MoveNorth;(6, 9);RemoveObject;(9, 6);1;3141
6;0.25;MoveNorth;(6, 9);RemoveObject;(9, 6);1;3142
6;0.25;MoveNorth;(6, 9);RemoveObject;(9, 6);1;3143
6;0.25;MoveNorth;(6, 9);RemoveObject;(9, 6);1;3144
6;0.25;MoveNorth;(6, 9);RemoveObject;(9, 6);1;3145
6;0.25;MoveNorth;(6, 9);RemoveObject;(9, 6);1;3146
6;0.25;MoveNorth;(6, 9);RemoveObject;(9, 6);1;3147
6;0.25;MoveNorth;(6, 9);;(9, 6);1;3148
6;0.25;MoveNorth;(6, 9);;(9, 6);1;3149
6;0.25;MoveNorth;(6, 8);;(9, 6);1;3150
6;0.25;MoveNorth;(6, 8);;(9, 6);1;3151
6;0.25;MoveNorth;(6, 8);;(9, 6);1;3152
6;0.25;MoveNorth;(6, 8);;(9, 6);1;3153
6;0.25;MoveNorth;(6, 8);;(9, 6);1;3154
6;0.25;MoveNorth;(6, 8);;(9, 6);1;3155
6;0.25;MoveNorth;(6, 8);;(9, 6);1;3156
6;0.25;MoveNorth;(6, 8);;(9, 6);1;3157
6;0.25;MoveNorth;(6, 8);MoveSouth;(9, 7);1;3158
6;0.25;MoveNorth;(6, 7);;(9, 7);1;3159
6;0.25;MoveNorthWest;(6, 7);MoveSouth;(9, 8);1;3160
6;0.25;MoveNorthWest;(6, 7);;(9, 8);1;3161
6;0.25;MoveNorthWest;(6, 7);MoveSouth;(9, 9);1;3162
6;0.25;MoveNorthWest;(6, 7);MoveSouth;(9, 9);1;3163
6;0.25;MoveNorthWest;(6, 7);;(9, 9);1;3164
6;0.25;MoveNorthWest;(6, 7);;(9, 9);1;3165
6;0.25;MoveNorthWest;(6, 7);;(9, 9);1;3166
6;0.25;MoveNorthWest;(6, 7);;(9, 9);1;3167
6;0.25;MoveNorthWest;(5, 6);;(9, 9);1;3168
6;0.25;MoveNorthWest;(5, 6);;(9, 9);1;3169
6;0.25;MoveNorthWest;(5, 6);;(9, 9);1;3170
6;0.25;MoveNorthWest;(5, 6);;(9, 9);1;3171
6;0.25;MoveNorthWest;(5, 6);;(9, 9);1;3172
6;0.25;MoveNorthWest;(5, 6);;(9, 9);1;3173
6;0.25;MoveNorthWest;(5, 6);;(9, 9);1;3174
6;0.25;MoveNorthWest;(5, 6);;(9, 9);1;3175
6;0.25;MoveNorthWest;(5, 6);;(9, 9);1;3176
6;0.25;MoveNorthWest;(4, 5);;(9, 9);1;3177
6;0.25;MoveWest;(4, 5);;(9, 9);1;3178
6;0.25;MoveWest;(4, 5);;(9, 9);1;3179
6;0.25;MoveWest;(4, 5);;(9, 9);1;3180
6;0.25;MoveWest;(4, 5);;(9, 9);1;3181
6;0.25;MoveWest;(4, 5);;(9, 9);1;3182
6;0.25;MoveWest;(4, 5);;(9, 9);1;3183
6;0.25;MoveWest;(4, 5);;(9, 9);1;3184
6;0.25;MoveWest;(4, 5);;(9, 9);1;3185
6;0.25;MoveWest;(3, 5);;(9, 9);1;3186
6;0.25;;(3, 5);;(9, 9);1;3187
6;0.25;;(3, 5);;(9, 9);1;3188
6;0.25;;(3, 5);;(9, 9);1;3189
6;0.25;;(3, 5);;(9, 9);1;3190
6;0.25;;(3, 5);;(9, 9);1;3191
6;0.25;;(3, 5);;(9, 9);1;3192
6;0.25;;(3, 5);;(9, 9);1;3193
6;0.25;;(3, 5);;(9, 9);1;3194
6;0.25;;(3, 5);;(9, 9);1;3195
6;0.25;;(3, 5);;(9, 9);1;3196
6;0.25;;(3, 5);;(9, 9);1;3197
6;0.25;;(3, 5);;(9, 9);1;3198
6;0.25;;(3, 5);;(9, 9);1;3199
6;0.25;;(3, 5);;(9, 9);1;3200
6;0.25;;(3, 5);;(9, 9);1;3201
6;0.25;;(3, 5);;(9, 9);1;3202
6;0.25;;(3, 5);;(9, 9);1;3203
6;0.25;;(3, 5);;(9, 9);1;3204
6;0.25;;(3, 5);;(9, 9);1;3205
6;0.25;;(3, 5);;(9, 9);1;3206
6;0.25;;(3, 5);;(9, 9);1;3207
6;0.25;;(3, 5);;(9, 9);1;3208
6;0.25;;(3, 5);;(9, 9);1;3209
6;0.25;;(3, 5);;(9, 9);1;3210
6;0.25;;(3, 5);;(9, 9);1;3211
6;0.25;;(3, 5);;(9, 9);1;3212
6;0.25;;(3, 5);;(9, 9);1;3213
6;0.25;;(3, 5);;(9, 9);1;3214
6;0.25;;(3, 5);;(9, 9);1;3215
6;0.25;;(3, 5);;(9, 9);1;3216
6;0.25;;(3, 5);;(9, 9);1;3217
6;0.25;;(3, 5);;(9, 9);1;3218
6;0.25;;(3, 5);;(9, 9);1;3219
6;0.25;;(3, 5);;(9, 9);1;3220
6;0.25;;(3, 5);;(9, 9);1;3221
6;0.25;;(3, 5);;(9, 9);1;3222
6;0.25;;(3, 5);;(9, 9);1;3223
6;0.25;;(3, 5);;(9, 9);1;3224
6;0.25;;(3, 5);;(9, 9);1;3225
6;0.25;;(3, 5);;(9, 9);1;3226
6;0.25;;(3, 5);;(9, 9);1;3227
6;0.25;;(3, 5);;(9, 9);1;3228
6;0.25;;(3, 5);;(9, 9);1;3229
6;0.25;;(3, 5);;(9, 9);1;3230
6;0.25;;(3, 5);;(9, 9);1;3231
6;0.25;;(3, 5);;(9, 9);1;3232
6;0.25;;(3, 5);;(9, 9);1;3233
6;0.25;;(3, 5);;(9, 9);1;3234
6;0.25;;(3, 5);;(9, 9);1;3235
6;0.25;;(3, 5);;(9, 9);1;3236
6;0.25;;(3, 5);;(9, 9);1;3237
6;0.25;;(3, 5);;(9, 9);1;3238
6;0.25;;(3, 5);;(9, 9);1;3239
6;0.25;;(3, 5);;(9, 9);1;3240
6;0.25;;(3, 5);;(9, 9);1;3241
6;0.25;;(3, 5);;(9, 9);1;3242
6;0.25;;(3, 5);;(9, 9);1;3243
6;0.25;;(3, 5);;(9, 9);1;3244
6;0.25;;(3, 5);;(9, 9);1;3245
6;0.25;;(3, 5);;(9, 9);1;3246
6;0.25;;(3, 5);;(9, 9);1;3247
6;0.25;;(3, 5);;(9, 9);1;3248
6;0.25;;(3, 5);;(9, 9);1;3249
6;0.25;;(3, 5);;(9, 9);1;3250
6;0.25;;(3, 5);;(9, 9);1;3251
6;0.25;;(3, 5);;(9, 9);1;3252
6;0.25;;(3, 5);;(9, 9);1;3253
6;0.25;;(3, 5);;(9, 9);1;3254
6;0.25;;(3, 5);;(9, 9);1;3255
6;0.25;;(3, 5);;(9, 9);1;3256
6;0.25;;(3, 5);;(9, 9);1;3257
6;0.25;;(3, 5);;(9, 9);1;3258
6;0.25;;(3, 5);;(9, 9);1;3259
6;0.25;;(3, 5);;(9, 9);1;3260
6;0.25;;(3, 5);;(9, 9);1;3261
6;0.25;;(3, 5);;(9, 9);1;3262
6;0.25;;(3, 5);;(9, 9);1;3263
6;0.25;;(3, 5);;(9, 9);1;3264
6;0.25;;(3, 5);;(9, 9);1;3265
6;0.25;;(3, 5);;(9, 9);1;3266
6;0.25;;(3, 5);;(9, 9);1;3267
6;0.25;;(3, 5);;(9, 9);1;3268
6;0.25;;(3, 5);;(9, 9);1;3269
6;0.25;;(3, 5);;(9, 9);1;3270
6;0.25;;(3, 5);;(9, 9);1;3271
6;0.25;;(3, 5);;(9, 9);1;3272
6;0.25;;(3, 5);;(9, 9);1;3273
6;0.25;;(3, 5);;(9, 9);1;3274
6;0.25;;(3, 5);;(9, 9);1;3275
6;0.25;;(3, 5);;(9, 9);1;3276
6;0.25;;(3, 5);;(9, 9);1;3277
6;0.25;;(3, 5);;(9, 9);1;3278
6;0.25;;(3, 5);;(9, 9);1;3279
6;0.25;;(3, 5);;(9, 9);1;3280
6;0.25;;(3, 5);;(9, 9);1;3281
6;0.25;;(3, 5);;(9, 9);1;3282
6;0.25;;(3, 5);;(9, 9);1;3283
6;0.25;;(3, 5);;(9, 9);1;3284
6;0.25;;(3, 5);;(9, 9);1;3285
6;0.25;;(3, 5);;(9, 9);1;3286
6;0.25;;(3, 5);;(9, 9);1;3287
6;0.25;;(3, 5);;(9, 9);1;3288
6;0.25;;(3, 5);;(9, 9);1;3289
6;0.25;;(3, 5);;(9, 9);1;3290
6;0.25;;(3, 5);;(9, 9);1;3291
6;0.25;;(3, 5);;(9, 9);1;3292
6;0.25;;(3, 5);;(9, 9);1;3293
6;0.25;;(3, 5);;(9, 9);1;3294
6;0.25;;(3, 5);;(9, 9);1;3295
6;0.25;;(3, 5);;(9, 9);1;3296
6;0.25;;(3, 5);;(9, 9);1;3297
6;0.25;;(3, 5);;(9, 9);1;3298
6;0.25;;(3, 5);;(9, 9);1;3299
6;0.25;;(3, 5);;(9, 9);1;3300
6;0.25;;(3, 5);;(9, 9);1;3301
6;0.25;;(3, 5);;(9, 9);1;3302
6;0.25;;(3, 5);;(9, 9);1;3303
6;0.25;;(3, 5);;(9, 9);1;3304
6;0.25;;(3, 5);;(9, 9);1;3305
6;0.25;;(3, 5);;(9, 9);1;3306
6;0.25;;(3, 5);;(9, 9);1;3307
6;0.25;;(3, 5);;(9, 9);1;3308
6;0.25;;(3, 5);;(9, 9);1;3309
6;0.25;;(3, 5);;(9, 9);1;3310
6;0.25;;(3, 5);;(9, 9);1;3311
6;0.25;;(3, 5);;(9, 9);1;3312
6;0.25;;(3, 5);;(9, 9);1;3313
6;0.25;;(3, 5);;(9, 9);1;3314
6;0.25;;(3, 5);;(9, 9);1;3315
6;0.25;;(3, 5);;(9, 9);1;3316
6;0.25;;(3, 5);;(9, 9);1;3317
6;0.25;;(3, 5);;(9, 9);1;3318
6;0.25;;(3, 5);;(9, 9);1;3319
6;0.25;;(3, 5);;(9, 9);1;3320
6;0.25;;(3, 5);;(9, 9);1;3321
6;0.25;;(3, 5);;(9, 9);1;3322
6;0.25;;(3, 5);;(9, 9);1;3323
6;0.25;;(3, 5);;(9, 9);1;3324
6;0.25;;(3, 5);;(9, 9);1;3325
6;0.25;;(3, 5);;(9, 9);1;3326
6;0.25;;(3, 5);;(9, 9);1;3327
6;0.25;;(3, 5);;(9, 9);1;3328
6;0.25;;(3, 5);;(9, 9);1;3329
6;0.25;;(3, 5);;(9, 9);1;3330
6;0.25;;(3, 5);;(9, 9);1;3331
6;0.25;;(3, 5);;(9, 9);1;3332
6;0.25;;(3, 5);;(9, 9);1;3333
6;0.25;;(3, 5);MoveWest;(8, 9);1;3334
6;0.25;;(3, 5);;(8, 9);1;3335
6;0.25;;(3, 5);;(8, 9);1;3336
6;0.25;;(3, 5);;(8, 9);1;3337
6;0.25;;(3, 5);;(8, 9);1;3338
6;0.25;;(3, 5);MoveNorth;(8, 8);1;3339
6;0.25;;(3, 5);;(8, 8);1;3340
6;0.25;;(3, 5);;(8, 8);1;3341
6;0.25;;(3, 5);;(8, 8);1;3342
6;0.25;;(3, 5);MoveEast;(9, 8);1;3343
6;0.25;;(3, 5);;(9, 8);1;3344
6;0.25;;(3, 5);;(9, 8);1;3345
6;0.25;;(3, 5);MoveNorth;(9, 7);1;3346
6;0.25;;(3, 5);;(9, 7);1;3347
6;0.25;;(3, 5);MoveNorth;(9, 6);1;3348
6;0.25;;(3, 5);;(9, 6);1;3349
6;0.25;;(3, 5);;(9, 6);1;3350
6;0.25;;(3, 5);;(9, 6);1;3351
6;0.25;;(3, 5);;(9, 6);1;3352
6;0.25;;(3, 5);MoveWest;(8, 6);1;3353
6;0.25;;(3, 5);;(8, 6);1;3354
6;0.25;;(3, 5);MoveWest;(7, 6);1;3355
6;0.25;;(3, 5);MoveWest;(6, 6);1;3356
6;0.25;;(3, 5);;(6, 6);1;3357
6;0.25;;(3, 5);MoveWest;(5, 6);1;3358
6;0.25;;(3, 5);MoveWest;(4, 6);1;3359
6;0.25;;(3, 5);;(4, 6);1;3360
6;0.25;;(3, 5);;(4, 6);1;3361
6;0.25;;(3, 5);MoveNorth;(4, 5);1;3362
6;0.25;;(3, 5);;(4, 5);1;3363
6;0.25;;(3, 5);;(4, 5);1;3364
6;0.25;;(3, 5);;(4, 5);1;3365
6;0.25;;(3, 5);MoveWest;(3, 5);1;3366
6;0.25;;(3, 5);;(3, 5);1;3367
6;0.25;;(3, 5);;(3, 5);1;3368
6;0.25;;(3, 5);;(3, 5);1;3369
6;0.25;;(3, 5);;(3, 5);1;3370
6;0.25;;(3, 5);;(3, 5);1;3371
6;0.25;;(3, 5);;(3, 5);1;3372
6;0.25;;(3, 5);;(3, 5);1;3373
6;0.25;;(3, 5);;(3, 5);1;3374
6;0.25;;(3, 5);RemoveObjectTogether;(3, 5);1;3375
6;0.25;;(3, 5);RemoveObjectTogether;(3, 5);1;3376
6;0.25;;(3, 5);RemoveObjectTogether;(3, 5);1;3377
6;0.25;;(3, 5);RemoveObjectTogether;(3, 5);1;3378
6;0.25;;(3, 5);RemoveObjectTogether;(3, 5);1;3379
6;0.25;;(3, 5);RemoveObjectTogether;(3, 5);1;3380
6;0.25;;(3, 5);RemoveObjectTogether;(3, 5);1;3381
6;0.25;;(3, 5);RemoveObjectTogether;(3, 5);1;3382
6;0.25;;(3, 5);RemoveObjectTogether;(3, 5);1;3383
6;0.25;;(3, 5);RemoveObjectTogether;(3, 5);1;3384
6;0.25;;(3, 5);RemoveObjectTogether;(3, 5);1;3385
6;0.25;;(3, 5);RemoveObjectTogether;(3, 5);1;3386
6;0.25;;(3, 5);RemoveObjectTogether;(3, 5);1;3387
6;0.25;;(3, 5);RemoveObjectTogether;(3, 5);1;3388
6;0.25;;(3, 5);RemoveObjectTogether;(3, 5);1;3389
6;0.25;;(3, 5);RemoveObjectTogether;(3, 5);1;3390
6;0.25;;(3, 5);RemoveObjectTogether;(3, 5);1;3391
6;0.25;;(3, 5);RemoveObjectTogether;(3, 5);1;3392
6;0.25;;(3, 5);RemoveObjectTogether;(3, 5);1;3393
6;0.25;;(3, 5);RemoveObjectTogether;(3, 5);1;3394
6;0.25;;(3, 5);RemoveObjectTogether;(3, 5);1;3395
6;0.25;;(3, 5);RemoveObjectTogether;(3, 5);1;3396
6;0.25;;(3, 5);RemoveObjectTogether;(3, 5);1;3397
6;0.25;;(3, 5);RemoveObjectTogether;(3, 5);1;3398
6;0.25;;(3, 5);RemoveObjectTogether;(3, 5);1;3399
6;0.25;;(3, 5);RemoveObjectTogether;(3, 5);1;3400
6;0.25;;(3, 5);RemoveObjectTogether;(3, 5);1;3401
6;0.25;;(3, 5);RemoveObjectTogether;(3, 5);1;3402
6;0.25;;(3, 5);RemoveObjectTogether;(3, 5);1;3403
6;0.25;;(3, 5);RemoveObjectTogether;(3, 5);1;3404
6;0.25;;(3, 5);RemoveObjectTogether;(3, 5);1;3405
6;0.25;;(3, 5);RemoveObjectTogether;(3, 5);1;3406
6;0.25;;(3, 5);RemoveObjectTogether;(3, 5);1;3407
6;0.25;;(3, 5);RemoveObjectTogether;(3, 5);1;3408
6;0.25;;(3, 5);RemoveObjectTogether;(3, 5);1;3409
6;0.25;;(3, 5);RemoveObjectTogether;(3, 5);1;3410
6;0.25;;(3, 5);RemoveObjectTogether;(3, 5);1;3411
6;0.25;;(3, 5);RemoveObjectTogether;(3, 5);1;3412
6;0.25;;(3, 5);RemoveObjectTogether;(3, 5);1;3413
6;0.25;;(3, 5);RemoveObjectTogether;(3, 5);1;3414
6;0.25;;(3, 5);RemoveObjectTogether;(3, 5);1;3415
6;0.25;;(3, 5);RemoveObjectTogether;(3, 5);1;3416
6;0.25;;(3, 5);RemoveObjectTogether;(3, 5);1;3417
6;0.25;;(3, 5);RemoveObjectTogether;(3, 5);1;3418
6;0.25;;(3, 5);RemoveObjectTogether;(3, 5);1;3419
6;0.25;;(3, 5);RemoveObjectTogether;(3, 5);1;3420
6;0.25;;(3, 5);RemoveObjectTogether;(3, 5);1;3421
6;0.25;;(3, 5);RemoveObjectTogether;(3, 5);1;3422
6;0.25;;(3, 5);RemoveObjectTogether;(3, 5);1;3423
6;0.25;;(3, 5);RemoveObjectTogether;(3, 5);1;3424
6;0.25;;(3, 5);RemoveObjectTogether;(3, 5);1;3425
6;0.25;Idle;(3, 5);;(3, 5);1;3426
6;0.25;Idle;(3, 5);;(3, 5);1;3427
6;0.25;Idle;(3, 5);;(3, 5);1;3428
6;0.25;Idle;(3, 5);;(3, 5);1;3429
6;0.25;Idle;(3, 5);;(3, 5);1;3430
6;0.25;Idle;(3, 5);;(3, 5);1;3431
6;0.25;Idle;(3, 5);;(3, 5);1;3432
6;0.25;Idle;(3, 5);;(3, 5);1;3433
6;0.25;Idle;(3, 5);;(3, 5);1;3434
6;0.25;Idle;(3, 5);;(3, 5);1;3435
6;0.25;Idle;(3, 5);;(3, 5);1;3436
6;0.25;Idle;(3, 5);;(3, 5);1;3437
6;0.25;Idle;(3, 5);;(3, 5);1;3438
6;0.25;Idle;(3, 5);;(3, 5);1;3439
6;0.25;Idle;(3, 5);;(3, 5);1;3440
6;0.25;Idle;(3, 5);;(3, 5);1;3441
6;0.25;Idle;(3, 5);;(3, 5);1;3442
6;0.25;Idle;(3, 5);;(3, 5);1;3443
6;0.25;Idle;(3, 5);;(3, 5);1;3444
6;0.25;Idle;(3, 5);;(3, 5);1;3445
6;0.25;Idle;(3, 5);;(3, 5);1;3446
6;0.25;Idle;(3, 5);;(3, 5);1;3447
6;0.25;Idle;(3, 5);MoveNorth;(3, 4);1;3448
6;0.25;Idle;(3, 5);;(3, 4);1;3449
6;0.25;Idle;(3, 5);MoveNorth;(3, 3);1;3450
6;0.25;Idle;(3, 5);MoveNorth;(3, 2);1;3451
6;0.25;MoveEast;(3, 5);;(3, 2);1;3452
6;0.25;MoveEast;(3, 5);MoveNorth;(3, 2);1;3453
6;0.25;MoveEast;(3, 5);;(3, 2);1;3454
6;0.25;MoveEast;(3, 5);;(3, 2);1;3455
6;0.25;MoveEast;(3, 5);;(3, 2);1;3456
6;0.25;MoveEast;(3, 5);;(3, 2);1;3457
6;0.25;MoveEast;(3, 5);;(3, 2);1;3458
6;0.25;MoveEast;(3, 5);;(3, 2);1;3459
6;0.25;MoveEast;(4, 5);;(3, 2);1;3460
6;0.25;MoveEast;(4, 5);;(3, 2);1;3461
6;0.25;MoveEast;(4, 5);;(3, 2);1;3462
6;0.25;MoveEast;(4, 5);;(3, 2);1;3463
6;0.25;MoveEast;(4, 5);;(3, 2);1;3464
6;0.25;MoveEast;(4, 5);;(3, 2);1;3465
6;0.25;MoveEast;(4, 5);;(3, 2);1;3466
6;0.25;MoveEast;(4, 5);;(3, 2);1;3467
6;0.25;MoveEast;(4, 5);;(3, 2);1;3468
6;0.25;MoveEast;(5, 5);;(3, 2);1;3469
6;0.25;MoveEast;(5, 5);;(3, 2);1;3470
6;0.25;MoveEast;(5, 5);;(3, 2);1;3471
6;0.25;MoveEast;(5, 5);;(3, 2);1;3472
6;0.25;MoveEast;(5, 5);;(3, 2);1;3473
6;0.25;MoveEast;(5, 5);;(3, 2);1;3474
6;0.25;MoveEast;(5, 5);;(3, 2);1;3475
6;0.25;MoveEast;(5, 5);;(3, 2);1;3476
6;0.25;MoveEast;(5, 5);;(3, 2);1;3477
6;0.25;MoveEast;(6, 5);;(3, 2);1;3478
6;0.25;MoveEast;(6, 5);;(3, 2);1;3479
6;0.25;MoveEast;(6, 5);;(3, 2);1;3480
6;0.25;MoveEast;(6, 5);;(3, 2);1;3481
6;0.25;MoveEast;(6, 5);;(3, 2);1;3482
6;0.25;MoveEast;(6, 5);;(3, 2);1;3483
6;0.25;MoveEast;(6, 5);;(3, 2);1;3484
6;0.25;MoveEast;(6, 5);;(3, 2);1;3485
6;0.25;MoveEast;(6, 5);;(3, 2);1;3486
6;0.25;MoveEast;(6, 5);;(3, 2);1;3487
6;0.25;MoveEast;(6, 5);;(3, 2);1;3488
6;0.25;MoveEast;(6, 5);;(3, 2);1;3489
6;0.25;MoveEast;(6, 5);;(3, 2);1;3490
6;0.25;MoveEast;(6, 5);;(3, 2);1;3491
6;0.25;MoveEast;(7, 5);;(3, 2);1;3492
6;0.25;MoveEast;(7, 5);;(3, 2);1;3493
6;0.25;MoveEast;(7, 5);;(3, 2);1;3494
6;0.25;MoveEast;(7, 5);;(3, 2);1;3495
6;0.25;MoveEast;(7, 5);;(3, 2);1;3496
6;0.25;MoveEast;(7, 5);;(3, 2);1;3497
6;0.25;MoveEast;(7, 5);;(3, 2);1;3498
6;0.25;MoveEast;(7, 5);;(3, 2);1;3499
6;0.25;MoveEast;(7, 5);;(3, 2);1;3500
6;0.25;MoveEast;(7, 5);;(3, 2);1;3501
6;0.25;MoveEast;(7, 5);;(3, 2);1;3502
6;0.25;MoveEast;(7, 5);;(3, 2);1;3503
6;0.25;MoveEast;(7, 5);;(3, 2);1;3504
6;0.25;MoveEast;(7, 5);;(3, 2);1;3505
6;0.25;MoveEast;(8, 5);;(3, 2);1;3506
6;0.25;MoveSouthEast;(8, 5);;(3, 2);1;3507
6;0.25;MoveSouthEast;(8, 5);;(3, 2);1;3508
6;0.25;MoveSouthEast;(8, 5);;(3, 2);1;3509
6;0.25;MoveSouthEast;(8, 5);;(3, 2);1;3510
6;0.25;MoveSouthEast;(8, 5);;(3, 2);1;3511
6;0.25;MoveSouthEast;(8, 5);;(3, 2);1;3512
6;0.25;MoveSouthEast;(8, 5);;(3, 2);1;3513
6;0.25;MoveSouthEast;(8, 5);;(3, 2);1;3514
6;0.25;MoveSouthEast;(8, 5);;(3, 2);1;3515
6;0.25;MoveSouthEast;(8, 5);;(3, 2);1;3516
6;0.25;MoveSouthEast;(8, 5);;(3, 2);1;3517
6;0.25;MoveSouthEast;(8, 5);;(3, 2);1;3518
6;0.25;MoveSouthEast;(8, 5);;(3, 2);1;3519
6;0.25;MoveSouthEast;(9, 6);;(3, 2);1;3520
6;0.25;MoveSouth;(9, 6);;(3, 2);1;3521
6;0.25;MoveSouth;(9, 6);;(3, 2);1;3522
6;0.25;MoveSouth;(9, 6);;(3, 2);1;3523
6;0.25;MoveSouth;(9, 6);;(3, 2);1;3524
6;0.25;MoveSouth;(9, 6);;(3, 2);1;3525
6;0.25;MoveSouth;(9, 6);MoveWest;(2, 2);1;3526
6;0.25;MoveSouth;(9, 6);;(2, 2);1;3527
6;0.25;MoveSouth;(9, 6);;(2, 2);1;3528
6;0.25;MoveSouth;(9, 7);;(2, 2);1;3529
6;0.25;MoveSouthWest;(9, 7);;(2, 2);1;3530
6;0.25;MoveSouthWest;(9, 7);;(2, 2);1;3531
6;0.25;MoveSouthWest;(9, 7);;(2, 2);1;3532
6;0.25;MoveSouthWest;(9, 7);;(2, 2);1;3533
6;0.25;MoveSouthWest;(9, 7);;(2, 2);1;3534
6;0.25;MoveSouthWest;(9, 7);;(2, 2);1;3535
6;0.25;MoveSouthWest;(9, 7);;(2, 2);1;3536
6;0.25;MoveSouthWest;(9, 7);;(2, 2);1;3537
6;0.25;MoveSouthWest;(8, 8);;(2, 2);1;3538
6;0.25;MoveSouthEast;(8, 8);;(2, 2);1;3539
6;0.25;MoveSouthEast;(8, 8);;(2, 2);1;3540
6;0.25;MoveSouthEast;(8, 8);CarryObject;(2, 2);1;3541
6;0.25;MoveSouthEast;(8, 8);;(2, 2);1;3542
6;0.25;MoveSouthEast;(8, 8);;(2, 2);1;3543
6;0.25;MoveSouthEast;(8, 8);;(2, 2);1;3544
6;0.25;MoveSouthEast;(8, 8);;(2, 2);1;3545
6;0.25;MoveSouthEast;(8, 8);;(2, 2);1;3546
6;0.25;MoveSouthEast;(9, 9);;(2, 2);1;3547
6;0.25;Idle;(9, 9);MoveEast;(3, 2);1;3548
6;0.25;Idle;(9, 9);;(3, 2);1;3549
6;0.25;Idle;(9, 9);;(3, 2);1;3550
6;0.25;Idle;(9, 9);;(3, 2);1;3551
6;0.25;Idle;(9, 9);MoveSouth;(3, 3);1;3552
6;0.25;Idle;(9, 9);;(3, 3);1;3553
6;0.25;Idle;(9, 9);MoveSouth;(3, 4);1;3554
6;0.25;Idle;(9, 9);;(3, 4);1;3555
6;0.25;Idle;(9, 9);MoveSouth;(3, 5);1;3556
6;0.25;Idle;(9, 9);;(3, 5);1;3557
6;0.25;Idle;(9, 9);;(3, 5);1;3558
6;0.25;Idle;(9, 9);;(3, 5);1;3559
6;0.25;Idle;(9, 9);;(3, 5);1;3560
6;0.25;Idle;(9, 9);MoveEast;(4, 5);1;3561
6;0.25;Idle;(9, 9);;(4, 5);1;3562
6;0.25;Idle;(9, 9);;(4, 5);1;3563
6;0.25;Idle;(9, 9);;(4, 5);1;3564
6;0.25;Idle;(9, 9);MoveSouth;(4, 6);1;3565
6;0.25;Idle;(9, 9);;(4, 6);1;3566
6;0.25;Idle;(9, 9);;(4, 6);1;3567
6;0.25;Idle;(9, 9);MoveEast;(5, 6);1;3568
6;0.25;Idle;(9, 9);;(5, 6);1;3569
6;0.25;Idle;(9, 9);MoveEast;(6, 6);1;3570
6;0.25;Idle;(9, 9);;(6, 6);1;3571
6;0.25;Idle;(9, 9);MoveEast;(7, 6);1;3572
6;0.25;Idle;(9, 9);MoveEast;(8, 6);1;3573
6;0.25;MoveWest;(9, 9);MoveEast;(9, 6);1;3574
6;0.25;MoveWest;(9, 9);;(9, 6);1;3575
6;0.25;MoveWest;(9, 9);MoveEast;(10, 6);1;3576
6;0.25;MoveWest;(9, 9);;(10, 6);1;3577
6;0.25;MoveWest;(9, 9);;(10, 6);1;3578
6;0.25;MoveWest;(9, 9);;(10, 6);1;3579
6;0.25;MoveWest;(9, 9);;(10, 6);1;3580
6;0.25;MoveWest;(9, 9);;(10, 6);1;3581
6;0.25;MoveWest;(8, 9);;(10, 6);1;3582
6;0.25;;(8, 9);;(10, 6);1;3583
6;0.25;;(8, 9);;(10, 6);1;3584
6;0.25;;(8, 9);;(10, 6);1;3585
6;0.25;;(8, 9);;(10, 6);1;3586
6;0.25;;(8, 9);;(10, 6);1;3587
6;0.25;;(8, 9);;(10, 6);1;3588
6;0.25;;(8, 9);;(10, 6);1;3589
6;0.25;;(8, 9);;(10, 6);1;3590
6;0.25;;(8, 9);;(10, 6);1;3591
6;0.25;;(8, 9);;(10, 6);1;3592
6;0.25;;(8, 9);;(10, 6);1;3593
6;0.25;;(8, 9);;(10, 6);1;3594
6;0.25;;(8, 9);;(10, 6);1;3595
6;0.25;;(8, 9);;(10, 6);1;3596
6;0.25;;(8, 9);;(10, 6);1;3597
6;0.25;;(8, 9);;(10, 6);1;3598
6;0.25;;(8, 9);;(10, 6);1;3599
6;0.25;;(8, 9);;(10, 6);1;3600
6;0.25;;(8, 9);;(10, 6);1;3601
6;0.25;;(8, 9);;(10, 6);1;3602
6;0.25;;(8, 9);;(10, 6);1;3603
6;0.25;;(8, 9);;(10, 6);1;3604
6;0.25;;(8, 9);;(10, 6);1;3605
6;0.25;;(8, 9);;(10, 6);1;3606
6;0.25;;(8, 9);;(10, 6);1;3607
6;0.25;;(8, 9);;(10, 6);1;3608
6;0.25;;(8, 9);;(10, 6);1;3609
6;0.25;;(8, 9);MoveEast;(10, 6);1;3610
6;0.25;;(8, 9);MoveEast;(10, 6);1;3611
6;0.25;;(8, 9);MoveEast;(10, 6);1;3612
6;0.25;;(8, 9);MoveEast;(10, 6);1;3613
6;0.25;;(8, 9);MoveEast;(10, 6);1;3614
6;0.25;;(8, 9);MoveEast;(11, 6);1;3615
6;0.25;;(8, 9);MoveEast;(11, 6);1;3616
6;0.25;;(8, 9);MoveEast;(11, 6);1;3617
6;0.25;;(8, 9);MoveEast;(11, 6);1;3618
6;0.25;;(8, 9);MoveEast;(11, 6);1;3619
6;0.25;;(8, 9);MoveEast;(11, 6);1;3620
6;0.25;;(8, 9);MoveEast;(12, 6);1;3621
6;0.25;;(8, 9);MoveEast;(12, 6);1;3622
6;0.25;;(8, 9);MoveEast;(12, 6);1;3623
6;0.25;;(8, 9);MoveEast;(12, 6);1;3624
6;0.25;;(8, 9);MoveEast;(12, 6);1;3625
6;0.25;;(8, 9);MoveEast;(12, 6);1;3626
6;0.25;;(8, 9);MoveEast;(13, 6);1;3627
6;0.25;;(8, 9);MoveEast;(14, 6);1;3628
6;0.25;;(8, 9);MoveEast;(15, 6);1;3629
6;0.25;;(8, 9);MoveEast;(16, 6);1;3630
6;0.25;;(8, 9);;(16, 6);1;3631
6;0.25;;(8, 9);MoveEast;(17, 6);1;3632
6;0.25;;(8, 9);;(17, 6);1;3633
6;0.25;;(8, 9);MoveEast;(18, 6);1;3634
6;0.25;;(8, 9);;(18, 6);1;3635
6;0.25;;(8, 9);;(18, 6);1;3636
6;0.25;;(8, 9);;(18, 6);1;3637
6;0.25;;(8, 9);MoveEast;(19, 6);1;3638
6;0.25;;(8, 9);MoveEast;(19, 6);1;3639
6;0.25;;(8, 9);MoveEast;(19, 6);1;3640
6;0.25;;(8, 9);MoveEast;(19, 6);1;3641
6;0.25;;(8, 9);MoveEast;(19, 6);1;3642
6;0.25;;(8, 9);MoveEast;(19, 6);1;3643
6;0.25;;(8, 9);MoveEast;(20, 6);1;3644
6;0.25;;(8, 9);MoveEast;(21, 6);1;3645
6;0.25;;(8, 9);MoveEast;(22, 6);1;3646
6;0.25;;(8, 9);;(22, 6);1;3647
6;0.25;;(8, 9);MoveEast;(23, 6);1;3648
6;0.25;;(8, 9);;(23, 6);1;3649
6;0.25;;(8, 9);;(23, 6);1;3650
6;0.25;;(8, 9);MoveSouth;(23, 7);1;3651
6;0.25;;(8, 9);;(23, 7);1;3652
6;0.25;;(8, 9);MoveSouth;(23, 8);1;3653
6;0.25;;(8, 9);;(23, 8);1;3654
6;0.25;;(8, 9);MoveSouth;(23, 9);1;3655
6;0.25;;(8, 9);MoveSouth;(23, 10);1;3656
6;0.25;;(8, 9);;(23, 10);1;3657
6;0.25;;(8, 9);MoveSouth;(23, 11);1;3658
6;0.25;;(8, 9);MoveSouth;(23, 12);1;3659
6;0.25;;(8, 9);MoveSouth;(23, 13);1;3660
6;0.25;;(8, 9);;(23, 13);1;3661
6;0.25;;(8, 9);;(23, 13);1;3662
6;0.25;;(8, 9);;(23, 13);1;3663
6;0.25;;(8, 9);;(23, 13);1;3664
6;0.25;;(8, 9);;(23, 13);1;3665
6;0.25;;(8, 9);;(23, 13);1;3666
6;0.25;;(8, 9);MoveNorth;(23, 12);1;3667
6;0.25;;(8, 9);;(23, 12);1;3668
6;0.25;;(8, 9);;(23, 12);1;3669
6;0.25;;(8, 9);;(23, 12);1;3670
6;0.25;;(8, 9);;(23, 12);1;3671
6;0.25;;(8, 9);;(23, 12);1;3672
6;0.25;;(8, 9);;(23, 12);1;3673
6;0.25;;(8, 9);;(23, 12);1;3674
6;0.25;;(8, 9);;(23, 12);1;3675
6;0.25;;(8, 9);;(23, 12);1;3676
6;0.25;;(8, 9);DropObjectTogether;(23, 12);1;3677
6;0.25;;(8, 9);;(23, 12);1;3678
6;0.25;;(8, 9);;(23, 12);1;3679
6;0.25;;(8, 9);;(23, 12);1;3680
6;0.25;;(8, 9);;(23, 12);1;3681
6;0.25;;(8, 9);;(23, 12);1;3682
6;0.25;;(8, 9);;(23, 12);1;3683
6;0.25;;(8, 9);;(23, 12);1;3684
6;0.25;;(8, 9);;(23, 12);1;3685
6;0.25;;(8, 9);;(23, 12);1;3686
6;0.25;;(8, 9);;(23, 12);1;3687
6;0.25;;(8, 9);;(23, 12);1;3688
6;0.25;;(8, 9);;(23, 12);1;3689
6;0.25;;(8, 9);;(23, 12);1;3690
6;0.25;;(8, 9);;(23, 12);1;3691
6;0.25;;(8, 9);;(23, 12);1;3692
6;0.25;;(8, 9);;(23, 12);1;3693
9;0.375;;(8, 9);Drop;(23, 12);1;3694
9;0.375;;(8, 9);;(23, 12);1;3695
9;0.375;;(8, 9);;(23, 12);1;3696
9;0.375;;(8, 9);;(23, 12);1;3697
9;0.375;;(8, 9);;(23, 12);1;3698
9;0.375;;(8, 9);;(23, 12);1;3699
9;0.375;;(8, 9);MoveWest;(22, 12);1;3700
9;0.375;;(8, 9);;(22, 12);1;3701
9;0.375;;(8, 9);;(22, 12);1;3702
9;0.375;;(8, 9);;(22, 12);1;3703
9;0.375;;(8, 9);;(22, 12);1;3704
9;0.375;;(8, 9);;(22, 12);1;3705
9;0.375;;(8, 9);;(22, 12);1;3706
9;0.375;;(8, 9);;(22, 12);1;3707
9;0.375;;(8, 9);;(22, 12);1;3708
9;0.375;;(8, 9);;(22, 12);1;3709
9;0.375;;(8, 9);;(22, 12);1;3710
9;0.375;;(8, 9);;(22, 12);1;3711
9;0.375;;(8, 9);;(22, 12);1;3712
9;0.375;;(8, 9);MoveEast;(23, 12);1;3713
9;0.375;;(8, 9);;(23, 12);1;3714
9;0.375;;(8, 9);;(23, 12);1;3715
9;0.375;;(8, 9);;(23, 12);1;3716
9;0.375;;(8, 9);MoveSouth;(23, 13);1;3717
9;0.375;;(8, 9);;(23, 13);1;3718
9;0.375;;(8, 9);;(23, 13);1;3719
9;0.375;;(8, 9);;(23, 13);1;3720
9;0.375;;(8, 9);MoveSouth;(23, 14);1;3721
9;0.375;;(8, 9);MoveSouth;(23, 15);1;3722
9;0.375;;(8, 9);;(23, 15);1;3723
9;0.375;;(8, 9);;(23, 15);1;3724
9;0.375;;(8, 9);;(23, 15);1;3725
9;0.375;;(8, 9);;(23, 15);1;3726
9;0.375;;(8, 9);;(23, 15);1;3727
9;0.375;;(8, 9);;(23, 15);1;3728
9;0.375;;(8, 9);;(23, 15);1;3729
9;0.375;;(8, 9);;(23, 15);1;3730
9;0.375;;(8, 9);;(23, 15);1;3731
9;0.375;;(8, 9);;(23, 15);1;3732
9;0.375;;(8, 9);;(23, 15);1;3733
9;0.375;;(8, 9);;(23, 15);1;3734
9;0.375;;(8, 9);;(23, 15);1;3735
9;0.375;;(8, 9);;(23, 15);1;3736
9;0.375;;(8, 9);MoveWest;(22, 15);1;3737
9;0.375;;(8, 9);;(22, 15);1;3738
9;0.375;;(8, 9);;(22, 15);1;3739
9;0.375;;(8, 9);MoveNorth;(22, 14);1;3740
9;0.375;;(8, 9);;(22, 14);1;3741
9;0.375;;(8, 9);MoveNorth;(22, 13);1;3742
9;0.375;;(8, 9);;(22, 13);1;3743
9;0.375;;(8, 9);MoveNorth;(22, 12);1;3744
9;0.375;;(8, 9);;(22, 12);1;3745
9;0.375;;(8, 9);MoveWest;(21, 12);1;3746
9;0.375;;(8, 9);;(21, 12);1;3747
9;0.375;;(8, 9);MoveNorth;(21, 11);1;3748
9;0.375;;(8, 9);;(21, 11);1;3749
9;0.375;;(8, 9);;(21, 11);1;3750
9;0.375;;(8, 9);MoveNorth;(21, 10);1;3751
9;0.375;;(8, 9);MoveNorth;(21, 9);1;3752
9;0.375;;(8, 9);;(21, 9);1;3753
9;0.375;;(8, 9);MoveNorth;(21, 8);1;3754
9;0.375;;(8, 9);;(21, 8);1;3755
9;0.375;;(8, 9);MoveEast;(22, 8);1;3756
9;0.375;;(8, 9);;(22, 8);1;3757
9;0.375;;(8, 9);;(22, 8);1;3758
9;0.375;;(8, 9);;(22, 8);1;3759
9;0.375;;(8, 9);MoveEast;(23, 8);1;3760
9;0.375;;(8, 9);MoveNorth;(23, 7);1;3761
9;0.375;;(8, 9);;(23, 7);1;3762
9;0.375;;(8, 9);MoveNorth;(23, 6);1;3763
9;0.375;;(8, 9);;(23, 6);1;3764
9;0.375;;(8, 9);;(23, 6);1;3765
9;0.375;;(8, 9);;(23, 6);1;3766
9;0.375;;(8, 9);MoveWest;(22, 6);1;3767
9;0.375;;(8, 9);;(22, 6);1;3768
9;0.375;;(8, 9);MoveNorth;(22, 5);1;3769
9;0.375;;(8, 9);;(22, 5);1;3770
9;0.375;;(8, 9);;(22, 5);1;3771
9;0.375;;(8, 9);;(22, 5);1;3772
9;0.375;;(8, 9);;(22, 5);1;3773
9;0.375;;(8, 9);;(22, 5);1;3774
9;0.375;;(8, 9);;(22, 5);1;3775
9;0.375;;(8, 9);;(22, 5);1;3776
9;0.375;;(8, 9);MoveWest;(22, 5);1;3777
9;0.375;;(8, 9);MoveWest;(22, 5);1;3778
9;0.375;;(8, 9);MoveWest;(22, 5);1;3779
9;0.375;;(8, 9);MoveWest;(22, 5);1;3780
9;0.375;;(8, 9);MoveWest;(22, 5);1;3781
9;0.375;;(8, 9);MoveWest;(21, 5);1;3782
9;0.375;;(8, 9);MoveNorth;(21, 4);1;3783
9;0.375;;(8, 9);;(21, 4);1;3784
9;0.375;;(8, 9);MoveNorth;(21, 3);1;3785
9;0.375;;(8, 9);MoveNorth;(21, 2);1;3786
9;0.375;;(8, 9);;(21, 2);1;3787
9;0.375;;(8, 9);MoveNorth;(21, 2);1;3788
9;0.375;;(8, 9);;(21, 2);1;3789
9;0.375;;(8, 9);MoveNorth;(21, 2);1;3790
9;0.375;;(8, 9);;(21, 2);1;3791
9;0.375;;(8, 9);;(21, 2);1;3792
9;0.375;;(8, 9);MoveSouth;(21, 3);1;3793
9;0.375;;(8, 9);;(21, 3);1;3794
9;0.375;;(8, 9);;(21, 3);1;3795
9;0.375;;(8, 9);;(21, 3);1;3796
9;0.375;;(8, 9);;(21, 3);1;3797
9;0.375;;(8, 9);;(21, 3);1;3798
9;0.375;;(8, 9);;(21, 3);1;3799
9;0.375;;(8, 9);;(21, 3);1;3800
9;0.375;;(8, 9);;(21, 3);1;3801
9;0.375;;(8, 9);;(21, 3);1;3802
9;0.375;;(8, 9);;(21, 3);1;3803
9;0.375;;(8, 9);;(21, 3);1;3804
9;0.375;;(8, 9);;(21, 3);1;3805
9;0.375;;(8, 9);;(21, 3);1;3806
9;0.375;;(8, 9);;(21, 3);1;3807
9;0.375;;(8, 9);;(21, 3);1;3808
9;0.375;;(8, 9);;(21, 3);1;3809
9;0.375;;(8, 9);;(21, 3);1;3810
9;0.375;;(8, 9);;(21, 3);1;3811
9;0.375;;(8, 9);;(21, 3);1;3812
9;0.375;;(8, 9);;(21, 3);1;3813
9;0.375;;(8, 9);;(21, 3);1;3814
9;0.375;;(8, 9);;(21, 3);1;3815
9;0.375;;(8, 9);;(21, 3);1;3816
9;0.375;;(8, 9);;(21, 3);1;3817
9;0.375;;(8, 9);;(21, 3);1;3818
9;0.375;;(8, 9);;(21, 3);1;3819
9;0.375;;(8, 9);;(21, 3);1;3820
9;0.375;;(8, 9);;(21, 3);1;3821
9;0.375;;(8, 9);;(21, 3);1;3822
9;0.375;;(8, 9);;(21, 3);1;3823
9;0.375;;(8, 9);;(21, 3);1;3824
9;0.375;;(8, 9);;(21, 3);1;3825
9;0.375;;(8, 9);;(21, 3);1;3826
9;0.375;Idle;(8, 9);;(21, 3);1;3827
9;0.375;Idle;(8, 9);;(21, 3);1;3828
9;0.375;Idle;(8, 9);;(21, 3);1;3829
9;0.375;Idle;(8, 9);;(21, 3);1;3830
9;0.375;Idle;(8, 9);;(21, 3);1;3831
9;0.375;Idle;(8, 9);;(21, 3);1;3832
9;0.375;Idle;(8, 9);;(21, 3);1;3833
9;0.375;Idle;(8, 9);;(21, 3);1;3834
9;0.375;Idle;(8, 9);;(21, 3);1;3835
9;0.375;Idle;(8, 9);;(21, 3);1;3836
9;0.375;Idle;(8, 9);;(21, 3);1;3837
9;0.375;Idle;(8, 9);;(21, 3);1;3838
9;0.375;Idle;(8, 9);;(21, 3);1;3839
9;0.375;Idle;(8, 9);;(21, 3);1;3840
9;0.375;Idle;(8, 9);;(21, 3);1;3841
9;0.375;Idle;(8, 9);;(21, 3);1;3842
9;0.375;Idle;(8, 9);;(21, 3);1;3843
9;0.375;Idle;(8, 9);;(21, 3);1;3844
9;0.375;Idle;(8, 9);;(21, 3);1;3845
9;0.375;Idle;(8, 9);;(21, 3);1;3846
9;0.375;Idle;(8, 9);;(21, 3);1;3847
9;0.375;Idle;(8, 9);;(21, 3);1;3848
9;0.375;Idle;(8, 9);;(21, 3);1;3849
9;0.375;Idle;(8, 9);;(21, 3);1;3850
9;0.375;Idle;(8, 9);;(21, 3);1;3851
9;0.375;Idle;(8, 9);;(21, 3);1;3852
9;0.375;MoveNorth;(8, 9);;(21, 3);1;3853
9;0.375;MoveNorth;(8, 9);;(21, 3);1;3854
9;0.375;MoveNorth;(8, 9);;(21, 3);1;3855
9;0.375;MoveNorth;(8, 9);;(21, 3);1;3856
9;0.375;MoveNorth;(8, 9);;(21, 3);1;3857
9;0.375;MoveNorth;(8, 9);;(21, 3);1;3858
9;0.375;MoveNorth;(8, 9);;(21, 3);1;3859
9;0.375;MoveNorth;(8, 9);;(21, 3);1;3860
9;0.375;MoveNorth;(8, 8);;(21, 3);1;3861
9;0.375;MoveNorthEast;(8, 8);;(21, 3);1;3862
9;0.375;MoveNorthEast;(8, 8);;(21, 3);1;3863
9;0.375;MoveNorthEast;(8, 8);;(21, 3);1;3864
9;0.375;MoveNorthEast;(8, 8);;(21, 3);1;3865
9;0.375;MoveNorthEast;(8, 8);;(21, 3);1;3866
9;0.375;MoveNorthEast;(8, 8);;(21, 3);1;3867
9;0.375;MoveNorthEast;(8, 8);;(21, 3);1;3868
9;0.375;MoveNorthEast;(8, 8);;(21, 3);1;3869
9;0.375;MoveNorthEast;(9, 7);;(21, 3);1;3870
9;0.375;MoveNorth;(9, 7);;(21, 3);1;3871
9;0.375;MoveNorth;(9, 7);;(21, 3);1;3872
9;0.375;MoveNorth;(9, 7);;(21, 3);1;3873
9;0.375;MoveNorth;(9, 7);;(21, 3);1;3874
9;0.375;MoveNorth;(9, 7);;(21, 3);1;3875
9;0.375;MoveNorth;(9, 7);;(21, 3);1;3876
9;0.375;MoveNorth;(9, 7);;(21, 3);1;3877
9;0.375;MoveNorth;(9, 7);;(21, 3);1;3878
9;0.375;MoveNorth;(9, 6);;(21, 3);1;3879
9;0.375;MoveNorth;(9, 6);;(21, 3);1;3880
9;0.375;MoveNorth;(9, 6);;(21, 3);1;3881
9;0.375;MoveNorth;(9, 6);;(21, 3);1;3882
9;0.375;MoveNorth;(9, 6);;(21, 3);1;3883
9;0.375;MoveNorth;(9, 6);;(21, 3);1;3884
9;0.375;MoveNorth;(9, 6);;(21, 3);1;3885
9;0.375;MoveNorth;(9, 6);;(21, 3);1;3886
9;0.375;MoveNorth;(9, 6);;(21, 3);1;3887
9;0.375;MoveNorth;(9, 5);;(21, 3);1;3888
9;0.375;;(9, 5);;(21, 3);1;3889
9;0.375;;(9, 5);;(21, 3);1;3890
9;0.375;;(9, 5);;(21, 3);1;3891
9;0.375;;(9, 5);;(21, 3);1;3892
9;0.375;;(9, 5);;(21, 3);1;3893
9;0.375;;(9, 5);;(21, 3);1;3894
9;0.375;;(9, 5);;(21, 3);1;3895
9;0.375;;(9, 5);;(21, 3);1;3896
9;0.375;;(9, 5);;(21, 3);1;3897
9;0.375;;(9, 5);;(21, 3);1;3898
9;0.375;;(9, 5);;(21, 3);1;3899
9;0.375;;(9, 5);;(21, 3);1;3900
9;0.375;;(9, 5);;(21, 3);1;3901
9;0.375;;(9, 5);;(21, 3);1;3902
9;0.375;;(9, 5);;(21, 3);1;3903
9;0.375;;(9, 5);;(21, 3);1;3904
9;0.375;;(9, 5);;(21, 3);1;3905
9;0.375;;(9, 5);;(21, 3);1;3906
9;0.375;;(9, 5);;(21, 3);1;3907
9;0.375;;(9, 5);;(21, 3);1;3908
9;0.375;;(9, 5);;(21, 3);1;3909
9;0.375;;(9, 5);;(21, 3);1;3910
9;0.375;;(9, 5);;(21, 3);1;3911
9;0.375;;(9, 5);;(21, 3);1;3912
9;0.375;;(9, 5);;(21, 3);1;3913
9;0.375;;(9, 5);;(21, 3);1;3914
9;0.375;;(9, 5);;(21, 3);1;3915
9;0.375;;(9, 5);;(21, 3);1;3916
9;0.375;;(9, 5);;(21, 3);1;3917
9;0.375;;(9, 5);;(21, 3);1;3918
9;0.375;;(9, 5);;(21, 3);1;3919
9;0.375;;(9, 5);;(21, 3);1;3920
9;0.375;;(9, 5);;(21, 3);1;3921
9;0.375;;(9, 5);;(21, 3);1;3922
9;0.375;;(9, 5);;(21, 3);1;3923
9;0.375;;(9, 5);;(21, 3);1;3924
9;0.375;;(9, 5);;(21, 3);1;3925
9;0.375;;(9, 5);;(21, 3);1;3926
9;0.375;;(9, 5);;(21, 3);1;3927
9;0.375;;(9, 5);;(21, 3);1;3928
9;0.375;;(9, 5);;(21, 3);1;3929
9;0.375;;(9, 5);;(21, 3);1;3930
9;0.375;;(9, 5);;(21, 3);1;3931
9;0.375;;(9, 5);;(21, 3);1;3932
9;0.375;;(9, 5);;(21, 3);1;3933
9;0.375;;(9, 5);;(21, 3);1;3934
9;0.375;;(9, 5);;(21, 3);1;3935
9;0.375;;(9, 5);;(21, 3);1;3936
9;0.375;;(9, 5);;(21, 3);1;3937
9;0.375;;(9, 5);;(21, 3);1;3938
9;0.375;;(9, 5);;(21, 3);1;3939
9;0.375;;(9, 5);;(21, 3);1;3940
9;0.375;;(9, 5);;(21, 3);1;3941
9;0.375;;(9, 5);;(21, 3);1;3942
9;0.375;;(9, 5);;(21, 3);1;3943
9;0.375;;(9, 5);;(21, 3);1;3944
9;0.375;;(9, 5);;(21, 3);1;3945
9;0.375;;(9, 5);;(21, 3);1;3946
9;0.375;;(9, 5);;(21, 3);1;3947
9;0.375;;(9, 5);;(21, 3);1;3948
9;0.375;;(9, 5);;(21, 3);1;3949
9;0.375;;(9, 5);;(21, 3);1;3950
9;0.375;;(9, 5);;(21, 3);1;3951
9;0.375;;(9, 5);;(21, 3);1;3952
9;0.375;;(9, 5);;(21, 3);1;3953
9;0.375;;(9, 5);;(21, 3);1;3954
9;0.375;;(9, 5);;(21, 3);1;3955
9;0.375;;(9, 5);;(21, 3);1;3956
9;0.375;;(9, 5);;(21, 3);1;3957
9;0.375;;(9, 5);;(21, 3);1;3958
9;0.375;;(9, 5);;(21, 3);1;3959
9;0.375;;(9, 5);;(21, 3);1;3960
9;0.375;;(9, 5);;(21, 3);1;3961
9;0.375;;(9, 5);;(21, 3);1;3962
9;0.375;;(9, 5);;(21, 3);1;3963
9;0.375;;(9, 5);;(21, 3);1;3964
9;0.375;;(9, 5);;(21, 3);1;3965
9;0.375;;(9, 5);;(21, 3);1;3966
9;0.375;;(9, 5);;(21, 3);1;3967
9;0.375;;(9, 5);;(21, 3);1;3968
9;0.375;;(9, 5);;(21, 3);1;3969
9;0.375;;(9, 5);;(21, 3);1;3970
9;0.375;;(9, 5);;(21, 3);1;3971
9;0.375;;(9, 5);;(21, 3);1;3972
9;0.375;;(9, 5);;(21, 3);1;3973
9;0.375;;(9, 5);;(21, 3);1;3974
9;0.375;;(9, 5);;(21, 3);1;3975
9;0.375;;(9, 5);;(21, 3);1;3976
9;0.375;;(9, 5);;(21, 3);1;3977
9;0.375;;(9, 5);;(21, 3);1;3978
9;0.375;;(9, 5);;(21, 3);1;3979
9;0.375;;(9, 5);;(21, 3);1;3980
9;0.375;;(9, 5);;(21, 3);1;3981
9;0.375;;(9, 5);;(21, 3);1;3982
9;0.375;;(9, 5);;(21, 3);1;3983
9;0.375;;(9, 5);;(21, 3);1;3984
9;0.375;;(9, 5);;(21, 3);1;3985
9;0.375;;(9, 5);;(21, 3);1;3986
9;0.375;;(9, 5);;(21, 3);1;3987
9;0.375;;(9, 5);;(21, 3);1;3988
9;0.375;;(9, 5);;(21, 3);1;3989
9;0.375;;(9, 5);;(21, 3);1;3990
9;0.375;;(9, 5);;(21, 3);1;3991
9;0.375;;(9, 5);;(21, 3);1;3992
9;0.375;;(9, 5);;(21, 3);1;3993
9;0.375;;(9, 5);MoveSouth;(21, 4);1;3994
9;0.375;;(9, 5);;(21, 4);1;3995
9;0.375;;(9, 5);MoveSouth;(21, 5);1;3996
9;0.375;;(9, 5);;(21, 5);1;3997
9;0.375;;(9, 5);MoveSouth;(21, 6);1;3998
9;0.375;;(9, 5);;(21, 6);1;3999
9;0.375;;(9, 5);;(21, 6);1;4000
9;0.375;;(9, 5);;(21, 6);1;4001
9;0.375;;(9, 5);;(21, 6);1;4002
9;0.375;;(9, 5);MoveWest;(20, 6);1;4003
9;0.375;;(9, 5);;(20, 6);1;4004
9;0.375;;(9, 5);MoveWest;(19, 6);1;4005
9;0.375;;(9, 5);MoveWest;(19, 6);1;4006
9;0.375;;(9, 5);MoveWest;(19, 6);1;4007
9;0.375;;(9, 5);MoveWest;(19, 6);1;4008
9;0.375;;(9, 5);MoveWest;(19, 6);1;4009
9;0.375;;(9, 5);MoveWest;(19, 6);1;4010
9;0.375;;(9, 5);MoveWest;(18, 6);1;4011
9;0.375;;(9, 5);MoveWest;(17, 6);1;4012
9;0.375;;(9, 5);MoveWest;(16, 6);1;4013
9;0.375;;(9, 5);;(16, 6);1;4014
9;0.375;;(9, 5);MoveNorth;(16, 5);1;4015
9;0.375;;(9, 5);;(16, 5);1;4016
9;0.375;;(9, 5);;(16, 5);1;4017
9;0.375;;(9, 5);MoveWest;(15, 5);1;4018
9;0.375;;(9, 5);;(15, 5);1;4019
9;0.375;;(9, 5);MoveWest;(14, 5);1;4020
9;0.375;;(9, 5);;(14, 5);1;4021
9;0.375;;(9, 5);MoveWest;(13, 5);1;4022
9;0.375;;(9, 5);MoveWest;(12, 5);1;4023
9;0.375;;(9, 5);;(12, 5);1;4024
9;0.375;;(9, 5);MoveWest;(11, 5);1;4025
9;0.375;;(9, 5);;(11, 5);1;4026
9;0.375;;(9, 5);MoveWest;(10, 5);1;4027
9;0.375;;(9, 5);MoveWest;(10, 5);1;4028
9;0.375;;(9, 5);MoveWest;(10, 5);1;4029
9;0.375;;(9, 5);MoveWest;(10, 5);1;4030
9;0.375;;(9, 5);MoveWest;(10, 5);1;4031
9;0.375;;(9, 5);MoveWest;(10, 5);1;4032
9;0.375;;(9, 5);MoveWest;(9, 5);1;4033
9;0.375;;(9, 5);;(9, 5);1;4034
9;0.375;;(9, 5);;(9, 5);1;4035
9;0.375;;(9, 5);;(9, 5);1;4036
9;0.375;;(9, 5);;(9, 5);1;4037
9;0.375;;(9, 5);;(9, 5);1;4038
9;0.375;;(9, 5);;(9, 5);1;4039
9;0.375;;(9, 5);;(9, 5);1;4040
9;0.375;;(9, 5);;(9, 5);1;4041
9;0.375;;(9, 5);;(9, 5);1;4042
9;0.375;;(9, 5);RemoveObjectTogether;(9, 5);1;4043
9;0.375;;(9, 5);RemoveObjectTogether;(9, 5);1;4044
9;0.375;;(9, 5);RemoveObjectTogether;(9, 5);1;4045
9;0.375;;(9, 5);RemoveObjectTogether;(9, 5);1;4046
9;0.375;;(9, 5);RemoveObjectTogether;(9, 5);1;4047
9;0.375;;(9, 5);RemoveObjectTogether;(9, 5);1;4048
9;0.375;;(9, 5);RemoveObjectTogether;(9, 5);1;4049
9;0.375;;(9, 5);RemoveObjectTogether;(9, 5);1;4050
9;0.375;;(9, 5);RemoveObjectTogether;(9, 5);1;4051
9;0.375;;(9, 5);RemoveObjectTogether;(9, 5);1;4052
9;0.375;;(9, 5);RemoveObjectTogether;(9, 5);1;4053
9;0.375;;(9, 5);RemoveObjectTogether;(9, 5);1;4054
9;0.375;;(9, 5);RemoveObjectTogether;(9, 5);1;4055
9;0.375;;(9, 5);RemoveObjectTogether;(9, 5);1;4056
9;0.375;;(9, 5);RemoveObjectTogether;(9, 5);1;4057
9;0.375;;(9, 5);RemoveObjectTogether;(9, 5);1;4058
9;0.375;;(9, 5);RemoveObjectTogether;(9, 5);1;4059
9;0.375;;(9, 5);RemoveObjectTogether;(9, 5);1;4060
9;0.375;;(9, 5);RemoveObjectTogether;(9, 5);1;4061
9;0.375;;(9, 5);RemoveObjectTogether;(9, 5);1;4062
9;0.375;;(9, 5);RemoveObjectTogether;(9, 5);1;4063
9;0.375;;(9, 5);RemoveObjectTogether;(9, 5);1;4064
9;0.375;;(9, 5);RemoveObjectTogether;(9, 5);1;4065
9;0.375;;(9, 5);RemoveObjectTogether;(9, 5);1;4066
9;0.375;;(9, 5);RemoveObjectTogether;(9, 5);1;4067
9;0.375;;(9, 5);RemoveObjectTogether;(9, 5);1;4068
9;0.375;MoveNorth;(9, 5);;(9, 5);1;4069
9;0.375;MoveNorth;(9, 5);;(9, 5);1;4070
9;0.375;MoveNorth;(9, 5);;(9, 5);1;4071
9;0.375;MoveNorth;(9, 5);;(9, 5);1;4072
9;0.375;MoveNorth;(9, 5);;(9, 5);1;4073
9;0.375;MoveNorth;(9, 5);;(9, 5);1;4074
9;0.375;MoveNorth;(9, 5);;(9, 5);1;4075
9;0.375;MoveNorth;(9, 5);;(9, 5);1;4076
9;0.375;MoveNorth;(9, 4);;(9, 5);1;4077
9;0.375;MoveNorthWest;(9, 4);;(9, 5);1;4078
9;0.375;MoveNorthWest;(9, 4);;(9, 5);1;4079
9;0.375;MoveNorthWest;(9, 4);;(9, 5);1;4080
9;0.375;MoveNorthWest;(9, 4);;(9, 5);1;4081
9;0.375;MoveNorthWest;(9, 4);;(9, 5);1;4082
9;0.375;MoveNorthWest;(9, 4);;(9, 5);1;4083
9;0.375;MoveNorthWest;(9, 4);;(9, 5);1;4084
9;0.375;MoveNorthWest;(9, 4);;(9, 5);1;4085
9;0.375;MoveNorthWest;(8, 3);;(9, 5);1;4086
9;0.375;MoveNorth;(8, 3);;(9, 5);1;4087
9;0.375;MoveNorth;(8, 3);;(9, 5);1;4088
9;0.375;MoveNorth;(8, 3);;(9, 5);1;4089
9;0.375;MoveNorth;(8, 3);;(9, 5);1;4090
9;0.375;MoveNorth;(8, 3);;(9, 5);1;4091
9;0.375;MoveNorth;(8, 3);;(9, 5);1;4092
9;0.375;MoveNorth;(8, 3);;(9, 5);1;4093
9;0.375;MoveNorth;(8, 3);;(9, 5);1;4094
9;0.375;MoveNorth;(8, 2);;(9, 5);1;4095
9;0.375;MoveSouthEast;(8, 2);;(9, 5);1;4096
9;0.375;MoveSouthEast;(8, 2);;(9, 5);1;4097
9;0.375;MoveSouthEast;(8, 2);;(9, 5);1;4098
9;0.375;MoveSouthEast;(8, 2);;(9, 5);1;4099
9;0.375;MoveSouthEast;(8, 2);;(9, 5);1;4100
9;0.375;MoveSouthEast;(8, 2);;(9, 5);1;4101
9;0.375;MoveSouthEast;(8, 2);;(9, 5);1;4102
9;0.375;MoveSouthEast;(8, 2);;(9, 5);1;4103
9;0.375;MoveSouthEast;(9, 3);;(9, 5);1;4104
9;0.375;MoveNorthEast;(9, 3);;(9, 5);1;4105
9;0.375;MoveNorthEast;(9, 3);;(9, 5);1;4106
9;0.375;MoveNorthEast;(9, 3);;(9, 5);1;4107
9;0.375;MoveNorthEast;(9, 3);;(9, 5);1;4108
9;0.375;MoveNorthEast;(9, 3);;(9, 5);1;4109
9;0.375;MoveNorthEast;(9, 3);;(9, 5);1;4110
9;0.375;MoveNorthEast;(9, 3);;(9, 5);1;4111
9;0.375;MoveNorthEast;(9, 3);;(9, 5);1;4112
9;0.375;MoveNorthEast;(10, 2);;(9, 5);1;4113
9;0.375;;(10, 2);;(9, 5);1;4114
9;0.375;;(10, 2);;(9, 5);1;4115
9;0.375;;(10, 2);;(9, 5);1;4116
9;0.375;;(10, 2);;(9, 5);1;4117
9;0.375;;(10, 2);;(9, 5);1;4118
9;0.375;;(10, 2);;(9, 5);1;4119
9;0.375;;(10, 2);;(9, 5);1;4120
9;0.375;;(10, 2);;(9, 5);1;4121
9;0.375;;(10, 2);;(9, 5);1;4122
9;0.375;;(10, 2);;(9, 5);1;4123
9;0.375;;(10, 2);;(9, 5);1;4124
9;0.375;;(10, 2);;(9, 5);1;4125
9;0.375;;(10, 2);;(9, 5);1;4126
9;0.375;;(10, 2);;(9, 5);1;4127
9;0.375;;(10, 2);;(9, 5);1;4128
9;0.375;;(10, 2);;(9, 5);1;4129
9;0.375;;(10, 2);;(9, 5);1;4130
9;0.375;;(10, 2);;(9, 5);1;4131
9;0.375;;(10, 2);;(9, 5);1;4132
9;0.375;;(10, 2);;(9, 5);1;4133
9;0.375;;(10, 2);;(9, 5);1;4134
9;0.375;;(10, 2);;(9, 5);1;4135
9;0.375;;(10, 2);;(9, 5);1;4136
9;0.375;;(10, 2);;(9, 5);1;4137
9;0.375;;(10, 2);;(9, 5);1;4138
9;0.375;;(10, 2);;(9, 5);1;4139
9;0.375;;(10, 2);;(9, 5);1;4140
9;0.375;;(10, 2);;(9, 5);1;4141
9;0.375;;(10, 2);;(9, 5);1;4142
9;0.375;;(10, 2);;(9, 5);1;4143
9;0.375;;(10, 2);;(9, 5);1;4144
9;0.375;;(10, 2);;(9, 5);1;4145
9;0.375;;(10, 2);;(9, 5);1;4146
9;0.375;;(10, 2);;(9, 5);1;4147
9;0.375;;(10, 2);;(9, 5);1;4148
9;0.375;;(10, 2);;(9, 5);1;4149
9;0.375;;(10, 2);;(9, 5);1;4150
9;0.375;;(10, 2);;(9, 5);1;4151
9;0.375;;(10, 2);;(9, 5);1;4152
9;0.375;;(10, 2);;(9, 5);1;4153
9;0.375;;(10, 2);;(9, 5);1;4154
9;0.375;;(10, 2);;(9, 5);1;4155
9;0.375;;(10, 2);;(9, 5);1;4156
9;0.375;;(10, 2);;(9, 5);1;4157
9;0.375;;(10, 2);;(9, 5);1;4158
9;0.375;;(10, 2);;(9, 5);1;4159
9;0.375;;(10, 2);;(9, 5);1;4160
9;0.375;;(10, 2);;(9, 5);1;4161
9;0.375;;(10, 2);;(9, 5);1;4162
9;0.375;;(10, 2);;(9, 5);1;4163
9;0.375;;(10, 2);;(9, 5);1;4164
9;0.375;;(10, 2);;(9, 5);1;4165
9;0.375;;(10, 2);;(9, 5);1;4166
9;0.375;;(10, 2);;(9, 5);1;4167
9;0.375;;(10, 2);;(9, 5);1;4168
9;0.375;;(10, 2);;(9, 5);1;4169
9;0.375;;(10, 2);;(9, 5);1;4170
9;0.375;;(10, 2);;(9, 5);1;4171
9;0.375;;(10, 2);;(9, 5);1;4172
9;0.375;;(10, 2);;(9, 5);1;4173
9;0.375;;(10, 2);;(9, 5);1;4174
9;0.375;;(10, 2);;(9, 5);1;4175
9;0.375;;(10, 2);;(9, 5);1;4176
9;0.375;;(10, 2);;(9, 5);1;4177
9;0.375;;(10, 2);;(9, 5);1;4178
9;0.375;;(10, 2);MoveNorth;(9, 4);1;4179
9;0.375;;(10, 2);;(9, 4);1;4180
9;0.375;;(10, 2);;(9, 4);1;4181
9;0.375;;(10, 2);;(9, 4);1;4182
9;0.375;;(10, 2);;(9, 4);1;4183
9;0.375;;(10, 2);MoveNorth;(9, 3);1;4184
9;0.375;;(10, 2);;(9, 3);1;4185
9;0.375;;(10, 2);MoveNorth;(9, 2);1;4186
9;0.375;;(10, 2);;(9, 2);1;4187
9;0.375;;(10, 2);;(9, 2);1;4188
9;0.375;;(10, 2);;(9, 2);1;4189
9;0.375;;(10, 2);;(9, 2);1;4190
9;0.375;;(10, 2);;(9, 2);1;4191
9;0.375;;(10, 2);;(9, 2);1;4192
9;0.375;;(10, 2);MoveSouth;(9, 3);1;4193
9;0.375;;(10, 2);;(9, 3);1;4194
9;0.375;;(10, 2);;(9, 3);1;4195
9;0.375;;(10, 2);;(9, 3);1;4196
9;0.375;;(10, 2);;(9, 3);1;4197
9;0.375;;(10, 2);;(9, 3);1;4198
9;0.375;;(10, 2);;(9, 3);1;4199
9;0.375;;(10, 2);;(9, 3);1;4200
9;0.375;;(10, 2);;(9, 3);1;4201
9;0.375;;(10, 2);;(9, 3);1;4202
9;0.375;;(10, 2);;(9, 3);1;4203
9;0.375;;(10, 2);;(9, 3);1;4204
9;0.375;;(10, 2);;(9, 3);1;4205
9;0.375;;(10, 2);;(9, 3);1;4206
9;0.375;;(10, 2);;(9, 3);1;4207
9;0.375;;(10, 2);;(9, 3);1;4208
9;0.375;;(10, 2);;(9, 3);1;4209
9;0.375;;(10, 2);;(9, 3);1;4210
9;0.375;;(10, 2);;(9, 3);1;4211
9;0.375;;(10, 2);;(9, 3);1;4212
9;0.375;;(10, 2);;(9, 3);1;4213
9;0.375;;(10, 2);;(9, 3);1;4214
9;0.375;;(10, 2);;(9, 3);1;4215
9;0.375;;(10, 2);;(9, 3);1;4216
9;0.375;;(10, 2);;(9, 3);1;4217
9;0.375;;(10, 2);;(9, 3);1;4218
9;0.375;;(10, 2);;(9, 3);1;4219
9;0.375;;(10, 2);;(9, 3);1;4220
9;0.375;;(10, 2);;(9, 3);1;4221
9;0.375;;(10, 2);;(9, 3);1;4222
9;0.375;;(10, 2);;(9, 3);1;4223
9;0.375;;(10, 2);;(9, 3);1;4224
9;0.375;;(10, 2);;(9, 3);1;4225
9;0.375;;(10, 2);;(9, 3);1;4226
9;0.375;;(10, 2);;(9, 3);1;4227
9;0.375;;(10, 2);;(9, 3);1;4228
9;0.375;Idle;(10, 2);;(9, 3);1;4229
9;0.375;Idle;(10, 2);;(9, 3);1;4230
9;0.375;Idle;(10, 2);;(9, 3);1;4231
9;0.375;Idle;(10, 2);;(9, 3);1;4232
9;0.375;Idle;(10, 2);MoveSouth;(9, 4);1;4233
9;0.375;Idle;(10, 2);;(9, 4);1;4234
9;0.375;Idle;(10, 2);;(9, 4);1;4235
9;0.375;Idle;(10, 2);;(9, 4);1;4236
9;0.375;Idle;(10, 2);MoveSouth;(9, 5);1;4237
9;0.375;Idle;(10, 2);;(9, 5);1;4238
9;0.375;Idle;(10, 2);MoveSouth;(9, 6);1;4239
9;0.375;Idle;(10, 2);;(9, 6);1;4240
9;0.375;Idle;(10, 2);;(9, 6);1;4241
9;0.375;Idle;(10, 2);;(9, 6);1;4242
9;0.375;Idle;(10, 2);;(9, 6);1;4243
9;0.375;Idle;(10, 2);;(9, 6);1;4244
9;0.375;Idle;(10, 2);;(9, 6);1;4245
9;0.375;Idle;(10, 2);;(9, 6);1;4246
9;0.375;Idle;(10, 2);;(9, 6);1;4247
9;0.375;Idle;(10, 2);;(9, 6);1;4248
9;0.375;Idle;(10, 2);;(9, 6);1;4249
9;0.375;Idle;(10, 2);;(9, 6);1;4250
9;0.375;Idle;(10, 2);;(9, 6);1;4251
9;0.375;Idle;(10, 2);;(9, 6);1;4252
9;0.375;Idle;(10, 2);;(9, 6);1;4253
9;0.375;Idle;(10, 2);;(9, 6);1;4254
9;0.375;MoveSouth;(10, 2);;(9, 6);1;4255
9;0.375;MoveSouth;(10, 2);;(9, 6);1;4256
9;0.375;MoveSouth;(10, 2);;(9, 6);1;4257
9;0.375;MoveSouth;(10, 2);;(9, 6);1;4258
9;0.375;MoveSouth;(10, 2);;(9, 6);1;4259
9;0.375;MoveSouth;(10, 2);;(9, 6);1;4260
9;0.375;MoveSouth;(10, 2);;(9, 6);1;4261
9;0.375;MoveSouth;(10, 2);;(9, 6);1;4262
9;0.375;MoveSouth;(10, 3);;(9, 6);1;4263
9;0.375;;(10, 3);;(9, 6);1;4264
9;0.375;;(10, 3);;(9, 6);1;4265
9;0.375;;(10, 3);;(9, 6);1;4266
9;0.375;;(10, 3);;(9, 6);1;4267
9;0.375;;(10, 3);;(9, 6);1;4268
9;0.375;;(10, 3);;(9, 6);1;4269
9;0.375;;(10, 3);MoveEast;(10, 6);1;4270
9;0.375;;(10, 3);;(10, 6);1;4271
9;0.375;;(10, 3);MoveEast;(10, 6);1;4272
9;0.375;;(10, 3);MoveEast;(10, 6);1;4273
9;0.375;;(10, 3);MoveEast;(10, 6);1;4274
9;0.375;;(10, 3);MoveEast;(10, 6);1;4275
9;0.375;;(10, 3);MoveEast;(10, 6);1;4276
9;0.375;;(10, 3);MoveEast;(11, 6);1;4277
9;0.375;;(10, 3);MoveEast;(11, 6);1;4278
9;0.375;;(10, 3);MoveEast;(11, 6);1;4279
9;0.375;;(10, 3);MoveEast;(11, 6);1;4280
9;0.375;;(10, 3);MoveEast;(11, 6);1;4281
9;0.375;;(10, 3);MoveEast;(11, 6);1;4282
9;0.375;;(10, 3);MoveEast;(12, 6);1;4283
9;0.375;;(10, 3);MoveEast;(12, 6);1;4284
9;0.375;;(10, 3);MoveEast;(12, 6);1;4285
9;0.375;;(10, 3);MoveEast;(12, 6);1;4286
9;0.375;;(10, 3);MoveEast;(12, 6);1;4287
9;0.375;;(10, 3);MoveEast;(12, 6);1;4288
9;0.375;;(10, 3);MoveEast;(13, 6);1;4289
9;0.375;;(10, 3);MoveEast;(14, 6);1;4290
9;0.375;;(10, 3);;(14, 6);1;4291
9;0.375;;(10, 3);;(14, 6);1;4292
9;0.375;;(10, 3);;(14, 6);1;4293
9;0.375;;(10, 3);;(14, 6);1;4294
9;0.375;;(10, 3);;(14, 6);1;4295
9;0.375;;(10, 3);;(14, 6);1;4296
9;0.375;;(10, 3);MoveEast;(15, 6);1;4297
9;0.375;;(10, 3);;(15, 6);1;4298
9;0.375;;(10, 3);;(15, 6);1;4299
9;0.375;;(10, 3);;(15, 6);1;4300
9;0.375;;(10, 3);;(15, 6);1;4301
9;0.375;;(10, 3);;(15, 6);1;4302
9;0.375;;(10, 3);;(15, 6);1;4303
9;0.375;;(10, 3);;(15, 6);1;4304
9;0.375;;(10, 3);MoveSouth;(15, 6);1;4305
9;0.375;;(10, 3);;(15, 6);1;4306
9;0.375;;(10, 3);;(15, 6);1;4307
9;0.375;;(10, 3);MoveSouth;(15, 6);1;4308
9;0.375;;(10, 3);;(15, 6);1;4309
9;0.375;;(10, 3);;(15, 6);1;4310
9;0.375;;(10, 3);MoveNorth;(15, 5);1;4311
9;0.375;;(10, 3);;(15, 5);1;4312
9;0.375;;(10, 3);MoveNorth;(15, 5);1;4313
9;0.375;;(10, 3);;(15, 5);1;4314
9;0.375;;(10, 3);MoveNorth;(15, 5);1;4315
9;0.375;;(10, 3);MoveNorth;(15, 5);1;4316
9;0.375;;(10, 3);;(15, 5);1;4317
9;0.375;;(10, 3);MoveNorth;(15, 5);1;4318
9;0.375;;(10, 3);MoveNorth;(15, 5);1;4319
9;0.375;;(10, 3);;(15, 5);1;4320
9;0.375;;(10, 3);MoveNorth;(15, 5);1;4321
9;0.375;;(10, 3);;(15, 5);1;4322
9;0.375;;(10, 3);MoveNorth;(15, 5);1;4323
9;0.375;;(10, 3);;(15, 5);1;4324
9;0.375;;(10, 3);;(15, 5);1;4325
9;0.375;;(10, 3);;(15, 5);1;4326
9;0.375;;(10, 3);;(15, 5);1;4327
9;0.375;;(10, 3);;(15, 5);1;4328
9;0.375;;(10, 3);;(15, 5);1;4329
9;0.375;;(10, 3);;(15, 5);1;4330
9;0.375;;(10, 3);;(15, 5);1;4331
9;0.375;;(10, 3);;(15, 5);1;4332
9;0.375;;(10, 3);;(15, 5);1;4333
9;0.375;;(10, 3);;(15, 5);1;4334
9;0.375;;(10, 3);;(15, 5);1;4335
9;0.375;;(10, 3);;(15, 5);1;4336
9;0.375;;(10, 3);;(15, 5);1;4337
9;0.375;;(10, 3);;(15, 5);1;4338
9;0.375;;(10, 3);;(15, 5);1;4339
9;0.375;;(10, 3);;(15, 5);1;4340
9;0.375;;(10, 3);;(15, 5);1;4341
9;0.375;;(10, 3);;(15, 5);1;4342
9;0.375;;(10, 3);;(15, 5);1;4343
9;0.375;;(10, 3);;(15, 5);1;4344
9;0.375;;(10, 3);;(15, 5);1;4345
9;0.375;;(10, 3);;(15, 5);1;4346
9;0.375;;(10, 3);;(15, 5);1;4347
9;0.375;;(10, 3);;(15, 5);1;4348
9;0.375;;(10, 3);;(15, 5);1;4349
9;0.375;;(10, 3);;(15, 5);1;4350
9;0.375;;(10, 3);;(15, 5);1;4351
9;0.375;;(10, 3);;(15, 5);1;4352
9;0.375;;(10, 3);;(15, 5);1;4353
9;0.375;;(10, 3);;(15, 5);1;4354
9;0.375;;(10, 3);;(15, 5);1;4355
9;0.375;;(10, 3);;(15, 5);1;4356
9;0.375;;(10, 3);;(15, 5);1;4357
9;0.375;;(10, 3);;(15, 5);1;4358
9;0.375;;(10, 3);;(15, 5);1;4359
9;0.375;MoveSouthWest;(10, 3);;(15, 5);1;4360
9;0.375;MoveSouthWest;(10, 3);;(15, 5);1;4361
9;0.375;MoveSouthWest;(10, 3);;(15, 5);1;4362
9;0.375;MoveSouthWest;(10, 3);;(15, 5);1;4363
9;0.375;MoveSouthWest;(10, 3);;(15, 5);1;4364
9;0.375;MoveSouthWest;(10, 3);;(15, 5);1;4365
9;0.375;MoveSouthWest;(10, 3);;(15, 5);1;4366
9;0.375;MoveSouthWest;(10, 3);;(15, 5);1;4367
9;0.375;MoveSouthWest;(9, 4);;(15, 5);1;4368
9;0.375;Idle;(9, 4);;(15, 5);1;4369
9;0.375;Idle;(9, 4);;(15, 5);1;4370
9;0.375;Idle;(9, 4);;(15, 5);1;4371
9;0.375;Idle;(9, 4);;(15, 5);1;4372
9;0.375;Idle;(9, 4);;(15, 5);1;4373
9;0.375;Idle;(9, 4);;(15, 5);1;4374
9;0.375;Idle;(9, 4);;(15, 5);1;4375
9;0.375;Idle;(9, 4);;(15, 5);1;4376
9;0.375;Idle;(9, 4);;(15, 5);1;4377
9;0.375;Idle;(9, 4);;(15, 5);1;4378
9;0.375;Idle;(9, 4);;(15, 5);1;4379
9;0.375;Idle;(9, 4);;(15, 5);1;4380
9;0.375;Idle;(9, 4);;(15, 5);1;4381
9;0.375;Idle;(9, 4);;(15, 5);1;4382
9;0.375;Idle;(9, 4);;(15, 5);1;4383
9;0.375;Idle;(9, 4);;(15, 5);1;4384
9;0.375;Idle;(9, 4);;(15, 5);1;4385
9;0.375;Idle;(9, 4);;(15, 5);1;4386
9;0.375;Idle;(9, 4);;(15, 5);1;4387
9;0.375;Idle;(9, 4);;(15, 5);1;4388
9;0.375;Idle;(9, 4);;(15, 5);1;4389
9;0.375;Idle;(9, 4);;(15, 5);1;4390
9;0.375;Idle;(9, 4);;(15, 5);1;4391
9;0.375;Idle;(9, 4);;(15, 5);1;4392
9;0.375;Idle;(9, 4);;(15, 5);1;4393
9;0.375;Idle;(9, 4);;(15, 5);1;4394
9;0.375;MoveNorthEast;(9, 4);;(15, 5);1;4395
9;0.375;MoveNorthEast;(9, 4);;(15, 5);1;4396
9;0.375;MoveNorthEast;(9, 4);;(15, 5);1;4397
9;0.375;MoveNorthEast;(9, 4);;(15, 5);1;4398
9;0.375;MoveNorthEast;(9, 4);;(15, 5);1;4399
9;0.375;MoveNorthEast;(9, 4);MoveSouth;(15, 6);1;4400
9;0.375;MoveNorthEast;(9, 4);;(15, 6);1;4401
9;0.375;MoveNorthEast;(9, 4);MoveSouth;(15, 6);1;4402
9;0.375;MoveNorthEast;(10, 3);MoveSouth;(15, 6);1;4403
9;0.375;;(10, 3);;(15, 6);1;4404
9;0.375;;(10, 3);MoveSouth;(15, 6);1;4405
9;0.375;;(10, 3);;(15, 6);1;4406
9;0.375;;(10, 3);;(15, 6);1;4407
9;0.375;;(10, 3);;(15, 6);1;4408
9;0.375;;(10, 3);MoveWest;(14, 6);1;4409
9;0.375;;(10, 3);;(14, 6);1;4410
9;0.375;;(10, 3);MoveWest;(13, 6);1;4411
9;0.375;;(10, 3);;(13, 6);1;4412
9;0.375;;(10, 3);MoveWest;(12, 6);1;4413
9;0.375;;(10, 3);MoveWest;(12, 6);1;4414
9;0.375;;(10, 3);MoveWest;(12, 6);1;4415
9;0.375;;(10, 3);MoveWest;(12, 6);1;4416
9;0.375;;(10, 3);MoveWest;(12, 6);1;4417
9;0.375;;(10, 3);MoveWest;(12, 6);1;4418
9;0.375;;(10, 3);MoveWest;(11, 6);1;4419
9;0.375;;(10, 3);MoveWest;(11, 6);1;4420
9;0.375;;(10, 3);MoveWest;(11, 6);1;4421
9;0.375;;(10, 3);MoveWest;(11, 6);1;4422
9;0.375;;(10, 3);MoveWest;(11, 6);1;4423
9;0.375;;(10, 3);MoveWest;(11, 6);1;4424
9;0.375;;(10, 3);MoveWest;(10, 6);1;4425
9;0.375;;(10, 3);MoveWest;(10, 6);1;4426
9;0.375;;(10, 3);MoveWest;(10, 6);1;4427
9;0.375;;(10, 3);MoveWest;(10, 6);1;4428
9;0.375;;(10, 3);MoveWest;(10, 6);1;4429
9;0.375;;(10, 3);MoveWest;(10, 6);1;4430
9;0.375;;(10, 3);MoveWest;(9, 6);1;4431
9;0.375;;(10, 3);;(9, 6);1;4432
9;0.375;;(10, 3);;(9, 6);1;4433
9;0.375;;(10, 3);;(9, 6);1;4434
9;0.375;;(10, 3);;(9, 6);1;4435
9;0.375;;(10, 3);MoveSouth;(9, 7);1;4436
9;0.375;;(10, 3);MoveSouth;(9, 8);1;4437
9;0.375;;(10, 3);;(9, 8);1;4438
9;0.375;;(10, 3);MoveSouth;(9, 9);1;4439
9;0.375;;(10, 3);MoveSouth;(9, 9);1;4440
9;0.375;;(10, 3);;(9, 9);1;4441
9;0.375;;(10, 3);;(9, 9);1;4442
9;0.375;;(10, 3);;(9, 9);1;4443
9;0.375;;(10, 3);;(9, 9);1;4444
9;0.375;;(10, 3);;(9, 9);1;4445
9;0.375;;(10, 3);;(9, 9);1;4446
9;0.375;;(10, 3);;(9, 9);1;4447
9;0.375;;(10, 3);;(9, 9);1;4448
9;0.375;;(10, 3);;(9, 9);1;4449
9;0.375;;(10, 3);;(9, 9);1;4450
9;0.375;;(10, 3);;(9, 9);1;4451
9;0.375;;(10, 3);;(9, 9);1;4452
9;0.375;;(10, 3);;(9, 9);1;4453
9;0.375;;(10, 3);;(9, 9);1;4454
9;0.375;;(10, 3);;(9, 9);1;4455
9;0.375;;(10, 3);;(9, 9);1;4456
9;0.375;;(10, 3);;(9, 9);1;4457
9;0.375;;(10, 3);;(9, 9);1;4458
9;0.375;;(10, 3);;(9, 9);1;4459
9;0.375;;(10, 3);;(9, 9);1;4460
9;0.375;;(10, 3);;(9, 9);1;4461
9;0.375;;(10, 3);;(9, 9);1;4462
9;0.375;;(10, 3);;(9, 9);1;4463
9;0.375;;(10, 3);;(9, 9);1;4464
9;0.375;;(10, 3);;(9, 9);1;4465
9;0.375;;(10, 3);;(9, 9);1;4466
9;0.375;;(10, 3);;(9, 9);1;4467
9;0.375;;(10, 3);;(9, 9);1;4468
9;0.375;;(10, 3);;(9, 9);1;4469
9;0.375;;(10, 3);;(9, 9);1;4470
9;0.375;;(10, 3);;(9, 9);1;4471
9;0.375;;(10, 3);;(9, 9);1;4472
9;0.375;;(10, 3);;(9, 9);1;4473
9;0.375;;(10, 3);;(9, 9);1;4474
9;0.375;;(10, 3);;(9, 9);1;4475
9;0.375;;(10, 3);;(9, 9);1;4476
9;0.375;;(10, 3);;(9, 9);1;4477
9;0.375;;(10, 3);;(9, 9);1;4478
9;0.375;;(10, 3);;(9, 9);1;4479
9;0.375;;(10, 3);;(9, 9);1;4480
9;0.375;;(10, 3);;(9, 9);1;4481
9;0.375;;(10, 3);;(9, 9);1;4482
9;0.375;;(10, 3);;(9, 9);1;4483
9;0.375;;(10, 3);;(9, 9);1;4484
9;0.375;;(10, 3);;(9, 9);1;4485
9;0.375;;(10, 3);;(9, 9);1;4486
9;0.375;;(10, 3);;(9, 9);1;4487
9;0.375;;(10, 3);;(9, 9);1;4488
9;0.375;;(10, 3);;(9, 9);1;4489
9;0.375;;(10, 3);;(9, 9);1;4490
9;0.375;;(10, 3);;(9, 9);1;4491
9;0.375;;(10, 3);;(9, 9);1;4492
9;0.375;;(10, 3);;(9, 9);1;4493
9;0.375;;(10, 3);;(9, 9);1;4494
9;0.375;;(10, 3);MoveNorth;(9, 8);1;4495
9;0.375;;(10, 3);;(9, 8);1;4496
9;0.375;;(10, 3);MoveNorth;(9, 7);1;4497
9;0.375;;(10, 3);MoveNorth;(9, 6);1;4498
9;0.375;;(10, 3);;(9, 6);1;4499
9;0.375;;(10, 3);;(9, 6);1;4500
9;0.375;;(10, 3);;(9, 6);1;4501
9;0.375;;(10, 3);;(9, 6);1;4502
9;0.375;;(10, 3);;(9, 6);1;4503
9;0.375;;(10, 3);MoveEast;(10, 6);1;4504
9;0.375;;(10, 3);;(10, 6);1;4505
9;0.375;;(10, 3);MoveEast;(10, 6);1;4506
9;0.375;;(10, 3);MoveEast;(10, 6);1;4507
9;0.375;;(10, 3);MoveEast;(10, 6);1;4508
9;0.375;;(10, 3);MoveEast;(10, 6);1;4509
9;0.375;;(10, 3);MoveEast;(10, 6);1;4510
9;0.375;;(10, 3);MoveEast;(11, 6);1;4511
9;0.375;;(10, 3);MoveEast;(11, 6);1;4512
9;0.375;;(10, 3);MoveEast;(11, 6);1;4513
9;0.375;;(10, 3);MoveEast;(11, 6);1;4514
9;0.375;;(10, 3);MoveEast;(11, 6);1;4515
9;0.375;;(10, 3);MoveEast;(11, 6);1;4516
9;0.375;Idle;(10, 3);MoveEast;(12, 6);1;4517
9;0.375;Idle;(10, 3);MoveEast;(12, 6);1;4518
9;0.375;Idle;(10, 3);MoveEast;(12, 6);1;4519
9;0.375;Idle;(10, 3);MoveEast;(12, 6);1;4520
9;0.375;Idle;(10, 3);MoveEast;(12, 6);1;4521
9;0.375;Idle;(10, 3);MoveEast;(12, 6);1;4522
9;0.375;Idle;(10, 3);MoveEast;(13, 6);1;4523
9;0.375;Idle;(10, 3);MoveEast;(14, 6);1;4524
9;0.375;Idle;(10, 3);;(14, 6);1;4525
9;0.375;Idle;(10, 3);;(14, 6);1;4526
9;0.375;Idle;(10, 3);MoveEast;(15, 6);1;4527
9;0.375;Idle;(10, 3);;(15, 6);1;4528
9;0.375;Idle;(10, 3);;(15, 6);1;4529
9;0.375;Idle;(10, 3);MoveNorth;(15, 5);1;4530
9;0.375;Idle;(10, 3);;(15, 5);1;4531
9;0.375;Idle;(10, 3);;(15, 5);1;4532
9;0.375;Idle;(10, 3);MoveNorth;(15, 5);1;4533
9;0.375;Idle;(10, 3);;(15, 5);1;4534
9;0.375;Idle;(10, 3);;(15, 5);1;4535
9;0.375;Idle;(10, 3);;(15, 5);1;4536
9;0.375;Idle;(10, 3);;(15, 5);1;4537
9;0.375;Idle;(10, 3);;(15, 5);1;4538
9;0.375;Idle;(10, 3);;(15, 5);1;4539
9;0.375;Idle;(10, 3);MoveWest;(14, 5);1;4540
9;0.375;Idle;(10, 3);;(14, 5);1;4541
9;0.375;Idle;(10, 3);MoveWest;(13, 5);1;4542
9;0.375;MoveSouthWest;(10, 3);;(13, 5);1;4543
9;0.375;MoveSouthWest;(10, 3);MoveWest;(12, 5);1;4544
9;0.375;MoveSouthWest;(10, 3);MoveWest;(11, 5);1;4545
9;0.375;MoveSouthWest;(10, 3);;(11, 5);1;4546
9;0.375;MoveSouthWest;(10, 3);MoveWest;(10, 5);1;4547
9;0.375;MoveSouthWest;(10, 3);;(10, 5);1;4548
9;0.375;MoveSouthWest;(10, 3);MoveWest;(10, 5);1;4549
9;0.375;MoveSouthWest;(10, 3);MoveWest;(10, 5);1;4550
9;0.375;MoveSouthWest;(9, 4);MoveWest;(10, 5);1;4551
9;0.375;MoveSouthEast;(9, 4);MoveWest;(10, 5);1;4552
9;0.375;MoveSouthEast;(9, 4);MoveWest;(10, 5);1;4553
9;0.375;MoveSouthEast;(9, 4);MoveWest;(9, 5);1;4554
9;0.375;MoveSouthEast;(9, 4);MoveWest;(8, 5);1;4555
9;0.375;MoveSouthEast;(9, 4);;(8, 5);1;4556
9;0.375;MoveSouthEast;(9, 4);;(8, 5);1;4557
9;0.375;MoveSouthEast;(9, 4);;(8, 5);1;4558
9;0.375;MoveSouthEast;(9, 4);MoveEast;(8, 5);1;4559
9;0.375;MoveSouthEast;(10, 5);MoveEast;(8, 5);1;4560
9;0.375;MoveEast;(10, 5);MoveEast;(8, 5);1;4561
9;0.375;MoveEast;(10, 5);MoveEast;(8, 5);1;4562
9;0.375;MoveEast;(10, 5);MoveEast;(8, 5);1;4563
9;0.375;MoveEast;(10, 5);MoveEast;(9, 5);1;4564
9;0.375;MoveEast;(10, 5);MoveEast;(10, 5);1;4565
9;0.375;MoveEast;(10, 5);MoveEast;(10, 5);1;4566
9;0.375;MoveEast;(10, 5);MoveEast;(10, 5);1;4567
9;0.375;MoveEast;(10, 5);MoveEast;(10, 5);1;4568
9;0.375;MoveEast;(10, 5);MoveEast;(10, 5);1;4569
9;0.375;MoveEast;(10, 5);MoveEast;(10, 5);1;4570
9;0.375;MoveEast;(10, 5);MoveEast;(11, 5);1;4571
9;0.375;MoveEast;(10, 5);MoveEast;(12, 5);1;4572
9;0.375;MoveEast;(10, 5);;(12, 5);1;4573
9;0.375;MoveEast;(11, 5);;(12, 5);1;4574
9;0.375;MoveEast;(11, 5);;(12, 5);1;4575
9;0.375;MoveEast;(11, 5);;(12, 5);1;4576
9;0.375;MoveEast;(11, 5);;(12, 5);1;4577
9;0.375;MoveEast;(11, 5);;(12, 5);1;4578
9;0.375;MoveEast;(11, 5);;(12, 5);1;4579
9;0.375;MoveEast;(11, 5);;(12, 5);1;4580
9;0.375;MoveEast;(11, 5);MoveEast;(13, 5);1;4581
9;0.375;MoveEast;(11, 5);;(13, 5);1;4582
9;0.375;MoveEast;(12, 5);;(13, 5);1;4583
9;0.375;MoveEast;(12, 5);;(13, 5);1;4584
9;0.375;MoveEast;(12, 5);;(13, 5);1;4585
9;0.375;MoveEast;(12, 5);MoveEast;(14, 5);1;4586
9;0.375;MoveEast;(12, 5);MoveEast;(15, 5);1;4587
9;0.375;MoveEast;(12, 5);;(15, 5);1;4588
9;0.375;MoveEast;(12, 5);;(15, 5);1;4589
9;0.375;MoveEast;(12, 5);;(15, 5);1;4590
9;0.375;MoveEast;(12, 5);;(15, 5);1;4591
9;0.375;MoveEast;(13, 5);;(15, 5);1;4592
9;0.375;MoveEast;(13, 5);;(15, 5);1;4593
9;0.375;MoveEast;(13, 5);;(15, 5);1;4594
9;0.375;MoveEast;(13, 5);;(15, 5);1;4595
9;0.375;MoveEast;(13, 5);;(15, 5);1;4596
9;0.375;MoveEast;(13, 5);;(15, 5);1;4597
9;0.375;MoveEast;(13, 5);;(15, 5);1;4598
9;0.375;MoveEast;(13, 5);;(15, 5);1;4599
9;0.375;MoveEast;(13, 5);;(15, 5);1;4600
9;0.375;MoveEast;(14, 5);;(15, 5);1;4601
9;0.375;MoveSouthEast;(14, 5);;(15, 5);1;4602
9;0.375;MoveSouthEast;(14, 5);;(15, 5);1;4603
9;0.375;MoveSouthEast;(14, 5);;(15, 5);1;4604
9;0.375;MoveSouthEast;(14, 5);;(15, 5);1;4605
9;0.375;MoveSouthEast;(14, 5);;(15, 5);1;4606
9;0.375;MoveSouthEast;(14, 5);;(15, 5);1;4607
9;0.375;MoveSouthEast;(14, 5);;(15, 5);1;4608
9;0.375;MoveSouthEast;(14, 5);;(15, 5);1;4609
9;0.375;MoveSouthEast;(15, 6);;(15, 5);1;4610
9;0.375;RemoveObject;(15, 6);;(15, 5);1;4611
9;0.375;RemoveObject;(15, 6);;(15, 5);1;4612
9;0.375;RemoveObject;(15, 6);;(15, 5);1;4613
9;0.375;RemoveObject;(15, 6);;(15, 5);1;4614
9;0.375;RemoveObject;(15, 6);RemoveObjectTogether;(15, 5);1;4615
9;0.375;RemoveObject;(15, 6);RemoveObjectTogether;(15, 5);1;4616
9;0.375;RemoveObject;(15, 6);RemoveObjectTogether;(15, 5);1;4617
9;0.375;RemoveObject;(15, 6);RemoveObjectTogether;(15, 5);1;4618
9;0.375;RemoveObject;(15, 6);RemoveObjectTogether;(15, 5);1;4619
9;0.375;RemoveObject;(15, 6);RemoveObjectTogether;(15, 5);1;4620
9;0.375;RemoveObject;(15, 6);RemoveObjectTogether;(15, 5);1;4621
9;0.375;RemoveObject;(15, 6);RemoveObjectTogether;(15, 5);1;4622
9;0.375;RemoveObject;(15, 6);RemoveObjectTogether;(15, 5);1;4623
9;0.375;RemoveObject;(15, 6);RemoveObjectTogether;(15, 5);1;4624
9;0.375;RemoveObject;(15, 6);RemoveObjectTogether;(15, 5);1;4625
9;0.375;RemoveObject;(15, 6);RemoveObjectTogether;(15, 5);1;4626
9;0.375;RemoveObject;(15, 6);RemoveObjectTogether;(15, 5);1;4627
9;0.375;RemoveObject;(15, 6);RemoveObjectTogether;(15, 5);1;4628
9;0.375;RemoveObject;(15, 6);RemoveObjectTogether;(15, 5);1;4629
9;0.375;RemoveObject;(15, 6);RemoveObjectTogether;(15, 5);1;4630
9;0.375;RemoveObject;(15, 6);RemoveObjectTogether;(15, 5);1;4631
9;0.375;RemoveObject;(15, 6);RemoveObjectTogether;(15, 5);1;4632
9;0.375;RemoveObject;(15, 6);RemoveObjectTogether;(15, 5);1;4633
9;0.375;RemoveObject;(15, 6);RemoveObjectTogether;(15, 5);1;4634
9;0.375;RemoveObject;(15, 6);RemoveObjectTogether;(15, 5);1;4635
9;0.375;RemoveObject;(15, 6);RemoveObjectTogether;(15, 5);1;4636
9;0.375;RemoveObject;(15, 6);RemoveObjectTogether;(15, 5);1;4637
9;0.375;RemoveObject;(15, 6);RemoveObjectTogether;(15, 5);1;4638
9;0.375;RemoveObject;(15, 6);RemoveObjectTogether;(15, 5);1;4639
9;0.375;RemoveObject;(15, 6);RemoveObjectTogether;(15, 5);1;4640
9;0.375;RemoveObject;(15, 6);RemoveObjectTogether;(15, 5);1;4641
9;0.375;RemoveObject;(15, 6);RemoveObjectTogether;(15, 5);1;4642
9;0.375;RemoveObject;(15, 6);RemoveObjectTogether;(15, 5);1;4643
9;0.375;RemoveObject;(15, 6);RemoveObjectTogether;(15, 5);1;4644
9;0.375;RemoveObject;(15, 6);RemoveObjectTogether;(15, 5);1;4645
9;0.375;RemoveObject;(15, 6);RemoveObjectTogether;(15, 5);1;4646
9;0.375;RemoveObject;(15, 6);RemoveObjectTogether;(15, 5);1;4647
9;0.375;RemoveObject;(15, 6);RemoveObjectTogether;(15, 5);1;4648
9;0.375;RemoveObject;(15, 6);RemoveObjectTogether;(15, 5);1;4649
9;0.375;RemoveObject;(15, 6);RemoveObjectTogether;(15, 5);1;4650
9;0.375;RemoveObject;(15, 6);RemoveObjectTogether;(15, 5);1;4651
9;0.375;RemoveObject;(15, 6);RemoveObjectTogether;(15, 5);1;4652
9;0.375;RemoveObject;(15, 6);RemoveObjectTogether;(15, 5);1;4653
9;0.375;RemoveObject;(15, 6);RemoveObjectTogether;(15, 5);1;4654
9;0.375;RemoveObject;(15, 6);RemoveObjectTogether;(15, 5);1;4655
9;0.375;RemoveObject;(15, 6);RemoveObjectTogether;(15, 5);1;4656
9;0.375;RemoveObject;(15, 6);RemoveObjectTogether;(15, 5);1;4657
9;0.375;RemoveObject;(15, 6);RemoveObjectTogether;(15, 5);1;4658
9;0.375;RemoveObject;(15, 6);RemoveObjectTogether;(15, 5);1;4659
9;0.375;RemoveObject;(15, 6);RemoveObjectTogether;(15, 5);1;4660
9;0.375;RemoveObject;(15, 6);RemoveObjectTogether;(15, 5);1;4661
9;0.375;RemoveObject;(15, 6);RemoveObjectTogether;(15, 5);1;4662
9;0.375;RemoveObject;(15, 6);RemoveObjectTogether;(15, 5);1;4663
9;0.375;RemoveObject;(15, 6);RemoveObjectTogether;(15, 5);1;4664
9;0.375;RemoveObject;(15, 6);RemoveObjectTogether;(15, 5);1;4665
9;0.375;RemoveObject;(15, 6);;(15, 5);1;4666
9;0.375;RemoveObject;(15, 6);;(15, 5);1;4667
9;0.375;RemoveObject;(15, 6);;(15, 5);1;4668
9;0.375;RemoveObject;(15, 6);;(15, 5);1;4669
9;0.375;RemoveObject;(15, 6);;(15, 5);1;4670
9;0.375;RemoveObject;(15, 6);;(15, 5);1;4671
9;0.375;RemoveObject;(15, 6);;(15, 5);1;4672
9;0.375;RemoveObject;(15, 6);;(15, 5);1;4673
9;0.375;RemoveObject;(15, 6);;(15, 5);1;4674
9;0.375;RemoveObject;(15, 6);;(15, 5);1;4675
9;0.375;RemoveObject;(15, 6);;(15, 5);1;4676
9;0.375;RemoveObject;(15, 6);;(15, 5);1;4677
9;0.375;RemoveObject;(15, 6);;(15, 5);1;4678
9;0.375;RemoveObject;(15, 6);;(15, 5);1;4679
9;0.375;RemoveObject;(15, 6);;(15, 5);1;4680
9;0.375;RemoveObject;(15, 6);;(15, 5);1;4681
9;0.375;RemoveObject;(15, 6);;(15, 5);1;4682
9;0.375;RemoveObject;(15, 6);;(15, 5);1;4683
9;0.375;RemoveObject;(15, 6);;(15, 5);1;4684
9;0.375;RemoveObject;(15, 6);;(15, 5);1;4685
9;0.375;RemoveObject;(15, 6);;(15, 5);1;4686
9;0.375;RemoveObject;(15, 6);;(15, 5);1;4687
9;0.375;RemoveObject;(15, 6);;(15, 5);1;4688
9;0.375;RemoveObject;(15, 6);;(15, 5);1;4689
9;0.375;RemoveObject;(15, 6);;(15, 5);1;4690
9;0.375;RemoveObject;(15, 6);;(15, 5);1;4691
9;0.375;RemoveObject;(15, 6);;(15, 5);1;4692
9;0.375;RemoveObject;(15, 6);;(15, 5);1;4693
9;0.375;RemoveObject;(15, 6);;(15, 5);1;4694
9;0.375;RemoveObject;(15, 6);;(15, 5);1;4695
9;0.375;RemoveObject;(15, 6);;(15, 5);1;4696
9;0.375;RemoveObject;(15, 6);;(15, 5);1;4697
9;0.375;RemoveObject;(15, 6);;(15, 5);1;4698
9;0.375;RemoveObject;(15, 6);;(15, 5);1;4699
9;0.375;RemoveObject;(15, 6);;(15, 5);1;4700
9;0.375;RemoveObject;(15, 6);;(15, 5);1;4701
9;0.375;RemoveObject;(15, 6);;(15, 5);1;4702
9;0.375;RemoveObject;(15, 6);;(15, 5);1;4703
9;0.375;RemoveObject;(15, 6);;(15, 5);1;4704
9;0.375;RemoveObject;(15, 6);;(15, 5);1;4705
9;0.375;RemoveObject;(15, 6);;(15, 5);1;4706
9;0.375;RemoveObject;(15, 6);;(15, 5);1;4707
9;0.375;RemoveObject;(15, 6);;(15, 5);1;4708
9;0.375;RemoveObject;(15, 6);;(15, 5);1;4709
9;0.375;RemoveObject;(15, 6);;(15, 5);1;4710
9;0.375;RemoveObject;(15, 6);;(15, 5);1;4711
9;0.375;MoveSouth;(15, 6);;(15, 5);1;4712
9;0.375;MoveSouth;(15, 6);;(15, 5);1;4713
9;0.375;MoveSouth;(15, 6);;(15, 5);1;4714
9;0.375;MoveSouth;(15, 6);;(15, 5);1;4715
9;0.375;MoveSouth;(15, 6);;(15, 5);1;4716
9;0.375;MoveSouth;(15, 6);;(15, 5);1;4717
9;0.375;MoveSouth;(15, 6);;(15, 5);1;4718
9;0.375;MoveSouth;(15, 6);;(15, 5);1;4719
9;0.375;MoveSouth;(15, 7);;(15, 5);1;4720
9;0.375;MoveSouthWest;(15, 7);;(15, 5);1;4721
9;0.375;MoveSouthWest;(15, 7);;(15, 5);1;4722
9;0.375;MoveSouthWest;(15, 7);;(15, 5);1;4723
9;0.375;MoveSouthWest;(15, 7);;(15, 5);1;4724
9;0.375;MoveSouthWest;(15, 7);;(15, 5);1;4725
9;0.375;MoveSouthWest;(15, 7);;(15, 5);1;4726
9;0.375;MoveSouthWest;(15, 7);;(15, 5);1;4727
9;0.375;MoveSouthWest;(15, 7);;(15, 5);1;4728
9;0.375;MoveSouthWest;(14, 8);;(15, 5);1;4729
9;0.375;MoveSouthEast;(14, 8);;(15, 5);1;4730
9;0.375;MoveSouthEast;(14, 8);;(15, 5);1;4731
9;0.375;MoveSouthEast;(14, 8);;(15, 5);1;4732
9;0.375;MoveSouthEast;(14, 8);;(15, 5);1;4733
9;0.375;MoveSouthEast;(14, 8);;(15, 5);1;4734
9;0.375;MoveSouthEast;(14, 8);;(15, 5);1;4735
9;0.375;MoveSouthEast;(14, 8);;(15, 5);1;4736
9;0.375;MoveSouthEast;(14, 8);;(15, 5);1;4737
9;0.375;MoveSouthEast;(15, 9);;(15, 5);1;4738
9;0.375;MoveNorthEast;(15, 9);;(15, 5);1;4739
9;0.375;MoveNorthEast;(15, 9);;(15, 5);1;4740
9;0.375;MoveNorthEast;(15, 9);;(15, 5);1;4741
9;0.375;MoveNorthEast;(15, 9);;(15, 5);1;4742
9;0.375;MoveNorthEast;(15, 9);;(15, 5);1;4743
9;0.375;MoveNorthEast;(15, 9);;(15, 5);1;4744
9;0.375;MoveNorthEast;(15, 9);MoveSouth;(15, 6);1;4745
9;0.375;MoveNorthEast;(15, 9);;(15, 6);1;4746
9;0.375;MoveNorthEast;(16, 8);;(15, 6);1;4747
9;0.375;Idle;(16, 8);MoveSouth;(15, 7);1;4748
9;0.375;Idle;(16, 8);MoveSouth;(15, 8);1;4749
9;0.375;Idle;(16, 8);;(15, 8);1;4750
9;0.375;Idle;(16, 8);MoveSouth;(15, 9);1;4751
9;0.375;Idle;(16, 8);;(15, 9);1;4752
9;0.375;Idle;(16, 8);;(15, 9);1;4753
9;0.375;Idle;(16, 8);;(15, 9);1;4754
9;0.375;Idle;(16, 8);;(15, 9);1;4755
9;0.375;Idle;(16, 8);;(15, 9);1;4756
9;0.375;Idle;(16, 8);;(15, 9);1;4757
9;0.375;Idle;(16, 8);;(15, 9);1;4758
9;0.375;Idle;(16, 8);;(15, 9);1;4759
9;0.375;Idle;(16, 8);;(15, 9);1;4760
9;0.375;Idle;(16, 8);;(15, 9);1;4761
9;0.375;Idle;(16, 8);;(15, 9);1;4762
9;0.375;Idle;(16, 8);;(15, 9);1;4763
9;0.375;Idle;(16, 8);;(15, 9);1;4764
9;0.375;Idle;(16, 8);;(15, 9);1;4765
9;0.375;Idle;(16, 8);;(15, 9);1;4766
9;0.375;Idle;(16, 8);;(15, 9);1;4767
9;0.375;Idle;(16, 8);;(15, 9);1;4768
9;0.375;Idle;(16, 8);;(15, 9);1;4769
9;0.375;Idle;(16, 8);;(15, 9);1;4770
9;0.375;Idle;(16, 8);;(15, 9);1;4771
9;0.375;Idle;(16, 8);;(15, 9);1;4772
9;0.375;Idle;(16, 8);;(15, 9);1;4773
9;0.375;MoveWest;(16, 8);;(15, 9);1;4774
9;0.375;MoveWest;(16, 8);;(15, 9);1;4775
9;0.375;MoveWest;(16, 8);;(15, 9);1;4776
9;0.375;MoveWest;(16, 8);;(15, 9);1;4777
9;0.375;MoveWest;(16, 8);MoveNorth;(15, 8);1;4778
9;0.375;MoveWest;(16, 8);;(15, 8);1;4779
9;0.375;MoveWest;(16, 8);;(15, 8);1;4780
9;0.375;MoveWest;(16, 8);;(15, 8);1;4781
9;0.375;MoveWest;(15, 8);;(15, 8);1;4782
9;0.375;MoveWest;(15, 8);;(15, 8);1;4783
9;0.375;MoveWest;(15, 8);;(15, 8);1;4784
9;0.375;MoveWest;(15, 8);;(15, 8);1;4785
9;0.375;MoveWest;(15, 8);MoveSouth;(15, 9);1;4786
9;0.375;MoveWest;(15, 8);;(15, 9);1;4787
9;0.375;MoveWest;(15, 8);;(15, 9);1;4788
9;0.375;MoveWest;(15, 8);;(15, 9);1;4789
9;0.375;MoveWest;(15, 8);;(15, 9);1;4790
9;0.375;MoveWest;(14, 8);;(15, 9);1;4791
9;0.375;CarryObject;(14, 8);MoveNorth;(15, 8);1;4792
9;0.375;CarryObject;(14, 8);;(15, 8);1;4793
9;0.375;CarryObject;(14, 8);MoveNorth;(15, 7);1;4794
9;0.375;CarryObject;(14, 8);MoveNorth;(15, 6);1;4795
9;0.375;CarryObject;(14, 8);;(15, 6);1;4796
9;0.375;CarryObject;(14, 8);MoveNorth;(15, 5);1;4797
9;0.375;CarryObject;(14, 8);MoveNorth;(15, 5);1;4798
9;0.375;CarryObject;(14, 8);;(15, 5);1;4799
9;0.375;CarryObject;(14, 8);;(15, 5);1;4800
9;0.375;CarryObject;(14, 8);;(15, 5);1;4801
9;0.375;CarryObject;(14, 8);;(15, 5);1;4802
9;0.375;CarryObject;(14, 8);;(15, 5);1;4803
9;0.375;CarryObject;(14, 8);;(15, 5);1;4804
9;0.375;CarryObject;(14, 8);;(15, 5);1;4805
9;0.375;CarryObject;(14, 8);;(15, 5);1;4806
9;0.375;CarryObject;(14, 8);;(15, 5);1;4807
9;0.375;CarryObject;(14, 8);;(15, 5);1;4808
9;0.375;CarryObject;(14, 8);;(15, 5);1;4809
9;0.375;CarryObject;(14, 8);;(15, 5);1;4810
9;0.375;CarryObject;(14, 8);;(15, 5);1;4811
9;0.375;CarryObject;(14, 8);;(15, 5);1;4812
9;0.375;CarryObject;(14, 8);;(15, 5);1;4813
9;0.375;CarryObject;(14, 8);;(15, 5);1;4814
9;0.375;CarryObject;(14, 8);;(15, 5);1;4815
9;0.375;CarryObject;(14, 8);;(15, 5);1;4816
9;0.375;CarryObject;(14, 8);;(15, 5);1;4817
9;0.375;CarryObject;(14, 8);;(15, 5);1;4818
9;0.375;CarryObject;(14, 8);;(15, 5);1;4819
9;0.375;CarryObject;(14, 8);;(15, 5);1;4820
9;0.375;CarryObject;(14, 8);;(15, 5);1;4821
9;0.375;CarryObject;(14, 8);;(15, 5);1;4822
9;0.375;CarryObject;(14, 8);;(15, 5);1;4823
9;0.375;CarryObject;(14, 8);;(15, 5);1;4824
9;0.375;CarryObject;(14, 8);;(15, 5);1;4825
9;0.375;CarryObject;(14, 8);;(15, 5);1;4826
9;0.375;CarryObject;(14, 8);;(15, 5);1;4827
9;0.375;CarryObject;(14, 8);;(15, 5);1;4828
9;0.375;CarryObject;(14, 8);;(15, 5);1;4829
9;0.375;CarryObject;(14, 8);;(15, 5);1;4830
9;0.375;CarryObject;(14, 8);;(15, 5);1;4831
9;0.375;CarryObject;(14, 8);;(15, 5);1;4832
9;0.375;CarryObject;(14, 8);;(15, 5);1;4833
9;0.375;CarryObject;(14, 8);;(15, 5);1;4834
9;0.375;CarryObject;(14, 8);;(15, 5);1;4835
9;0.375;CarryObject;(14, 8);;(15, 5);1;4836
9;0.375;CarryObject;(14, 8);;(15, 5);1;4837
9;0.375;CarryObject;(14, 8);;(15, 5);1;4838
9;0.375;CarryObject;(14, 8);;(15, 5);1;4839
9;0.375;CarryObject;(14, 8);;(15, 5);1;4840
9;0.375;CarryObject;(14, 8);;(15, 5);1;4841
9;0.375;CarryObject;(14, 8);;(15, 5);1;4842
9;0.375;CarryObject;(14, 8);;(15, 5);1;4843
9;0.375;CarryObject;(14, 8);;(15, 5);1;4844
9;0.375;CarryObject;(14, 8);;(15, 5);1;4845
9;0.375;CarryObject;(14, 8);;(15, 5);1;4846
9;0.375;CarryObject;(14, 8);;(15, 5);1;4847
9;0.375;CarryObject;(14, 8);;(15, 5);1;4848
9;0.375;CarryObject;(14, 8);;(15, 5);1;4849
9;0.375;CarryObject;(14, 8);;(15, 5);1;4850
9;0.375;CarryObject;(14, 8);;(15, 5);1;4851
9;0.375;CarryObject;(14, 8);;(15, 5);1;4852
9;0.375;CarryObject;(14, 8);;(15, 5);1;4853
9;0.375;CarryObject;(14, 8);;(15, 5);1;4854
9;0.375;CarryObject;(14, 8);;(15, 5);1;4855
9;0.375;CarryObject;(14, 8);;(15, 5);1;4856
9;0.375;CarryObject;(14, 8);;(15, 5);1;4857
9;0.375;CarryObject;(14, 8);;(15, 5);1;4858
9;0.375;CarryObject;(14, 8);;(15, 5);1;4859
9;0.375;CarryObject;(14, 8);;(15, 5);1;4860
9;0.375;CarryObject;(14, 8);;(15, 5);1;4861
9;0.375;CarryObject;(14, 8);;(15, 5);1;4862
9;0.375;CarryObject;(14, 8);;(15, 5);1;4863
9;0.375;CarryObject;(14, 8);;(15, 5);1;4864
9;0.375;CarryObject;(14, 8);;(15, 5);1;4865
9;0.375;CarryObject;(14, 8);;(15, 5);1;4866
9;0.375;CarryObject;(14, 8);;(15, 5);1;4867
9;0.375;CarryObject;(14, 8);;(15, 5);1;4868
9;0.375;CarryObject;(14, 8);;(15, 5);1;4869
9;0.375;CarryObject;(14, 8);;(15, 5);1;4870
9;0.375;CarryObject;(14, 8);;(15, 5);1;4871
9;0.375;CarryObject;(14, 8);;(15, 5);1;4872
9;0.375;CarryObject;(14, 8);;(15, 5);1;4873
9;0.375;CarryObject;(14, 8);;(15, 5);1;4874
9;0.375;CarryObject;(14, 8);;(15, 5);1;4875
9;0.375;CarryObject;(14, 8);;(15, 5);1;4876
9;0.375;CarryObject;(14, 8);;(15, 5);1;4877
9;0.375;CarryObject;(14, 8);;(15, 5);1;4878
9;0.375;CarryObject;(14, 8);;(15, 5);1;4879
9;0.375;CarryObject;(14, 8);;(15, 5);1;4880
9;0.375;CarryObject;(14, 8);;(15, 5);1;4881
9;0.375;CarryObject;(14, 8);;(15, 5);1;4882
9;0.375;CarryObject;(14, 8);;(15, 5);1;4883
9;0.375;CarryObject;(14, 8);;(15, 5);1;4884
9;0.375;CarryObject;(14, 8);;(15, 5);1;4885
9;0.375;CarryObject;(14, 8);;(15, 5);1;4886
9;0.375;CarryObject;(14, 8);;(15, 5);1;4887
9;0.375;CarryObject;(14, 8);;(15, 5);1;4888
9;0.375;CarryObject;(14, 8);;(15, 5);1;4889
9;0.375;CarryObject;(14, 8);;(15, 5);1;4890
9;0.375;CarryObject;(14, 8);;(15, 5);1;4891
9;0.375;CarryObject;(14, 8);;(15, 5);1;4892
9;0.375;CarryObject;(14, 8);;(15, 5);1;4893
9;0.375;CarryObject;(14, 8);;(15, 5);1;4894
9;0.375;CarryObject;(14, 8);;(15, 5);1;4895
9;0.375;CarryObject;(14, 8);;(15, 5);1;4896
9;0.375;CarryObject;(14, 8);;(15, 5);1;4897
9;0.375;CarryObject;(14, 8);;(15, 5);1;4898
9;0.375;CarryObject;(14, 8);;(15, 5);1;4899
9;0.375;CarryObject;(14, 8);;(15, 5);1;4900
9;0.375;CarryObject;(14, 8);;(15, 5);1;4901
9;0.375;CarryObject;(14, 8);;(15, 5);1;4902
9;0.375;CarryObject;(14, 8);;(15, 5);1;4903
9;0.375;CarryObject;(14, 8);;(15, 5);1;4904
9;0.375;CarryObject;(14, 8);;(15, 5);1;4905
9;0.375;CarryObject;(14, 8);;(15, 5);1;4906
9;0.375;CarryObject;(14, 8);;(15, 5);1;4907
9;0.375;CarryObject;(14, 8);;(15, 5);1;4908
9;0.375;CarryObject;(14, 8);;(15, 5);1;4909
9;0.375;CarryObject;(14, 8);;(15, 5);1;4910
9;0.375;CarryObject;(14, 8);;(15, 5);1;4911
9;0.375;CarryObject;(14, 8);;(15, 5);1;4912
9;0.375;CarryObject;(14, 8);;(15, 5);1;4913
9;0.375;CarryObject;(14, 8);;(15, 5);1;4914
9;0.375;CarryObject;(14, 8);;(15, 5);1;4915
9;0.375;CarryObject;(14, 8);;(15, 5);1;4916
9;0.375;CarryObject;(14, 8);;(15, 5);1;4917
9;0.375;CarryObject;(14, 8);;(15, 5);1;4918
9;0.375;CarryObject;(14, 8);;(15, 5);1;4919
9;0.375;CarryObject;(14, 8);;(15, 5);1;4920
9;0.375;CarryObject;(14, 8);;(15, 5);1;4921
9;0.375;CarryObject;(14, 8);;(15, 5);1;4922
9;0.375;CarryObject;(14, 8);;(15, 5);1;4923
9;0.375;CarryObject;(14, 8);MoveEast;(16, 5);1;4924
9;0.375;CarryObject;(14, 8);;(16, 5);1;4925
9;0.375;CarryObject;(14, 8);;(16, 5);1;4926
9;0.375;CarryObject;(14, 8);;(16, 5);1;4927
9;0.375;CarryObject;(14, 8);MoveSouth;(16, 6);1;4928
9;0.375;CarryObject;(14, 8);;(16, 6);1;4929
9;0.375;CarryObject;(14, 8);;(16, 6);1;4930
9;0.375;CarryObject;(14, 8);;(16, 6);1;4931
9;0.375;CarryObject;(14, 8);;(16, 6);1;4932
9;0.375;CarryObject;(14, 8);MoveWest;(15, 6);1;4933
9;0.375;CarryObject;(14, 8);;(15, 6);1;4934
9;0.375;CarryObject;(14, 8);MoveNorth;(15, 5);1;4935
9;0.375;CarryObject;(14, 8);;(15, 5);1;4936
9;0.375;CarryObject;(14, 8);;(15, 5);1;4937
9;0.375;CarryObject;(14, 8);;(15, 5);1;4938
9;0.375;CarryObject;(14, 8);;(15, 5);1;4939
9;0.375;CarryObject;(14, 8);;(15, 5);1;4940
9;0.375;CarryObject;(14, 8);MoveEast;(16, 5);1;4941
9;0.375;CarryObject;(14, 8);;(16, 5);1;4942
9;0.375;MoveNorthEast;(14, 8);;(16, 5);1;4943
9;0.375;MoveNorthEast;(14, 8);MoveEast;(17, 5);1;4944
9;0.375;MoveNorthEast;(14, 8);MoveEast;(18, 5);1;4945
9;0.375;MoveNorthEast;(14, 8);;(18, 5);1;4946
9;0.375;MoveNorthEast;(14, 8);MoveEast;(19, 5);1;4947
9;0.375;MoveNorthEast;(14, 8);MoveEast;(19, 5);1;4948
9;0.375;MoveNorthEast;(14, 8);MoveEast;(19, 5);1;4949
9;0.375;MoveNorthEast;(14, 8);MoveEast;(19, 5);1;4950
9;0.375;MoveNorthEast;(15, 7);MoveEast;(19, 5);1;4951
9;0.375;MoveNorthEast;(15, 7);MoveEast;(19, 5);1;4952
9;0.375;MoveNorthEast;(15, 7);MoveEast;(20, 5);1;4953
9;0.375;MoveNorthEast;(15, 7);MoveEast;(20, 5);1;4954
9;0.375;MoveNorthEast;(15, 7);MoveEast;(20, 5);1;4955
9;0.375;MoveNorthEast;(15, 7);MoveEast;(20, 5);1;4956
9;0.375;MoveNorthEast;(15, 7);MoveEast;(20, 5);1;4957
9;0.375;MoveNorthEast;(15, 7);MoveEast;(20, 5);1;4958
9;0.375;MoveNorthEast;(15, 7);MoveEast;(21, 5);1;4959
9;0.375;MoveNorthEast;(16, 6);MoveEast;(22, 5);1;4960
9;0.375;MoveEast;(16, 6);;(22, 5);1;4961
9;0.375;MoveEast;(16, 6);;(22, 5);1;4962
9;0.375;MoveEast;(16, 6);;(22, 5);1;4963
9;0.375;MoveEast;(16, 6);MoveNorth;(22, 5);1;4964
9;0.375;MoveEast;(16, 6);MoveNorth;(22, 5);1;4965
9;0.375;MoveEast;(16, 6);MoveNorth;(22, 5);1;4966
9;0.375;MoveEast;(16, 6);MoveNorth;(22, 5);1;4967
9;0.375;MoveEast;(16, 6);MoveNorth;(22, 5);1;4968
9;0.375;MoveEast;(17, 6);MoveNorth;(22, 5);1;4969
9;0.375;MoveSouthEast;(17, 6);MoveWest;(22, 5);1;4970
9;0.375;MoveSouthEast;(17, 6);MoveWest;(22, 5);1;4971
9;0.375;MoveSouthEast;(17, 6);MoveWest;(22, 5);1;4972
9;0.375;MoveSouthEast;(17, 6);MoveWest;(22, 5);1;4973
9;0.375;MoveSouthEast;(17, 6);MoveWest;(22, 5);1;4974
9;0.375;MoveSouthEast;(17, 6);MoveWest;(21, 5);1;4975
9;0.375;MoveSouthEast;(17, 6);MoveNorth;(21, 4);1;4976
9;0.375;MoveSouthEast;(17, 6);MoveNorth;(21, 3);1;4977
9;0.375;MoveSouthEast;(18, 7);MoveNorth;(21, 2);1;4978
9;0.375;MoveSouthEast;(18, 7);;(21, 2);1;4979
9;0.375;MoveSouthEast;(18, 7);MoveNorth;(21, 2);1;4980
9;0.375;MoveSouthEast;(18, 7);;(21, 2);1;4981
9;0.375;MoveSouthEast;(18, 7);MoveNorth;(21, 2);1;4982
9;0.375;MoveSouthEast;(18, 7);;(21, 2);1;4983
9;0.375;MoveSouthEast;(18, 7);;(21, 2);1;4984
9;0.375;MoveSouthEast;(18, 7);;(21, 2);1;4985
9;0.375;MoveSouthEast;(18, 7);;(21, 2);1;4986
9;0.375;MoveSouthEast;(19, 8);;(21, 2);1;4987
9;0.375;MoveSouthEast;(19, 8);;(21, 2);1;4988
9;0.375;MoveSouthEast;(19, 8);;(21, 2);1;4989
9;0.375;MoveSouthEast;(19, 8);;(21, 2);1;4990
9;0.375;MoveSouthEast;(19, 8);;(21, 2);1;4991
9;0.375;MoveSouthEast;(19, 8);;(21, 2);1;4992
9;0.375;MoveSouthEast;(19, 8);;(21, 2);1;4993
9;0.375;MoveSouthEast;(19, 8);;(21, 2);1;4994
9;0.375;MoveSouthEast;(19, 8);;(21, 2);1;4995
9;0.375;MoveSouthEast;(19, 8);;(21, 2);1;4996
9;0.375;MoveSouthEast;(19, 8);;(21, 2);1;4997
9;0.375;MoveSouthEast;(19, 8);;(21, 2);1;4998
9;0.375;MoveSouthEast;(19, 8);;(21, 2);1;4999
9;0.375;MoveSouthEast;(19, 8);;(21, 2);1;5000
9;0.375;MoveSouthEast;(20, 9);;(21, 2);1;5001
9;0.375;MoveSouthEast;(20, 9);;(21, 2);1;5002
9;0.375;MoveSouthEast;(20, 9);;(21, 2);1;5003
9;0.375;MoveSouthEast;(20, 9);;(21, 2);1;5004
9;0.375;MoveSouthEast;(20, 9);;(21, 2);1;5005
9;0.375;MoveSouthEast;(20, 9);;(21, 2);1;5006
9;0.375;MoveSouthEast;(20, 9);;(21, 2);1;5007
9;0.375;MoveSouthEast;(20, 9);;(21, 2);1;5008
9;0.375;MoveSouthEast;(20, 9);;(21, 2);1;5009
9;0.375;MoveSouthEast;(21, 10);;(21, 2);1;5010
9;0.375;MoveSouthEast;(21, 10);;(21, 2);1;5011
9;0.375;MoveSouthEast;(21, 10);;(21, 2);1;5012
9;0.375;MoveSouthEast;(21, 10);;(21, 2);1;5013
9;0.375;MoveSouthEast;(21, 10);;(21, 2);1;5014
9;0.375;MoveSouthEast;(21, 10);;(21, 2);1;5015
9;0.375;MoveSouthEast;(21, 10);;(21, 2);1;5016
9;0.375;MoveSouthEast;(21, 10);;(21, 2);1;5017
9;0.375;MoveSouthEast;(21, 10);;(21, 2);1;5018
9;0.375;MoveSouthEast;(22, 11);;(21, 2);1;5019
9;0.375;MoveSouth;(22, 11);;(21, 2);1;5020
9;0.375;MoveSouth;(22, 11);;(21, 2);1;5021
9;0.375;MoveSouth;(22, 11);;(21, 2);1;5022
9;0.375;MoveSouth;(22, 11);;(21, 2);1;5023
9;0.375;MoveSouth;(22, 11);;(21, 2);1;5024
9;0.375;MoveSouth;(22, 11);;(21, 2);1;5025
9;0.375;MoveSouth;(22, 11);;(21, 2);1;5026
9;0.375;MoveSouth;(22, 11);;(21, 2);1;5027
9;0.375;MoveSouth;(22, 12);;(21, 2);1;5028
9;0.375;MoveSouth;(22, 12);;(21, 2);1;5029
9;0.375;MoveSouth;(22, 12);;(21, 2);1;5030
9;0.375;MoveSouth;(22, 12);;(21, 2);1;5031
9;0.375;MoveSouth;(22, 12);;(21, 2);1;5032
9;0.375;MoveSouth;(22, 12);;(21, 2);1;5033
9;0.375;MoveSouth;(22, 12);;(21, 2);1;5034
9;0.375;MoveSouth;(22, 12);;(21, 2);1;5035
9;0.375;MoveSouth;(22, 12);;(21, 2);1;5036
9;0.375;MoveSouth;(22, 13);;(21, 2);1;5037
9;0.375;MoveSouthEast;(22, 13);;(21, 2);1;5038
9;0.375;MoveSouthEast;(22, 13);;(21, 2);1;5039
9;0.375;MoveSouthEast;(22, 13);;(21, 2);1;5040
9;0.375;MoveSouthEast;(22, 13);;(21, 2);1;5041
9;0.375;MoveSouthEast;(22, 13);;(21, 2);1;5042
9;0.375;MoveSouthEast;(22, 13);;(21, 2);1;5043
9;0.375;MoveSouthEast;(22, 13);;(21, 2);1;5044
9;0.375;MoveSouthEast;(22, 13);;(21, 2);1;5045
9;0.375;MoveSouthEast;(23, 14);;(21, 2);1;5046
9;0.375;Drop;(23, 14);;(21, 2);1;5047
9;0.375;Drop;(23, 14);;(21, 2);1;5048
9;0.375;Drop;(23, 14);;(21, 2);1;5049
9;0.375;Drop;(23, 14);;(21, 2);1;5050
9;0.375;Drop;(23, 14);;(21, 2);1;5051
9;0.375;Drop;(23, 14);;(21, 2);1;5052
9;0.375;Drop;(23, 14);;(21, 2);1;5053
9;0.375;Drop;(23, 14);;(21, 2);1;5054
12;0.5;Drop;(23, 14);;(21, 2);1;5055
12;0.5;MoveNorthWest;(23, 14);;(21, 2);1;5056
12;0.5;MoveNorthWest;(23, 14);;(21, 2);1;5057
12;0.5;MoveNorthWest;(23, 14);;(21, 2);1;5058
12;0.5;MoveNorthWest;(23, 14);;(21, 2);1;5059
12;0.5;MoveNorthWest;(23, 14);;(21, 2);1;5060
12;0.5;MoveNorthWest;(23, 14);;(21, 2);1;5061
12;0.5;MoveNorthWest;(23, 14);;(21, 2);1;5062
12;0.5;MoveNorthWest;(23, 14);;(21, 2);1;5063
12;0.5;MoveNorthWest;(22, 13);;(21, 2);1;5064
12;0.5;MoveNorthWest;(22, 13);;(21, 2);1;5065
12;0.5;MoveNorthWest;(22, 13);;(21, 2);1;5066
12;0.5;MoveNorthWest;(22, 13);;(21, 2);1;5067
12;0.5;MoveNorthWest;(22, 13);;(21, 2);1;5068
12;0.5;MoveNorthWest;(22, 13);;(21, 2);1;5069
12;0.5;MoveNorthWest;(22, 13);;(21, 2);1;5070
12;0.5;MoveNorthWest;(22, 13);;(21, 2);1;5071
12;0.5;MoveNorthWest;(22, 13);;(21, 2);1;5072
12;0.5;MoveNorthWest;(21, 12);;(21, 2);1;5073
12;0.5;MoveNorthWest;(21, 12);;(21, 2);1;5074
12;0.5;MoveNorthWest;(21, 12);;(21, 2);1;5075
12;0.5;MoveNorthWest;(21, 12);;(21, 2);1;5076
12;0.5;MoveNorthWest;(21, 12);;(21, 2);1;5077
12;0.5;MoveNorthWest;(21, 12);;(21, 2);1;5078
12;0.5;MoveNorthWest;(21, 12);;(21, 2);1;5079
12;0.5;MoveNorthWest;(21, 12);;(21, 2);1;5080
12;0.5;MoveNorthWest;(21, 12);;(21, 2);1;5081
12;0.5;MoveNorthWest;(20, 11);;(21, 2);1;5082
12;0.5;MoveNorthWest;(20, 11);;(21, 2);1;5083
12;0.5;MoveNorthWest;(20, 11);;(21, 2);1;5084
12;0.5;MoveNorthWest;(20, 11);;(21, 2);1;5085
12;0.5;MoveNorthWest;(20, 11);;(21, 2);1;5086
12;0.5;MoveNorthWest;(20, 11);;(21, 2);1;5087
12;0.5;MoveNorthWest;(20, 11);;(21, 2);1;5088
12;0.5;MoveNorthWest;(20, 11);;(21, 2);1;5089
12;0.5;MoveNorthWest;(20, 11);;(21, 2);1;5090
12;0.5;MoveNorthWest;(19, 10);;(21, 2);1;5091
12;0.5;MoveNorthWest;(19, 10);;(21, 2);1;5092
12;0.5;MoveNorthWest;(19, 10);;(21, 2);1;5093
12;0.5;MoveNorthWest;(19, 10);;(21, 2);1;5094
12;0.5;MoveNorthWest;(19, 10);;(21, 2);1;5095
12;0.5;MoveNorthWest;(19, 10);;(21, 2);1;5096
12;0.5;MoveNorthWest;(19, 10);;(21, 2);1;5097
12;0.5;MoveNorthWest;(19, 10);;(21, 2);1;5098
12;0.5;MoveNorthWest;(19, 10);;(21, 2);1;5099
12;0.5;MoveNorthWest;(18, 9);;(21, 2);1;5100
12;0.5;MoveNorth;(18, 9);;(21, 2);1;5101
12;0.5;MoveNorth;(18, 9);;(21, 2);1;5102
12;0.5;MoveNorth;(18, 9);;(21, 2);1;5103
12;0.5;MoveNorth;(18, 9);;(21, 2);1;5104
12;0.5;MoveNorth;(18, 9);;(21, 2);1;5105
12;0.5;MoveNorth;(18, 9);;(21, 2);1;5106
12;0.5;MoveNorth;(18, 9);;(21, 2);1;5107
12;0.5;MoveNorth;(18, 9);;(21, 2);1;5108
12;0.5;MoveNorth;(18, 9);;(21, 2);1;5109
12;0.5;MoveNorth;(18, 9);;(21, 2);1;5110
12;0.5;MoveNorth;(18, 9);;(21, 2);1;5111
12;0.5;MoveNorth;(18, 9);;(21, 2);1;5112
12;0.5;MoveNorth;(18, 9);;(21, 2);1;5113
12;0.5;MoveNorth;(18, 8);;(21, 2);1;5114
12;0.5;MoveNorth;(18, 8);;(21, 2);1;5115
12;0.5;MoveNorth;(18, 8);;(21, 2);1;5116
12;0.5;MoveNorth;(18, 8);;(21, 2);1;5117
12;0.5;MoveNorth;(18, 8);;(21, 2);1;5118
12;0.5;MoveNorth;(18, 8);;(21, 2);1;5119
12;0.5;MoveNorth;(18, 8);;(21, 2);1;5120
12;0.5;MoveNorth;(18, 8);;(21, 2);1;5121
12;0.5;MoveNorth;(18, 8);;(21, 2);1;5122
12;0.5;MoveNorth;(18, 7);;(21, 2);1;5123
12;0.5;MoveNorthWest;(18, 7);;(21, 2);1;5124
12;0.5;MoveNorthWest;(18, 7);;(21, 2);1;5125
12;0.5;MoveNorthWest;(18, 7);;(21, 2);1;5126
12;0.5;MoveNorthWest;(18, 7);;(21, 2);1;5127
12;0.5;MoveNorthWest;(18, 7);;(21, 2);1;5128
12;0.5;MoveNorthWest;(18, 7);;(21, 2);1;5129
12;0.5;MoveNorthWest;(18, 7);;(21, 2);1;5130
12;0.5;MoveNorthWest;(18, 7);;(21, 2);1;5131
12;0.5;MoveNorthWest;(17, 6);;(21, 2);1;5132
12;0.5;MoveWest;(17, 6);;(21, 2);1;5133
12;0.5;MoveWest;(17, 6);;(21, 2);1;5134
12;0.5;MoveWest;(17, 6);;(21, 2);1;5135
12;0.5;MoveWest;(17, 6);;(21, 2);1;5136
12;0.5;MoveWest;(17, 6);;(21, 2);1;5137
12;0.5;MoveWest;(17, 6);;(21, 2);1;5138
12;0.5;MoveWest;(17, 6);;(21, 2);1;5139
12;0.5;MoveWest;(17, 6);;(21, 2);1;5140
12;0.5;MoveWest;(16, 6);;(21, 2);1;5141
12;0.5;MoveWest;(16, 6);;(21, 2);1;5142
12;0.5;MoveWest;(16, 6);;(21, 2);1;5143
12;0.5;MoveWest;(16, 6);;(21, 2);1;5144
12;0.5;MoveWest;(16, 6);;(21, 2);1;5145
12;0.5;MoveWest;(16, 6);;(21, 2);1;5146
12;0.5;MoveWest;(16, 6);;(21, 2);1;5147
12;0.5;MoveWest;(16, 6);;(21, 2);1;5148
12;0.5;MoveWest;(16, 6);;(21, 2);1;5149
12;0.5;MoveWest;(15, 6);;(21, 2);1;5150
12;0.5;MoveWest;(15, 6);;(21, 2);1;5151
12;0.5;MoveWest;(15, 6);;(21, 2);1;5152
12;0.5;MoveWest;(15, 6);;(21, 2);1;5153
12;0.5;MoveWest;(15, 6);;(21, 2);1;5154
12;0.5;MoveWest;(15, 6);;(21, 2);1;5155
12;0.5;MoveWest;(15, 6);;(21, 2);1;5156
12;0.5;MoveWest;(15, 6);;(21, 2);1;5157
12;0.5;MoveWest;(15, 6);;(21, 2);1;5158
12;0.5;MoveWest;(14, 6);;(21, 2);1;5159
12;0.5;MoveWest;(14, 6);;(21, 2);1;5160
12;0.5;MoveWest;(14, 6);;(21, 2);1;5161
12;0.5;MoveWest;(14, 6);;(21, 2);1;5162
12;0.5;MoveWest;(14, 6);;(21, 2);1;5163
12;0.5;MoveWest;(14, 6);;(21, 2);1;5164
12;0.5;MoveWest;(14, 6);;(21, 2);1;5165
12;0.5;MoveWest;(14, 6);;(21, 2);1;5166
12;0.5;MoveWest;(14, 6);;(21, 2);1;5167
12;0.5;MoveWest;(13, 6);;(21, 2);1;5168
12;0.5;MoveWest;(13, 6);;(21, 2);1;5169
12;0.5;MoveWest;(13, 6);;(21, 2);1;5170
12;0.5;MoveWest;(13, 6);;(21, 2);1;5171
12;0.5;MoveWest;(13, 6);;(21, 2);1;5172
12;0.5;MoveWest;(13, 6);;(21, 2);1;5173
12;0.5;MoveWest;(13, 6);;(21, 2);1;5174
12;0.5;MoveWest;(13, 6);;(21, 2);1;5175
12;0.5;MoveWest;(13, 6);;(21, 2);1;5176
12;0.5;MoveWest;(12, 6);;(21, 2);1;5177
12;0.5;MoveWest;(12, 6);MoveSouth;(21, 3);1;5178
12;0.5;MoveWest;(12, 6);;(21, 3);1;5179
12;0.5;MoveWest;(12, 6);MoveSouth;(21, 4);1;5180
12;0.5;MoveWest;(12, 6);;(21, 4);1;5181
12;0.5;MoveWest;(12, 6);MoveSouth;(21, 5);1;5182
12;0.5;MoveWest;(12, 6);;(21, 5);1;5183
12;0.5;MoveWest;(12, 6);;(21, 5);1;5184
12;0.5;MoveWest;(12, 6);;(21, 5);1;5185
12;0.5;MoveWest;(12, 6);;(21, 5);1;5186
12;0.5;MoveWest;(12, 6);;(21, 5);1;5187
12;0.5;MoveWest;(12, 6);;(21, 5);1;5188
12;0.5;MoveWest;(12, 6);MoveSouth;(21, 6);1;5189
12;0.5;MoveWest;(12, 6);;(21, 6);1;5190
12;0.5;MoveWest;(11, 6);;(21, 6);1;5191
12;0.5;MoveWest;(11, 6);;(21, 6);1;5192
12;0.5;MoveWest;(11, 6);;(21, 6);1;5193
12;0.5;MoveWest;(11, 6);;(21, 6);1;5194
12;0.5;MoveWest;(11, 6);;(21, 6);1;5195
12;0.5;MoveWest;(11, 6);;(21, 6);1;5196
12;0.5;MoveWest;(11, 6);;(21, 6);1;5197
12;0.5;MoveWest;(11, 6);;(21, 6);1;5198
12;0.5;MoveWest;(11, 6);;(21, 6);1;5199
12;0.5;MoveWest;(11, 6);MoveWest;(20, 6);1;5200
12;0.5;MoveWest;(11, 6);;(20, 6);1;5201
12;0.5;MoveWest;(11, 6);MoveWest;(19, 6);1;5202
12;0.5;MoveWest;(11, 6);MoveWest;(19, 6);1;5203
12;0.5;MoveWest;(11, 6);MoveWest;(19, 6);1;5204
12;0.5;MoveWest;(10, 6);MoveWest;(19, 6);1;5205
12;0.5;MoveWest;(10, 6);MoveWest;(19, 6);1;5206
12;0.5;MoveWest;(10, 6);MoveWest;(19, 6);1;5207
12;0.5;MoveWest;(10, 6);MoveWest;(18, 6);1;5208
12;0.5;MoveWest;(10, 6);MoveWest;(17, 6);1;5209
12;0.5;MoveWest;(10, 6);;(17, 6);1;5210
12;0.5;MoveWest;(10, 6);MoveWest;(16, 6);1;5211
12;0.5;MoveWest;(10, 6);;(16, 6);1;5212
12;0.5;MoveWest;(10, 6);;(16, 6);1;5213
12;0.5;MoveWest;(10, 6);;(16, 6);1;5214
12;0.5;MoveWest;(10, 6);;(16, 6);1;5215
12;0.5;MoveWest;(10, 6);;(16, 6);1;5216
12;0.5;MoveWest;(10, 6);;(16, 6);1;5217
12;0.5;MoveWest;(10, 6);MoveWest;(15, 6);1;5218
12;0.5;MoveWest;(9, 6);;(15, 6);1;5219
12;0.5;MoveWest;(9, 6);MoveNorth;(15, 5);1;5220
12;0.5;MoveWest;(9, 6);;(15, 5);1;5221
12;0.5;MoveWest;(9, 6);MoveSouth;(15, 6);1;5222
12;0.5;MoveWest;(9, 6);;(15, 6);1;5223
12;0.5;MoveWest;(9, 6);MoveSouth;(15, 7);1;5224
12;0.5;MoveWest;(9, 6);;(15, 7);1;5225
12;0.5;MoveWest;(9, 6);MoveSouth;(15, 8);1;5226
12;0.5;MoveWest;(9, 6);;(15, 8);1;5227
12;0.5;MoveWest;(8, 6);MoveSouth;(15, 9);1;5228
12;0.5;MoveWest;(8, 6);MoveSouth;(15, 9);1;5229
12;0.5;MoveWest;(8, 6);;(15, 9);1;5230
12;0.5;MoveWest;(8, 6);;(15, 9);1;5231
12;0.5;MoveWest;(8, 6);MoveNorth;(15, 8);1;5232
12;0.5;MoveWest;(8, 6);;(15, 8);1;5233
12;0.5;MoveWest;(8, 6);MoveNorth;(15, 7);1;5234
12;0.5;MoveWest;(8, 6);MoveNorth;(15, 6);1;5235
12;0.5;MoveWest;(8, 6);;(15, 6);1;5236
12;0.5;MoveWest;(7, 6);MoveNorth;(15, 5);1;5237
12;0.5;MoveWest;(7, 6);MoveNorth;(15, 5);1;5238
12;0.5;MoveWest;(7, 6);;(15, 5);1;5239
12;0.5;MoveWest;(7, 6);MoveNorth;(15, 5);1;5240
12;0.5;MoveWest;(7, 6);;(15, 5);1;5241
12;0.5;MoveWest;(7, 6);;(15, 5);1;5242
12;0.5;MoveWest;(7, 6);;(15, 5);1;5243
12;0.5;MoveWest;(7, 6);;(15, 5);1;5244
12;0.5;MoveWest;(7, 6);;(15, 5);1;5245
12;0.5;MoveWest;(6, 6);;(15, 5);1;5246
12;0.5;MoveWest;(6, 6);;(15, 5);1;5247
12;0.5;MoveWest;(6, 6);;(15, 5);1;5248
12;0.5;MoveWest;(6, 6);;(15, 5);1;5249
12;0.5;MoveWest;(6, 6);;(15, 5);1;5250
12;0.5;MoveWest;(6, 6);;(15, 5);1;5251
12;0.5;MoveWest;(6, 6);;(15, 5);1;5252
12;0.5;MoveWest;(6, 6);;(15, 5);1;5253
12;0.5;MoveWest;(6, 6);;(15, 5);1;5254
12;0.5;MoveWest;(5, 6);;(15, 5);1;5255
12;0.5;MoveWest;(5, 6);;(15, 5);1;5256
12;0.5;MoveWest;(5, 6);;(15, 5);1;5257
12;0.5;MoveWest;(5, 6);;(15, 5);1;5258
12;0.5;MoveWest;(5, 6);;(15, 5);1;5259
12;0.5;MoveWest;(5, 6);;(15, 5);1;5260
12;0.5;MoveWest;(5, 6);;(15, 5);1;5261
12;0.5;MoveWest;(5, 6);;(15, 5);1;5262
12;0.5;MoveWest;(5, 6);;(15, 5);1;5263
12;0.5;MoveWest;(4, 6);;(15, 5);1;5264
12;0.5;MoveWest;(4, 6);;(15, 5);1;5265
12;0.5;MoveWest;(4, 6);;(15, 5);1;5266
12;0.5;MoveWest;(4, 6);;(15, 5);1;5267
12;0.5;MoveWest;(4, 6);;(15, 5);1;5268
12;0.5;MoveWest;(4, 6);;(15, 5);1;5269
12;0.5;MoveWest;(4, 6);;(15, 5);1;5270
12;0.5;MoveWest;(4, 6);;(15, 5);1;5271
12;0.5;MoveWest;(4, 6);;(15, 5);1;5272
12;0.5;MoveWest;(3, 6);;(15, 5);1;5273
12;0.5;MoveSouth;(3, 6);;(15, 5);1;5274
12;0.5;MoveSouth;(3, 6);;(15, 5);1;5275
12;0.5;MoveSouth;(3, 6);;(15, 5);1;5276
12;0.5;MoveSouth;(3, 6);;(15, 5);1;5277
12;0.5;MoveSouth;(3, 6);MoveSouth;(15, 6);1;5278
12;0.5;MoveSouth;(3, 6);;(15, 6);1;5279
12;0.5;MoveSouth;(3, 6);MoveWest;(14, 6);1;5280
12;0.5;MoveSouth;(3, 6);;(14, 6);1;5281
12;0.5;MoveSouth;(3, 7);;(14, 6);1;5282
12;0.5;MoveSouthWest;(3, 7);;(14, 6);1;5283
12;0.5;MoveSouthWest;(3, 7);;(14, 6);1;5284
12;0.5;MoveSouthWest;(3, 7);;(14, 6);1;5285
12;0.5;MoveSouthWest;(3, 7);MoveNorth;(14, 5);1;5286
12;0.5;MoveSouthWest;(3, 7);;(14, 5);1;5287
12;0.5;MoveSouthWest;(3, 7);MoveWest;(13, 5);1;5288
12;0.5;MoveSouthWest;(3, 7);;(13, 5);1;5289
12;0.5;MoveSouthWest;(3, 7);;(13, 5);1;5290
12;0.5;MoveSouthWest;(2, 8);;(13, 5);1;5291
12;0.5;MoveSouthEast;(2, 8);MoveWest;(12, 5);1;5292
12;0.5;MoveSouthEast;(2, 8);MoveWest;(11, 5);1;5293
12;0.5;MoveSouthEast;(2, 8);;(11, 5);1;5294
12;0.5;MoveSouthEast;(2, 8);MoveWest;(10, 5);1;5295
12;0.5;MoveSouthEast;(2, 8);MoveWest;(10, 5);1;5296
12;0.5;MoveSouthEast;(2, 8);MoveWest;(10, 5);1;5297
12;0.5;MoveSouthEast;(2, 8);MoveWest;(10, 5);1;5298
12;0.5;MoveSouthEast;(2, 8);MoveWest;(10, 5);1;5299
12;0.5;MoveSouthEast;(3, 9);MoveWest;(10, 5);1;5300
12;0.5;MoveNorthEast;(3, 9);MoveWest;(9, 5);1;5301
12;0.5;MoveNorthEast;(3, 9);MoveSouth;(9, 6);1;5302
12;0.5;MoveNorthEast;(3, 9);;(9, 6);1;5303
12;0.5;MoveNorthEast;(3, 9);;(9, 6);1;5304
12;0.5;MoveNorthEast;(3, 9);;(9, 6);1;5305
12;0.5;MoveNorthEast;(3, 9);;(9, 6);1;5306
12;0.5;MoveNorthEast;(3, 9);;(9, 6);1;5307
12;0.5;MoveNorthEast;(3, 9);;(9, 6);1;5308
12;0.5;MoveNorthEast;(4, 8);;(9, 6);1;5309
12;0.5;Idle;(4, 8);;(9, 6);1;5310
12;0.5;Idle;(4, 8);;(9, 6);1;5311
12;0.5;Idle;(4, 8);;(9, 6);1;5312
12;0.5;Idle;(4, 8);;(9, 6);1;5313
12;0.5;Idle;(4, 8);;(9, 6);1;5314
12;0.5;Idle;(4, 8);;(9, 6);1;5315
12;0.5;Idle;(4, 8);;(9, 6);1;5316
12;0.5;Idle;(4, 8);;(9, 6);1;5317
12;0.5;Idle;(4, 8);;(9, 6);1;5318
12;0.5;Idle;(4, 8);;(9, 6);1;5319
12;0.5;Idle;(4, 8);;(9, 6);1;5320
12;0.5;Idle;(4, 8);;(9, 6);1;5321
12;0.5;Idle;(4, 8);;(9, 6);1;5322
12;0.5;Idle;(4, 8);;(9, 6);1;5323
12;0.5;Idle;(4, 8);;(9, 6);1;5324
12;0.5;Idle;(4, 8);;(9, 6);1;5325
12;0.5;Idle;(4, 8);;(9, 6);1;5326
12;0.5;Idle;(4, 8);;(9, 6);1;5327
12;0.5;Idle;(4, 8);;(9, 6);1;5328
12;0.5;Idle;(4, 8);;(9, 6);1;5329
12;0.5;Idle;(4, 8);;(9, 6);1;5330
12;0.5;Idle;(4, 8);;(9, 6);1;5331
12;0.5;Idle;(4, 8);;(9, 6);1;5332
12;0.5;Idle;(4, 8);MoveSouth;(9, 7);1;5333
12;0.5;Idle;(4, 8);;(9, 7);1;5334
12;0.5;Idle;(4, 8);MoveNorth;(9, 6);1;5335
12;0.5;Idle;(4, 8);;(9, 6);1;5336
12;0.5;Idle;(4, 8);MoveSouth;(9, 7);1;5337
12;0.5;Idle;(4, 8);;(9, 7);1;5338
12;0.5;Idle;(4, 8);;(9, 7);1;5339
12;0.5;Idle;(4, 8);;(9, 7);1;5340
12;0.5;Idle;(4, 8);MoveSouth;(9, 8);1;5341
12;0.5;Idle;(4, 8);;(9, 8);1;5342
12;0.5;Idle;(4, 8);;(9, 8);1;5343
12;0.5;Idle;(4, 8);MoveSouth;(9, 9);1;5344
12;0.5;Idle;(4, 8);;(9, 9);1;5345
12;0.5;Idle;(4, 8);MoveSouth;(9, 9);1;5346
12;0.5;Idle;(4, 8);;(9, 9);1;5347
12;0.5;Idle;(4, 8);;(9, 9);1;5348
12;0.5;Idle;(4, 8);MoveNorth;(9, 8);1;5349
12;0.5;Idle;(4, 8);;(9, 8);1;5350
12;0.5;Idle;(4, 8);;(9, 8);1;5351
12;0.5;Idle;(4, 8);;(9, 8);1;5352
12;0.5;Idle;(4, 8);;(9, 8);1;5353
12;0.5;Idle;(4, 8);MoveNorth;(9, 7);1;5354
12;0.5;Idle;(4, 8);;(9, 7);1;5355
12;0.5;Idle;(4, 8);MoveNorth;(9, 6);1;5356
12;0.5;Idle;(4, 8);;(9, 6);1;5357
12;0.5;Idle;(4, 8);;(9, 6);1;5358
12;0.5;Idle;(4, 8);;(9, 6);1;5359
12;0.5;Idle;(4, 8);;(9, 6);1;5360
12;0.5;Idle;(4, 8);;(9, 6);1;5361
12;0.5;MoveNorthWest;(4, 8);MoveSouth;(9, 7);1;5362
12;0.5;MoveNorthWest;(4, 8);;(9, 7);1;5363
12;0.5;MoveNorthWest;(4, 8);;(9, 7);1;5364
12;0.5;MoveNorthWest;(4, 8);;(9, 7);1;5365
12;0.5;MoveNorthWest;(4, 8);;(9, 7);1;5366
12;0.5;MoveNorthWest;(4, 8);;(9, 7);1;5367
12;0.5;MoveNorthWest;(4, 8);;(9, 7);1;5368
12;0.5;MoveNorthWest;(4, 8);;(9, 7);1;5369
12;0.5;MoveNorthWest;(3, 7);;(9, 7);1;5370
12;0.5;MoveNorthEast;(3, 7);;(9, 7);1;5371
12;0.5;MoveNorthEast;(3, 7);;(9, 7);1;5372
12;0.5;MoveNorthEast;(3, 7);;(9, 7);1;5373
12;0.5;MoveNorthEast;(3, 7);;(9, 7);1;5374
12;0.5;MoveNorthEast;(3, 7);MoveNorth;(9, 6);1;5375
12;0.5;MoveNorthEast;(3, 7);;(9, 6);1;5376
12;0.5;MoveNorthEast;(3, 7);;(9, 6);1;5377
12;0.5;MoveNorthEast;(3, 7);;(9, 6);1;5378
12;0.5;MoveNorthEast;(4, 6);;(9, 6);1;5379
12;0.5;MoveNorthEast;(4, 6);;(9, 6);1;5380
12;0.5;MoveNorthEast;(4, 6);;(9, 6);1;5381
12;0.5;MoveNorthEast;(4, 6);;(9, 6);1;5382
12;0.5;MoveNorthEast;(4, 6);;(9, 6);1;5383
12;0.5;MoveNorthEast;(4, 6);;(9, 6);1;5384
12;0.5;MoveNorthEast;(4, 6);;(9, 6);1;5385
12;0.5;MoveNorthEast;(4, 6);;(9, 6);1;5386
12;0.5;MoveNorthEast;(4, 6);;(9, 6);1;5387
12;0.5;MoveNorthEast;(5, 5);;(9, 6);1;5388
12;0.5;MoveEast;(5, 5);MoveWest;(8, 6);1;5389
12;0.5;MoveEast;(5, 5);;(8, 6);1;5390
12;0.5;MoveEast;(5, 5);;(8, 6);1;5391
12;0.5;MoveEast;(5, 5);;(8, 6);1;5392
12;0.5;MoveEast;(5, 5);;(8, 6);1;5393
12;0.5;MoveEast;(5, 5);;(8, 6);1;5394
12;0.5;MoveEast;(5, 5);MoveEast;(9, 6);1;5395
12;0.5;MoveEast;(5, 5);;(9, 6);1;5396
12;0.5;MoveEast;(6, 5);;(9, 6);1;5397
12;0.5;MoveEast;(6, 5);;(9, 6);1;5398
12;0.5;MoveEast;(6, 5);;(9, 6);1;5399
12;0.5;MoveEast;(6, 5);;(9, 6);1;5400
12;0.5;MoveEast;(6, 5);;(9, 6);1;5401
12;0.5;MoveEast;(6, 5);;(9, 6);1;5402
12;0.5;MoveEast;(6, 5);;(9, 6);1;5403
12;0.5;MoveEast;(6, 5);;(9, 6);1;5404
12;0.5;MoveEast;(6, 5);;(9, 6);1;5405
12;0.5;MoveEast;(6, 5);;(9, 6);1;5406
12;0.5;MoveEast;(6, 5);;(9, 6);1;5407
12;0.5;MoveEast;(6, 5);;(9, 6);1;5408
12;0.5;MoveEast;(6, 5);;(9, 6);1;5409
12;0.5;MoveEast;(6, 5);MoveNorth;(9, 5);1;5410
12;0.5;MoveEast;(7, 5);;(9, 5);1;5411
12;0.5;MoveEast;(7, 5);MoveNorth;(9, 4);1;5412
12;0.5;MoveEast;(7, 5);;(9, 4);1;5413
12;0.5;MoveEast;(7, 5);MoveNorth;(9, 3);1;5414
12;0.5;MoveEast;(7, 5);MoveNorth;(9, 2);1;5415
12;0.5;MoveEast;(7, 5);;(9, 2);1;5416
12;0.5;MoveEast;(7, 5);;(9, 2);1;5417
12;0.5;MoveEast;(7, 5);;(9, 2);1;5418
12;0.5;MoveEast;(7, 5);;(9, 2);1;5419
12;0.5;MoveEast;(7, 5);;(9, 2);1;5420
12;0.5;MoveEast;(7, 5);;(9, 2);1;5421
12;0.5;MoveEast;(7, 5);MoveSouth;(9, 3);1;5422
12;0.5;MoveEast;(7, 5);;(9, 3);1;5423
12;0.5;MoveEast;(7, 5);;(9, 3);1;5424
12;0.5;MoveEast;(8, 5);;(9, 3);1;5425
12;0.5;MoveNorthEast;(8, 5);;(9, 3);1;5426
12;0.5;MoveNorthEast;(8, 5);;(9, 3);1;5427
12;0.5;MoveNorthEast;(8, 5);;(9, 3);1;5428
12;0.5;MoveNorthEast;(8, 5);;(9, 3);1;5429
12;0.5;MoveNorthEast;(8, 5);;(9, 3);1;5430
12;0.5;MoveNorthEast;(8, 5);;(9, 3);1;5431
12;0.5;MoveNorthEast;(8, 5);;(9, 3);1;5432
12;0.5;MoveNorthEast;(8, 5);;(9, 3);1;5433
12;0.5;MoveNorthEast;(8, 5);;(9, 3);1;5434
12;0.5;MoveNorthEast;(8, 5);MoveSouth;(9, 4);1;5435
12;0.5;MoveNorthEast;(8, 5);;(9, 4);1;5436
12;0.5;MoveNorthEast;(8, 5);;(9, 4);1;5437
12;0.5;MoveNorthEast;(8, 5);MoveSouth;(9, 5);1;5438
12;0.5;MoveNorthEast;(9, 4);MoveSouth;(9, 6);1;5439
12;0.5;MoveNorthEast;(9, 4);;(9, 6);1;5440
12;0.5;MoveNorthEast;(9, 4);MoveSouth;(9, 7);1;5441
12;0.5;MoveNorthEast;(9, 4);;(9, 7);1;5442
12;0.5;MoveNorthEast;(9, 4);;(9, 7);1;5443
12;0.5;MoveNorthEast;(9, 4);;(9, 7);1;5444
12;0.5;MoveNorthEast;(9, 4);;(9, 7);1;5445
12;0.5;MoveNorthEast;(9, 4);;(9, 7);1;5446
12;0.5;MoveNorthEast;(9, 4);;(9, 7);1;5447
12;0.5;MoveNorthEast;(10, 3);MoveSouth;(9, 8);1;5448
12;0.5;;(10, 3);;(9, 8);1;5449
12;0.5;;(10, 3);MoveSouth;(9, 9);1;5450
12;0.5;;(10, 3);MoveSouth;(9, 9);1;5451
12;0.5;;(10, 3);;(9, 9);1;5452
12;0.5;;(10, 3);MoveSouth;(9, 9);1;5453
12;0.5;;(10, 3);;(9, 9);1;5454
12;0.5;;(10, 3);;(9, 9);1;5455
12;0.5;;(10, 3);MoveNorth;(9, 8);1;5456
12;0.5;;(10, 3);;(9, 8);1;5457
12;0.5;;(10, 3);;(9, 8);1;5458
12;0.5;;(10, 3);;(9, 8);1;5459
12;0.5;;(10, 3);;(9, 8);1;5460
12;0.5;;(10, 3);;(9, 8);1;5461
12;0.5;;(10, 3);;(9, 8);1;5462
12;0.5;;(10, 3);;(9, 8);1;5463
12;0.5;;(10, 3);;(9, 8);1;5464
12;0.5;;(10, 3);;(9, 8);1;5465
12;0.5;;(10, 3);;(9, 8);1;5466
12;0.5;;(10, 3);;(9, 8);1;5467
12;0.5;;(10, 3);;(9, 8);1;5468
12;0.5;;(10, 3);;(9, 8);1;5469
12;0.5;;(10, 3);;(9, 8);1;5470
12;0.5;;(10, 3);;(9, 8);1;5471
12;0.5;;(10, 3);;(9, 8);1;5472
12;0.5;;(10, 3);;(9, 8);1;5473
12;0.5;;(10, 3);;(9, 8);1;5474
12;0.5;;(10, 3);;(9, 8);1;5475
12;0.5;;(10, 3);;(9, 8);1;5476
12;0.5;;(10, 3);;(9, 8);1;5477
12;0.5;;(10, 3);;(9, 8);1;5478
12;0.5;;(10, 3);;(9, 8);1;5479
12;0.5;;(10, 3);;(9, 8);1;5480
12;0.5;;(10, 3);;(9, 8);1;5481
12;0.5;;(10, 3);;(9, 8);1;5482
12;0.5;;(10, 3);;(9, 8);1;5483
12;0.5;;(10, 3);;(9, 8);1;5484
12;0.5;;(10, 3);;(9, 8);1;5485
12;0.5;;(10, 3);;(9, 8);1;5486
12;0.5;;(10, 3);;(9, 8);1;5487
12;0.5;;(10, 3);;(9, 8);1;5488
12;0.5;;(10, 3);;(9, 8);1;5489
12;0.5;;(10, 3);;(9, 8);1;5490
12;0.5;;(10, 3);;(9, 8);1;5491
12;0.5;;(10, 3);;(9, 8);1;5492
12;0.5;;(10, 3);;(9, 8);1;5493
12;0.5;;(10, 3);;(9, 8);1;5494
12;0.5;;(10, 3);;(9, 8);1;5495
12;0.5;;(10, 3);;(9, 8);1;5496
12;0.5;;(10, 3);;(9, 8);1;5497
12;0.5;;(10, 3);;(9, 8);1;5498
12;0.5;;(10, 3);;(9, 8);1;5499
12;0.5;;(10, 3);;(9, 8);1;5500
12;0.5;;(10, 3);;(9, 8);1;5501
12;0.5;;(10, 3);;(9, 8);1;5502
12;0.5;;(10, 3);;(9, 8);1;5503
12;0.5;;(10, 3);;(9, 8);1;5504
12;0.5;;(10, 3);;(9, 8);1;5505
12;0.5;;(10, 3);;(9, 8);1;5506
12;0.5;;(10, 3);;(9, 8);1;5507
12;0.5;;(10, 3);;(9, 8);1;5508
12;0.5;;(10, 3);;(9, 8);1;5509
12;0.5;;(10, 3);;(9, 8);1;5510
12;0.5;;(10, 3);;(9, 8);1;5511
12;0.5;;(10, 3);;(9, 8);1;5512
12;0.5;;(10, 3);;(9, 8);1;5513
12;0.5;;(10, 3);;(9, 8);1;5514
12;0.5;;(10, 3);;(9, 8);1;5515
12;0.5;;(10, 3);;(9, 8);1;5516
12;0.5;;(10, 3);;(9, 8);1;5517
12;0.5;;(10, 3);;(9, 8);1;5518
12;0.5;;(10, 3);;(9, 8);1;5519
12;0.5;;(10, 3);;(9, 8);1;5520
12;0.5;;(10, 3);;(9, 8);1;5521
12;0.5;;(10, 3);;(9, 8);1;5522
12;0.5;;(10, 3);;(9, 8);1;5523
12;0.5;;(10, 3);;(9, 8);1;5524
12;0.5;;(10, 3);;(9, 8);1;5525
12;0.5;;(10, 3);;(9, 8);1;5526
12;0.5;;(10, 3);;(9, 8);1;5527
12;0.5;;(10, 3);;(9, 8);1;5528
12;0.5;;(10, 3);;(9, 8);1;5529
12;0.5;;(10, 3);;(9, 8);1;5530
12;0.5;;(10, 3);;(9, 8);1;5531
12;0.5;;(10, 3);;(9, 8);1;5532
12;0.5;;(10, 3);;(9, 8);1;5533
12;0.5;;(10, 3);;(9, 8);1;5534
12;0.5;;(10, 3);;(9, 8);1;5535
12;0.5;;(10, 3);;(9, 8);1;5536
12;0.5;;(10, 3);;(9, 8);1;5537
12;0.5;;(10, 3);;(9, 8);1;5538
12;0.5;;(10, 3);;(9, 8);1;5539
12;0.5;;(10, 3);;(9, 8);1;5540
12;0.5;;(10, 3);;(9, 8);1;5541
12;0.5;;(10, 3);;(9, 8);1;5542
12;0.5;;(10, 3);;(9, 8);1;5543
12;0.5;;(10, 3);;(9, 8);1;5544
12;0.5;;(10, 3);;(9, 8);1;5545
12;0.5;;(10, 3);;(9, 8);1;5546
12;0.5;;(10, 3);;(9, 8);1;5547
12;0.5;;(10, 3);;(9, 8);1;5548
12;0.5;;(10, 3);;(9, 8);1;5549
12;0.5;;(10, 3);;(9, 8);1;5550
12;0.5;;(10, 3);;(9, 8);1;5551
12;0.5;;(10, 3);;(9, 8);1;5552
12;0.5;;(10, 3);;(9, 8);1;5553
12;0.5;;(10, 3);;(9, 8);1;5554
12;0.5;;(10, 3);;(9, 8);1;5555
12;0.5;;(10, 3);;(9, 8);1;5556
12;0.5;;(10, 3);;(9, 8);1;5557
12;0.5;;(10, 3);;(9, 8);1;5558
12;0.5;;(10, 3);;(9, 8);1;5559
12;0.5;;(10, 3);;(9, 8);1;5560
12;0.5;;(10, 3);;(9, 8);1;5561
12;0.5;;(10, 3);;(9, 8);1;5562
12;0.5;;(10, 3);;(9, 8);1;5563
12;0.5;;(10, 3);;(9, 8);1;5564
12;0.5;;(10, 3);;(9, 8);1;5565
12;0.5;;(10, 3);MoveWest;(8, 8);1;5566
12;0.5;;(10, 3);;(8, 8);1;5567
12;0.5;;(10, 3);;(8, 8);1;5568
12;0.5;;(10, 3);;(8, 8);1;5569
12;0.5;;(10, 3);;(8, 8);1;5570
12;0.5;;(10, 3);;(8, 8);1;5571
12;0.5;;(10, 3);;(8, 8);1;5572
12;0.5;;(10, 3);MoveEast;(9, 8);1;5573
12;0.5;;(10, 3);;(9, 8);1;5574
12;0.5;;(10, 3);;(9, 8);1;5575
12;0.5;;(10, 3);;(9, 8);1;5576
12;0.5;;(10, 3);MoveNorth;(9, 7);1;5577
12;0.5;;(10, 3);;(9, 7);1;5578
12;0.5;;(10, 3);;(9, 7);1;5579
12;0.5;;(10, 3);;(9, 7);1;5580
12;0.5;;(10, 3);;(9, 7);1;5581
12;0.5;;(10, 3);MoveNorth;(9, 6);1;5582
12;0.5;;(10, 3);;(9, 6);1;5583
12;0.5;;(10, 3);MoveNorth;(9, 5);1;5584
12;0.5;;(10, 3);MoveNorth;(9, 4);1;5585
12;0.5;;(10, 3);;(9, 4);1;5586
12;0.5;;(10, 3);MoveNorth;(9, 3);1;5587
12;0.5;;(10, 3);;(9, 3);1;5588
12;0.5;;(10, 3);;(9, 3);1;5589
12;0.5;;(10, 3);;(9, 3);1;5590
12;0.5;;(10, 3);;(9, 3);1;5591
12;0.5;;(10, 3);;(9, 3);1;5592
12;0.5;;(10, 3);;(9, 3);1;5593
12;0.5;;(10, 3);MoveEast;(10, 3);1;5594
12;0.5;;(10, 3);;(10, 3);1;5595
12;0.5;;(10, 3);;(10, 3);1;5596
12;0.5;;(10, 3);;(10, 3);1;5597
12;0.5;;(10, 3);;(10, 3);1;5598
12;0.5;;(10, 3);;(10, 3);1;5599
12;0.5;;(10, 3);;(10, 3);1;5600
12;0.5;;(10, 3);;(10, 3);1;5601
12;0.5;;(10, 3);;(10, 3);1;5602
12;0.5;;(10, 3);;(10, 3);1;5603
12;0.5;;(10, 3);;(10, 3);1;5604
12;0.5;;(10, 3);;(10, 3);1;5605
12;0.5;;(10, 3);;(10, 3);1;5606
12;0.5;;(10, 3);;(10, 3);1;5607
12;0.5;;(10, 3);;(10, 3);1;5608
12;0.5;;(10, 3);;(10, 3);1;5609
12;0.5;;(10, 3);;(10, 3);1;5610
12;0.5;;(10, 3);CarryObjectTogether;(10, 3);1;5611
12;0.5;;(10, 3);;(10, 3);1;5612
12;0.5;;(10, 3);;(10, 3);1;5613
12;0.5;;(10, 3);;(10, 3);1;5614
12;0.5;;(10, 3);;(10, 3);1;5615
12;0.5;;(10, 3);MoveWest;(9, 3);1;5616
12;0.5;;(10, 3);;(9, 3);1;5617
12;0.5;;(10, 3);;(9, 3);1;5618
12;0.5;;(10, 3);;(9, 3);1;5619
12;0.5;;(10, 3);;(9, 3);1;5620
12;0.5;;(10, 3);;(9, 3);1;5621
12;0.5;;(10, 3);MoveSouth;(9, 4);1;5622
12;0.5;;(10, 3);;(9, 4);1;5623
12;0.5;;(10, 3);MoveSouth;(9, 5);1;5624
12;0.5;;(10, 3);;(9, 5);1;5625
12;0.5;;(10, 3);MoveSouth;(9, 6);1;5626
12;0.5;;(10, 3);;(9, 6);1;5627
12;0.5;;(10, 3);;(9, 6);1;5628
12;0.5;;(10, 3);;(9, 6);1;5629
12;0.5;;(10, 3);;(9, 6);1;5630
12;0.5;;(10, 3);MoveEast;(10, 6);1;5631
12;0.5;;(10, 3);;(10, 6);1;5632
12;0.5;;(10, 3);MoveEast;(10, 6);1;5633
12;0.5;;(10, 3);MoveEast;(10, 6);1;5634
12;0.5;;(10, 3);MoveEast;(10, 6);1;5635
12;0.5;;(10, 3);MoveEast;(10, 6);1;5636
12;0.5;;(10, 3);MoveEast;(10, 6);1;5637
12;0.5;;(10, 3);MoveEast;(11, 6);1;5638
12;0.5;;(10, 3);MoveEast;(11, 6);1;5639
12;0.5;;(10, 3);MoveEast;(11, 6);1;5640
12;0.5;;(10, 3);MoveEast;(11, 6);1;5641
12;0.5;;(10, 3);MoveEast;(11, 6);1;5642
12;0.5;;(10, 3);MoveEast;(11, 6);1;5643
12;0.5;;(10, 3);MoveEast;(12, 6);1;5644
12;0.5;;(10, 3);MoveEast;(12, 6);1;5645
12;0.5;;(10, 3);MoveEast;(12, 6);1;5646
12;0.5;;(10, 3);MoveEast;(12, 6);1;5647
12;0.5;;(10, 3);MoveEast;(12, 6);1;5648
12;0.5;;(10, 3);MoveEast;(12, 6);1;5649
12;0.5;;(10, 3);MoveEast;(13, 6);1;5650
12;0.5;;(10, 3);MoveEast;(14, 6);1;5651
12;0.5;;(10, 3);MoveEast;(15, 6);1;5652
12;0.5;;(10, 3);;(15, 6);1;5653
12;0.5;;(10, 3);MoveEast;(16, 6);1;5654
12;0.5;;(10, 3);MoveEast;(17, 6);1;5655
12;0.5;;(10, 3);;(17, 6);1;5656
12;0.5;;(10, 3);MoveEast;(18, 6);1;5657
12;0.5;;(10, 3);MoveEast;(19, 6);1;5658
12;0.5;;(10, 3);;(19, 6);1;5659
12;0.5;;(10, 3);MoveEast;(19, 6);1;5660
12;0.5;;(10, 3);MoveEast;(19, 6);1;5661
12;0.5;;(10, 3);MoveEast;(19, 6);1;5662
12;0.5;;(10, 3);MoveEast;(19, 6);1;5663
12;0.5;;(10, 3);MoveEast;(19, 6);1;5664
12;0.5;;(10, 3);MoveEast;(20, 6);1;5665
12;0.5;;(10, 3);MoveEast;(21, 6);1;5666
12;0.5;;(10, 3);;(21, 6);1;5667
12;0.5;;(10, 3);MoveEast;(22, 6);1;5668
12;0.5;;(10, 3);MoveEast;(23, 6);1;5669
12;0.5;;(10, 3);;(23, 6);1;5670
12;0.5;;(10, 3);MoveEast;(23, 6);1;5671
12;0.5;;(10, 3);;(23, 6);1;5672
12;0.5;;(10, 3);;(23, 6);1;5673
12;0.5;;(10, 3);MoveSouth;(23, 7);1;5674
12;0.5;;(10, 3);;(23, 7);1;5675
12;0.5;;(10, 3);MoveSouth;(23, 8);1;5676
12;0.5;;(10, 3);;(23, 8);1;5677
12;0.5;;(10, 3);;(23, 8);1;5678
12;0.5;;(10, 3);;(23, 8);1;5679
18;0.625;;(23, 8);DropObjectTogether;(23, 8);1;5680
18;0.625;MoveWest;(23, 8);;(23, 8);1;5681
18;0.625;MoveWest;(23, 8);;(23, 8);1;5682
18;0.625;MoveWest;(23, 8);;(23, 8);1;5683
18;0.625;MoveWest;(23, 8);;(23, 8);1;5684
18;0.625;MoveWest;(23, 8);MoveNorth;(23, 7);1;5685
18;0.625;MoveWest;(23, 8);;(23, 7);1;5686
18;0.625;MoveWest;(23, 8);;(23, 7);1;5687
18;0.625;MoveWest;(23, 8);;(23, 7);1;5688
18;0.625;MoveWest;(22, 8);;(23, 7);1;5689
18;0.625;MoveWest;(22, 8);;(23, 7);1;5690
18;0.625;MoveWest;(22, 8);;(23, 7);1;5691
18;0.625;MoveWest;(22, 8);;(23, 7);1;5692
18;0.625;MoveWest;(22, 8);;(23, 7);1;5693
18;0.625;MoveWest;(22, 8);;(23, 7);1;5694
18;0.625;MoveWest;(22, 8);;(23, 7);1;5695
18;0.625;MoveWest;(22, 8);;(23, 7);1;5696
18;0.625;MoveWest;(22, 8);;(23, 7);1;5697
18;0.625;MoveWest;(21, 8);;(23, 7);1;5698
18;0.625;MoveWest;(21, 8);MoveWest;(22, 7);1;5699
18;0.625;MoveWest;(21, 8);;(22, 7);1;5700
18;0.625;MoveWest;(21, 8);;(22, 7);1;5701
18;0.625;MoveWest;(21, 8);;(22, 7);1;5702
18;0.625;MoveWest;(21, 8);;(22, 7);1;5703
18;0.625;MoveWest;(21, 8);;(22, 7);1;5704
18;0.625;MoveWest;(21, 8);MoveNorth;(22, 6);1;5705
18;0.625;MoveWest;(21, 8);;(22, 6);1;5706
18;0.625;MoveWest;(20, 8);;(22, 6);1;5707
18;0.625;MoveWest;(20, 8);MoveWest;(21, 6);1;5708
18;0.625;MoveWest;(20, 8);;(21, 6);1;5709
18;0.625;MoveWest;(20, 8);;(21, 6);1;5710
18;0.625;MoveWest;(20, 8);;(21, 6);1;5711
18;0.625;MoveWest;(20, 8);MoveWest;(20, 6);1;5712
18;0.625;MoveWest;(20, 8);;(20, 6);1;5713
18;0.625;MoveWest;(20, 8);MoveWest;(19, 6);1;5714
18;0.625;MoveWest;(20, 8);MoveWest;(19, 6);1;5715
18;0.625;MoveWest;(19, 8);MoveWest;(19, 6);1;5716
18;0.625;MoveNorthWest;(19, 8);MoveWest;(19, 6);1;5717
18;0.625;MoveNorthWest;(19, 8);MoveWest;(19, 6);1;5718
18;0.625;MoveNorthWest;(19, 8);MoveWest;(19, 6);1;5719
18;0.625;MoveNorthWest;(19, 8);MoveWest;(18, 6);1;5720
18;0.625;MoveNorthWest;(19, 8);MoveWest;(17, 6);1;5721
18;0.625;MoveNorthWest;(19, 8);MoveWest;(16, 6);1;5722
18;0.625;MoveNorthWest;(19, 8);;(16, 6);1;5723
18;0.625;MoveNorthWest;(19, 8);MoveWest;(15, 6);1;5724
18;0.625;MoveNorthWest;(19, 8);MoveWest;(14, 6);1;5725
18;0.625;MoveNorthWest;(19, 8);;(14, 6);1;5726
18;0.625;MoveNorthWest;(19, 8);MoveWest;(13, 6);1;5727
18;0.625;MoveNorthWest;(19, 8);MoveWest;(12, 6);1;5728
18;0.625;MoveNorthWest;(19, 8);;(12, 6);1;5729
18;0.625;MoveNorthWest;(18, 7);MoveWest;(12, 6);1;5730
18;0.625;MoveNorthWest;(18, 7);MoveWest;(12, 6);1;5731
18;0.625;MoveNorthWest;(18, 7);MoveWest;(12, 6);1;5732
18;0.625;MoveNorthWest;(18, 7);MoveWest;(12, 6);1;5733
18;0.625;MoveNorthWest;(18, 7);MoveWest;(12, 6);1;5734
18;0.625;MoveNorthWest;(18, 7);MoveWest;(11, 6);1;5735
18;0.625;MoveNorthWest;(18, 7);MoveWest;(11, 6);1;5736
18;0.625;MoveNorthWest;(18, 7);MoveWest;(11, 6);1;5737
18;0.625;MoveNorthWest;(18, 7);MoveWest;(11, 6);1;5738
18;0.625;MoveNorthWest;(17, 6);MoveWest;(11, 6);1;5739
18;0.625;MoveWest;(17, 6);MoveWest;(11, 6);1;5740
18;0.625;MoveWest;(17, 6);MoveWest;(10, 6);1;5741
18;0.625;MoveWest;(17, 6);MoveWest;(10, 6);1;5742
18;0.625;MoveWest;(17, 6);MoveWest;(10, 6);1;5743
18;0.625;MoveWest;(17, 6);MoveWest;(10, 6);1;5744
18;0.625;MoveWest;(17, 6);MoveWest;(10, 6);1;5745
18;0.625;MoveWest;(17, 6);MoveWest;(10, 6);1;5746
18;0.625;MoveWest;(17, 6);MoveWest;(9, 6);1;5747
18;0.625;MoveWest;(16, 6);MoveWest;(8, 6);1;5748
18;0.625;MoveWest;(16, 6);MoveWest;(7, 6);1;5749
18;0.625;MoveWest;(16, 6);;(7, 6);1;5750
18;0.625;MoveWest;(16, 6);MoveWest;(6, 6);1;5751
18;0.625;MoveWest;(16, 6);;(6, 6);1;5752
18;0.625;MoveWest;(16, 6);MoveWest;(5, 6);1;5753
18;0.625;MoveWest;(16, 6);MoveWest;(4, 6);1;5754
18;0.625;MoveWest;(16, 6);;(4, 6);1;5755
18;0.625;MoveWest;(16, 6);MoveWest;(3, 6);1;5756
18;0.625;MoveWest;(15, 6);;(3, 6);1;5757
18;0.625;MoveWest;(15, 6);MoveNorth;(3, 5);1;5758
18;0.625;MoveWest;(15, 6);;(3, 5);1;5759
18;0.625;MoveWest;(15, 6);;(3, 5);1;5760
18;0.625;MoveWest;(15, 6);MoveNorth;(3, 4);1;5761
18;0.625;MoveWest;(15, 6);MoveNorth;(3, 3);1;5762
18;0.625;MoveWest;(15, 6);;(3, 3);1;5763
18;0.625;MoveWest;(15, 6);MoveNorth;(3, 2);1;5764
18;0.625;MoveWest;(15, 6);;(3, 2);1;5765
18;0.625;MoveWest;(14, 6);MoveNorth;(3, 2);1;5766
18;0.625;MoveWest;(14, 6);;(3, 2);1;5767
18;0.625;MoveWest;(14, 6);;(3, 2);1;5768
18;0.625;MoveWest;(14, 6);MoveSouth;(3, 3);1;5769
18;0.625;MoveWest;(14, 6);;(3, 3);1;5770
18;0.625;MoveWest;(14, 6);;(3, 3);1;5771
18;0.625;MoveWest;(14, 6);;(3, 3);1;5772
18;0.625;MoveWest;(14, 6);;(3, 3);1;5773
18;0.625;MoveWest;(14, 6);;(3, 3);1;5774
18;0.625;MoveWest;(13, 6);;(3, 3);1;5775
18;0.625;MoveWest;(13, 6);;(3, 3);1;5776
18;0.625;MoveWest;(13, 6);;(3, 3);1;5777
18;0.625;MoveWest;(13, 6);;(3, 3);1;5778
18;0.625;MoveWest;(13, 6);;(3, 3);1;5779
18;0.625;MoveWest;(13, 6);;(3, 3);1;5780
18;0.625;MoveWest;(13, 6);;(3, 3);1;5781
18;0.625;MoveWest;(13, 6);;(3, 3);1;5782
18;0.625;MoveWest;(13, 6);;(3, 3);1;5783
18;0.625;MoveWest;(12, 6);;(3, 3);1;5784
18;0.625;MoveWest;(12, 6);;(3, 3);1;5785
18;0.625;MoveWest;(12, 6);;(3, 3);1;5786
18;0.625;MoveWest;(12, 6);;(3, 3);1;5787
18;0.625;MoveWest;(12, 6);;(3, 3);1;5788
18;0.625;MoveWest;(12, 6);;(3, 3);1;5789
18;0.625;MoveWest;(12, 6);;(3, 3);1;5790
18;0.625;MoveWest;(12, 6);;(3, 3);1;5791
18;0.625;MoveWest;(12, 6);;(3, 3);1;5792
18;0.625;MoveWest;(12, 6);;(3, 3);1;5793
18;0.625;MoveWest;(12, 6);;(3, 3);1;5794
18;0.625;MoveWest;(12, 6);;(3, 3);1;5795
18;0.625;MoveWest;(12, 6);;(3, 3);1;5796
18;0.625;MoveWest;(12, 6);;(3, 3);1;5797
18;0.625;MoveWest;(11, 6);;(3, 3);1;5798
18;0.625;MoveWest;(11, 6);;(3, 3);1;5799
18;0.625;MoveWest;(11, 6);;(3, 3);1;5800
18;0.625;MoveWest;(11, 6);;(3, 3);1;5801
18;0.625;MoveWest;(11, 6);;(3, 3);1;5802
18;0.625;MoveWest;(11, 6);;(3, 3);1;5803
18;0.625;MoveWest;(11, 6);;(3, 3);1;5804
18;0.625;MoveWest;(11, 6);;(3, 3);1;5805
18;0.625;MoveWest;(11, 6);;(3, 3);1;5806
18;0.625;MoveWest;(11, 6);;(3, 3);1;5807
18;0.625;MoveWest;(11, 6);;(3, 3);1;5808
18;0.625;MoveWest;(11, 6);;(3, 3);1;5809
18;0.625;MoveWest;(11, 6);;(3, 3);1;5810
18;0.625;MoveWest;(11, 6);;(3, 3);1;5811
18;0.625;MoveWest;(10, 6);;(3, 3);1;5812
18;0.625;MoveWest;(10, 6);;(3, 3);1;5813
18;0.625;MoveWest;(10, 6);;(3, 3);1;5814
18;0.625;MoveWest;(10, 6);;(3, 3);1;5815
18;0.625;MoveWest;(10, 6);;(3, 3);1;5816
18;0.625;MoveWest;(10, 6);;(3, 3);1;5817
18;0.625;MoveWest;(10, 6);;(3, 3);1;5818
18;0.625;MoveWest;(10, 6);;(3, 3);1;5819
18;0.625;MoveWest;(10, 6);;(3, 3);1;5820
18;0.625;MoveWest;(10, 6);;(3, 3);1;5821
18;0.625;MoveWest;(10, 6);;(3, 3);1;5822
18;0.625;MoveWest;(10, 6);;(3, 3);1;5823
18;0.625;MoveWest;(10, 6);;(3, 3);1;5824
18;0.625;MoveWest;(10, 6);;(3, 3);1;5825
18;0.625;MoveWest;(9, 6);;(3, 3);1;5826
18;0.625;MoveSouth;(9, 6);;(3, 3);1;5827
18;0.625;MoveSouth;(9, 6);;(3, 3);1;5828
18;0.625;MoveSouth;(9, 6);;(3, 3);1;5829
18;0.625;MoveSouth;(9, 6);;(3, 3);1;5830
18;0.625;MoveSouth;(9, 6);;(3, 3);1;5831
18;0.625;MoveSouth;(9, 6);;(3, 3);1;5832
18;0.625;MoveSouth;(9, 6);;(3, 3);1;5833
18;0.625;MoveSouth;(9, 6);;(3, 3);1;5834
18;0.625;MoveSouth;(9, 7);;(3, 3);1;5835
18;0.625;MoveSouthWest;(9, 7);;(3, 3);1;5836
18;0.625;MoveSouthWest;(9, 7);;(3, 3);1;5837
18;0.625;MoveSouthWest;(9, 7);;(3, 3);1;5838
18;0.625;MoveSouthWest;(9, 7);;(3, 3);1;5839
18;0.625;MoveSouthWest;(9, 7);;(3, 3);1;5840
18;0.625;MoveSouthWest;(9, 7);MoveSouth;(3, 4);1;5841
18;0.625;MoveSouthWest;(9, 7);;(3, 4);1;5842
18;0.625;MoveSouthWest;(9, 7);;(3, 4);1;5843
18;0.625;MoveSouthWest;(8, 8);MoveSouth;(3, 5);1;5844
18;0.625;MoveSouthEast;(8, 8);;(3, 5);1;5845
18;0.625;MoveSouthEast;(8, 8);;(3, 5);1;5846
18;0.625;MoveSouthEast;(8, 8);;(3, 5);1;5847
18;0.625;MoveSouthEast;(8, 8);;(3, 5);1;5848
18;0.625;MoveSouthEast;(8, 8);MoveEast;(4, 5);1;5849
18;0.625;MoveSouthEast;(8, 8);;(4, 5);1;5850
18;0.625;MoveSouthEast;(8, 8);MoveEast;(5, 5);1;5851
18;0.625;MoveSouthEast;(8, 8);;(5, 5);1;5852
18;0.625;MoveSouthEast;(9, 9);MoveSouth;(5, 6);1;5853
18;0.625;MoveNorthEast;(9, 9);;(5, 6);1;5854
18;0.625;MoveNorthEast;(9, 9);;(5, 6);1;5855
18;0.625;MoveNorthEast;(9, 9);;(5, 6);1;5856
18;0.625;MoveNorthEast;(9, 9);MoveEast;(6, 6);1;5857
18;0.625;MoveNorthEast;(9, 9);;(6, 6);1;5858
18;0.625;MoveNorthEast;(9, 9);MoveEast;(7, 6);1;5859
18;0.625;MoveNorthEast;(9, 9);MoveEast;(8, 6);1;5860
18;0.625;MoveNorthEast;(9, 9);;(8, 6);1;5861
18;0.625;MoveNorthEast;(10, 8);MoveEast;(9, 6);1;5862
18;0.625;Idle;(10, 8);;(9, 6);1;5863
18;0.625;Idle;(10, 8);;(9, 6);1;5864
18;0.625;Idle;(10, 8);MoveSouth;(9, 7);1;5865
18;0.625;Idle;(10, 8);;(9, 7);1;5866
18;0.625;Idle;(10, 8);MoveSouth;(9, 8);1;5867
18;0.625;Idle;(10, 8);MoveSouth;(9, 9);1;5868
18;0.625;Idle;(10, 8);;(9, 9);1;5869
18;0.625;Idle;(10, 8);MoveSouth;(9, 9);1;5870
18;0.625;Idle;(10, 8);;(9, 9);1;5871
18;0.625;Idle;(10, 8);;(9, 9);1;5872
18;0.625;Idle;(10, 8);;(9, 9);1;5873
18;0.625;Idle;(10, 8);;(9, 9);1;5874
18;0.625;Idle;(10, 8);;(9, 9);1;5875
18;0.625;Idle;(10, 8);;(9, 9);1;5876
18;0.625;Idle;(10, 8);;(9, 9);1;5877
18;0.625;Idle;(10, 8);MoveNorth;(9, 8);1;5878
18;0.625;Idle;(10, 8);;(9, 8);1;5879
18;0.625;Idle;(10, 8);;(9, 8);1;5880
18;0.625;Idle;(10, 8);;(9, 8);1;5881
18;0.625;Idle;(10, 8);;(9, 8);1;5882
18;0.625;Idle;(10, 8);;(9, 8);1;5883
18;0.625;Idle;(10, 8);;(9, 8);1;5884
18;0.625;Idle;(10, 8);;(9, 8);1;5885
18;0.625;Idle;(10, 8);;(9, 8);1;5886
18;0.625;Idle;(10, 8);;(9, 8);1;5887
18;0.625;Idle;(10, 8);;(9, 8);1;5888
18;0.625;MoveNorthWest;(10, 8);;(9, 8);1;5889
18;0.625;MoveNorthWest;(10, 8);;(9, 8);1;5890
18;0.625;MoveNorthWest;(10, 8);;(9, 8);1;5891
18;0.625;MoveNorthWest;(10, 8);;(9, 8);1;5892
18;0.625;MoveNorthWest;(10, 8);;(9, 8);1;5893
18;0.625;MoveNorthWest;(10, 8);;(9, 8);1;5894
18;0.625;MoveNorthWest;(10, 8);;(9, 8);1;5895
18;0.625;MoveNorthWest;(10, 8);;(9, 8);1;5896
18;0.625;MoveNorthWest;(9, 7);;(9, 8);1;5897
18;0.625;MoveNorthWest;(9, 7);;(9, 8);1;5898
18;0.625;MoveNorthWest;(9, 7);;(9, 8);1;5899
18;0.625;MoveNorthWest;(9, 7);;(9, 8);1;5900
18;0.625;MoveNorthWest;(9, 7);;(9, 8);1;5901
18;0.625;MoveNorthWest;(9, 7);;(9, 8);1;5902
18;0.625;MoveNorthWest;(9, 7);;(9, 8);1;5903
18;0.625;MoveNorthWest;(9, 7);;(9, 8);1;5904
18;0.625;MoveNorthWest;(9, 7);;(9, 8);1;5905
18;0.625;MoveNorthWest;(8, 6);;(9, 8);1;5906
18;0.625;MoveWest;(8, 6);;(9, 8);1;5907
18;0.625;MoveWest;(8, 6);;(9, 8);1;5908
18;0.625;MoveWest;(8, 6);;(9, 8);1;5909
18;0.625;MoveWest;(8, 6);;(9, 8);1;5910
18;0.625;MoveWest;(8, 6);;(9, 8);1;5911
18;0.625;MoveWest;(8, 6);;(9, 8);1;5912
18;0.625;MoveWest;(8, 6);;(9, 8);1;5913
18;0.625;MoveWest;(8, 6);;(9, 8);1;5914
18;0.625;MoveWest;(7, 6);;(9, 8);1;5915
18;0.625;MoveSouthWest;(7, 6);;(9, 8);1;5916
18;0.625;MoveSouthWest;(7, 6);;(9, 8);1;5917
18;0.625;MoveSouthWest;(7, 6);;(9, 8);1;5918
18;0.625;MoveSouthWest;(7, 6);;(9, 8);1;5919
18;0.625;MoveSouthWest;(7, 6);;(9, 8);1;5920
18;0.625;MoveSouthWest;(7, 6);;(9, 8);1;5921
18;0.625;MoveSouthWest;(7, 6);;(9, 8);1;5922
18;0.625;MoveSouthWest;(7, 6);;(9, 8);1;5923
18;0.625;MoveSouthWest;(6, 7);;(9, 8);1;5924
18;0.625;MoveSouth;(6, 7);;(9, 8);1;5925
18;0.625;MoveSouth;(6, 7);;(9, 8);1;5926
18;0.625;MoveSouth;(6, 7);;(9, 8);1;5927
18;0.625;MoveSouth;(6, 7);;(9, 8);1;5928
18;0.625;MoveSouth;(6, 7);;(9, 8);1;5929
18;0.625;MoveSouth;(6, 7);;(9, 8);1;5930
18;0.625;MoveSouth;(6, 7);;(9, 8);1;5931
18;0.625;MoveSouth;(6, 7);;(9, 8);1;5932
18;0.625;MoveSouth;(6, 8);;(9, 8);1;5933
18;0.625;MoveSouth;(6, 8);;(9, 8);1;5934
18;0.625;MoveSouth;(6, 8);;(9, 8);1;5935
18;0.625;MoveSouth;(6, 8);;(9, 8);1;5936
18;0.625;MoveSouth;(6, 8);;(9, 8);1;5937
18;0.625;MoveSouth;(6, 8);;(9, 8);1;5938
18;0.625;MoveSouth;(6, 8);;(9, 8);1;5939
18;0.625;MoveSouth;(6, 8);;(9, 8);1;5940
18;0.625;MoveSouth;(6, 8);;(9, 8);1;5941
18;0.625;MoveSouth;(6, 9);;(9, 8);1;5942
18;0.625;MoveSouth;(6, 9);;(9, 8);1;5943
18;0.625;MoveSouth;(6, 9);;(9, 8);1;5944
18;0.625;MoveSouth;(6, 9);;(9, 8);1;5945
18;0.625;MoveSouth;(6, 9);;(9, 8);1;5946
18;0.625;MoveSouth;(6, 9);;(9, 8);1;5947
18;0.625;MoveSouth;(6, 9);;(9, 8);1;5948
18;0.625;MoveSouth;(6, 9);;(9, 8);1;5949
18;0.625;MoveSouth;(6, 9);;(9, 8);1;5950
18;0.625;MoveSouth;(6, 10);;(9, 8);1;5951
18;0.625;MoveSouth;(6, 10);;(9, 8);1;5952
18;0.625;MoveSouth;(6, 10);;(9, 8);1;5953
18;0.625;MoveSouth;(6, 10);;(9, 8);1;5954
18;0.625;MoveSouth;(6, 10);;(9, 8);1;5955
18;0.625;MoveSouth;(6, 10);;(9, 8);1;5956
18;0.625;MoveSouth;(6, 10);;(9, 8);1;5957
18;0.625;MoveSouth;(6, 10);;(9, 8);1;5958
18;0.625;MoveSouth;(6, 10);;(9, 8);1;5959
18;0.625;MoveSouth;(6, 11);;(9, 8);1;5960
18;0.625;MoveSouth;(6, 11);;(9, 8);1;5961
18;0.625;MoveSouth;(6, 11);;(9, 8);1;5962
18;0.625;MoveSouth;(6, 11);;(9, 8);1;5963
18;0.625;MoveSouth;(6, 11);;(9, 8);1;5964
18;0.625;MoveSouth;(6, 11);;(9, 8);1;5965
18;0.625;MoveSouth;(6, 11);;(9, 8);1;5966
18;0.625;MoveSouth;(6, 11);;(9, 8);1;5967
18;0.625;MoveSouth;(6, 11);;(9, 8);1;5968
18;0.625;MoveSouth;(6, 12);;(9, 8);1;5969
18;0.625;MoveSouth;(6, 12);;(9, 8);1;5970
18;0.625;MoveSouth;(6, 12);;(9, 8);1;5971
18;0.625;MoveSouth;(6, 12);;(9, 8);1;5972
18;0.625;MoveSouth;(6, 12);;(9, 8);1;5973
18;0.625;MoveSouth;(6, 12);;(9, 8);1;5974
18;0.625;MoveSouth;(6, 12);;(9, 8);1;5975
18;0.625;MoveSouth;(6, 12);;(9, 8);1;5976
18;0.625;MoveSouth;(6, 12);;(9, 8);1;5977
18;0.625;MoveSouth;(6, 12);;(9, 8);1;5978
18;0.625;MoveSouth;(6, 12);;(9, 8);1;5979
18;0.625;MoveSouth;(6, 12);;(9, 8);1;5980
18;0.625;MoveSouth;(6, 12);;(9, 8);1;5981
18;0.625;MoveSouth;(6, 12);;(9, 8);1;5982
18;0.625;MoveSouth;(6, 13);;(9, 8);1;5983
18;0.625;MoveSouth;(6, 13);;(9, 8);1;5984
18;0.625;MoveSouth;(6, 13);;(9, 8);1;5985
18;0.625;MoveSouth;(6, 13);;(9, 8);1;5986
18;0.625;MoveSouth;(6, 13);;(9, 8);1;5987
18;0.625;MoveSouth;(6, 13);;(9, 8);1;5988
18;0.625;MoveSouth;(6, 13);;(9, 8);1;5989
18;0.625;MoveSouth;(6, 13);;(9, 8);1;5990
18;0.625;MoveSouth;(6, 13);;(9, 8);1;5991
18;0.625;MoveSouth;(6, 13);;(9, 8);1;5992
18;0.625;MoveSouth;(6, 13);;(9, 8);1;5993
18;0.625;MoveSouth;(6, 13);;(9, 8);1;5994
18;0.625;MoveSouth;(6, 13);;(9, 8);1;5995
18;0.625;MoveSouth;(6, 13);;(9, 8);1;5996
18;0.625;MoveSouth;(6, 14);;(9, 8);1;5997
18;0.625;MoveSouth;(6, 14);;(9, 8);1;5998
18;0.625;MoveSouth;(6, 14);;(9, 8);1;5999
18;0.625;MoveSouth;(6, 14);;(9, 8);1;6000
