score;completeness;rescuebot_action;rescuebot_location;alice_action;alice_location;world_nr;tick_nr
0;0.0;;(22, 11);;(22, 12);1;0
0;0.0;;(22, 11);;(22, 12);1;1
0;0.0;;(22, 11);;(22, 12);1;2
0;0.0;;(22, 11);;(22, 12);1;3
0;0.0;;(22, 11);;(22, 12);1;4
0;0.0;;(22, 11);;(22, 12);1;5
0;0.0;;(22, 11);;(22, 12);1;6
0;0.0;;(22, 11);;(22, 12);1;7
0;0.0;;(22, 11);;(22, 12);1;8
0;0.0;;(22, 11);;(22, 12);1;9
0;0.0;;(22, 11);;(22, 12);1;10
0;0.0;;(22, 11);;(22, 12);1;11
0;0.0;;(22, 11);;(22, 12);1;12
0;0.0;;(22, 11);;(22, 12);1;13
0;0.0;;(22, 11);;(22, 12);1;14
0;0.0;;(22, 11);;(22, 12);1;15
0;0.0;;(22, 11);;(22, 12);1;16
0;0.0;;(22, 11);;(22, 12);1;17
0;0.0;;(22, 11);;(22, 12);1;18
0;0.0;;(22, 11);;(22, 12);1;19
0;0.0;;(22, 11);;(22, 12);1;20
0;0.0;;(22, 11);;(22, 12);1;21
0;0.0;;(22, 11);;(22, 12);1;22
0;0.0;;(22, 11);;(22, 12);1;23
0;0.0;;(22, 11);;(22, 12);1;24
0;0.0;;(22, 11);;(22, 12);1;25
0;0.0;;(22, 11);;(22, 12);1;26
0;0.0;;(22, 11);;(22, 12);1;27
0;0.0;;(22, 11);;(22, 12);1;28
0;0.0;;(22, 11);;(22, 12);1;29
0;0.0;;(22, 11);;(22, 12);1;30
0;0.0;;(22, 11);;(22, 12);1;31
0;0.0;;(22, 11);;(22, 12);1;32
0;0.0;;(22, 11);;(22, 12);1;33
0;0.0;;(22, 11);;(22, 12);1;34
0;0.0;;(22, 11);;(22, 12);1;35
0;0.0;;(22, 11);;(22, 12);1;36
0;0.0;;(22, 11);;(22, 12);1;37
0;0.0;;(22, 11);;(22, 12);1;38
0;0.0;;(22, 11);;(22, 12);1;39
0;0.0;;(22, 11);;(22, 12);1;40
0;0.0;;(22, 11);;(22, 12);1;41
0;0.0;;(22, 11);;(22, 12);1;42
0;0.0;;(22, 11);;(22, 12);1;43
0;0.0;;(22, 11);;(22, 12);1;44
0;0.0;;(22, 11);;(22, 12);1;45
0;0.0;;(22, 11);;(22, 12);1;46
0;0.0;;(22, 11);;(22, 12);1;47
0;0.0;;(22, 11);;(22, 12);1;48
0;0.0;;(22, 11);;(22, 12);1;49
0;0.0;;(22, 11);;(22, 12);1;50
0;0.0;;(22, 11);;(22, 12);1;51
0;0.0;;(22, 11);;(22, 12);1;52
0;0.0;;(22, 11);;(22, 12);1;53
0;0.0;;(22, 11);;(22, 12);1;54
0;0.0;;(22, 11);;(22, 12);1;55
0;0.0;;(22, 11);;(22, 12);1;56
0;0.0;;(22, 11);;(22, 12);1;57
0;0.0;;(22, 11);;(22, 12);1;58
0;0.0;;(22, 11);;(22, 12);1;59
0;0.0;;(22, 11);;(22, 12);1;60
0;0.0;;(22, 11);;(22, 12);1;61
0;0.0;;(22, 11);;(22, 12);1;62
0;0.0;;(22, 11);;(22, 12);1;63
0;0.0;;(22, 11);;(22, 12);1;64
0;0.0;;(22, 11);;(22, 12);1;65
0;0.0;;(22, 11);;(22, 12);1;66
0;0.0;;(22, 11);;(22, 12);1;67
0;0.0;;(22, 11);;(22, 12);1;68
0;0.0;;(22, 11);;(22, 12);1;69
0;0.0;;(22, 11);;(22, 12);1;70
0;0.0;;(22, 11);;(22, 12);1;71
0;0.0;;(22, 11);;(22, 12);1;72
0;0.0;;(22, 11);;(22, 12);1;73
0;0.0;;(22, 11);;(22, 12);1;74
0;0.0;;(22, 11);;(22, 12);1;75
0;0.0;;(22, 11);;(22, 12);1;76
0;0.0;;(22, 11);;(22, 12);1;77
0;0.0;;(22, 11);;(22, 12);1;78
0;0.0;;(22, 11);;(22, 12);1;79
0;0.0;;(22, 11);;(22, 12);1;80
0;0.0;;(22, 11);;(22, 12);1;81
0;0.0;;(22, 11);;(22, 12);1;82
0;0.0;;(22, 11);;(22, 12);1;83
0;0.0;;(22, 11);;(22, 12);1;84
0;0.0;;(22, 11);;(22, 12);1;85
0;0.0;;(22, 11);;(22, 12);1;86
0;0.0;;(22, 11);;(22, 12);1;87
0;0.0;;(22, 11);;(22, 12);1;88
0;0.0;;(22, 11);;(22, 12);1;89
0;0.0;;(22, 11);;(22, 12);1;90
0;0.0;;(22, 11);;(22, 12);1;91
0;0.0;;(22, 11);;(22, 12);1;92
0;0.0;;(22, 11);;(22, 12);1;93
0;0.0;;(22, 11);;(22, 12);1;94
0;0.0;;(22, 11);;(22, 12);1;95
0;0.0;;(22, 11);;(22, 12);1;96
0;0.0;;(22, 11);;(22, 12);1;97
0;0.0;;(22, 11);;(22, 12);1;98
0;0.0;;(22, 11);;(22, 12);1;99
0;0.0;;(22, 11);;(22, 12);1;100
0;0.0;;(22, 11);;(22, 12);1;101
0;0.0;;(22, 11);;(22, 12);1;102
0;0.0;;(22, 11);;(22, 12);1;103
0;0.0;;(22, 11);;(22, 12);1;104
0;0.0;;(22, 11);;(22, 12);1;105
0;0.0;;(22, 11);;(22, 12);1;106
0;0.0;;(22, 11);;(22, 12);1;107
0;0.0;;(22, 11);;(22, 12);1;108
0;0.0;;(22, 11);;(22, 12);1;109
0;0.0;;(22, 11);;(22, 12);1;110
0;0.0;;(22, 11);;(22, 12);1;111
0;0.0;;(22, 11);;(22, 12);1;112
0;0.0;;(22, 11);;(22, 12);1;113
0;0.0;;(22, 11);;(22, 12);1;114
0;0.0;;(22, 11);;(22, 12);1;115
0;0.0;;(22, 11);;(22, 12);1;116
0;0.0;;(22, 11);;(22, 12);1;117
0;0.0;;(22, 11);;(22, 12);1;118
0;0.0;;(22, 11);;(22, 12);1;119
0;0.0;;(22, 11);;(22, 12);1;120
0;0.0;;(22, 11);;(22, 12);1;121
0;0.0;;(22, 11);;(22, 12);1;122
0;0.0;;(22, 11);;(22, 12);1;123
0;0.0;;(22, 11);;(22, 12);1;124
0;0.0;;(22, 11);;(22, 12);1;125
0;0.0;;(22, 11);;(22, 12);1;126
0;0.0;;(22, 11);;(22, 12);1;127
0;0.0;;(22, 11);;(22, 12);1;128
0;0.0;;(22, 11);;(22, 12);1;129
0;0.0;;(22, 11);;(22, 12);1;130
0;0.0;;(22, 11);;(22, 12);1;131
0;0.0;;(22, 11);;(22, 12);1;132
0;0.0;;(22, 11);;(22, 12);1;133
0;0.0;;(22, 11);;(22, 12);1;134
0;0.0;;(22, 11);;(22, 12);1;135
0;0.0;;(22, 11);;(22, 12);1;136
0;0.0;;(22, 11);;(22, 12);1;137
0;0.0;;(22, 11);;(22, 12);1;138
0;0.0;;(22, 11);;(22, 12);1;139
0;0.0;;(22, 11);;(22, 12);1;140
0;0.0;;(22, 11);;(22, 12);1;141
0;0.0;;(22, 11);;(22, 12);1;142
0;0.0;;(22, 11);;(22, 12);1;143
0;0.0;;(22, 11);;(22, 12);1;144
0;0.0;;(22, 11);;(22, 12);1;145
0;0.0;;(22, 11);;(22, 12);1;146
0;0.0;;(22, 11);;(22, 12);1;147
0;0.0;;(22, 11);;(22, 12);1;148
0;0.0;;(22, 11);;(22, 12);1;149
0;0.0;;(22, 11);;(22, 12);1;150
0;0.0;;(22, 11);;(22, 12);1;151
0;0.0;;(22, 11);;(22, 12);1;152
0;0.0;;(22, 11);;(22, 12);1;153
0;0.0;;(22, 11);;(22, 12);1;154
0;0.0;;(22, 11);;(22, 12);1;155
0;0.0;;(22, 11);;(22, 12);1;156
0;0.0;;(22, 11);;(22, 12);1;157
0;0.0;;(22, 11);;(22, 12);1;158
0;0.0;;(22, 11);;(22, 12);1;159
0;0.0;;(22, 11);;(22, 12);1;160
0;0.0;;(22, 11);;(22, 12);1;161
0;0.0;;(22, 11);;(22, 12);1;162
0;0.0;;(22, 11);;(22, 12);1;163
0;0.0;;(22, 11);;(22, 12);1;164
0;0.0;;(22, 11);;(22, 12);1;165
0;0.0;;(22, 11);;(22, 12);1;166
0;0.0;;(22, 11);;(22, 12);1;167
0;0.0;;(22, 11);;(22, 12);1;168
0;0.0;;(22, 11);;(22, 12);1;169
0;0.0;;(22, 11);;(22, 12);1;170
0;0.0;;(22, 11);;(22, 12);1;171
0;0.0;;(22, 11);;(22, 12);1;172
0;0.0;;(22, 11);;(22, 12);1;173
0;0.0;;(22, 11);;(22, 12);1;174
0;0.0;;(22, 11);;(22, 12);1;175
0;0.0;;(22, 11);;(22, 12);1;176
0;0.0;;(22, 11);;(22, 12);1;177
0;0.0;;(22, 11);;(22, 12);1;178
0;0.0;;(22, 11);;(22, 12);1;179
0;0.0;;(22, 11);;(22, 12);1;180
0;0.0;;(22, 11);;(22, 12);1;181
0;0.0;;(22, 11);;(22, 12);1;182
0;0.0;;(22, 11);;(22, 12);1;183
0;0.0;;(22, 11);;(22, 12);1;184
0;0.0;;(22, 11);;(22, 12);1;185
0;0.0;;(22, 11);;(22, 12);1;186
0;0.0;;(22, 11);;(22, 12);1;187
0;0.0;;(22, 11);;(22, 12);1;188
0;0.0;;(22, 11);;(22, 12);1;189
0;0.0;;(22, 11);;(22, 12);1;190
0;0.0;;(22, 11);;(22, 12);1;191
0;0.0;;(22, 11);;(22, 12);1;192
0;0.0;;(22, 11);;(22, 12);1;193
0;0.0;;(22, 11);;(22, 12);1;194
0;0.0;;(22, 11);;(22, 12);1;195
0;0.0;;(22, 11);;(22, 12);1;196
0;0.0;;(22, 11);;(22, 12);1;197
0;0.0;;(22, 11);;(22, 12);1;198
0;0.0;;(22, 11);;(22, 12);1;199
0;0.0;;(22, 11);;(22, 12);1;200
0;0.0;;(22, 11);;(22, 12);1;201
0;0.0;;(22, 11);;(22, 12);1;202
0;0.0;;(22, 11);;(22, 12);1;203
0;0.0;;(22, 11);;(22, 12);1;204
0;0.0;;(22, 11);;(22, 12);1;205
0;0.0;;(22, 11);;(22, 12);1;206
0;0.0;;(22, 11);;(22, 12);1;207
0;0.0;;(22, 11);;(22, 12);1;208
0;0.0;;(22, 11);;(22, 12);1;209
0;0.0;;(22, 11);;(22, 12);1;210
0;0.0;;(22, 11);;(22, 12);1;211
0;0.0;;(22, 11);;(22, 12);1;212
0;0.0;;(22, 11);;(22, 12);1;213
0;0.0;;(22, 11);;(22, 12);1;214
0;0.0;;(22, 11);;(22, 12);1;215
0;0.0;;(22, 11);;(22, 12);1;216
0;0.0;;(22, 11);;(22, 12);1;217
0;0.0;;(22, 11);;(22, 12);1;218
0;0.0;;(22, 11);;(22, 12);1;219
0;0.0;;(22, 11);;(22, 12);1;220
0;0.0;;(22, 11);;(22, 12);1;221
0;0.0;;(22, 11);;(22, 12);1;222
0;0.0;;(22, 11);;(22, 12);1;223
0;0.0;;(22, 11);;(22, 12);1;224
0;0.0;;(22, 11);;(22, 12);1;225
0;0.0;;(22, 11);;(22, 12);1;226
0;0.0;;(22, 11);;(22, 12);1;227
0;0.0;;(22, 11);;(22, 12);1;228
0;0.0;;(22, 11);;(22, 12);1;229
0;0.0;;(22, 11);;(22, 12);1;230
0;0.0;;(22, 11);;(22, 12);1;231
0;0.0;;(22, 11);;(22, 12);1;232
0;0.0;;(22, 11);;(22, 12);1;233
0;0.0;;(22, 11);;(22, 12);1;234
0;0.0;;(22, 11);;(22, 12);1;235
0;0.0;;(22, 11);;(22, 12);1;236
0;0.0;;(22, 11);;(22, 12);1;237
0;0.0;;(22, 11);;(22, 12);1;238
0;0.0;;(22, 11);;(22, 12);1;239
0;0.0;;(22, 11);;(22, 12);1;240
0;0.0;;(22, 11);;(22, 12);1;241
0;0.0;;(22, 11);;(22, 12);1;242
0;0.0;;(22, 11);;(22, 12);1;243
0;0.0;;(22, 11);;(22, 12);1;244
0;0.0;;(22, 11);;(22, 12);1;245
0;0.0;;(22, 11);;(22, 12);1;246
0;0.0;;(22, 11);;(22, 12);1;247
0;0.0;;(22, 11);;(22, 12);1;248
0;0.0;;(22, 11);;(22, 12);1;249
0;0.0;;(22, 11);;(22, 12);1;250
0;0.0;;(22, 11);;(22, 12);1;251
0;0.0;;(22, 11);;(22, 12);1;252
0;0.0;;(22, 11);;(22, 12);1;253
0;0.0;;(22, 11);;(22, 12);1;254
0;0.0;;(22, 11);;(22, 12);1;255
0;0.0;;(22, 11);;(22, 12);1;256
0;0.0;;(22, 11);;(22, 12);1;257
0;0.0;;(22, 11);;(22, 12);1;258
0;0.0;;(22, 11);;(22, 12);1;259
0;0.0;;(22, 11);;(22, 12);1;260
0;0.0;;(22, 11);;(22, 12);1;261
0;0.0;;(22, 11);;(22, 12);1;262
0;0.0;;(22, 11);;(22, 12);1;263
0;0.0;;(22, 11);;(22, 12);1;264
0;0.0;;(22, 11);;(22, 12);1;265
0;0.0;;(22, 11);;(22, 12);1;266
0;0.0;;(22, 11);;(22, 12);1;267
0;0.0;;(22, 11);;(22, 12);1;268
0;0.0;;(22, 11);;(22, 12);1;269
0;0.0;;(22, 11);;(22, 12);1;270
0;0.0;;(22, 11);;(22, 12);1;271
0;0.0;;(22, 11);;(22, 12);1;272
0;0.0;;(22, 11);;(22, 12);1;273
0;0.0;;(22, 11);;(22, 12);1;274
0;0.0;;(22, 11);;(22, 12);1;275
0;0.0;;(22, 11);;(22, 12);1;276
0;0.0;;(22, 11);;(22, 12);1;277
0;0.0;;(22, 11);;(22, 12);1;278
0;0.0;;(22, 11);;(22, 12);1;279
0;0.0;;(22, 11);;(22, 12);1;280
0;0.0;;(22, 11);;(22, 12);1;281
0;0.0;;(22, 11);;(22, 12);1;282
0;0.0;;(22, 11);;(22, 12);1;283
0;0.0;;(22, 11);;(22, 12);1;284
0;0.0;;(22, 11);;(22, 12);1;285
0;0.0;;(22, 11);;(22, 12);1;286
0;0.0;;(22, 11);;(22, 12);1;287
0;0.0;;(22, 11);;(22, 12);1;288
0;0.0;;(22, 11);;(22, 12);1;289
0;0.0;;(22, 11);;(22, 12);1;290
0;0.0;;(22, 11);;(22, 12);1;291
0;0.0;;(22, 11);;(22, 12);1;292
0;0.0;;(22, 11);MoveSouth;(22, 13);1;293
0;0.0;;(22, 11);MoveSouth;(22, 14);1;294
0;0.0;MoveNorth;(22, 11);;(22, 14);1;295
0;0.0;MoveNorth;(22, 11);;(22, 14);1;296
0;0.0;MoveNorth;(22, 11);MoveSouth;(22, 15);1;297
0;0.0;MoveNorth;(22, 11);MoveSouth;(22, 16);1;298
0;0.0;MoveNorth;(22, 11);;(22, 16);1;299
0;0.0;MoveNorth;(22, 11);;(22, 16);1;300
0;0.0;MoveNorth;(22, 11);MoveSouth;(22, 17);1;301
0;0.0;MoveNorth;(22, 11);;(22, 17);1;302
0;0.0;MoveNorth;(22, 10);MoveSouth;(22, 18);1;303
0;0.0;MoveNorth;(22, 10);;(22, 18);1;304
0;0.0;MoveNorth;(22, 10);;(22, 18);1;305
0;0.0;MoveNorth;(22, 10);MoveSouth;(22, 18);1;306
0;0.0;MoveNorth;(22, 10);;(22, 18);1;307
0;0.0;MoveNorth;(22, 10);;(22, 18);1;308
0;0.0;MoveNorth;(22, 10);;(22, 18);1;309
0;0.0;MoveNorth;(22, 10);;(22, 18);1;310
0;0.0;MoveNorth;(22, 10);;(22, 18);1;311
0;0.0;MoveNorth;(22, 9);;(22, 18);1;312
0;0.0;MoveNorth;(22, 9);MoveWest;(21, 18);1;313
0;0.0;MoveNorth;(22, 9);;(21, 18);1;314
0;0.0;MoveNorth;(22, 9);;(21, 18);1;315
0;0.0;MoveNorth;(22, 9);;(21, 18);1;316
0;0.0;MoveNorth;(22, 9);;(21, 18);1;317
0;0.0;MoveNorth;(22, 9);RemoveObject;(21, 18);1;318
0;0.0;MoveNorth;(22, 9);RemoveObject;(21, 18);1;319
0;0.0;MoveNorth;(22, 9);RemoveObject;(21, 18);1;320
0;0.0;MoveNorth;(22, 8);RemoveObject;(21, 18);1;321
0;0.0;MoveNorth;(22, 8);RemoveObject;(21, 18);1;322
0;0.0;MoveNorth;(22, 8);RemoveObject;(21, 18);1;323
0;0.0;MoveNorth;(22, 8);RemoveObject;(21, 18);1;324
0;0.0;MoveNorth;(22, 8);RemoveObject;(21, 18);1;325
0;0.0;MoveNorth;(22, 8);RemoveObject;(21, 18);1;326
0;0.0;MoveNorth;(22, 8);RemoveObject;(21, 18);1;327
0;0.0;MoveNorth;(22, 8);RemoveObject;(21, 18);1;328
0;0.0;MoveNorth;(22, 8);RemoveObject;(21, 18);1;329
0;0.0;MoveNorth;(22, 7);RemoveObject;(21, 18);1;330
0;0.0;MoveNorthWest;(22, 7);RemoveObject;(21, 18);1;331
0;0.0;MoveNorthWest;(22, 7);RemoveObject;(21, 18);1;332
0;0.0;MoveNorthWest;(22, 7);RemoveObject;(21, 18);1;333
0;0.0;MoveNorthWest;(22, 7);RemoveObject;(21, 18);1;334
0;0.0;MoveNorthWest;(22, 7);RemoveObject;(21, 18);1;335
0;0.0;MoveNorthWest;(22, 7);RemoveObject;(21, 18);1;336
0;0.0;MoveNorthWest;(22, 7);RemoveObject;(21, 18);1;337
0;0.0;MoveNorthWest;(22, 7);RemoveObject;(21, 18);1;338
0;0.0;MoveNorthWest;(21, 6);RemoveObject;(21, 18);1;339
0;0.0;MoveNorth;(21, 6);RemoveObject;(21, 18);1;340
0;0.0;MoveNorth;(21, 6);RemoveObject;(21, 18);1;341
0;0.0;MoveNorth;(21, 6);RemoveObject;(21, 18);1;342
0;0.0;MoveNorth;(21, 6);RemoveObject;(21, 18);1;343
0;0.0;MoveNorth;(21, 6);RemoveObject;(21, 18);1;344
0;0.0;MoveNorth;(21, 6);RemoveObject;(21, 18);1;345
0;0.0;MoveNorth;(21, 6);RemoveObject;(21, 18);1;346
0;0.0;MoveNorth;(21, 6);RemoveObject;(21, 18);1;347
0;0.0;MoveNorth;(21, 5);RemoveObject;(21, 18);1;348
0;0.0;MoveNorth;(21, 5);RemoveObject;(21, 18);1;349
0;0.0;MoveNorth;(21, 5);RemoveObject;(21, 18);1;350
0;0.0;MoveNorth;(21, 5);RemoveObject;(21, 18);1;351
0;0.0;MoveNorth;(21, 5);RemoveObject;(21, 18);1;352
0;0.0;MoveNorth;(21, 5);RemoveObject;(21, 18);1;353
0;0.0;MoveNorth;(21, 5);RemoveObject;(21, 18);1;354
0;0.0;MoveNorth;(21, 5);RemoveObject;(21, 18);1;355
0;0.0;MoveNorth;(21, 5);RemoveObject;(21, 18);1;356
0;0.0;MoveNorth;(21, 4);RemoveObject;(21, 18);1;357
0;0.0;MoveNorthWest;(21, 4);RemoveObject;(21, 18);1;358
0;0.0;MoveNorthWest;(21, 4);RemoveObject;(21, 18);1;359
0;0.0;MoveNorthWest;(21, 4);RemoveObject;(21, 18);1;360
0;0.0;MoveNorthWest;(21, 4);RemoveObject;(21, 18);1;361
0;0.0;MoveNorthWest;(21, 4);RemoveObject;(21, 18);1;362
0;0.0;MoveNorthWest;(21, 4);RemoveObject;(21, 18);1;363
0;0.0;MoveNorthWest;(21, 4);RemoveObject;(21, 18);1;364
0;0.0;MoveNorthWest;(21, 4);RemoveObject;(21, 18);1;365
0;0.0;MoveNorthWest;(20, 3);RemoveObject;(21, 18);1;366
0;0.0;MoveNorth;(20, 3);RemoveObject;(21, 18);1;367
0;0.0;MoveNorth;(20, 3);RemoveObject;(21, 18);1;368
0;0.0;MoveNorth;(20, 3);RemoveObject;(21, 18);1;369
0;0.0;MoveNorth;(20, 3);RemoveObject;(21, 18);1;370
0;0.0;MoveNorth;(20, 3);RemoveObject;(21, 18);1;371
0;0.0;MoveNorth;(20, 3);RemoveObject;(21, 18);1;372
0;0.0;MoveNorth;(20, 3);RemoveObject;(21, 18);1;373
0;0.0;MoveNorth;(20, 3);RemoveObject;(21, 18);1;374
0;0.0;MoveNorth;(20, 2);RemoveObject;(21, 18);1;375
0;0.0;MoveSouthEast;(20, 2);RemoveObject;(21, 18);1;376
0;0.0;MoveSouthEast;(20, 2);RemoveObject;(21, 18);1;377
0;0.0;MoveSouthEast;(20, 2);RemoveObject;(21, 18);1;378
0;0.0;MoveSouthEast;(20, 2);RemoveObject;(21, 18);1;379
0;0.0;MoveSouthEast;(20, 2);RemoveObject;(21, 18);1;380
0;0.0;MoveSouthEast;(20, 2);RemoveObject;(21, 18);1;381
0;0.0;MoveSouthEast;(20, 2);RemoveObject;(21, 18);1;382
0;0.0;MoveSouthEast;(20, 2);RemoveObject;(21, 18);1;383
0;0.0;MoveSouthEast;(21, 3);RemoveObject;(21, 18);1;384
0;0.0;MoveNorthEast;(21, 3);RemoveObject;(21, 18);1;385
0;0.0;MoveNorthEast;(21, 3);RemoveObject;(21, 18);1;386
0;0.0;MoveNorthEast;(21, 3);RemoveObject;(21, 18);1;387
0;0.0;MoveNorthEast;(21, 3);RemoveObject;(21, 18);1;388
0;0.0;MoveNorthEast;(21, 3);RemoveObject;(21, 18);1;389
0;0.0;MoveNorthEast;(21, 3);RemoveObject;(21, 18);1;390
0;0.0;MoveNorthEast;(21, 3);RemoveObject;(21, 18);1;391
0;0.0;MoveNorthEast;(21, 3);RemoveObject;(21, 18);1;392
0;0.0;MoveNorthEast;(22, 2);RemoveObject;(21, 18);1;393
0;0.0;Idle;(22, 2);RemoveObject;(21, 18);1;394
0;0.0;Idle;(22, 2);RemoveObject;(21, 18);1;395
0;0.0;Idle;(22, 2);RemoveObject;(21, 18);1;396
0;0.0;Idle;(22, 2);RemoveObject;(21, 18);1;397
0;0.0;Idle;(22, 2);RemoveObject;(21, 18);1;398
0;0.0;Idle;(22, 2);RemoveObject;(21, 18);1;399
0;0.0;Idle;(22, 2);RemoveObject;(21, 18);1;400
0;0.0;Idle;(22, 2);RemoveObject;(21, 18);1;401
0;0.0;Idle;(22, 2);RemoveObject;(21, 18);1;402
0;0.0;Idle;(22, 2);RemoveObject;(21, 18);1;403
0;0.0;Idle;(22, 2);RemoveObject;(21, 18);1;404
0;0.0;Idle;(22, 2);RemoveObject;(21, 18);1;405
0;0.0;Idle;(22, 2);RemoveObject;(21, 18);1;406
0;0.0;Idle;(22, 2);RemoveObject;(21, 18);1;407
0;0.0;Idle;(22, 2);RemoveObject;(21, 18);1;408
0;0.0;Idle;(22, 2);RemoveObject;(21, 18);1;409
0;0.0;Idle;(22, 2);RemoveObject;(21, 18);1;410
0;0.0;Idle;(22, 2);RemoveObject;(21, 18);1;411
0;0.0;Idle;(22, 2);RemoveObject;(21, 18);1;412
0;0.0;Idle;(22, 2);RemoveObject;(21, 18);1;413
0;0.0;Idle;(22, 2);RemoveObject;(21, 18);1;414
0;0.0;Idle;(22, 2);RemoveObject;(21, 18);1;415
0;0.0;Idle;(22, 2);RemoveObject;(21, 18);1;416
0;0.0;Idle;(22, 2);RemoveObject;(21, 18);1;417
0;0.0;Idle;(22, 2);RemoveObject;(21, 18);1;418
0;0.0;Idle;(22, 2);RemoveObject;(21, 18);1;419
0;0.0;MoveSouthWest;(22, 2);RemoveObject;(21, 18);1;420
0;0.0;MoveSouthWest;(22, 2);RemoveObject;(21, 18);1;421
0;0.0;MoveSouthWest;(22, 2);RemoveObject;(21, 18);1;422
0;0.0;MoveSouthWest;(22, 2);RemoveObject;(21, 18);1;423
0;0.0;MoveSouthWest;(22, 2);RemoveObject;(21, 18);1;424
0;0.0;MoveSouthWest;(22, 2);RemoveObject;(21, 18);1;425
0;0.0;MoveSouthWest;(22, 2);RemoveObject;(21, 18);1;426
0;0.0;MoveSouthWest;(22, 2);RemoveObject;(21, 18);1;427
0;0.0;MoveSouthWest;(21, 3);RemoveObject;(21, 18);1;428
0;0.0;MoveSouth;(21, 3);RemoveObject;(21, 18);1;429
0;0.0;MoveSouth;(21, 3);RemoveObject;(21, 18);1;430
0;0.0;MoveSouth;(21, 3);RemoveObject;(21, 18);1;431
0;0.0;MoveSouth;(21, 3);RemoveObject;(21, 18);1;432
0;0.0;MoveSouth;(21, 3);RemoveObject;(21, 18);1;433
0;0.0;MoveSouth;(21, 3);RemoveObject;(21, 18);1;434
0;0.0;MoveSouth;(21, 3);RemoveObject;(21, 18);1;435
0;0.0;MoveSouth;(21, 3);RemoveObject;(21, 18);1;436
0;0.0;MoveSouth;(21, 4);RemoveObject;(21, 18);1;437
0;0.0;MoveSouthWest;(21, 4);RemoveObject;(21, 18);1;438
0;0.0;MoveSouthWest;(21, 4);RemoveObject;(21, 18);1;439
0;0.0;MoveSouthWest;(21, 4);RemoveObject;(21, 18);1;440
0;0.0;MoveSouthWest;(21, 4);RemoveObject;(21, 18);1;441
0;0.0;MoveSouthWest;(21, 4);RemoveObject;(21, 18);1;442
0;0.0;MoveSouthWest;(21, 4);RemoveObject;(21, 18);1;443
0;0.0;MoveSouthWest;(21, 4);RemoveObject;(21, 18);1;444
0;0.0;MoveSouthWest;(21, 4);RemoveObject;(21, 18);1;445
0;0.0;MoveSouthWest;(20, 5);RemoveObject;(21, 18);1;446
0;0.0;MoveWest;(20, 5);RemoveObject;(21, 18);1;447
0;0.0;MoveWest;(20, 5);RemoveObject;(21, 18);1;448
0;0.0;MoveWest;(20, 5);RemoveObject;(21, 18);1;449
0;0.0;MoveWest;(20, 5);RemoveObject;(21, 18);1;450
0;0.0;MoveWest;(20, 5);RemoveObject;(21, 18);1;451
0;0.0;MoveWest;(20, 5);RemoveObject;(21, 18);1;452
0;0.0;MoveWest;(20, 5);RemoveObject;(21, 18);1;453
0;0.0;MoveWest;(20, 5);RemoveObject;(21, 18);1;454
0;0.0;MoveWest;(20, 5);RemoveObject;(21, 18);1;455
0;0.0;MoveWest;(20, 5);RemoveObject;(21, 18);1;456
0;0.0;MoveWest;(20, 5);RemoveObject;(21, 18);1;457
0;0.0;MoveWest;(20, 5);RemoveObject;(21, 18);1;458
0;0.0;MoveWest;(20, 5);RemoveObject;(21, 18);1;459
0;0.0;MoveWest;(19, 5);RemoveObject;(21, 18);1;460
0;0.0;MoveWest;(19, 5);RemoveObject;(21, 18);1;461
0;0.0;MoveWest;(19, 5);RemoveObject;(21, 18);1;462
0;0.0;MoveWest;(19, 5);RemoveObject;(21, 18);1;463
0;0.0;MoveWest;(19, 5);RemoveObject;(21, 18);1;464
0;0.0;MoveWest;(19, 5);RemoveObject;(21, 18);1;465
0;0.0;MoveWest;(19, 5);RemoveObject;(21, 18);1;466
0;0.0;MoveWest;(19, 5);RemoveObject;(21, 18);1;467
0;0.0;MoveWest;(19, 5);RemoveObject;(21, 18);1;468
0;0.0;MoveWest;(19, 5);RemoveObject;(21, 18);1;469
0;0.0;MoveWest;(19, 5);RemoveObject;(21, 18);1;470
0;0.0;MoveWest;(19, 5);RemoveObject;(21, 18);1;471
0;0.0;MoveWest;(19, 5);RemoveObject;(21, 18);1;472
0;0.0;MoveWest;(19, 5);RemoveObject;(21, 18);1;473
0;0.0;MoveWest;(18, 5);RemoveObject;(21, 18);1;474
0;0.0;MoveWest;(18, 5);RemoveObject;(21, 18);1;475
0;0.0;MoveWest;(18, 5);RemoveObject;(21, 18);1;476
0;0.0;MoveWest;(18, 5);RemoveObject;(21, 18);1;477
0;0.0;MoveWest;(18, 5);RemoveObject;(21, 18);1;478
0;0.0;MoveWest;(18, 5);RemoveObject;(21, 18);1;479
0;0.0;MoveWest;(18, 5);RemoveObject;(21, 18);1;480
0;0.0;MoveWest;(18, 5);RemoveObject;(21, 18);1;481
0;0.0;MoveWest;(18, 5);RemoveObject;(21, 18);1;482
0;0.0;MoveWest;(17, 5);RemoveObject;(21, 18);1;483
0;0.0;MoveWest;(17, 5);RemoveObject;(21, 18);1;484
0;0.0;MoveWest;(17, 5);RemoveObject;(21, 18);1;485
0;0.0;MoveWest;(17, 5);RemoveObject;(21, 18);1;486
0;0.0;MoveWest;(17, 5);RemoveObject;(21, 18);1;487
0;0.0;MoveWest;(17, 5);RemoveObject;(21, 18);1;488
0;0.0;MoveWest;(17, 5);RemoveObject;(21, 18);1;489
0;0.0;MoveWest;(17, 5);RemoveObject;(21, 18);1;490
0;0.0;MoveWest;(17, 5);RemoveObject;(21, 18);1;491
0;0.0;MoveWest;(16, 5);RemoveObject;(21, 18);1;492
0;0.0;MoveWest;(16, 5);RemoveObject;(21, 18);1;493
0;0.0;MoveWest;(16, 5);RemoveObject;(21, 18);1;494
0;0.0;MoveWest;(16, 5);RemoveObject;(21, 18);1;495
0;0.0;MoveWest;(16, 5);RemoveObject;(21, 18);1;496
0;0.0;MoveWest;(16, 5);RemoveObject;(21, 18);1;497
0;0.0;MoveWest;(16, 5);RemoveObject;(21, 18);1;498
0;0.0;MoveWest;(16, 5);RemoveObject;(21, 18);1;499
0;0.0;MoveWest;(16, 5);RemoveObject;(21, 18);1;500
0;0.0;MoveWest;(15, 5);RemoveObject;(21, 18);1;501
0;0.0;MoveSouth;(15, 5);RemoveObject;(21, 18);1;502
0;0.0;MoveSouth;(15, 5);RemoveObject;(21, 18);1;503
0;0.0;MoveSouth;(15, 5);RemoveObject;(21, 18);1;504
0;0.0;MoveSouth;(15, 5);RemoveObject;(21, 18);1;505
0;0.0;MoveSouth;(15, 5);RemoveObject;(21, 18);1;506
0;0.0;MoveSouth;(15, 5);RemoveObject;(21, 18);1;507
0;0.0;MoveSouth;(15, 5);RemoveObject;(21, 18);1;508
0;0.0;MoveSouth;(15, 5);RemoveObject;(21, 18);1;509
0;0.0;MoveSouth;(15, 6);RemoveObject;(21, 18);1;510
0;0.0;RemoveObject;(15, 6);RemoveObject;(21, 18);1;511
0;0.0;RemoveObject;(15, 6);RemoveObject;(21, 18);1;512
0;0.0;RemoveObject;(15, 6);RemoveObject;(21, 18);1;513
0;0.0;RemoveObject;(15, 6);RemoveObject;(21, 18);1;514
0;0.0;RemoveObject;(15, 6);RemoveObject;(21, 18);1;515
0;0.0;RemoveObject;(15, 6);RemoveObject;(21, 18);1;516
0;0.0;RemoveObject;(15, 6);RemoveObject;(21, 18);1;517
0;0.0;RemoveObject;(15, 6);RemoveObject;(21, 18);1;518
0;0.0;RemoveObject;(15, 6);;(21, 18);1;519
0;0.0;RemoveObject;(15, 6);;(21, 18);1;520
0;0.0;RemoveObject;(15, 6);;(21, 18);1;521
0;0.0;RemoveObject;(15, 6);;(21, 18);1;522
0;0.0;RemoveObject;(15, 6);;(21, 18);1;523
0;0.0;RemoveObject;(15, 6);;(21, 18);1;524
0;0.0;RemoveObject;(15, 6);;(21, 18);1;525
0;0.0;RemoveObject;(15, 6);;(21, 18);1;526
0;0.0;RemoveObject;(15, 6);;(21, 18);1;527
0;0.0;RemoveObject;(15, 6);;(21, 18);1;528
0;0.0;RemoveObject;(15, 6);;(21, 18);1;529
0;0.0;RemoveObject;(15, 6);;(21, 18);1;530
0;0.0;RemoveObject;(15, 6);;(21, 18);1;531
0;0.0;RemoveObject;(15, 6);;(21, 18);1;532
0;0.0;RemoveObject;(15, 6);;(21, 18);1;533
0;0.0;RemoveObject;(15, 6);MoveSouth;(21, 19);1;534
0;0.0;RemoveObject;(15, 6);MoveSouth;(21, 20);1;535
0;0.0;RemoveObject;(15, 6);;(21, 20);1;536
0;0.0;RemoveObject;(15, 6);;(21, 20);1;537
0;0.0;RemoveObject;(15, 6);;(21, 20);1;538
0;0.0;RemoveObject;(15, 6);;(21, 20);1;539
0;0.0;RemoveObject;(15, 6);;(21, 20);1;540
0;0.0;RemoveObject;(15, 6);;(21, 20);1;541
0;0.0;RemoveObject;(15, 6);;(21, 20);1;542
0;0.0;RemoveObject;(15, 6);MoveSouth;(21, 21);1;543
0;0.0;RemoveObject;(15, 6);;(21, 21);1;544
0;0.0;RemoveObject;(15, 6);;(21, 21);1;545
0;0.0;RemoveObject;(15, 6);;(21, 21);1;546
0;0.0;RemoveObject;(15, 6);;(21, 21);1;547
0;0.0;RemoveObject;(15, 6);;(21, 21);1;548
0;0.0;RemoveObject;(15, 6);;(21, 21);1;549
0;0.0;RemoveObject;(15, 6);;(21, 21);1;550
0;0.0;RemoveObject;(15, 6);;(21, 21);1;551
0;0.0;RemoveObject;(15, 6);;(21, 21);1;552
0;0.0;RemoveObject;(15, 6);;(21, 21);1;553
0;0.0;RemoveObject;(15, 6);;(21, 21);1;554
0;0.0;RemoveObject;(15, 6);;(21, 21);1;555
0;0.0;RemoveObject;(15, 6);;(21, 21);1;556
0;0.0;RemoveObject;(15, 6);;(21, 21);1;557
0;0.0;RemoveObject;(15, 6);;(21, 21);1;558
0;0.0;RemoveObject;(15, 6);;(21, 21);1;559
0;0.0;RemoveObject;(15, 6);;(21, 21);1;560
0;0.0;RemoveObject;(15, 6);;(21, 21);1;561
0;0.0;RemoveObject;(15, 6);;(21, 21);1;562
0;0.0;RemoveObject;(15, 6);;(21, 21);1;563
0;0.0;RemoveObject;(15, 6);;(21, 21);1;564
0;0.0;RemoveObject;(15, 6);;(21, 21);1;565
0;0.0;RemoveObject;(15, 6);;(21, 21);1;566
0;0.0;RemoveObject;(15, 6);;(21, 21);1;567
0;0.0;RemoveObject;(15, 6);;(21, 21);1;568
0;0.0;RemoveObject;(15, 6);;(21, 21);1;569
0;0.0;RemoveObject;(15, 6);;(21, 21);1;570
0;0.0;RemoveObject;(15, 6);;(21, 21);1;571
0;0.0;RemoveObject;(15, 6);;(21, 21);1;572
0;0.0;RemoveObject;(15, 6);;(21, 21);1;573
0;0.0;RemoveObject;(15, 6);;(21, 21);1;574
0;0.0;RemoveObject;(15, 6);;(21, 21);1;575
0;0.0;RemoveObject;(15, 6);;(21, 21);1;576
0;0.0;RemoveObject;(15, 6);;(21, 21);1;577
0;0.0;RemoveObject;(15, 6);;(21, 21);1;578
0;0.0;RemoveObject;(15, 6);;(21, 21);1;579
0;0.0;RemoveObject;(15, 6);;(21, 21);1;580
0;0.0;RemoveObject;(15, 6);;(21, 21);1;581
0;0.0;RemoveObject;(15, 6);;(21, 21);1;582
0;0.0;RemoveObject;(15, 6);;(21, 21);1;583
0;0.0;RemoveObject;(15, 6);;(21, 21);1;584
0;0.0;RemoveObject;(15, 6);;(21, 21);1;585
0;0.0;RemoveObject;(15, 6);MoveNorth;(21, 20);1;586
0;0.0;RemoveObject;(15, 6);MoveNorth;(21, 19);1;587
0;0.0;RemoveObject;(15, 6);;(21, 19);1;588
0;0.0;RemoveObject;(15, 6);;(21, 19);1;589
0;0.0;RemoveObject;(15, 6);;(21, 19);1;590
0;0.0;RemoveObject;(15, 6);;(21, 19);1;591
0;0.0;RemoveObject;(15, 6);;(21, 19);1;592
0;0.0;RemoveObject;(15, 6);;(21, 19);1;593
0;0.0;RemoveObject;(15, 6);;(21, 19);1;594
0;0.0;RemoveObject;(15, 6);;(21, 19);1;595
0;0.0;RemoveObject;(15, 6);;(21, 19);1;596
0;0.0;RemoveObject;(15, 6);;(21, 19);1;597
0;0.0;RemoveObject;(15, 6);MoveNorth;(21, 18);1;598
0;0.0;RemoveObject;(15, 6);;(21, 18);1;599
0;0.0;RemoveObject;(15, 6);;(21, 18);1;600
0;0.0;RemoveObject;(15, 6);;(21, 18);1;601
0;0.0;RemoveObject;(15, 6);;(21, 18);1;602
0;0.0;RemoveObject;(15, 6);;(21, 18);1;603
0;0.0;RemoveObject;(15, 6);;(21, 18);1;604
0;0.0;RemoveObject;(15, 6);MoveWest;(20, 18);1;605
0;0.0;RemoveObject;(15, 6);MoveWest;(20, 18);1;606
0;0.0;RemoveObject;(15, 6);MoveWest;(20, 18);1;607
0;0.0;RemoveObject;(15, 6);MoveWest;(20, 18);1;608
0;0.0;RemoveObject;(15, 6);MoveWest;(20, 18);1;609
0;0.0;RemoveObject;(15, 6);MoveWest;(20, 18);1;610
0;0.0;RemoveObject;(15, 6);MoveWest;(19, 18);1;611
0;0.0;MoveSouth;(15, 6);MoveWest;(18, 18);1;612
0;0.0;MoveSouth;(15, 6);;(18, 18);1;613
0;0.0;MoveSouth;(15, 6);MoveWest;(17, 18);1;614
0;0.0;MoveSouth;(15, 6);;(17, 18);1;615
0;0.0;MoveSouth;(15, 6);MoveWest;(16, 18);1;616
0;0.0;MoveSouth;(15, 6);;(16, 18);1;617
0;0.0;MoveSouth;(15, 6);;(16, 18);1;618
0;0.0;MoveSouth;(15, 6);;(16, 18);1;619
0;0.0;MoveSouth;(15, 7);;(16, 18);1;620
0;0.0;MoveSouthWest;(15, 7);;(16, 18);1;621
0;0.0;MoveSouthWest;(15, 7);;(16, 18);1;622
0;0.0;MoveSouthWest;(15, 7);;(16, 18);1;623
0;0.0;MoveSouthWest;(15, 7);;(16, 18);1;624
0;0.0;MoveSouthWest;(15, 7);;(16, 18);1;625
0;0.0;MoveSouthWest;(15, 7);;(16, 18);1;626
0;0.0;MoveSouthWest;(15, 7);;(16, 18);1;627
0;0.0;MoveSouthWest;(15, 7);;(16, 18);1;628
0;0.0;MoveSouthWest;(14, 8);MoveWest;(15, 18);1;629
0;0.0;MoveSouthEast;(14, 8);;(15, 18);1;630
0;0.0;MoveSouthEast;(14, 8);MoveWest;(14, 18);1;631
0;0.0;MoveSouthEast;(14, 8);;(14, 18);1;632
0;0.0;MoveSouthEast;(14, 8);;(14, 18);1;633
0;0.0;MoveSouthEast;(14, 8);;(14, 18);1;634
0;0.0;MoveSouthEast;(14, 8);MoveWest;(14, 18);1;635
0;0.0;MoveSouthEast;(14, 8);MoveWest;(14, 18);1;636
0;0.0;MoveSouthEast;(14, 8);MoveWest;(14, 18);1;637
0;0.0;MoveSouthEast;(15, 9);MoveWest;(14, 18);1;638
0;0.0;MoveNorthEast;(15, 9);MoveWest;(14, 18);1;639
0;0.0;MoveNorthEast;(15, 9);MoveWest;(13, 18);1;640
0;0.0;MoveNorthEast;(15, 9);MoveWest;(13, 18);1;641
0;0.0;MoveNorthEast;(15, 9);MoveWest;(13, 18);1;642
0;0.0;MoveNorthEast;(15, 9);MoveWest;(13, 18);1;643
0;0.0;MoveNorthEast;(15, 9);MoveWest;(13, 18);1;644
0;0.0;MoveNorthEast;(15, 9);MoveWest;(13, 18);1;645
0;0.0;MoveNorthEast;(15, 9);MoveWest;(12, 18);1;646
0;0.0;MoveNorthEast;(16, 8);MoveWest;(12, 18);1;647
0;0.0;Idle;(16, 8);MoveWest;(12, 18);1;648
0;0.0;Idle;(16, 8);MoveWest;(12, 18);1;649
0;0.0;Idle;(16, 8);MoveWest;(12, 18);1;650
0;0.0;Idle;(16, 8);MoveWest;(12, 18);1;651
0;0.0;Idle;(16, 8);MoveWest;(11, 18);1;652
0;0.0;Idle;(16, 8);MoveWest;(11, 18);1;653
0;0.0;Idle;(16, 8);MoveWest;(11, 18);1;654
0;0.0;Idle;(16, 8);MoveWest;(11, 18);1;655
0;0.0;Idle;(16, 8);MoveWest;(11, 18);1;656
0;0.0;Idle;(16, 8);MoveWest;(11, 18);1;657
0;0.0;Idle;(16, 8);MoveWest;(10, 18);1;658
0;0.0;Idle;(16, 8);MoveWest;(10, 18);1;659
0;0.0;Idle;(16, 8);MoveWest;(10, 18);1;660
0;0.0;Idle;(16, 8);MoveWest;(10, 18);1;661
0;0.0;Idle;(16, 8);MoveWest;(10, 18);1;662
0;0.0;Idle;(16, 8);MoveWest;(10, 18);1;663
0;0.0;Idle;(16, 8);MoveWest;(9, 18);1;664
0;0.0;Idle;(16, 8);MoveWest;(8, 18);1;665
0;0.0;Idle;(16, 8);MoveWest;(7, 18);1;666
0;0.0;Idle;(16, 8);MoveWest;(6, 18);1;667
0;0.0;Idle;(16, 8);;(6, 18);1;668
0;0.0;Idle;(16, 8);MoveWest;(5, 18);1;669
0;0.0;Idle;(16, 8);;(5, 18);1;670
0;0.0;Idle;(16, 8);MoveWest;(4, 18);1;671
0;0.0;Idle;(16, 8);MoveWest;(3, 18);1;672
0;0.0;Idle;(16, 8);;(3, 18);1;673
0;0.0;MoveWest;(16, 8);MoveWest;(2, 18);1;674
0;0.0;MoveWest;(16, 8);;(2, 18);1;675
0;0.0;MoveWest;(16, 8);;(2, 18);1;676
0;0.0;MoveWest;(16, 8);;(2, 18);1;677
0;0.0;MoveWest;(16, 8);;(2, 18);1;678
0;0.0;MoveWest;(16, 8);;(2, 18);1;679
0;0.0;MoveWest;(16, 8);;(2, 18);1;680
0;0.0;MoveWest;(16, 8);;(2, 18);1;681
0;0.0;MoveWest;(15, 8);;(2, 18);1;682
0;0.0;MoveWest;(15, 8);;(2, 18);1;683
0;0.0;MoveWest;(15, 8);MoveEast;(3, 18);1;684
0;0.0;MoveWest;(15, 8);;(3, 18);1;685
0;0.0;MoveWest;(15, 8);;(3, 18);1;686
0;0.0;MoveWest;(15, 8);;(3, 18);1;687
0;0.0;MoveWest;(15, 8);;(3, 18);1;688
0;0.0;MoveWest;(15, 8);MoveSouth;(3, 19);1;689
0;0.0;MoveWest;(15, 8);MoveSouth;(3, 20);1;690
0;0.0;MoveWest;(14, 8);;(3, 20);1;691
0;0.0;CarryObject;(14, 8);;(3, 20);1;692
0;0.0;CarryObject;(14, 8);;(3, 20);1;693
0;0.0;CarryObject;(14, 8);;(3, 20);1;694
0;0.0;CarryObject;(14, 8);;(3, 20);1;695
0;0.0;CarryObject;(14, 8);;(3, 20);1;696
0;0.0;CarryObject;(14, 8);;(3, 20);1;697
0;0.0;CarryObject;(14, 8);;(3, 20);1;698
0;0.0;CarryObject;(14, 8);;(3, 20);1;699
0;0.0;CarryObject;(14, 8);;(3, 20);1;700
0;0.0;CarryObject;(14, 8);;(3, 20);1;701
0;0.0;CarryObject;(14, 8);MoveSouth;(3, 21);1;702
0;0.0;CarryObject;(14, 8);;(3, 21);1;703
0;0.0;CarryObject;(14, 8);;(3, 21);1;704
0;0.0;CarryObject;(14, 8);;(3, 21);1;705
0;0.0;CarryObject;(14, 8);;(3, 21);1;706
0;0.0;CarryObject;(14, 8);;(3, 21);1;707
0;0.0;CarryObject;(14, 8);;(3, 21);1;708
0;0.0;CarryObject;(14, 8);;(3, 21);1;709
0;0.0;CarryObject;(14, 8);;(3, 21);1;710
0;0.0;CarryObject;(14, 8);;(3, 21);1;711
0;0.0;CarryObject;(14, 8);;(3, 21);1;712
0;0.0;CarryObject;(14, 8);;(3, 21);1;713
0;0.0;CarryObject;(14, 8);;(3, 21);1;714
0;0.0;CarryObject;(14, 8);;(3, 21);1;715
0;0.0;CarryObject;(14, 8);;(3, 21);1;716
0;0.0;CarryObject;(14, 8);;(3, 21);1;717
0;0.0;CarryObject;(14, 8);;(3, 21);1;718
0;0.0;CarryObject;(14, 8);;(3, 21);1;719
0;0.0;CarryObject;(14, 8);;(3, 21);1;720
0;0.0;CarryObject;(14, 8);;(3, 21);1;721
0;0.0;CarryObject;(14, 8);;(3, 21);1;722
0;0.0;CarryObject;(14, 8);;(3, 21);1;723
0;0.0;CarryObject;(14, 8);;(3, 21);1;724
0;0.0;CarryObject;(14, 8);;(3, 21);1;725
0;0.0;CarryObject;(14, 8);;(3, 21);1;726
0;0.0;CarryObject;(14, 8);;(3, 21);1;727
0;0.0;CarryObject;(14, 8);;(3, 21);1;728
0;0.0;CarryObject;(14, 8);;(3, 21);1;729
0;0.0;CarryObject;(14, 8);;(3, 21);1;730
0;0.0;CarryObject;(14, 8);;(3, 21);1;731
0;0.0;CarryObject;(14, 8);;(3, 21);1;732
0;0.0;CarryObject;(14, 8);;(3, 21);1;733
0;0.0;CarryObject;(14, 8);;(3, 21);1;734
0;0.0;CarryObject;(14, 8);;(3, 21);1;735
0;0.0;CarryObject;(14, 8);;(3, 21);1;736
0;0.0;CarryObject;(14, 8);;(3, 21);1;737
0;0.0;CarryObject;(14, 8);;(3, 21);1;738
0;0.0;CarryObject;(14, 8);;(3, 21);1;739
0;0.0;CarryObject;(14, 8);;(3, 21);1;740
0;0.0;CarryObject;(14, 8);;(3, 21);1;741
0;0.0;CarryObject;(14, 8);;(3, 21);1;742
0;0.0;CarryObject;(14, 8);;(3, 21);1;743
0;0.0;CarryObject;(14, 8);;(3, 21);1;744
0;0.0;CarryObject;(14, 8);;(3, 21);1;745
0;0.0;CarryObject;(14, 8);;(3, 21);1;746
0;0.0;CarryObject;(14, 8);;(3, 21);1;747
0;0.0;CarryObject;(14, 8);;(3, 21);1;748
0;0.0;CarryObject;(14, 8);;(3, 21);1;749
0;0.0;CarryObject;(14, 8);;(3, 21);1;750
0;0.0;CarryObject;(14, 8);;(3, 21);1;751
0;0.0;CarryObject;(14, 8);;(3, 21);1;752
0;0.0;CarryObject;(14, 8);;(3, 21);1;753
0;0.0;CarryObject;(14, 8);;(3, 21);1;754
0;0.0;CarryObject;(14, 8);;(3, 21);1;755
0;0.0;CarryObject;(14, 8);;(3, 21);1;756
0;0.0;CarryObject;(14, 8);;(3, 21);1;757
0;0.0;CarryObject;(14, 8);;(3, 21);1;758
0;0.0;CarryObject;(14, 8);;(3, 21);1;759
0;0.0;CarryObject;(14, 8);;(3, 21);1;760
0;0.0;CarryObject;(14, 8);;(3, 21);1;761
0;0.0;CarryObject;(14, 8);;(3, 21);1;762
0;0.0;CarryObject;(14, 8);;(3, 21);1;763
0;0.0;CarryObject;(14, 8);;(3, 21);1;764
0;0.0;CarryObject;(14, 8);;(3, 21);1;765
0;0.0;CarryObject;(14, 8);;(3, 21);1;766
0;0.0;CarryObject;(14, 8);;(3, 21);1;767
0;0.0;CarryObject;(14, 8);;(3, 21);1;768
0;0.0;CarryObject;(14, 8);;(3, 21);1;769
0;0.0;CarryObject;(14, 8);;(3, 21);1;770
0;0.0;CarryObject;(14, 8);;(3, 21);1;771
0;0.0;CarryObject;(14, 8);;(3, 21);1;772
0;0.0;CarryObject;(14, 8);;(3, 21);1;773
0;0.0;CarryObject;(14, 8);;(3, 21);1;774
0;0.0;CarryObject;(14, 8);;(3, 21);1;775
0;0.0;CarryObject;(14, 8);;(3, 21);1;776
0;0.0;CarryObject;(14, 8);;(3, 21);1;777
0;0.0;CarryObject;(14, 8);;(3, 21);1;778
0;0.0;CarryObject;(14, 8);;(3, 21);1;779
0;0.0;CarryObject;(14, 8);;(3, 21);1;780
0;0.0;CarryObject;(14, 8);;(3, 21);1;781
0;0.0;CarryObject;(14, 8);;(3, 21);1;782
0;0.0;CarryObject;(14, 8);;(3, 21);1;783
0;0.0;CarryObject;(14, 8);;(3, 21);1;784
0;0.0;CarryObject;(14, 8);;(3, 21);1;785
0;0.0;CarryObject;(14, 8);;(3, 21);1;786
0;0.0;CarryObject;(14, 8);;(3, 21);1;787
0;0.0;CarryObject;(14, 8);;(3, 21);1;788
0;0.0;CarryObject;(14, 8);;(3, 21);1;789
0;0.0;CarryObject;(14, 8);;(3, 21);1;790
0;0.0;CarryObject;(14, 8);;(3, 21);1;791
0;0.0;CarryObject;(14, 8);;(3, 21);1;792
0;0.0;CarryObject;(14, 8);;(3, 21);1;793
0;0.0;CarryObject;(14, 8);;(3, 21);1;794
0;0.0;CarryObject;(14, 8);;(3, 21);1;795
0;0.0;CarryObject;(14, 8);;(3, 21);1;796
0;0.0;CarryObject;(14, 8);;(3, 21);1;797
0;0.0;CarryObject;(14, 8);;(3, 21);1;798
0;0.0;CarryObject;(14, 8);;(3, 21);1;799
0;0.0;CarryObject;(14, 8);;(3, 21);1;800
0;0.0;CarryObject;(14, 8);;(3, 21);1;801
0;0.0;CarryObject;(14, 8);;(3, 21);1;802
0;0.0;CarryObject;(14, 8);;(3, 21);1;803
0;0.0;CarryObject;(14, 8);;(3, 21);1;804
0;0.0;CarryObject;(14, 8);;(3, 21);1;805
0;0.0;CarryObject;(14, 8);MoveEast;(4, 21);1;806
0;0.0;CarryObject;(14, 8);;(4, 21);1;807
0;0.0;CarryObject;(14, 8);CarryObject;(4, 21);1;808
0;0.0;CarryObject;(14, 8);;(4, 21);1;809
0;0.0;CarryObject;(14, 8);;(4, 21);1;810
0;0.0;CarryObject;(14, 8);;(4, 21);1;811
0;0.0;CarryObject;(14, 8);;(4, 21);1;812
0;0.0;CarryObject;(14, 8);;(4, 21);1;813
0;0.0;CarryObject;(14, 8);;(4, 21);1;814
0;0.0;CarryObject;(14, 8);;(4, 21);1;815
0;0.0;CarryObject;(14, 8);;(4, 21);1;816
0;0.0;CarryObject;(14, 8);;(4, 21);1;817
0;0.0;CarryObject;(14, 8);;(4, 21);1;818
0;0.0;CarryObject;(14, 8);MoveWest;(3, 21);1;819
0;0.0;CarryObject;(14, 8);;(3, 21);1;820
0;0.0;CarryObject;(14, 8);;(3, 21);1;821
0;0.0;CarryObject;(14, 8);;(3, 21);1;822
0;0.0;CarryObject;(14, 8);;(3, 21);1;823
0;0.0;CarryObject;(14, 8);;(3, 21);1;824
0;0.0;CarryObject;(14, 8);;(3, 21);1;825
0;0.0;CarryObject;(14, 8);MoveNorth;(3, 20);1;826
0;0.0;CarryObject;(14, 8);;(3, 20);1;827
0;0.0;CarryObject;(14, 8);;(3, 20);1;828
0;0.0;CarryObject;(14, 8);MoveNorth;(3, 19);1;829
0;0.0;CarryObject;(14, 8);MoveNorth;(3, 18);1;830
0;0.0;CarryObject;(14, 8);;(3, 18);1;831
0;0.0;CarryObject;(14, 8);;(3, 18);1;832
0;0.0;CarryObject;(14, 8);;(3, 18);1;833
0;0.0;CarryObject;(14, 8);;(3, 18);1;834
0;0.0;CarryObject;(14, 8);;(3, 18);1;835
0;0.0;CarryObject;(14, 8);;(3, 18);1;836
0;0.0;CarryObject;(14, 8);;(3, 18);1;837
0;0.0;CarryObject;(14, 8);;(3, 18);1;838
0;0.0;CarryObject;(14, 8);MoveEast;(4, 18);1;839
0;0.0;CarryObject;(14, 8);MoveEast;(5, 18);1;840
0;0.0;CarryObject;(14, 8);;(5, 18);1;841
0;0.0;CarryObject;(14, 8);;(5, 18);1;842
0;0.0;MoveNorthEast;(14, 8);;(5, 18);1;843
0;0.0;MoveNorthEast;(14, 8);;(5, 18);1;844
0;0.0;MoveNorthEast;(14, 8);;(5, 18);1;845
0;0.0;MoveNorthEast;(14, 8);;(5, 18);1;846
0;0.0;MoveNorthEast;(14, 8);;(5, 18);1;847
0;0.0;MoveNorthEast;(14, 8);;(5, 18);1;848
0;0.0;MoveNorthEast;(14, 8);MoveEast;(6, 18);1;849
0;0.0;MoveNorthEast;(14, 8);;(6, 18);1;850
0;0.0;MoveNorthEast;(15, 7);MoveEast;(7, 18);1;851
0;0.0;MoveNorthEast;(15, 7);;(7, 18);1;852
0;0.0;MoveNorthEast;(15, 7);;(7, 18);1;853
0;0.0;MoveNorthEast;(15, 7);;(7, 18);1;854
0;0.0;MoveNorthEast;(15, 7);;(7, 18);1;855
0;0.0;MoveNorthEast;(15, 7);;(7, 18);1;856
0;0.0;MoveNorthEast;(15, 7);;(7, 18);1;857
0;0.0;MoveNorthEast;(15, 7);;(7, 18);1;858
0;0.0;MoveNorthEast;(15, 7);;(7, 18);1;859
0;0.0;MoveNorthEast;(16, 6);;(7, 18);1;860
0;0.0;MoveEast;(16, 6);;(7, 18);1;861
0;0.0;MoveEast;(16, 6);MoveEast;(8, 18);1;862
0;0.0;MoveEast;(16, 6);;(8, 18);1;863
0;0.0;MoveEast;(16, 6);;(8, 18);1;864
0;0.0;MoveEast;(16, 6);;(8, 18);1;865
0;0.0;MoveEast;(16, 6);;(8, 18);1;866
0;0.0;MoveEast;(16, 6);;(8, 18);1;867
0;0.0;MoveEast;(16, 6);;(8, 18);1;868
0;0.0;MoveEast;(17, 6);;(8, 18);1;869
0;0.0;MoveSouthEast;(17, 6);;(8, 18);1;870
0;0.0;MoveSouthEast;(17, 6);;(8, 18);1;871
0;0.0;MoveSouthEast;(17, 6);;(8, 18);1;872
0;0.0;MoveSouthEast;(17, 6);;(8, 18);1;873
0;0.0;MoveSouthEast;(17, 6);;(8, 18);1;874
0;0.0;MoveSouthEast;(17, 6);;(8, 18);1;875
0;0.0;MoveSouthEast;(17, 6);;(8, 18);1;876
0;0.0;MoveSouthEast;(17, 6);;(8, 18);1;877
0;0.0;MoveSouthEast;(18, 7);;(8, 18);1;878
0;0.0;MoveSouthEast;(18, 7);;(8, 18);1;879
0;0.0;MoveSouthEast;(18, 7);;(8, 18);1;880
0;0.0;MoveSouthEast;(18, 7);;(8, 18);1;881
0;0.0;MoveSouthEast;(18, 7);;(8, 18);1;882
0;0.0;MoveSouthEast;(18, 7);;(8, 18);1;883
0;0.0;MoveSouthEast;(18, 7);;(8, 18);1;884
0;0.0;MoveSouthEast;(18, 7);;(8, 18);1;885
0;0.0;MoveSouthEast;(18, 7);;(8, 18);1;886
0;0.0;MoveSouthEast;(19, 8);;(8, 18);1;887
0;0.0;MoveSouthEast;(19, 8);;(8, 18);1;888
0;0.0;MoveSouthEast;(19, 8);;(8, 18);1;889
0;0.0;MoveSouthEast;(19, 8);;(8, 18);1;890
0;0.0;MoveSouthEast;(19, 8);;(8, 18);1;891
0;0.0;MoveSouthEast;(19, 8);;(8, 18);1;892
0;0.0;MoveSouthEast;(19, 8);;(8, 18);1;893
0;0.0;MoveSouthEast;(19, 8);MoveEast;(9, 18);1;894
0;0.0;MoveSouthEast;(19, 8);;(9, 18);1;895
0;0.0;MoveSouthEast;(19, 8);;(9, 18);1;896
0;0.0;MoveSouthEast;(19, 8);;(9, 18);1;897
0;0.0;MoveSouthEast;(19, 8);;(9, 18);1;898
0;0.0;MoveSouthEast;(19, 8);;(9, 18);1;899
0;0.0;MoveSouthEast;(19, 8);;(9, 18);1;900
0;0.0;MoveSouthEast;(20, 9);RemoveObject;(9, 18);1;901
0;0.0;MoveSouthEast;(20, 9);RemoveObject;(9, 18);1;902
0;0.0;MoveSouthEast;(20, 9);RemoveObject;(9, 18);1;903
0;0.0;MoveSouthEast;(20, 9);RemoveObject;(9, 18);1;904
0;0.0;MoveSouthEast;(20, 9);RemoveObject;(9, 18);1;905
0;0.0;MoveSouthEast;(20, 9);RemoveObject;(9, 18);1;906
0;0.0;MoveSouthEast;(20, 9);RemoveObject;(9, 18);1;907
0;0.0;MoveSouthEast;(20, 9);RemoveObject;(9, 18);1;908
0;0.0;MoveSouthEast;(20, 9);RemoveObject;(9, 18);1;909
0;0.0;MoveSouthEast;(21, 10);RemoveObject;(9, 18);1;910
0;0.0;MoveSouthEast;(21, 10);RemoveObject;(9, 18);1;911
0;0.0;MoveSouthEast;(21, 10);RemoveObject;(9, 18);1;912
0;0.0;MoveSouthEast;(21, 10);RemoveObject;(9, 18);1;913
0;0.0;MoveSouthEast;(21, 10);RemoveObject;(9, 18);1;914
0;0.0;MoveSouthEast;(21, 10);RemoveObject;(9, 18);1;915
0;0.0;MoveSouthEast;(21, 10);RemoveObject;(9, 18);1;916
0;0.0;MoveSouthEast;(21, 10);RemoveObject;(9, 18);1;917
0;0.0;MoveSouthEast;(21, 10);RemoveObject;(9, 18);1;918
0;0.0;MoveSouthEast;(22, 11);RemoveObject;(9, 18);1;919
0;0.0;MoveSouth;(22, 11);RemoveObject;(9, 18);1;920
0;0.0;MoveSouth;(22, 11);RemoveObject;(9, 18);1;921
0;0.0;MoveSouth;(22, 11);RemoveObject;(9, 18);1;922
0;0.0;MoveSouth;(22, 11);RemoveObject;(9, 18);1;923
0;0.0;MoveSouth;(22, 11);RemoveObject;(9, 18);1;924
0;0.0;MoveSouth;(22, 11);RemoveObject;(9, 18);1;925
0;0.0;MoveSouth;(22, 11);RemoveObject;(9, 18);1;926
0;0.0;MoveSouth;(22, 11);RemoveObject;(9, 18);1;927
0;0.0;MoveSouth;(22, 12);RemoveObject;(9, 18);1;928
0;0.0;MoveSouth;(22, 12);RemoveObject;(9, 18);1;929
0;0.0;MoveSouth;(22, 12);RemoveObject;(9, 18);1;930
0;0.0;MoveSouth;(22, 12);RemoveObject;(9, 18);1;931
0;0.0;MoveSouth;(22, 12);RemoveObject;(9, 18);1;932
0;0.0;MoveSouth;(22, 12);RemoveObject;(9, 18);1;933
0;0.0;MoveSouth;(22, 12);RemoveObject;(9, 18);1;934
0;0.0;MoveSouth;(22, 12);RemoveObject;(9, 18);1;935
0;0.0;MoveSouth;(22, 12);RemoveObject;(9, 18);1;936
0;0.0;MoveSouth;(22, 13);RemoveObject;(9, 18);1;937
0;0.0;MoveSouthEast;(22, 13);RemoveObject;(9, 18);1;938
0;0.0;MoveSouthEast;(22, 13);RemoveObject;(9, 18);1;939
0;0.0;MoveSouthEast;(22, 13);RemoveObject;(9, 18);1;940
0;0.0;MoveSouthEast;(22, 13);RemoveObject;(9, 18);1;941
0;0.0;MoveSouthEast;(22, 13);RemoveObject;(9, 18);1;942
0;0.0;MoveSouthEast;(22, 13);RemoveObject;(9, 18);1;943
0;0.0;MoveSouthEast;(22, 13);RemoveObject;(9, 18);1;944
0;0.0;MoveSouthEast;(22, 13);RemoveObject;(9, 18);1;945
0;0.0;MoveSouthEast;(23, 14);RemoveObject;(9, 18);1;946
0;0.0;Drop;(23, 14);RemoveObject;(9, 18);1;947
0;0.0;Drop;(23, 14);RemoveObject;(9, 18);1;948
0;0.0;Drop;(23, 14);RemoveObject;(9, 18);1;949
0;0.0;Drop;(23, 14);RemoveObject;(9, 18);1;950
0;0.0;Drop;(23, 14);RemoveObject;(9, 18);1;951
0;0.0;Drop;(23, 14);RemoveObject;(9, 18);1;952
0;0.0;Drop;(23, 14);RemoveObject;(9, 18);1;953
0;0.0;Drop;(23, 14);RemoveObject;(9, 18);1;954
3;0.125;Drop;(23, 14);RemoveObject;(9, 18);1;955
3;0.125;MoveSouthWest;(23, 14);RemoveObject;(9, 18);1;956
3;0.125;MoveSouthWest;(23, 14);RemoveObject;(9, 18);1;957
3;0.125;MoveSouthWest;(23, 14);RemoveObject;(9, 18);1;958
3;0.125;MoveSouthWest;(23, 14);RemoveObject;(9, 18);1;959
3;0.125;MoveSouthWest;(23, 14);RemoveObject;(9, 18);1;960
3;0.125;MoveSouthWest;(23, 14);RemoveObject;(9, 18);1;961
3;0.125;MoveSouthWest;(23, 14);RemoveObject;(9, 18);1;962
3;0.125;MoveSouthWest;(23, 14);RemoveObject;(9, 18);1;963
3;0.125;MoveSouthWest;(22, 15);RemoveObject;(9, 18);1;964
3;0.125;MoveSouth;(22, 15);RemoveObject;(9, 18);1;965
3;0.125;MoveSouth;(22, 15);RemoveObject;(9, 18);1;966
3;0.125;MoveSouth;(22, 15);RemoveObject;(9, 18);1;967
3;0.125;MoveSouth;(22, 15);RemoveObject;(9, 18);1;968
3;0.125;MoveSouth;(22, 15);RemoveObject;(9, 18);1;969
3;0.125;MoveSouth;(22, 15);RemoveObject;(9, 18);1;970
3;0.125;MoveSouth;(22, 15);RemoveObject;(9, 18);1;971
3;0.125;MoveSouth;(22, 15);RemoveObject;(9, 18);1;972
3;0.125;MoveSouth;(22, 16);RemoveObject;(9, 18);1;973
3;0.125;MoveSouthWest;(22, 16);RemoveObject;(9, 18);1;974
3;0.125;MoveSouthWest;(22, 16);RemoveObject;(9, 18);1;975
3;0.125;MoveSouthWest;(22, 16);RemoveObject;(9, 18);1;976
3;0.125;MoveSouthWest;(22, 16);RemoveObject;(9, 18);1;977
3;0.125;MoveSouthWest;(22, 16);RemoveObject;(9, 18);1;978
3;0.125;MoveSouthWest;(22, 16);RemoveObject;(9, 18);1;979
3;0.125;MoveSouthWest;(22, 16);RemoveObject;(9, 18);1;980
3;0.125;MoveSouthWest;(22, 16);RemoveObject;(9, 18);1;981
3;0.125;MoveSouthWest;(21, 17);RemoveObject;(9, 18);1;982
3;0.125;MoveSouth;(21, 17);RemoveObject;(9, 18);1;983
3;0.125;MoveSouth;(21, 17);RemoveObject;(9, 18);1;984
3;0.125;MoveSouth;(21, 17);RemoveObject;(9, 18);1;985
3;0.125;MoveSouth;(21, 17);RemoveObject;(9, 18);1;986
3;0.125;MoveSouth;(21, 17);RemoveObject;(9, 18);1;987
3;0.125;MoveSouth;(21, 17);RemoveObject;(9, 18);1;988
3;0.125;MoveSouth;(21, 17);RemoveObject;(9, 18);1;989
3;0.125;MoveSouth;(21, 17);RemoveObject;(9, 18);1;990
3;0.125;MoveSouth;(21, 18);RemoveObject;(9, 18);1;991
3;0.125;MoveSouth;(21, 18);RemoveObject;(9, 18);1;992
3;0.125;MoveSouth;(21, 18);RemoveObject;(9, 18);1;993
3;0.125;MoveSouth;(21, 18);RemoveObject;(9, 18);1;994
3;0.125;MoveSouth;(21, 18);RemoveObject;(9, 18);1;995
3;0.125;MoveSouth;(21, 18);RemoveObject;(9, 18);1;996
3;0.125;MoveSouth;(21, 18);RemoveObject;(9, 18);1;997
3;0.125;MoveSouth;(21, 18);RemoveObject;(9, 18);1;998
3;0.125;MoveSouth;(21, 18);RemoveObject;(9, 18);1;999
3;0.125;MoveSouth;(21, 19);RemoveObject;(9, 18);1;1000
3;0.125;MoveSouthWest;(21, 19);RemoveObject;(9, 18);1;1001
3;0.125;MoveSouthWest;(21, 19);RemoveObject;(9, 18);1;1002
3;0.125;MoveSouthWest;(21, 19);RemoveObject;(9, 18);1;1003
3;0.125;MoveSouthWest;(21, 19);RemoveObject;(9, 18);1;1004
3;0.125;MoveSouthWest;(21, 19);RemoveObject;(9, 18);1;1005
3;0.125;MoveSouthWest;(21, 19);RemoveObject;(9, 18);1;1006
3;0.125;MoveSouthWest;(21, 19);RemoveObject;(9, 18);1;1007
3;0.125;MoveSouthWest;(21, 19);RemoveObject;(9, 18);1;1008
3;0.125;MoveSouthWest;(20, 20);RemoveObject;(9, 18);1;1009
3;0.125;MoveSouthEast;(20, 20);RemoveObject;(9, 18);1;1010
3;0.125;MoveSouthEast;(20, 20);RemoveObject;(9, 18);1;1011
3;0.125;MoveSouthEast;(20, 20);RemoveObject;(9, 18);1;1012
3;0.125;MoveSouthEast;(20, 20);RemoveObject;(9, 18);1;1013
3;0.125;MoveSouthEast;(20, 20);RemoveObject;(9, 18);1;1014
3;0.125;MoveSouthEast;(20, 20);RemoveObject;(9, 18);1;1015
3;0.125;MoveSouthEast;(20, 20);RemoveObject;(9, 18);1;1016
3;0.125;MoveSouthEast;(20, 20);RemoveObject;(9, 18);1;1017
3;0.125;MoveSouthEast;(21, 21);RemoveObject;(9, 18);1;1018
3;0.125;MoveNorthEast;(21, 21);RemoveObject;(9, 18);1;1019
3;0.125;MoveNorthEast;(21, 21);RemoveObject;(9, 18);1;1020
3;0.125;MoveNorthEast;(21, 21);RemoveObject;(9, 18);1;1021
3;0.125;MoveNorthEast;(21, 21);RemoveObject;(9, 18);1;1022
3;0.125;MoveNorthEast;(21, 21);RemoveObject;(9, 18);1;1023
3;0.125;MoveNorthEast;(21, 21);RemoveObject;(9, 18);1;1024
3;0.125;MoveNorthEast;(21, 21);RemoveObject;(9, 18);1;1025
3;0.125;MoveNorthEast;(21, 21);RemoveObject;(9, 18);1;1026
3;0.125;MoveNorthEast;(22, 20);RemoveObject;(9, 18);1;1027
3;0.125;Idle;(22, 20);RemoveObject;(9, 18);1;1028
3;0.125;Idle;(22, 20);RemoveObject;(9, 18);1;1029
3;0.125;Idle;(22, 20);RemoveObject;(9, 18);1;1030
3;0.125;Idle;(22, 20);RemoveObject;(9, 18);1;1031
3;0.125;Idle;(22, 20);RemoveObject;(9, 18);1;1032
3;0.125;Idle;(22, 20);RemoveObject;(9, 18);1;1033
3;0.125;Idle;(22, 20);RemoveObject;(9, 18);1;1034
3;0.125;Idle;(22, 20);RemoveObject;(9, 18);1;1035
3;0.125;Idle;(22, 20);RemoveObject;(9, 18);1;1036
3;0.125;Idle;(22, 20);RemoveObject;(9, 18);1;1037
3;0.125;Idle;(22, 20);RemoveObject;(9, 18);1;1038
3;0.125;Idle;(22, 20);RemoveObject;(9, 18);1;1039
3;0.125;Idle;(22, 20);RemoveObject;(9, 18);1;1040
3;0.125;Idle;(22, 20);RemoveObject;(9, 18);1;1041
3;0.125;Idle;(22, 20);RemoveObject;(9, 18);1;1042
3;0.125;Idle;(22, 20);RemoveObject;(9, 18);1;1043
3;0.125;Idle;(22, 20);RemoveObject;(9, 18);1;1044
3;0.125;Idle;(22, 20);RemoveObject;(9, 18);1;1045
3;0.125;Idle;(22, 20);RemoveObject;(9, 18);1;1046
3;0.125;Idle;(22, 20);RemoveObject;(9, 18);1;1047
3;0.125;Idle;(22, 20);RemoveObject;(9, 18);1;1048
3;0.125;Idle;(22, 20);RemoveObject;(9, 18);1;1049
3;0.125;Idle;(22, 20);RemoveObject;(9, 18);1;1050
3;0.125;Idle;(22, 20);RemoveObject;(9, 18);1;1051
3;0.125;Idle;(22, 20);RemoveObject;(9, 18);1;1052
3;0.125;Idle;(22, 20);RemoveObject;(9, 18);1;1053
3;0.125;MoveNorthWest;(22, 20);RemoveObject;(9, 18);1;1054
3;0.125;MoveNorthWest;(22, 20);RemoveObject;(9, 18);1;1055
3;0.125;MoveNorthWest;(22, 20);RemoveObject;(9, 18);1;1056
3;0.125;MoveNorthWest;(22, 20);RemoveObject;(9, 18);1;1057
3;0.125;MoveNorthWest;(22, 20);RemoveObject;(9, 18);1;1058
3;0.125;MoveNorthWest;(22, 20);RemoveObject;(9, 18);1;1059
3;0.125;MoveNorthWest;(22, 20);RemoveObject;(9, 18);1;1060
3;0.125;MoveNorthWest;(22, 20);RemoveObject;(9, 18);1;1061
3;0.125;MoveNorthWest;(21, 19);RemoveObject;(9, 18);1;1062
3;0.125;MoveNorthWest;(21, 19);RemoveObject;(9, 18);1;1063
3;0.125;MoveNorthWest;(21, 19);RemoveObject;(9, 18);1;1064
3;0.125;MoveNorthWest;(21, 19);RemoveObject;(9, 18);1;1065
3;0.125;MoveNorthWest;(21, 19);RemoveObject;(9, 18);1;1066
3;0.125;MoveNorthWest;(21, 19);RemoveObject;(9, 18);1;1067
3;0.125;MoveNorthWest;(21, 19);RemoveObject;(9, 18);1;1068
3;0.125;MoveNorthWest;(21, 19);RemoveObject;(9, 18);1;1069
3;0.125;MoveNorthWest;(21, 19);RemoveObject;(9, 18);1;1070
3;0.125;MoveNorthWest;(20, 18);RemoveObject;(9, 18);1;1071
3;0.125;MoveWest;(20, 18);RemoveObject;(9, 18);1;1072
3;0.125;MoveWest;(20, 18);RemoveObject;(9, 18);1;1073
3;0.125;MoveWest;(20, 18);RemoveObject;(9, 18);1;1074
3;0.125;MoveWest;(20, 18);RemoveObject;(9, 18);1;1075
3;0.125;MoveWest;(20, 18);RemoveObject;(9, 18);1;1076
3;0.125;MoveWest;(20, 18);RemoveObject;(9, 18);1;1077
3;0.125;MoveWest;(20, 18);RemoveObject;(9, 18);1;1078
3;0.125;MoveWest;(20, 18);RemoveObject;(9, 18);1;1079
3;0.125;MoveWest;(20, 18);RemoveObject;(9, 18);1;1080
3;0.125;MoveWest;(20, 18);RemoveObject;(9, 18);1;1081
3;0.125;MoveWest;(20, 18);RemoveObject;(9, 18);1;1082
3;0.125;MoveWest;(20, 18);RemoveObject;(9, 18);1;1083
3;0.125;MoveWest;(20, 18);RemoveObject;(9, 18);1;1084
3;0.125;MoveWest;(19, 18);RemoveObject;(9, 18);1;1085
3;0.125;MoveWest;(19, 18);RemoveObject;(9, 18);1;1086
3;0.125;MoveWest;(19, 18);RemoveObject;(9, 18);1;1087
3;0.125;MoveWest;(19, 18);RemoveObject;(9, 18);1;1088
3;0.125;MoveWest;(19, 18);RemoveObject;(9, 18);1;1089
3;0.125;MoveWest;(19, 18);RemoveObject;(9, 18);1;1090
3;0.125;MoveWest;(19, 18);RemoveObject;(9, 18);1;1091
3;0.125;MoveWest;(19, 18);RemoveObject;(9, 18);1;1092
3;0.125;MoveWest;(19, 18);RemoveObject;(9, 18);1;1093
3;0.125;MoveWest;(18, 18);RemoveObject;(9, 18);1;1094
3;0.125;MoveWest;(18, 18);RemoveObject;(9, 18);1;1095
3;0.125;MoveWest;(18, 18);RemoveObject;(9, 18);1;1096
3;0.125;MoveWest;(18, 18);RemoveObject;(9, 18);1;1097
3;0.125;MoveWest;(18, 18);RemoveObject;(9, 18);1;1098
3;0.125;MoveWest;(18, 18);RemoveObject;(9, 18);1;1099
3;0.125;MoveWest;(18, 18);RemoveObject;(9, 18);1;1100
3;0.125;MoveWest;(18, 18);RemoveObject;(9, 18);1;1101
3;0.125;MoveWest;(18, 18);;(9, 18);1;1102
3;0.125;MoveWest;(17, 18);;(9, 18);1;1103
3;0.125;MoveWest;(17, 18);;(9, 18);1;1104
3;0.125;MoveWest;(17, 18);;(9, 18);1;1105
3;0.125;MoveWest;(17, 18);;(9, 18);1;1106
3;0.125;MoveWest;(17, 18);;(9, 18);1;1107
3;0.125;MoveWest;(17, 18);;(9, 18);1;1108
3;0.125;MoveWest;(17, 18);;(9, 18);1;1109
3;0.125;MoveWest;(17, 18);;(9, 18);1;1110
3;0.125;MoveWest;(17, 18);;(9, 18);1;1111
3;0.125;MoveWest;(16, 18);;(9, 18);1;1112
3;0.125;MoveWest;(16, 18);;(9, 18);1;1113
3;0.125;MoveWest;(16, 18);MoveSouth;(9, 19);1;1114
3;0.125;MoveWest;(16, 18);MoveSouth;(9, 20);1;1115
3;0.125;MoveWest;(16, 18);;(9, 20);1;1116
3;0.125;MoveWest;(16, 18);;(9, 20);1;1117
3;0.125;MoveWest;(16, 18);;(9, 20);1;1118
3;0.125;MoveWest;(16, 18);;(9, 20);1;1119
3;0.125;MoveWest;(16, 18);;(9, 20);1;1120
3;0.125;MoveWest;(15, 18);MoveSouth;(9, 21);1;1121
3;0.125;RemoveObject;(15, 18);;(9, 21);1;1122
3;0.125;RemoveObject;(15, 18);;(9, 21);1;1123
3;0.125;RemoveObject;(15, 18);;(9, 21);1;1124
3;0.125;RemoveObject;(15, 18);;(9, 21);1;1125
3;0.125;RemoveObject;(15, 18);;(9, 21);1;1126
3;0.125;RemoveObject;(15, 18);;(9, 21);1;1127
3;0.125;RemoveObject;(15, 18);;(9, 21);1;1128
3;0.125;RemoveObject;(15, 18);MoveNorth;(9, 20);1;1129
3;0.125;RemoveObject;(15, 18);;(9, 20);1;1130
3;0.125;RemoveObject;(15, 18);;(9, 20);1;1131
3;0.125;RemoveObject;(15, 18);MoveNorth;(9, 19);1;1132
3;0.125;RemoveObject;(15, 18);;(9, 19);1;1133
3;0.125;RemoveObject;(15, 18);MoveNorth;(9, 18);1;1134
3;0.125;RemoveObject;(15, 18);;(9, 18);1;1135
3;0.125;RemoveObject;(15, 18);;(9, 18);1;1136
3;0.125;RemoveObject;(15, 18);;(9, 18);1;1137
3;0.125;RemoveObject;(15, 18);;(9, 18);1;1138
3;0.125;RemoveObject;(15, 18);;(9, 18);1;1139
3;0.125;RemoveObject;(15, 18);;(9, 18);1;1140
3;0.125;RemoveObject;(15, 18);;(9, 18);1;1141
3;0.125;RemoveObject;(15, 18);;(9, 18);1;1142
3;0.125;RemoveObject;(15, 18);;(9, 18);1;1143
3;0.125;RemoveObject;(15, 18);;(9, 18);1;1144
3;0.125;RemoveObject;(15, 18);;(9, 18);1;1145
3;0.125;RemoveObject;(15, 18);MoveNorth;(9, 17);1;1146
3;0.125;RemoveObject;(15, 18);;(9, 17);1;1147
3;0.125;RemoveObject;(15, 18);;(9, 17);1;1148
3;0.125;RemoveObject;(15, 18);;(9, 17);1;1149
3;0.125;RemoveObject;(15, 18);;(9, 17);1;1150
3;0.125;RemoveObject;(15, 18);;(9, 17);1;1151
3;0.125;RemoveObject;(15, 18);;(9, 17);1;1152
3;0.125;RemoveObject;(15, 18);MoveEast;(10, 17);1;1153
3;0.125;RemoveObject;(15, 18);MoveEast;(11, 17);1;1154
3;0.125;RemoveObject;(15, 18);MoveEast;(12, 17);1;1155
3;0.125;RemoveObject;(15, 18);;(12, 17);1;1156
3;0.125;RemoveObject;(15, 18);MoveEast;(13, 17);1;1157
3;0.125;RemoveObject;(15, 18);MoveEast;(14, 17);1;1158
3;0.125;RemoveObject;(15, 18);;(14, 17);1;1159
3;0.125;RemoveObject;(15, 18);MoveEast;(14, 17);1;1160
3;0.125;RemoveObject;(15, 18);MoveEast;(14, 17);1;1161
3;0.125;RemoveObject;(15, 18);MoveEast;(14, 17);1;1162
3;0.125;RemoveObject;(15, 18);MoveEast;(14, 17);1;1163
3;0.125;RemoveObject;(15, 18);MoveEast;(14, 17);1;1164
3;0.125;RemoveObject;(15, 18);MoveEast;(15, 17);1;1165
3;0.125;RemoveObject;(15, 18);MoveEast;(16, 17);1;1166
3;0.125;RemoveObject;(15, 18);;(16, 17);1;1167
3;0.125;RemoveObject;(15, 18);;(16, 17);1;1168
3;0.125;RemoveObject;(15, 18);;(16, 17);1;1169
3;0.125;RemoveObject;(15, 18);;(16, 17);1;1170
3;0.125;RemoveObject;(15, 18);MoveEast;(16, 17);1;1171
3;0.125;RemoveObject;(15, 18);MoveEast;(16, 17);1;1172
3;0.125;RemoveObject;(15, 18);MoveEast;(16, 17);1;1173
3;0.125;RemoveObject;(15, 18);MoveEast;(16, 17);1;1174
3;0.125;RemoveObject;(15, 18);MoveEast;(16, 17);1;1175
3;0.125;RemoveObject;(15, 18);MoveEast;(17, 17);1;1176
3;0.125;RemoveObject;(15, 18);MoveEast;(17, 17);1;1177
3;0.125;RemoveObject;(15, 18);MoveEast;(17, 17);1;1178
3;0.125;RemoveObject;(15, 18);MoveEast;(17, 17);1;1179
3;0.125;RemoveObject;(15, 18);MoveEast;(17, 17);1;1180
3;0.125;RemoveObject;(15, 18);MoveEast;(17, 17);1;1181
3;0.125;RemoveObject;(15, 18);MoveEast;(18, 17);1;1182
3;0.125;RemoveObject;(15, 18);;(18, 17);1;1183
3;0.125;RemoveObject;(15, 18);;(18, 17);1;1184
3;0.125;RemoveObject;(15, 18);MoveEast;(18, 17);1;1185
3;0.125;RemoveObject;(15, 18);MoveEast;(18, 17);1;1186
3;0.125;RemoveObject;(15, 18);MoveEast;(18, 17);1;1187
3;0.125;RemoveObject;(15, 18);MoveEast;(18, 17);1;1188
3;0.125;RemoveObject;(15, 18);MoveEast;(18, 17);1;1189
3;0.125;RemoveObject;(15, 18);MoveEast;(19, 17);1;1190
3;0.125;RemoveObject;(15, 18);;(19, 17);1;1191
3;0.125;RemoveObject;(15, 18);;(19, 17);1;1192
3;0.125;RemoveObject;(15, 18);MoveEast;(19, 17);1;1193
3;0.125;RemoveObject;(15, 18);MoveEast;(19, 17);1;1194
3;0.125;RemoveObject;(15, 18);MoveEast;(19, 17);1;1195
3;0.125;RemoveObject;(15, 18);MoveEast;(19, 17);1;1196
3;0.125;RemoveObject;(15, 18);MoveEast;(19, 17);1;1197
3;0.125;RemoveObject;(15, 18);MoveEast;(20, 17);1;1198
3;0.125;RemoveObject;(15, 18);MoveNorth;(20, 17);1;1199
3;0.125;RemoveObject;(15, 18);MoveNorth;(20, 17);1;1200
3;0.125;RemoveObject;(15, 18);MoveNorth;(20, 17);1;1201
3;0.125;RemoveObject;(15, 18);MoveNorth;(20, 17);1;1202
3;0.125;RemoveObject;(15, 18);MoveNorth;(20, 17);1;1203
3;0.125;RemoveObject;(15, 18);MoveNorth;(20, 16);1;1204
3;0.125;RemoveObject;(15, 18);;(20, 16);1;1205
3;0.125;RemoveObject;(15, 18);;(20, 16);1;1206
3;0.125;RemoveObject;(15, 18);;(20, 16);1;1207
3;0.125;RemoveObject;(15, 18);;(20, 16);1;1208
3;0.125;RemoveObject;(15, 18);;(20, 16);1;1209
3;0.125;RemoveObject;(15, 18);;(20, 16);1;1210
3;0.125;RemoveObject;(15, 18);;(20, 16);1;1211
3;0.125;RemoveObject;(15, 18);;(20, 16);1;1212
3;0.125;RemoveObject;(15, 18);;(20, 16);1;1213
3;0.125;RemoveObject;(15, 18);;(20, 16);1;1214
3;0.125;RemoveObject;(15, 18);MoveNorth;(20, 15);1;1215
3;0.125;RemoveObject;(15, 18);;(20, 15);1;1216
3;0.125;RemoveObject;(15, 18);;(20, 15);1;1217
3;0.125;RemoveObject;(15, 18);;(20, 15);1;1218
3;0.125;RemoveObject;(15, 18);;(20, 15);1;1219
3;0.125;RemoveObject;(15, 18);;(20, 15);1;1220
3;0.125;RemoveObject;(15, 18);;(20, 15);1;1221
3;0.125;RemoveObject;(15, 18);;(20, 15);1;1222
3;0.125;MoveSouth;(15, 18);;(20, 15);1;1223
3;0.125;MoveSouth;(15, 18);;(20, 15);1;1224
3;0.125;MoveSouth;(15, 18);;(20, 15);1;1225
3;0.125;MoveSouth;(15, 18);MoveEast;(21, 15);1;1226
3;0.125;MoveSouth;(15, 18);;(21, 15);1;1227
3;0.125;MoveSouth;(15, 18);MoveEast;(22, 15);1;1228
3;0.125;MoveSouth;(15, 18);;(22, 15);1;1229
3;0.125;MoveSouth;(15, 18);MoveEast;(23, 15);1;1230
3;0.125;MoveSouth;(15, 19);;(23, 15);1;1231
3;0.125;MoveSouthWest;(15, 19);;(23, 15);1;1232
3;0.125;MoveSouthWest;(15, 19);;(23, 15);1;1233
3;0.125;MoveSouthWest;(15, 19);;(23, 15);1;1234
3;0.125;MoveSouthWest;(15, 19);;(23, 15);1;1235
3;0.125;MoveSouthWest;(15, 19);;(23, 15);1;1236
3;0.125;MoveSouthWest;(15, 19);;(23, 15);1;1237
3;0.125;MoveSouthWest;(15, 19);;(23, 15);1;1238
3;0.125;MoveSouthWest;(15, 19);;(23, 15);1;1239
3;0.125;MoveSouthWest;(14, 20);;(23, 15);1;1240
3;0.125;MoveSouthEast;(14, 20);;(23, 15);1;1241
3;0.125;MoveSouthEast;(14, 20);;(23, 15);1;1242
3;0.125;MoveSouthEast;(14, 20);;(23, 15);1;1243
3;0.125;MoveSouthEast;(14, 20);;(23, 15);1;1244
3;0.125;MoveSouthEast;(14, 20);;(23, 15);1;1245
3;0.125;MoveSouthEast;(14, 20);;(23, 15);1;1246
3;0.125;MoveSouthEast;(14, 20);;(23, 15);1;1247
3;0.125;MoveSouthEast;(14, 20);;(23, 15);1;1248
3;0.125;MoveSouthEast;(15, 21);;(23, 15);1;1249
3;0.125;MoveNorthEast;(15, 21);;(23, 15);1;1250
3;0.125;MoveNorthEast;(15, 21);;(23, 15);1;1251
3;0.125;MoveNorthEast;(15, 21);;(23, 15);1;1252
3;0.125;MoveNorthEast;(15, 21);;(23, 15);1;1253
3;0.125;MoveNorthEast;(15, 21);;(23, 15);1;1254
3;0.125;MoveNorthEast;(15, 21);;(23, 15);1;1255
3;0.125;MoveNorthEast;(15, 21);;(23, 15);1;1256
3;0.125;MoveNorthEast;(15, 21);;(23, 15);1;1257
6;0.25;MoveNorthEast;(16, 20);Drop;(23, 15);1;1258
6;0.25;Idle;(16, 20);;(23, 15);1;1259
6;0.25;Idle;(16, 20);;(23, 15);1;1260
6;0.25;Idle;(16, 20);;(23, 15);1;1261
6;0.25;Idle;(16, 20);;(23, 15);1;1262
6;0.25;Idle;(16, 20);;(23, 15);1;1263
6;0.25;Idle;(16, 20);;(23, 15);1;1264
6;0.25;Idle;(16, 20);;(23, 15);1;1265
6;0.25;Idle;(16, 20);;(23, 15);1;1266
6;0.25;Idle;(16, 20);;(23, 15);1;1267
6;0.25;Idle;(16, 20);MoveWest;(22, 15);1;1268
6;0.25;Idle;(16, 20);;(22, 15);1;1269
6;0.25;Idle;(16, 20);;(22, 15);1;1270
6;0.25;Idle;(16, 20);;(22, 15);1;1271
6;0.25;Idle;(16, 20);;(22, 15);1;1272
6;0.25;Idle;(16, 20);;(22, 15);1;1273
6;0.25;Idle;(16, 20);;(22, 15);1;1274
6;0.25;Idle;(16, 20);;(22, 15);1;1275
6;0.25;Idle;(16, 20);;(22, 15);1;1276
6;0.25;Idle;(16, 20);;(22, 15);1;1277
6;0.25;Idle;(16, 20);;(22, 15);1;1278
6;0.25;Idle;(16, 20);;(22, 15);1;1279
6;0.25;Idle;(16, 20);;(22, 15);1;1280
6;0.25;Idle;(16, 20);;(22, 15);1;1281
6;0.25;Idle;(16, 20);;(22, 15);1;1282
6;0.25;Idle;(16, 20);;(22, 15);1;1283
6;0.25;Idle;(16, 20);;(22, 15);1;1284
6;0.25;MoveWest;(16, 20);;(22, 15);1;1285
6;0.25;MoveWest;(16, 20);;(22, 15);1;1286
6;0.25;MoveWest;(16, 20);;(22, 15);1;1287
6;0.25;MoveWest;(16, 20);;(22, 15);1;1288
6;0.25;MoveWest;(16, 20);;(22, 15);1;1289
6;0.25;MoveWest;(16, 20);;(22, 15);1;1290
6;0.25;MoveWest;(16, 20);;(22, 15);1;1291
6;0.25;MoveWest;(16, 20);;(22, 15);1;1292
6;0.25;MoveWest;(15, 20);;(22, 15);1;1293
6;0.25;MoveWest;(15, 20);;(22, 15);1;1294
6;0.25;MoveWest;(15, 20);;(22, 15);1;1295
6;0.25;MoveWest;(15, 20);;(22, 15);1;1296
6;0.25;MoveWest;(15, 20);;(22, 15);1;1297
6;0.25;MoveWest;(15, 20);;(22, 15);1;1298
6;0.25;MoveWest;(15, 20);;(22, 15);1;1299
6;0.25;MoveWest;(15, 20);;(22, 15);1;1300
6;0.25;MoveWest;(15, 20);;(22, 15);1;1301
6;0.25;MoveWest;(14, 20);;(22, 15);1;1302
6;0.25;CarryObject;(14, 20);;(22, 15);1;1303
6;0.25;CarryObject;(14, 20);;(22, 15);1;1304
6;0.25;CarryObject;(14, 20);;(22, 15);1;1305
6;0.25;CarryObject;(14, 20);;(22, 15);1;1306
6;0.25;CarryObject;(14, 20);;(22, 15);1;1307
6;0.25;CarryObject;(14, 20);;(22, 15);1;1308
6;0.25;CarryObject;(14, 20);;(22, 15);1;1309
6;0.25;CarryObject;(14, 20);;(22, 15);1;1310
6;0.25;CarryObject;(14, 20);;(22, 15);1;1311
6;0.25;CarryObject;(14, 20);;(22, 15);1;1312
6;0.25;CarryObject;(14, 20);;(22, 15);1;1313
6;0.25;CarryObject;(14, 20);;(22, 15);1;1314
6;0.25;CarryObject;(14, 20);;(22, 15);1;1315
6;0.25;CarryObject;(14, 20);;(22, 15);1;1316
6;0.25;CarryObject;(14, 20);;(22, 15);1;1317
6;0.25;CarryObject;(14, 20);;(22, 15);1;1318
6;0.25;CarryObject;(14, 20);;(22, 15);1;1319
6;0.25;CarryObject;(14, 20);;(22, 15);1;1320
6;0.25;CarryObject;(14, 20);;(22, 15);1;1321
6;0.25;CarryObject;(14, 20);;(22, 15);1;1322
6;0.25;CarryObject;(14, 20);;(22, 15);1;1323
6;0.25;CarryObject;(14, 20);;(22, 15);1;1324
6;0.25;CarryObject;(14, 20);;(22, 15);1;1325
6;0.25;CarryObject;(14, 20);;(22, 15);1;1326
6;0.25;CarryObject;(14, 20);;(22, 15);1;1327
6;0.25;CarryObject;(14, 20);;(22, 15);1;1328
6;0.25;CarryObject;(14, 20);;(22, 15);1;1329
6;0.25;CarryObject;(14, 20);;(22, 15);1;1330
6;0.25;CarryObject;(14, 20);;(22, 15);1;1331
6;0.25;CarryObject;(14, 20);;(22, 15);1;1332
6;0.25;CarryObject;(14, 20);;(22, 15);1;1333
6;0.25;CarryObject;(14, 20);;(22, 15);1;1334
6;0.25;CarryObject;(14, 20);;(22, 15);1;1335
6;0.25;CarryObject;(14, 20);;(22, 15);1;1336
6;0.25;CarryObject;(14, 20);;(22, 15);1;1337
6;0.25;CarryObject;(14, 20);;(22, 15);1;1338
6;0.25;CarryObject;(14, 20);;(22, 15);1;1339
6;0.25;CarryObject;(14, 20);;(22, 15);1;1340
6;0.25;CarryObject;(14, 20);;(22, 15);1;1341
6;0.25;CarryObject;(14, 20);;(22, 15);1;1342
6;0.25;CarryObject;(14, 20);;(22, 15);1;1343
6;0.25;CarryObject;(14, 20);;(22, 15);1;1344
6;0.25;CarryObject;(14, 20);;(22, 15);1;1345
6;0.25;CarryObject;(14, 20);;(22, 15);1;1346
6;0.25;CarryObject;(14, 20);;(22, 15);1;1347
6;0.25;CarryObject;(14, 20);;(22, 15);1;1348
6;0.25;CarryObject;(14, 20);;(22, 15);1;1349
6;0.25;CarryObject;(14, 20);;(22, 15);1;1350
6;0.25;CarryObject;(14, 20);;(22, 15);1;1351
6;0.25;CarryObject;(14, 20);;(22, 15);1;1352
6;0.25;CarryObject;(14, 20);;(22, 15);1;1353
6;0.25;CarryObject;(14, 20);;(22, 15);1;1354
6;0.25;CarryObject;(14, 20);;(22, 15);1;1355
6;0.25;CarryObject;(14, 20);;(22, 15);1;1356
6;0.25;CarryObject;(14, 20);;(22, 15);1;1357
6;0.25;CarryObject;(14, 20);;(22, 15);1;1358
6;0.25;CarryObject;(14, 20);;(22, 15);1;1359
6;0.25;CarryObject;(14, 20);;(22, 15);1;1360
6;0.25;CarryObject;(14, 20);;(22, 15);1;1361
6;0.25;CarryObject;(14, 20);;(22, 15);1;1362
6;0.25;CarryObject;(14, 20);;(22, 15);1;1363
6;0.25;CarryObject;(14, 20);;(22, 15);1;1364
6;0.25;CarryObject;(14, 20);;(22, 15);1;1365
6;0.25;CarryObject;(14, 20);;(22, 15);1;1366
6;0.25;CarryObject;(14, 20);;(22, 15);1;1367
6;0.25;CarryObject;(14, 20);;(22, 15);1;1368
6;0.25;CarryObject;(14, 20);;(22, 15);1;1369
6;0.25;CarryObject;(14, 20);;(22, 15);1;1370
6;0.25;CarryObject;(14, 20);;(22, 15);1;1371
6;0.25;CarryObject;(14, 20);;(22, 15);1;1372
6;0.25;CarryObject;(14, 20);;(22, 15);1;1373
6;0.25;CarryObject;(14, 20);;(22, 15);1;1374
6;0.25;CarryObject;(14, 20);;(22, 15);1;1375
6;0.25;CarryObject;(14, 20);;(22, 15);1;1376
6;0.25;CarryObject;(14, 20);;(22, 15);1;1377
6;0.25;CarryObject;(14, 20);;(22, 15);1;1378
6;0.25;CarryObject;(14, 20);;(22, 15);1;1379
6;0.25;CarryObject;(14, 20);;(22, 15);1;1380
6;0.25;CarryObject;(14, 20);;(22, 15);1;1381
6;0.25;CarryObject;(14, 20);;(22, 15);1;1382
6;0.25;CarryObject;(14, 20);;(22, 15);1;1383
6;0.25;CarryObject;(14, 20);;(22, 15);1;1384
6;0.25;CarryObject;(14, 20);;(22, 15);1;1385
6;0.25;CarryObject;(14, 20);;(22, 15);1;1386
6;0.25;CarryObject;(14, 20);;(22, 15);1;1387
6;0.25;CarryObject;(14, 20);;(22, 15);1;1388
6;0.25;CarryObject;(14, 20);;(22, 15);1;1389
6;0.25;CarryObject;(14, 20);;(22, 15);1;1390
6;0.25;CarryObject;(14, 20);;(22, 15);1;1391
6;0.25;CarryObject;(14, 20);;(22, 15);1;1392
6;0.25;CarryObject;(14, 20);;(22, 15);1;1393
6;0.25;CarryObject;(14, 20);;(22, 15);1;1394
6;0.25;CarryObject;(14, 20);MoveNorth;(22, 14);1;1395
6;0.25;CarryObject;(14, 20);MoveNorth;(22, 13);1;1396
6;0.25;CarryObject;(14, 20);;(22, 13);1;1397
6;0.25;CarryObject;(14, 20);MoveNorth;(22, 12);1;1398
6;0.25;CarryObject;(14, 20);;(22, 12);1;1399
6;0.25;CarryObject;(14, 20);MoveNorth;(22, 11);1;1400
6;0.25;CarryObject;(14, 20);MoveNorth;(22, 10);1;1401
6;0.25;CarryObject;(14, 20);;(22, 10);1;1402
6;0.25;CarryObject;(14, 20);MoveNorth;(22, 9);1;1403
6;0.25;CarryObject;(14, 20);;(22, 9);1;1404
6;0.25;CarryObject;(14, 20);MoveNorth;(22, 8);1;1405
6;0.25;CarryObject;(14, 20);MoveNorth;(22, 7);1;1406
6;0.25;CarryObject;(14, 20);;(22, 7);1;1407
6;0.25;CarryObject;(14, 20);;(22, 7);1;1408
6;0.25;CarryObject;(14, 20);;(22, 7);1;1409
6;0.25;CarryObject;(14, 20);;(22, 7);1;1410
6;0.25;CarryObject;(14, 20);;(22, 7);1;1411
6;0.25;CarryObject;(14, 20);;(22, 7);1;1412
6;0.25;CarryObject;(14, 20);;(22, 7);1;1413
6;0.25;CarryObject;(14, 20);;(22, 7);1;1414
6;0.25;CarryObject;(14, 20);;(22, 7);1;1415
6;0.25;CarryObject;(14, 20);;(22, 7);1;1416
6;0.25;CarryObject;(14, 20);MoveNorth;(22, 6);1;1417
6;0.25;CarryObject;(14, 20);;(22, 6);1;1418
6;0.25;CarryObject;(14, 20);;(22, 6);1;1419
6;0.25;CarryObject;(14, 20);;(22, 6);1;1420
6;0.25;CarryObject;(14, 20);;(22, 6);1;1421
6;0.25;CarryObject;(14, 20);;(22, 6);1;1422
6;0.25;CarryObject;(14, 20);;(22, 6);1;1423
6;0.25;CarryObject;(14, 20);MoveWest;(21, 6);1;1424
6;0.25;CarryObject;(14, 20);MoveWest;(20, 6);1;1425
6;0.25;CarryObject;(14, 20);MoveWest;(19, 6);1;1426
6;0.25;CarryObject;(14, 20);;(19, 6);1;1427
6;0.25;CarryObject;(14, 20);MoveWest;(19, 6);1;1428
6;0.25;CarryObject;(14, 20);MoveWest;(19, 6);1;1429
6;0.25;CarryObject;(14, 20);MoveWest;(19, 6);1;1430
6;0.25;CarryObject;(14, 20);MoveWest;(19, 6);1;1431
6;0.25;CarryObject;(14, 20);MoveWest;(19, 6);1;1432
6;0.25;CarryObject;(14, 20);MoveWest;(18, 6);1;1433
6;0.25;CarryObject;(14, 20);MoveWest;(17, 6);1;1434
6;0.25;CarryObject;(14, 20);MoveWest;(16, 6);1;1435
6;0.25;CarryObject;(14, 20);;(16, 6);1;1436
6;0.25;CarryObject;(14, 20);;(16, 6);1;1437
6;0.25;CarryObject;(14, 20);MoveWest;(15, 6);1;1438
6;0.25;CarryObject;(14, 20);MoveWest;(14, 6);1;1439
6;0.25;CarryObject;(14, 20);;(14, 6);1;1440
6;0.25;CarryObject;(14, 20);;(14, 6);1;1441
6;0.25;CarryObject;(14, 20);;(14, 6);1;1442
6;0.25;CarryObject;(14, 20);MoveWest;(13, 6);1;1443
6;0.25;CarryObject;(14, 20);MoveWest;(12, 6);1;1444
6;0.25;CarryObject;(14, 20);MoveWest;(12, 6);1;1445
6;0.25;CarryObject;(14, 20);MoveWest;(12, 6);1;1446
6;0.25;CarryObject;(14, 20);MoveWest;(12, 6);1;1447
6;0.25;CarryObject;(14, 20);MoveWest;(12, 6);1;1448
6;0.25;CarryObject;(14, 20);MoveWest;(12, 6);1;1449
6;0.25;CarryObject;(14, 20);MoveWest;(11, 6);1;1450
6;0.25;CarryObject;(14, 20);MoveWest;(11, 6);1;1451
6;0.25;CarryObject;(14, 20);MoveWest;(11, 6);1;1452
6;0.25;CarryObject;(14, 20);MoveWest;(11, 6);1;1453
6;0.25;MoveNorthEast;(14, 20);MoveWest;(11, 6);1;1454
6;0.25;MoveNorthEast;(14, 20);MoveWest;(11, 6);1;1455
6;0.25;MoveNorthEast;(14, 20);MoveWest;(10, 6);1;1456
6;0.25;MoveNorthEast;(14, 20);MoveWest;(10, 6);1;1457
6;0.25;MoveNorthEast;(14, 20);MoveWest;(10, 6);1;1458
6;0.25;MoveNorthEast;(14, 20);MoveWest;(10, 6);1;1459
6;0.25;MoveNorthEast;(14, 20);MoveWest;(10, 6);1;1460
6;0.25;MoveNorthEast;(14, 20);MoveWest;(10, 6);1;1461
6;0.25;MoveNorthEast;(15, 19);MoveWest;(9, 6);1;1462
6;0.25;MoveNorthEast;(15, 19);;(9, 6);1;1463
6;0.25;MoveNorthEast;(15, 19);;(9, 6);1;1464
6;0.25;MoveNorthEast;(15, 19);;(9, 6);1;1465
6;0.25;MoveNorthEast;(15, 19);;(9, 6);1;1466
6;0.25;MoveNorthEast;(15, 19);;(9, 6);1;1467
6;0.25;MoveNorthEast;(15, 19);;(9, 6);1;1468
6;0.25;MoveNorthEast;(15, 19);;(9, 6);1;1469
6;0.25;MoveNorthEast;(15, 19);;(9, 6);1;1470
6;0.25;MoveNorthEast;(16, 18);;(9, 6);1;1471
6;0.25;MoveNorthEast;(16, 18);;(9, 6);1;1472
6;0.25;MoveNorthEast;(16, 18);;(9, 6);1;1473
6;0.25;MoveNorthEast;(16, 18);;(9, 6);1;1474
6;0.25;MoveNorthEast;(16, 18);RemoveObject;(9, 6);1;1475
6;0.25;MoveNorthEast;(16, 18);RemoveObject;(9, 6);1;1476
6;0.25;MoveNorthEast;(16, 18);RemoveObject;(9, 6);1;1477
6;0.25;MoveNorthEast;(16, 18);RemoveObject;(9, 6);1;1478
6;0.25;MoveNorthEast;(16, 18);RemoveObject;(9, 6);1;1479
6;0.25;MoveNorthEast;(17, 17);RemoveObject;(9, 6);1;1480
6;0.25;MoveNorthEast;(17, 17);RemoveObject;(9, 6);1;1481
6;0.25;MoveNorthEast;(17, 17);RemoveObject;(9, 6);1;1482
6;0.25;MoveNorthEast;(17, 17);RemoveObject;(9, 6);1;1483
6;0.25;MoveNorthEast;(17, 17);RemoveObject;(9, 6);1;1484
6;0.25;MoveNorthEast;(17, 17);RemoveObject;(9, 6);1;1485
6;0.25;MoveNorthEast;(17, 17);RemoveObject;(9, 6);1;1486
6;0.25;MoveNorthEast;(17, 17);RemoveObject;(9, 6);1;1487
6;0.25;MoveNorthEast;(17, 17);RemoveObject;(9, 6);1;1488
6;0.25;MoveNorthEast;(17, 17);RemoveObject;(9, 6);1;1489
6;0.25;MoveNorthEast;(17, 17);RemoveObject;(9, 6);1;1490
6;0.25;MoveNorthEast;(17, 17);RemoveObject;(9, 6);1;1491
6;0.25;MoveNorthEast;(17, 17);RemoveObject;(9, 6);1;1492
6;0.25;MoveNorthEast;(17, 17);RemoveObject;(9, 6);1;1493
6;0.25;MoveNorthEast;(18, 16);RemoveObject;(9, 6);1;1494
6;0.25;MoveNorthEast;(18, 16);RemoveObject;(9, 6);1;1495
6;0.25;MoveNorthEast;(18, 16);RemoveObject;(9, 6);1;1496
6;0.25;MoveNorthEast;(18, 16);RemoveObject;(9, 6);1;1497
6;0.25;MoveNorthEast;(18, 16);RemoveObject;(9, 6);1;1498
6;0.25;MoveNorthEast;(18, 16);RemoveObject;(9, 6);1;1499
6;0.25;MoveNorthEast;(18, 16);RemoveObject;(9, 6);1;1500
6;0.25;MoveNorthEast;(18, 16);RemoveObject;(9, 6);1;1501
6;0.25;MoveNorthEast;(18, 16);RemoveObject;(9, 6);1;1502
6;0.25;MoveNorthEast;(18, 16);RemoveObject;(9, 6);1;1503
6;0.25;MoveNorthEast;(18, 16);RemoveObject;(9, 6);1;1504
6;0.25;MoveNorthEast;(18, 16);RemoveObject;(9, 6);1;1505
6;0.25;MoveNorthEast;(18, 16);RemoveObject;(9, 6);1;1506
6;0.25;MoveNorthEast;(18, 16);RemoveObject;(9, 6);1;1507
6;0.25;MoveNorthEast;(19, 15);RemoveObject;(9, 6);1;1508
6;0.25;MoveNorthEast;(19, 15);RemoveObject;(9, 6);1;1509
6;0.25;MoveNorthEast;(19, 15);RemoveObject;(9, 6);1;1510
6;0.25;MoveNorthEast;(19, 15);RemoveObject;(9, 6);1;1511
6;0.25;MoveNorthEast;(19, 15);RemoveObject;(9, 6);1;1512
6;0.25;MoveNorthEast;(19, 15);RemoveObject;(9, 6);1;1513
6;0.25;MoveNorthEast;(19, 15);RemoveObject;(9, 6);1;1514
6;0.25;MoveNorthEast;(19, 15);RemoveObject;(9, 6);1;1515
6;0.25;MoveNorthEast;(19, 15);RemoveObject;(9, 6);1;1516
6;0.25;MoveNorthEast;(20, 14);RemoveObject;(9, 6);1;1517
6;0.25;MoveEast;(20, 14);RemoveObject;(9, 6);1;1518
6;0.25;MoveEast;(20, 14);RemoveObject;(9, 6);1;1519
6;0.25;MoveEast;(20, 14);RemoveObject;(9, 6);1;1520
6;0.25;MoveEast;(20, 14);RemoveObject;(9, 6);1;1521
6;0.25;MoveEast;(20, 14);RemoveObject;(9, 6);1;1522
6;0.25;MoveEast;(20, 14);RemoveObject;(9, 6);1;1523
6;0.25;MoveEast;(20, 14);RemoveObject;(9, 6);1;1524
6;0.25;MoveEast;(20, 14);RemoveObject;(9, 6);1;1525
6;0.25;MoveEast;(21, 14);RemoveObject;(9, 6);1;1526
6;0.25;MoveNorthEast;(21, 14);RemoveObject;(9, 6);1;1527
6;0.25;MoveNorthEast;(21, 14);RemoveObject;(9, 6);1;1528
6;0.25;MoveNorthEast;(21, 14);RemoveObject;(9, 6);1;1529
6;0.25;MoveNorthEast;(21, 14);RemoveObject;(9, 6);1;1530
6;0.25;MoveNorthEast;(21, 14);RemoveObject;(9, 6);1;1531
6;0.25;MoveNorthEast;(21, 14);RemoveObject;(9, 6);1;1532
6;0.25;MoveNorthEast;(21, 14);RemoveObject;(9, 6);1;1533
6;0.25;MoveNorthEast;(21, 14);RemoveObject;(9, 6);1;1534
6;0.25;MoveNorthEast;(22, 13);RemoveObject;(9, 6);1;1535
6;0.25;MoveEast;(22, 13);RemoveObject;(9, 6);1;1536
6;0.25;MoveEast;(22, 13);RemoveObject;(9, 6);1;1537
6;0.25;MoveEast;(22, 13);RemoveObject;(9, 6);1;1538
6;0.25;MoveEast;(22, 13);RemoveObject;(9, 6);1;1539
6;0.25;MoveEast;(22, 13);RemoveObject;(9, 6);1;1540
6;0.25;MoveEast;(22, 13);RemoveObject;(9, 6);1;1541
6;0.25;MoveEast;(22, 13);RemoveObject;(9, 6);1;1542
6;0.25;MoveEast;(22, 13);RemoveObject;(9, 6);1;1543
6;0.25;MoveEast;(23, 13);RemoveObject;(9, 6);1;1544
6;0.25;Drop;(23, 13);RemoveObject;(9, 6);1;1545
6;0.25;Drop;(23, 13);RemoveObject;(9, 6);1;1546
6;0.25;Drop;(23, 13);RemoveObject;(9, 6);1;1547
6;0.25;Drop;(23, 13);RemoveObject;(9, 6);1;1548
6;0.25;Drop;(23, 13);RemoveObject;(9, 6);1;1549
6;0.25;Drop;(23, 13);RemoveObject;(9, 6);1;1550
6;0.25;Drop;(23, 13);RemoveObject;(9, 6);1;1551
6;0.25;Drop;(23, 13);RemoveObject;(9, 6);1;1552
9;0.375;Drop;(23, 13);RemoveObject;(9, 6);1;1553
9;0.375;MoveSouthWest;(23, 13);RemoveObject;(9, 6);1;1554
9;0.375;MoveSouthWest;(23, 13);RemoveObject;(9, 6);1;1555
9;0.375;MoveSouthWest;(23, 13);RemoveObject;(9, 6);1;1556
9;0.375;MoveSouthWest;(23, 13);RemoveObject;(9, 6);1;1557
9;0.375;MoveSouthWest;(23, 13);RemoveObject;(9, 6);1;1558
9;0.375;MoveSouthWest;(23, 13);RemoveObject;(9, 6);1;1559
9;0.375;MoveSouthWest;(23, 13);RemoveObject;(9, 6);1;1560
9;0.375;MoveSouthWest;(23, 13);RemoveObject;(9, 6);1;1561
9;0.375;MoveSouthWest;(22, 14);RemoveObject;(9, 6);1;1562
9;0.375;MoveWest;(22, 14);RemoveObject;(9, 6);1;1563
9;0.375;MoveWest;(22, 14);RemoveObject;(9, 6);1;1564
9;0.375;MoveWest;(22, 14);RemoveObject;(9, 6);1;1565
9;0.375;MoveWest;(22, 14);RemoveObject;(9, 6);1;1566
9;0.375;MoveWest;(22, 14);RemoveObject;(9, 6);1;1567
9;0.375;MoveWest;(22, 14);RemoveObject;(9, 6);1;1568
9;0.375;MoveWest;(22, 14);RemoveObject;(9, 6);1;1569
9;0.375;MoveWest;(22, 14);RemoveObject;(9, 6);1;1570
9;0.375;MoveWest;(21, 14);RemoveObject;(9, 6);1;1571
9;0.375;MoveSouthWest;(21, 14);RemoveObject;(9, 6);1;1572
9;0.375;MoveSouthWest;(21, 14);RemoveObject;(9, 6);1;1573
9;0.375;MoveSouthWest;(21, 14);RemoveObject;(9, 6);1;1574
9;0.375;MoveSouthWest;(21, 14);RemoveObject;(9, 6);1;1575
9;0.375;MoveSouthWest;(21, 14);RemoveObject;(9, 6);1;1576
9;0.375;MoveSouthWest;(21, 14);RemoveObject;(9, 6);1;1577
9;0.375;MoveSouthWest;(21, 14);RemoveObject;(9, 6);1;1578
9;0.375;MoveSouthWest;(21, 14);RemoveObject;(9, 6);1;1579
9;0.375;MoveSouthWest;(20, 15);RemoveObject;(9, 6);1;1580
9;0.375;MoveWest;(20, 15);RemoveObject;(9, 6);1;1581
9;0.375;MoveWest;(20, 15);RemoveObject;(9, 6);1;1582
9;0.375;MoveWest;(20, 15);RemoveObject;(9, 6);1;1583
9;0.375;MoveWest;(20, 15);RemoveObject;(9, 6);1;1584
9;0.375;MoveWest;(20, 15);RemoveObject;(9, 6);1;1585
9;0.375;MoveWest;(20, 15);RemoveObject;(9, 6);1;1586
9;0.375;MoveWest;(20, 15);RemoveObject;(9, 6);1;1587
9;0.375;MoveWest;(20, 15);RemoveObject;(9, 6);1;1588
9;0.375;MoveWest;(19, 15);RemoveObject;(9, 6);1;1589
9;0.375;MoveSouthWest;(19, 15);RemoveObject;(9, 6);1;1590
9;0.375;MoveSouthWest;(19, 15);RemoveObject;(9, 6);1;1591
9;0.375;MoveSouthWest;(19, 15);RemoveObject;(9, 6);1;1592
9;0.375;MoveSouthWest;(19, 15);RemoveObject;(9, 6);1;1593
9;0.375;MoveSouthWest;(19, 15);RemoveObject;(9, 6);1;1594
9;0.375;MoveSouthWest;(19, 15);RemoveObject;(9, 6);1;1595
9;0.375;MoveSouthWest;(19, 15);RemoveObject;(9, 6);1;1596
9;0.375;MoveSouthWest;(19, 15);RemoveObject;(9, 6);1;1597
9;0.375;MoveSouthWest;(18, 16);RemoveObject;(9, 6);1;1598
9;0.375;MoveSouthWest;(18, 16);RemoveObject;(9, 6);1;1599
9;0.375;MoveSouthWest;(18, 16);RemoveObject;(9, 6);1;1600
9;0.375;MoveSouthWest;(18, 16);RemoveObject;(9, 6);1;1601
9;0.375;MoveSouthWest;(18, 16);RemoveObject;(9, 6);1;1602
9;0.375;MoveSouthWest;(18, 16);RemoveObject;(9, 6);1;1603
9;0.375;MoveSouthWest;(18, 16);RemoveObject;(9, 6);1;1604
9;0.375;MoveSouthWest;(18, 16);RemoveObject;(9, 6);1;1605
9;0.375;MoveSouthWest;(18, 16);RemoveObject;(9, 6);1;1606
9;0.375;MoveSouthWest;(18, 16);RemoveObject;(9, 6);1;1607
9;0.375;MoveSouthWest;(18, 16);RemoveObject;(9, 6);1;1608
9;0.375;MoveSouthWest;(18, 16);RemoveObject;(9, 6);1;1609
9;0.375;MoveSouthWest;(18, 16);RemoveObject;(9, 6);1;1610
9;0.375;MoveSouthWest;(18, 16);RemoveObject;(9, 6);1;1611
9;0.375;MoveSouthWest;(17, 17);RemoveObject;(9, 6);1;1612
9;0.375;MoveWest;(17, 17);RemoveObject;(9, 6);1;1613
9;0.375;MoveWest;(17, 17);RemoveObject;(9, 6);1;1614
9;0.375;MoveWest;(17, 17);RemoveObject;(9, 6);1;1615
9;0.375;MoveWest;(17, 17);RemoveObject;(9, 6);1;1616
9;0.375;MoveWest;(17, 17);RemoveObject;(9, 6);1;1617
9;0.375;MoveWest;(17, 17);RemoveObject;(9, 6);1;1618
9;0.375;MoveWest;(17, 17);RemoveObject;(9, 6);1;1619
9;0.375;MoveWest;(17, 17);RemoveObject;(9, 6);1;1620
9;0.375;MoveWest;(17, 17);RemoveObject;(9, 6);1;1621
9;0.375;MoveWest;(17, 17);RemoveObject;(9, 6);1;1622
9;0.375;MoveWest;(17, 17);RemoveObject;(9, 6);1;1623
9;0.375;MoveWest;(17, 17);RemoveObject;(9, 6);1;1624
9;0.375;MoveWest;(17, 17);RemoveObject;(9, 6);1;1625
9;0.375;MoveWest;(16, 17);RemoveObject;(9, 6);1;1626
9;0.375;MoveWest;(16, 17);RemoveObject;(9, 6);1;1627
9;0.375;MoveWest;(16, 17);RemoveObject;(9, 6);1;1628
9;0.375;MoveWest;(16, 17);RemoveObject;(9, 6);1;1629
9;0.375;MoveWest;(16, 17);RemoveObject;(9, 6);1;1630
9;0.375;MoveWest;(16, 17);RemoveObject;(9, 6);1;1631
9;0.375;MoveWest;(16, 17);RemoveObject;(9, 6);1;1632
9;0.375;MoveWest;(16, 17);RemoveObject;(9, 6);1;1633
9;0.375;MoveWest;(16, 17);RemoveObject;(9, 6);1;1634
9;0.375;MoveWest;(16, 17);RemoveObject;(9, 6);1;1635
9;0.375;MoveWest;(16, 17);RemoveObject;(9, 6);1;1636
9;0.375;MoveWest;(16, 17);RemoveObject;(9, 6);1;1637
9;0.375;MoveWest;(16, 17);RemoveObject;(9, 6);1;1638
9;0.375;MoveWest;(16, 17);RemoveObject;(9, 6);1;1639
9;0.375;MoveWest;(15, 17);RemoveObject;(9, 6);1;1640
9;0.375;MoveNorth;(15, 17);RemoveObject;(9, 6);1;1641
9;0.375;MoveNorth;(15, 17);RemoveObject;(9, 6);1;1642
9;0.375;MoveNorth;(15, 17);RemoveObject;(9, 6);1;1643
9;0.375;MoveNorth;(15, 17);RemoveObject;(9, 6);1;1644
9;0.375;MoveNorth;(15, 17);RemoveObject;(9, 6);1;1645
9;0.375;MoveNorth;(15, 17);RemoveObject;(9, 6);1;1646
9;0.375;MoveNorth;(15, 17);RemoveObject;(9, 6);1;1647
9;0.375;MoveNorth;(15, 17);RemoveObject;(9, 6);1;1648
9;0.375;MoveNorth;(15, 16);RemoveObject;(9, 6);1;1649
9;0.375;MoveNorthWest;(15, 16);RemoveObject;(9, 6);1;1650
9;0.375;MoveNorthWest;(15, 16);RemoveObject;(9, 6);1;1651
9;0.375;MoveNorthWest;(15, 16);RemoveObject;(9, 6);1;1652
9;0.375;MoveNorthWest;(15, 16);RemoveObject;(9, 6);1;1653
9;0.375;MoveNorthWest;(15, 16);RemoveObject;(9, 6);1;1654
9;0.375;MoveNorthWest;(15, 16);RemoveObject;(9, 6);1;1655
9;0.375;MoveNorthWest;(15, 16);RemoveObject;(9, 6);1;1656
9;0.375;MoveNorthWest;(15, 16);RemoveObject;(9, 6);1;1657
9;0.375;MoveNorthWest;(14, 15);RemoveObject;(9, 6);1;1658
9;0.375;MoveNorth;(14, 15);RemoveObject;(9, 6);1;1659
9;0.375;MoveNorth;(14, 15);RemoveObject;(9, 6);1;1660
9;0.375;MoveNorth;(14, 15);RemoveObject;(9, 6);1;1661
9;0.375;MoveNorth;(14, 15);RemoveObject;(9, 6);1;1662
9;0.375;MoveNorth;(14, 15);RemoveObject;(9, 6);1;1663
9;0.375;MoveNorth;(14, 15);RemoveObject;(9, 6);1;1664
9;0.375;MoveNorth;(14, 15);RemoveObject;(9, 6);1;1665
9;0.375;MoveNorth;(14, 15);RemoveObject;(9, 6);1;1666
9;0.375;MoveNorth;(14, 14);RemoveObject;(9, 6);1;1667
9;0.375;MoveSouthEast;(14, 14);RemoveObject;(9, 6);1;1668
9;0.375;MoveSouthEast;(14, 14);RemoveObject;(9, 6);1;1669
9;0.375;MoveSouthEast;(14, 14);RemoveObject;(9, 6);1;1670
9;0.375;MoveSouthEast;(14, 14);RemoveObject;(9, 6);1;1671
9;0.375;MoveSouthEast;(14, 14);RemoveObject;(9, 6);1;1672
9;0.375;MoveSouthEast;(14, 14);RemoveObject;(9, 6);1;1673
9;0.375;MoveSouthEast;(14, 14);RemoveObject;(9, 6);1;1674
9;0.375;MoveSouthEast;(14, 14);RemoveObject;(9, 6);1;1675
9;0.375;MoveSouthEast;(15, 15);;(9, 6);1;1676
9;0.375;MoveNorthEast;(15, 15);;(9, 6);1;1677
9;0.375;MoveNorthEast;(15, 15);;(9, 6);1;1678
9;0.375;MoveNorthEast;(15, 15);;(9, 6);1;1679
9;0.375;MoveNorthEast;(15, 15);;(9, 6);1;1680
9;0.375;MoveNorthEast;(15, 15);;(9, 6);1;1681
9;0.375;MoveNorthEast;(15, 15);;(9, 6);1;1682
9;0.375;MoveNorthEast;(15, 15);;(9, 6);1;1683
9;0.375;MoveNorthEast;(15, 15);;(9, 6);1;1684
9;0.375;MoveNorthEast;(16, 14);;(9, 6);1;1685
9;0.375;Idle;(16, 14);;(9, 6);1;1686
9;0.375;Idle;(16, 14);;(9, 6);1;1687
9;0.375;Idle;(16, 14);;(9, 6);1;1688
9;0.375;Idle;(16, 14);;(9, 6);1;1689
9;0.375;Idle;(16, 14);;(9, 6);1;1690
9;0.375;Idle;(16, 14);;(9, 6);1;1691
9;0.375;Idle;(16, 14);;(9, 6);1;1692
9;0.375;Idle;(16, 14);;(9, 6);1;1693
9;0.375;Idle;(16, 14);;(9, 6);1;1694
9;0.375;Idle;(16, 14);MoveSouth;(9, 7);1;1695
9;0.375;Idle;(16, 14);MoveSouth;(9, 8);1;1696
9;0.375;Idle;(16, 14);;(9, 8);1;1697
9;0.375;Idle;(16, 14);;(9, 8);1;1698
9;0.375;Idle;(16, 14);MoveSouth;(9, 9);1;1699
9;0.375;Idle;(16, 14);;(9, 9);1;1700
9;0.375;Idle;(16, 14);MoveSouth;(9, 9);1;1701
9;0.375;Idle;(16, 14);;(9, 9);1;1702
9;0.375;Idle;(16, 14);;(9, 9);1;1703
9;0.375;Idle;(16, 14);;(9, 9);1;1704
9;0.375;Idle;(16, 14);;(9, 9);1;1705
9;0.375;Idle;(16, 14);;(9, 9);1;1706
9;0.375;Idle;(16, 14);;(9, 9);1;1707
9;0.375;Idle;(16, 14);;(9, 9);1;1708
9;0.375;Idle;(16, 14);;(9, 9);1;1709
9;0.375;Idle;(16, 14);;(9, 9);1;1710
9;0.375;Idle;(16, 14);;(9, 9);1;1711
9;0.375;MoveSouthWest;(16, 14);;(9, 9);1;1712
9;0.375;MoveSouthWest;(16, 14);;(9, 9);1;1713
9;0.375;MoveSouthWest;(16, 14);;(9, 9);1;1714
9;0.375;MoveSouthWest;(16, 14);;(9, 9);1;1715
9;0.375;MoveSouthWest;(16, 14);;(9, 9);1;1716
9;0.375;MoveSouthWest;(16, 14);;(9, 9);1;1717
9;0.375;MoveSouthWest;(16, 14);;(9, 9);1;1718
9;0.375;MoveSouthWest;(16, 14);;(9, 9);1;1719
9;0.375;MoveSouthWest;(15, 15);;(9, 9);1;1720
9;0.375;MoveSouth;(15, 15);;(9, 9);1;1721
9;0.375;MoveSouth;(15, 15);;(9, 9);1;1722
9;0.375;MoveSouth;(15, 15);;(9, 9);1;1723
9;0.375;MoveSouth;(15, 15);;(9, 9);1;1724
9;0.375;MoveSouth;(15, 15);;(9, 9);1;1725
9;0.375;MoveSouth;(15, 15);;(9, 9);1;1726
9;0.375;MoveSouth;(15, 15);;(9, 9);1;1727
9;0.375;MoveSouth;(15, 15);;(9, 9);1;1728
9;0.375;MoveSouth;(15, 16);;(9, 9);1;1729
9;0.375;MoveSouthWest;(15, 16);;(9, 9);1;1730
9;0.375;MoveSouthWest;(15, 16);;(9, 9);1;1731
9;0.375;MoveSouthWest;(15, 16);;(9, 9);1;1732
9;0.375;MoveSouthWest;(15, 16);;(9, 9);1;1733
9;0.375;MoveSouthWest;(15, 16);;(9, 9);1;1734
9;0.375;MoveSouthWest;(15, 16);;(9, 9);1;1735
9;0.375;MoveSouthWest;(15, 16);;(9, 9);1;1736
9;0.375;MoveSouthWest;(15, 16);;(9, 9);1;1737
9;0.375;MoveSouthWest;(14, 17);;(9, 9);1;1738
9;0.375;MoveWest;(14, 17);;(9, 9);1;1739
9;0.375;MoveWest;(14, 17);;(9, 9);1;1740
9;0.375;MoveWest;(14, 17);;(9, 9);1;1741
9;0.375;MoveWest;(14, 17);;(9, 9);1;1742
9;0.375;MoveWest;(14, 17);;(9, 9);1;1743
9;0.375;MoveWest;(14, 17);;(9, 9);1;1744
9;0.375;MoveWest;(14, 17);;(9, 9);1;1745
9;0.375;MoveWest;(14, 17);;(9, 9);1;1746
9;0.375;MoveWest;(14, 17);;(9, 9);1;1747
9;0.375;MoveWest;(14, 17);;(9, 9);1;1748
9;0.375;MoveWest;(14, 17);;(9, 9);1;1749
9;0.375;MoveWest;(14, 17);;(9, 9);1;1750
9;0.375;MoveWest;(14, 17);;(9, 9);1;1751
9;0.375;MoveWest;(13, 17);;(9, 9);1;1752
9;0.375;MoveWest;(13, 17);;(9, 9);1;1753
9;0.375;MoveWest;(13, 17);;(9, 9);1;1754
9;0.375;MoveWest;(13, 17);;(9, 9);1;1755
9;0.375;MoveWest;(13, 17);;(9, 9);1;1756
9;0.375;MoveWest;(13, 17);;(9, 9);1;1757
9;0.375;MoveWest;(13, 17);;(9, 9);1;1758
9;0.375;MoveWest;(13, 17);;(9, 9);1;1759
9;0.375;MoveWest;(13, 17);;(9, 9);1;1760
9;0.375;MoveWest;(12, 17);MoveNorth;(9, 8);1;1761
9;0.375;MoveWest;(12, 17);;(9, 8);1;1762
9;0.375;MoveWest;(12, 17);;(9, 8);1;1763
9;0.375;MoveWest;(12, 17);MoveNorth;(9, 7);1;1764
9;0.375;MoveWest;(12, 17);;(9, 7);1;1765
9;0.375;MoveWest;(12, 17);MoveNorth;(9, 6);1;1766
9;0.375;MoveWest;(12, 17);MoveNorth;(9, 5);1;1767
9;0.375;MoveWest;(12, 17);;(9, 5);1;1768
9;0.375;MoveWest;(12, 17);MoveNorth;(9, 5);1;1769
9;0.375;MoveWest;(11, 17);;(9, 5);1;1770
9;0.375;MoveWest;(11, 17);MoveNorth;(9, 5);1;1771
9;0.375;MoveWest;(11, 17);;(9, 5);1;1772
9;0.375;MoveWest;(11, 17);;(9, 5);1;1773
9;0.375;MoveWest;(11, 17);MoveNorth;(9, 5);1;1774
9;0.375;MoveWest;(11, 17);;(9, 5);1;1775
9;0.375;MoveWest;(11, 17);;(9, 5);1;1776
9;0.375;MoveWest;(11, 17);;(9, 5);1;1777
9;0.375;MoveWest;(11, 17);RemoveObject;(9, 5);1;1778
9;0.375;MoveWest;(10, 17);RemoveObject;(9, 5);1;1779
9;0.375;MoveWest;(10, 17);RemoveObject;(9, 5);1;1780
9;0.375;MoveWest;(10, 17);RemoveObject;(9, 5);1;1781
9;0.375;MoveWest;(10, 17);RemoveObject;(9, 5);1;1782
9;0.375;MoveWest;(10, 17);RemoveObject;(9, 5);1;1783
9;0.375;MoveWest;(10, 17);RemoveObject;(9, 5);1;1784
9;0.375;MoveWest;(10, 17);RemoveObject;(9, 5);1;1785
9;0.375;MoveWest;(10, 17);RemoveObject;(9, 5);1;1786
9;0.375;MoveWest;(10, 17);RemoveObject;(9, 5);1;1787
9;0.375;MoveWest;(9, 17);RemoveObject;(9, 5);1;1788
9;0.375;RemoveObject;(9, 17);RemoveObject;(9, 5);1;1789
9;0.375;RemoveObject;(9, 17);RemoveObject;(9, 5);1;1790
9;0.375;RemoveObject;(9, 17);RemoveObject;(9, 5);1;1791
9;0.375;RemoveObject;(9, 17);RemoveObject;(9, 5);1;1792
9;0.375;RemoveObject;(9, 17);RemoveObject;(9, 5);1;1793
9;0.375;RemoveObject;(9, 17);RemoveObject;(9, 5);1;1794
9;0.375;RemoveObject;(9, 17);RemoveObject;(9, 5);1;1795
9;0.375;RemoveObject;(9, 17);RemoveObject;(9, 5);1;1796
9;0.375;RemoveObject;(9, 17);RemoveObject;(9, 5);1;1797
9;0.375;RemoveObject;(9, 17);RemoveObject;(9, 5);1;1798
9;0.375;RemoveObject;(9, 17);RemoveObject;(9, 5);1;1799
9;0.375;RemoveObject;(9, 17);RemoveObject;(9, 5);1;1800
9;0.375;RemoveObject;(9, 17);RemoveObject;(9, 5);1;1801
9;0.375;RemoveObject;(9, 17);RemoveObject;(9, 5);1;1802
9;0.375;RemoveObject;(9, 17);RemoveObject;(9, 5);1;1803
9;0.375;RemoveObject;(9, 17);RemoveObject;(9, 5);1;1804
9;0.375;RemoveObject;(9, 17);RemoveObject;(9, 5);1;1805
9;0.375;RemoveObject;(9, 17);RemoveObject;(9, 5);1;1806
9;0.375;RemoveObject;(9, 17);RemoveObject;(9, 5);1;1807
9;0.375;RemoveObject;(9, 17);RemoveObject;(9, 5);1;1808
9;0.375;RemoveObject;(9, 17);RemoveObject;(9, 5);1;1809
9;0.375;RemoveObject;(9, 17);RemoveObject;(9, 5);1;1810
9;0.375;RemoveObject;(9, 17);RemoveObject;(9, 5);1;1811
9;0.375;RemoveObject;(9, 17);RemoveObject;(9, 5);1;1812
9;0.375;RemoveObject;(9, 17);RemoveObject;(9, 5);1;1813
9;0.375;RemoveObject;(9, 17);RemoveObject;(9, 5);1;1814
9;0.375;RemoveObject;(9, 17);RemoveObject;(9, 5);1;1815
9;0.375;RemoveObject;(9, 17);RemoveObject;(9, 5);1;1816
9;0.375;RemoveObject;(9, 17);RemoveObject;(9, 5);1;1817
9;0.375;RemoveObject;(9, 17);RemoveObject;(9, 5);1;1818
9;0.375;RemoveObject;(9, 17);RemoveObject;(9, 5);1;1819
9;0.375;RemoveObject;(9, 17);RemoveObject;(9, 5);1;1820
9;0.375;RemoveObject;(9, 17);RemoveObject;(9, 5);1;1821
9;0.375;RemoveObject;(9, 17);RemoveObject;(9, 5);1;1822
9;0.375;RemoveObject;(9, 17);RemoveObject;(9, 5);1;1823
9;0.375;RemoveObject;(9, 17);RemoveObject;(9, 5);1;1824
9;0.375;RemoveObject;(9, 17);RemoveObject;(9, 5);1;1825
9;0.375;RemoveObject;(9, 17);RemoveObject;(9, 5);1;1826
9;0.375;RemoveObject;(9, 17);RemoveObject;(9, 5);1;1827
9;0.375;RemoveObject;(9, 17);RemoveObject;(9, 5);1;1828
9;0.375;RemoveObject;(9, 17);RemoveObject;(9, 5);1;1829
9;0.375;RemoveObject;(9, 17);RemoveObject;(9, 5);1;1830
9;0.375;RemoveObject;(9, 17);RemoveObject;(9, 5);1;1831
9;0.375;RemoveObject;(9, 17);RemoveObject;(9, 5);1;1832
9;0.375;RemoveObject;(9, 17);RemoveObject;(9, 5);1;1833
9;0.375;RemoveObject;(9, 17);RemoveObject;(9, 5);1;1834
9;0.375;RemoveObject;(9, 17);RemoveObject;(9, 5);1;1835
9;0.375;RemoveObject;(9, 17);RemoveObject;(9, 5);1;1836
9;0.375;RemoveObject;(9, 17);RemoveObject;(9, 5);1;1837
9;0.375;RemoveObject;(9, 17);RemoveObject;(9, 5);1;1838
9;0.375;RemoveObject;(9, 17);RemoveObject;(9, 5);1;1839
9;0.375;RemoveObject;(9, 17);RemoveObject;(9, 5);1;1840
9;0.375;RemoveObject;(9, 17);RemoveObject;(9, 5);1;1841
9;0.375;RemoveObject;(9, 17);RemoveObject;(9, 5);1;1842
9;0.375;RemoveObject;(9, 17);RemoveObject;(9, 5);1;1843
9;0.375;RemoveObject;(9, 17);RemoveObject;(9, 5);1;1844
9;0.375;RemoveObject;(9, 17);RemoveObject;(9, 5);1;1845
9;0.375;RemoveObject;(9, 17);RemoveObject;(9, 5);1;1846
9;0.375;RemoveObject;(9, 17);RemoveObject;(9, 5);1;1847
9;0.375;RemoveObject;(9, 17);RemoveObject;(9, 5);1;1848
9;0.375;RemoveObject;(9, 17);RemoveObject;(9, 5);1;1849
9;0.375;RemoveObject;(9, 17);RemoveObject;(9, 5);1;1850
9;0.375;RemoveObject;(9, 17);RemoveObject;(9, 5);1;1851
9;0.375;RemoveObject;(9, 17);RemoveObject;(9, 5);1;1852
9;0.375;RemoveObject;(9, 17);RemoveObject;(9, 5);1;1853
9;0.375;RemoveObject;(9, 17);RemoveObject;(9, 5);1;1854
9;0.375;RemoveObject;(9, 17);RemoveObject;(9, 5);1;1855
9;0.375;RemoveObject;(9, 17);RemoveObject;(9, 5);1;1856
9;0.375;RemoveObject;(9, 17);RemoveObject;(9, 5);1;1857
9;0.375;RemoveObject;(9, 17);RemoveObject;(9, 5);1;1858
9;0.375;RemoveObject;(9, 17);RemoveObject;(9, 5);1;1859
9;0.375;RemoveObject;(9, 17);RemoveObject;(9, 5);1;1860
9;0.375;RemoveObject;(9, 17);RemoveObject;(9, 5);1;1861
9;0.375;RemoveObject;(9, 17);RemoveObject;(9, 5);1;1862
9;0.375;RemoveObject;(9, 17);RemoveObject;(9, 5);1;1863
9;0.375;RemoveObject;(9, 17);RemoveObject;(9, 5);1;1864
9;0.375;RemoveObject;(9, 17);RemoveObject;(9, 5);1;1865
9;0.375;RemoveObject;(9, 17);RemoveObject;(9, 5);1;1866
9;0.375;RemoveObject;(9, 17);RemoveObject;(9, 5);1;1867
9;0.375;RemoveObject;(9, 17);RemoveObject;(9, 5);1;1868
9;0.375;RemoveObject;(9, 17);RemoveObject;(9, 5);1;1869
9;0.375;RemoveObject;(9, 17);RemoveObject;(9, 5);1;1870
9;0.375;RemoveObject;(9, 17);RemoveObject;(9, 5);1;1871
9;0.375;RemoveObject;(9, 17);RemoveObject;(9, 5);1;1872
9;0.375;RemoveObject;(9, 17);RemoveObject;(9, 5);1;1873
9;0.375;RemoveObject;(9, 17);RemoveObject;(9, 5);1;1874
9;0.375;RemoveObject;(9, 17);RemoveObject;(9, 5);1;1875
9;0.375;RemoveObject;(9, 17);RemoveObject;(9, 5);1;1876
9;0.375;RemoveObject;(9, 17);RemoveObject;(9, 5);1;1877
9;0.375;RemoveObject;(9, 17);RemoveObject;(9, 5);1;1878
9;0.375;RemoveObject;(9, 17);RemoveObject;(9, 5);1;1879
9;0.375;RemoveObject;(9, 17);RemoveObject;(9, 5);1;1880
9;0.375;RemoveObject;(9, 17);RemoveObject;(9, 5);1;1881
9;0.375;RemoveObject;(9, 17);RemoveObject;(9, 5);1;1882
9;0.375;RemoveObject;(9, 17);RemoveObject;(9, 5);1;1883
9;0.375;RemoveObject;(9, 17);RemoveObject;(9, 5);1;1884
9;0.375;RemoveObject;(9, 17);RemoveObject;(9, 5);1;1885
9;0.375;RemoveObject;(9, 17);RemoveObject;(9, 5);1;1886
9;0.375;RemoveObject;(9, 17);RemoveObject;(9, 5);1;1887
9;0.375;RemoveObject;(9, 17);RemoveObject;(9, 5);1;1888
9;0.375;RemoveObject;(9, 17);RemoveObject;(9, 5);1;1889
9;0.375;MoveNorth;(9, 17);RemoveObject;(9, 5);1;1890
9;0.375;MoveNorth;(9, 17);RemoveObject;(9, 5);1;1891
9;0.375;MoveNorth;(9, 17);RemoveObject;(9, 5);1;1892
9;0.375;MoveNorth;(9, 17);RemoveObject;(9, 5);1;1893
9;0.375;MoveNorth;(9, 17);RemoveObject;(9, 5);1;1894
9;0.375;MoveNorth;(9, 17);RemoveObject;(9, 5);1;1895
9;0.375;MoveNorth;(9, 17);RemoveObject;(9, 5);1;1896
9;0.375;MoveNorth;(9, 17);RemoveObject;(9, 5);1;1897
9;0.375;MoveNorth;(9, 16);RemoveObject;(9, 5);1;1898
9;0.375;MoveNorthWest;(9, 16);RemoveObject;(9, 5);1;1899
9;0.375;MoveNorthWest;(9, 16);RemoveObject;(9, 5);1;1900
9;0.375;MoveNorthWest;(9, 16);RemoveObject;(9, 5);1;1901
9;0.375;MoveNorthWest;(9, 16);RemoveObject;(9, 5);1;1902
9;0.375;MoveNorthWest;(9, 16);RemoveObject;(9, 5);1;1903
9;0.375;MoveNorthWest;(9, 16);RemoveObject;(9, 5);1;1904
9;0.375;MoveNorthWest;(9, 16);RemoveObject;(9, 5);1;1905
9;0.375;MoveNorthWest;(9, 16);RemoveObject;(9, 5);1;1906
9;0.375;MoveNorthWest;(8, 15);RemoveObject;(9, 5);1;1907
9;0.375;MoveNorth;(8, 15);RemoveObject;(9, 5);1;1908
9;0.375;MoveNorth;(8, 15);RemoveObject;(9, 5);1;1909
9;0.375;MoveNorth;(8, 15);RemoveObject;(9, 5);1;1910
9;0.375;MoveNorth;(8, 15);RemoveObject;(9, 5);1;1911
9;0.375;MoveNorth;(8, 15);RemoveObject;(9, 5);1;1912
9;0.375;MoveNorth;(8, 15);RemoveObject;(9, 5);1;1913
9;0.375;MoveNorth;(8, 15);RemoveObject;(9, 5);1;1914
9;0.375;MoveNorth;(8, 15);RemoveObject;(9, 5);1;1915
9;0.375;MoveNorth;(8, 14);RemoveObject;(9, 5);1;1916
9;0.375;MoveSouthEast;(8, 14);RemoveObject;(9, 5);1;1917
9;0.375;MoveSouthEast;(8, 14);RemoveObject;(9, 5);1;1918
9;0.375;MoveSouthEast;(8, 14);RemoveObject;(9, 5);1;1919
9;0.375;MoveSouthEast;(8, 14);RemoveObject;(9, 5);1;1920
9;0.375;MoveSouthEast;(8, 14);RemoveObject;(9, 5);1;1921
9;0.375;MoveSouthEast;(8, 14);RemoveObject;(9, 5);1;1922
9;0.375;MoveSouthEast;(8, 14);RemoveObject;(9, 5);1;1923
9;0.375;MoveSouthEast;(8, 14);RemoveObject;(9, 5);1;1924
9;0.375;MoveSouthEast;(9, 15);RemoveObject;(9, 5);1;1925
9;0.375;MoveNorthEast;(9, 15);RemoveObject;(9, 5);1;1926
9;0.375;MoveNorthEast;(9, 15);RemoveObject;(9, 5);1;1927
9;0.375;MoveNorthEast;(9, 15);RemoveObject;(9, 5);1;1928
9;0.375;MoveNorthEast;(9, 15);RemoveObject;(9, 5);1;1929
9;0.375;MoveNorthEast;(9, 15);RemoveObject;(9, 5);1;1930
9;0.375;MoveNorthEast;(9, 15);RemoveObject;(9, 5);1;1931
9;0.375;MoveNorthEast;(9, 15);RemoveObject;(9, 5);1;1932
9;0.375;MoveNorthEast;(9, 15);RemoveObject;(9, 5);1;1933
9;0.375;MoveNorthEast;(10, 14);RemoveObject;(9, 5);1;1934
9;0.375;Idle;(10, 14);RemoveObject;(9, 5);1;1935
9;0.375;Idle;(10, 14);RemoveObject;(9, 5);1;1936
9;0.375;Idle;(10, 14);RemoveObject;(9, 5);1;1937
9;0.375;Idle;(10, 14);RemoveObject;(9, 5);1;1938
9;0.375;Idle;(10, 14);RemoveObject;(9, 5);1;1939
9;0.375;Idle;(10, 14);RemoveObject;(9, 5);1;1940
9;0.375;Idle;(10, 14);RemoveObject;(9, 5);1;1941
9;0.375;Idle;(10, 14);RemoveObject;(9, 5);1;1942
9;0.375;Idle;(10, 14);RemoveObject;(9, 5);1;1943
9;0.375;Idle;(10, 14);RemoveObject;(9, 5);1;1944
9;0.375;Idle;(10, 14);RemoveObject;(9, 5);1;1945
9;0.375;Idle;(10, 14);RemoveObject;(9, 5);1;1946
9;0.375;Idle;(10, 14);RemoveObject;(9, 5);1;1947
9;0.375;Idle;(10, 14);RemoveObject;(9, 5);1;1948
9;0.375;Idle;(10, 14);RemoveObject;(9, 5);1;1949
9;0.375;Idle;(10, 14);RemoveObject;(9, 5);1;1950
9;0.375;Idle;(10, 14);RemoveObject;(9, 5);1;1951
9;0.375;Idle;(10, 14);RemoveObject;(9, 5);1;1952
9;0.375;Idle;(10, 14);RemoveObject;(9, 5);1;1953
9;0.375;Idle;(10, 14);RemoveObject;(9, 5);1;1954
9;0.375;Idle;(10, 14);RemoveObject;(9, 5);1;1955
9;0.375;Idle;(10, 14);RemoveObject;(9, 5);1;1956
9;0.375;Idle;(10, 14);RemoveObject;(9, 5);1;1957
9;0.375;Idle;(10, 14);RemoveObject;(9, 5);1;1958
9;0.375;Idle;(10, 14);RemoveObject;(9, 5);1;1959
9;0.375;Idle;(10, 14);RemoveObject;(9, 5);1;1960
9;0.375;MoveSouth;(10, 14);RemoveObject;(9, 5);1;1961
9;0.375;MoveSouth;(10, 14);RemoveObject;(9, 5);1;1962
9;0.375;MoveSouth;(10, 14);RemoveObject;(9, 5);1;1963
9;0.375;MoveSouth;(10, 14);RemoveObject;(9, 5);1;1964
9;0.375;MoveSouth;(10, 14);RemoveObject;(9, 5);1;1965
9;0.375;MoveSouth;(10, 14);RemoveObject;(9, 5);1;1966
9;0.375;MoveSouth;(10, 14);RemoveObject;(9, 5);1;1967
9;0.375;MoveSouth;(10, 14);RemoveObject;(9, 5);1;1968
9;0.375;MoveSouth;(10, 15);RemoveObject;(9, 5);1;1969
9;0.375;MoveSouthWest;(10, 15);RemoveObject;(9, 5);1;1970
9;0.375;MoveSouthWest;(10, 15);RemoveObject;(9, 5);1;1971
9;0.375;MoveSouthWest;(10, 15);RemoveObject;(9, 5);1;1972
9;0.375;MoveSouthWest;(10, 15);RemoveObject;(9, 5);1;1973
9;0.375;MoveSouthWest;(10, 15);RemoveObject;(9, 5);1;1974
9;0.375;MoveSouthWest;(10, 15);RemoveObject;(9, 5);1;1975
9;0.375;MoveSouthWest;(10, 15);RemoveObject;(9, 5);1;1976
9;0.375;MoveSouthWest;(10, 15);RemoveObject;(9, 5);1;1977
9;0.375;MoveSouthWest;(9, 16);RemoveObject;(9, 5);1;1978
9;0.375;MoveSouth;(9, 16);;(9, 5);1;1979
9;0.375;MoveSouth;(9, 16);;(9, 5);1;1980
9;0.375;MoveSouth;(9, 16);;(9, 5);1;1981
9;0.375;MoveSouth;(9, 16);;(9, 5);1;1982
9;0.375;MoveSouth;(9, 16);;(9, 5);1;1983
9;0.375;MoveSouth;(9, 16);;(9, 5);1;1984
9;0.375;MoveSouth;(9, 16);;(9, 5);1;1985
9;0.375;MoveSouth;(9, 16);;(9, 5);1;1986
9;0.375;MoveSouth;(9, 17);;(9, 5);1;1987
9;0.375;MoveSouth;(9, 17);;(9, 5);1;1988
9;0.375;MoveSouth;(9, 17);;(9, 5);1;1989
9;0.375;MoveSouth;(9, 17);;(9, 5);1;1990
9;0.375;MoveSouth;(9, 17);;(9, 5);1;1991
9;0.375;MoveSouth;(9, 17);;(9, 5);1;1992
9;0.375;MoveSouth;(9, 17);;(9, 5);1;1993
9;0.375;MoveSouth;(9, 17);;(9, 5);1;1994
9;0.375;MoveSouth;(9, 17);;(9, 5);1;1995
9;0.375;MoveSouth;(9, 18);;(9, 5);1;1996
9;0.375;MoveSouth;(9, 18);;(9, 5);1;1997
9;0.375;MoveSouth;(9, 18);;(9, 5);1;1998
9;0.375;MoveSouth;(9, 18);;(9, 5);1;1999
9;0.375;MoveSouth;(9, 18);MoveNorth;(9, 4);1;2000
9;0.375;MoveSouth;(9, 18);;(9, 4);1;2001
9;0.375;MoveSouth;(9, 18);MoveNorth;(9, 3);1;2002
9;0.375;MoveSouth;(9, 18);;(9, 3);1;2003
9;0.375;MoveSouth;(9, 18);;(9, 3);1;2004
9;0.375;MoveSouth;(9, 19);;(9, 3);1;2005
9;0.375;MoveSouthWest;(9, 19);MoveNorth;(9, 2);1;2006
9;0.375;MoveSouthWest;(9, 19);;(9, 2);1;2007
9;0.375;MoveSouthWest;(9, 19);;(9, 2);1;2008
9;0.375;MoveSouthWest;(9, 19);;(9, 2);1;2009
9;0.375;MoveSouthWest;(9, 19);;(9, 2);1;2010
9;0.375;MoveSouthWest;(9, 19);;(9, 2);1;2011
9;0.375;MoveSouthWest;(9, 19);;(9, 2);1;2012
9;0.375;MoveSouthWest;(9, 19);;(9, 2);1;2013
9;0.375;MoveSouthWest;(8, 20);;(9, 2);1;2014
9;0.375;MoveSouthEast;(8, 20);;(9, 2);1;2015
9;0.375;MoveSouthEast;(8, 20);MoveSouth;(9, 3);1;2016
9;0.375;MoveSouthEast;(8, 20);;(9, 3);1;2017
9;0.375;MoveSouthEast;(8, 20);;(9, 3);1;2018
9;0.375;MoveSouthEast;(8, 20);;(9, 3);1;2019
9;0.375;MoveSouthEast;(8, 20);;(9, 3);1;2020
9;0.375;MoveSouthEast;(8, 20);;(9, 3);1;2021
9;0.375;MoveSouthEast;(8, 20);;(9, 3);1;2022
9;0.375;MoveSouthEast;(9, 21);;(9, 3);1;2023
9;0.375;MoveNorthEast;(9, 21);;(9, 3);1;2024
9;0.375;MoveNorthEast;(9, 21);;(9, 3);1;2025
9;0.375;MoveNorthEast;(9, 21);;(9, 3);1;2026
9;0.375;MoveNorthEast;(9, 21);;(9, 3);1;2027
9;0.375;MoveNorthEast;(9, 21);;(9, 3);1;2028
9;0.375;MoveNorthEast;(9, 21);;(9, 3);1;2029
9;0.375;MoveNorthEast;(9, 21);;(9, 3);1;2030
9;0.375;MoveNorthEast;(9, 21);;(9, 3);1;2031
9;0.375;MoveNorthEast;(10, 20);;(9, 3);1;2032
9;0.375;Idle;(10, 20);;(9, 3);1;2033
9;0.375;Idle;(10, 20);;(9, 3);1;2034
9;0.375;Idle;(10, 20);;(9, 3);1;2035
9;0.375;Idle;(10, 20);;(9, 3);1;2036
9;0.375;Idle;(10, 20);;(9, 3);1;2037
9;0.375;Idle;(10, 20);;(9, 3);1;2038
9;0.375;Idle;(10, 20);;(9, 3);1;2039
9;0.375;Idle;(10, 20);;(9, 3);1;2040
9;0.375;Idle;(10, 20);;(9, 3);1;2041
9;0.375;Idle;(10, 20);;(9, 3);1;2042
9;0.375;Idle;(10, 20);;(9, 3);1;2043
9;0.375;Idle;(10, 20);;(9, 3);1;2044
9;0.375;Idle;(10, 20);;(9, 3);1;2045
9;0.375;Idle;(10, 20);;(9, 3);1;2046
9;0.375;Idle;(10, 20);;(9, 3);1;2047
9;0.375;Idle;(10, 20);;(9, 3);1;2048
9;0.375;Idle;(10, 20);;(9, 3);1;2049
9;0.375;Idle;(10, 20);;(9, 3);1;2050
9;0.375;Idle;(10, 20);;(9, 3);1;2051
9;0.375;Idle;(10, 20);;(9, 3);1;2052
9;0.375;Idle;(10, 20);;(9, 3);1;2053
9;0.375;Idle;(10, 20);;(9, 3);1;2054
9;0.375;Idle;(10, 20);;(9, 3);1;2055
9;0.375;Idle;(10, 20);;(9, 3);1;2056
9;0.375;Idle;(10, 20);;(9, 3);1;2057
9;0.375;Idle;(10, 20);;(9, 3);1;2058
9;0.375;MoveNorthWest;(10, 20);;(9, 3);1;2059
9;0.375;MoveNorthWest;(10, 20);;(9, 3);1;2060
9;0.375;MoveNorthWest;(10, 20);;(9, 3);1;2061
9;0.375;MoveNorthWest;(10, 20);;(9, 3);1;2062
9;0.375;MoveNorthWest;(10, 20);;(9, 3);1;2063
9;0.375;MoveNorthWest;(10, 20);;(9, 3);1;2064
9;0.375;MoveNorthWest;(10, 20);;(9, 3);1;2065
9;0.375;MoveNorthWest;(10, 20);;(9, 3);1;2066
9;0.375;MoveNorthWest;(9, 19);;(9, 3);1;2067
9;0.375;MoveNorthWest;(9, 19);;(9, 3);1;2068
9;0.375;MoveNorthWest;(9, 19);;(9, 3);1;2069
9;0.375;MoveNorthWest;(9, 19);;(9, 3);1;2070
9;0.375;MoveNorthWest;(9, 19);;(9, 3);1;2071
9;0.375;MoveNorthWest;(9, 19);;(9, 3);1;2072
9;0.375;MoveNorthWest;(9, 19);;(9, 3);1;2073
9;0.375;MoveNorthWest;(9, 19);;(9, 3);1;2074
9;0.375;MoveNorthWest;(9, 19);;(9, 3);1;2075
9;0.375;MoveNorthWest;(8, 18);;(9, 3);1;2076
9;0.375;MoveWest;(8, 18);;(9, 3);1;2077
9;0.375;MoveWest;(8, 18);;(9, 3);1;2078
9;0.375;MoveWest;(8, 18);;(9, 3);1;2079
9;0.375;MoveWest;(8, 18);;(9, 3);1;2080
9;0.375;MoveWest;(8, 18);;(9, 3);1;2081
9;0.375;MoveWest;(8, 18);;(9, 3);1;2082
9;0.375;MoveWest;(8, 18);;(9, 3);1;2083
9;0.375;MoveWest;(8, 18);;(9, 3);1;2084
9;0.375;MoveWest;(7, 18);;(9, 3);1;2085
9;0.375;MoveWest;(7, 18);;(9, 3);1;2086
9;0.375;MoveWest;(7, 18);;(9, 3);1;2087
9;0.375;MoveWest;(7, 18);;(9, 3);1;2088
9;0.375;MoveWest;(7, 18);;(9, 3);1;2089
9;0.375;MoveWest;(7, 18);;(9, 3);1;2090
9;0.375;MoveWest;(7, 18);;(9, 3);1;2091
9;0.375;MoveWest;(7, 18);;(9, 3);1;2092
9;0.375;MoveWest;(7, 18);;(9, 3);1;2093
9;0.375;MoveWest;(6, 18);;(9, 3);1;2094
9;0.375;MoveWest;(6, 18);;(9, 3);1;2095
9;0.375;MoveWest;(6, 18);;(9, 3);1;2096
9;0.375;MoveWest;(6, 18);;(9, 3);1;2097
9;0.375;MoveWest;(6, 18);;(9, 3);1;2098
9;0.375;MoveWest;(6, 18);;(9, 3);1;2099
9;0.375;MoveWest;(6, 18);;(9, 3);1;2100
9;0.375;MoveWest;(6, 18);;(9, 3);1;2101
9;0.375;MoveWest;(6, 18);;(9, 3);1;2102
9;0.375;MoveWest;(5, 18);;(9, 3);1;2103
9;0.375;MoveWest;(5, 18);;(9, 3);1;2104
9;0.375;MoveWest;(5, 18);;(9, 3);1;2105
9;0.375;MoveWest;(5, 18);;(9, 3);1;2106
9;0.375;MoveWest;(5, 18);;(9, 3);1;2107
9;0.375;MoveWest;(5, 18);;(9, 3);1;2108
9;0.375;MoveWest;(5, 18);;(9, 3);1;2109
9;0.375;MoveWest;(5, 18);;(9, 3);1;2110
9;0.375;MoveWest;(5, 18);;(9, 3);1;2111
9;0.375;MoveWest;(4, 18);;(9, 3);1;2112
9;0.375;MoveWest;(4, 18);;(9, 3);1;2113
9;0.375;MoveWest;(4, 18);;(9, 3);1;2114
9;0.375;MoveWest;(4, 18);;(9, 3);1;2115
9;0.375;MoveWest;(4, 18);;(9, 3);1;2116
9;0.375;MoveWest;(4, 18);;(9, 3);1;2117
9;0.375;MoveWest;(4, 18);;(9, 3);1;2118
9;0.375;MoveWest;(4, 18);;(9, 3);1;2119
9;0.375;MoveWest;(4, 18);;(9, 3);1;2120
9;0.375;MoveWest;(3, 18);;(9, 3);1;2121
9;0.375;MoveSouth;(3, 18);;(9, 3);1;2122
9;0.375;MoveSouth;(3, 18);;(9, 3);1;2123
9;0.375;MoveSouth;(3, 18);;(9, 3);1;2124
9;0.375;MoveSouth;(3, 18);;(9, 3);1;2125
9;0.375;MoveSouth;(3, 18);;(9, 3);1;2126
9;0.375;MoveSouth;(3, 18);;(9, 3);1;2127
9;0.375;MoveSouth;(3, 18);;(9, 3);1;2128
9;0.375;MoveSouth;(3, 18);;(9, 3);1;2129
9;0.375;MoveSouth;(3, 19);;(9, 3);1;2130
9;0.375;MoveSouthWest;(3, 19);;(9, 3);1;2131
9;0.375;MoveSouthWest;(3, 19);;(9, 3);1;2132
9;0.375;MoveSouthWest;(3, 19);;(9, 3);1;2133
9;0.375;MoveSouthWest;(3, 19);;(9, 3);1;2134
9;0.375;MoveSouthWest;(3, 19);;(9, 3);1;2135
9;0.375;MoveSouthWest;(3, 19);;(9, 3);1;2136
9;0.375;MoveSouthWest;(3, 19);;(9, 3);1;2137
9;0.375;MoveSouthWest;(3, 19);;(9, 3);1;2138
9;0.375;MoveSouthWest;(2, 20);;(9, 3);1;2139
9;0.375;MoveSouthEast;(2, 20);;(9, 3);1;2140
9;0.375;MoveSouthEast;(2, 20);;(9, 3);1;2141
9;0.375;MoveSouthEast;(2, 20);;(9, 3);1;2142
9;0.375;MoveSouthEast;(2, 20);;(9, 3);1;2143
9;0.375;MoveSouthEast;(2, 20);;(9, 3);1;2144
9;0.375;MoveSouthEast;(2, 20);;(9, 3);1;2145
9;0.375;MoveSouthEast;(2, 20);;(9, 3);1;2146
9;0.375;MoveSouthEast;(2, 20);;(9, 3);1;2147
9;0.375;MoveSouthEast;(3, 21);;(9, 3);1;2148
9;0.375;MoveNorthEast;(3, 21);;(9, 3);1;2149
9;0.375;MoveNorthEast;(3, 21);;(9, 3);1;2150
9;0.375;MoveNorthEast;(3, 21);;(9, 3);1;2151
9;0.375;MoveNorthEast;(3, 21);;(9, 3);1;2152
9;0.375;MoveNorthEast;(3, 21);;(9, 3);1;2153
9;0.375;MoveNorthEast;(3, 21);;(9, 3);1;2154
9;0.375;MoveNorthEast;(3, 21);;(9, 3);1;2155
9;0.375;MoveNorthEast;(3, 21);;(9, 3);1;2156
9;0.375;MoveNorthEast;(4, 20);;(9, 3);1;2157
9;0.375;Idle;(4, 20);;(9, 3);1;2158
9;0.375;Idle;(4, 20);;(9, 3);1;2159
9;0.375;Idle;(4, 20);;(9, 3);1;2160
9;0.375;Idle;(4, 20);;(9, 3);1;2161
9;0.375;Idle;(4, 20);;(9, 3);1;2162
9;0.375;Idle;(4, 20);;(9, 3);1;2163
9;0.375;Idle;(4, 20);;(9, 3);1;2164
9;0.375;Idle;(4, 20);;(9, 3);1;2165
9;0.375;Idle;(4, 20);;(9, 3);1;2166
9;0.375;Idle;(4, 20);;(9, 3);1;2167
9;0.375;Idle;(4, 20);;(9, 3);1;2168
9;0.375;Idle;(4, 20);;(9, 3);1;2169
9;0.375;Idle;(4, 20);;(9, 3);1;2170
9;0.375;Idle;(4, 20);;(9, 3);1;2171
9;0.375;Idle;(4, 20);;(9, 3);1;2172
9;0.375;Idle;(4, 20);;(9, 3);1;2173
9;0.375;Idle;(4, 20);;(9, 3);1;2174
9;0.375;Idle;(4, 20);;(9, 3);1;2175
9;0.375;Idle;(4, 20);;(9, 3);1;2176
9;0.375;Idle;(4, 20);;(9, 3);1;2177
9;0.375;Idle;(4, 20);;(9, 3);1;2178
9;0.375;Idle;(4, 20);;(9, 3);1;2179
9;0.375;Idle;(4, 20);;(9, 3);1;2180
9;0.375;Idle;(4, 20);;(9, 3);1;2181
9;0.375;Idle;(4, 20);;(9, 3);1;2182
9;0.375;Idle;(4, 20);;(9, 3);1;2183
9;0.375;MoveNorthWest;(4, 20);;(9, 3);1;2184
9;0.375;MoveNorthWest;(4, 20);;(9, 3);1;2185
9;0.375;MoveNorthWest;(4, 20);;(9, 3);1;2186
9;0.375;MoveNorthWest;(4, 20);;(9, 3);1;2187
9;0.375;MoveNorthWest;(4, 20);;(9, 3);1;2188
9;0.375;MoveNorthWest;(4, 20);;(9, 3);1;2189
9;0.375;MoveNorthWest;(4, 20);;(9, 3);1;2190
9;0.375;MoveNorthWest;(4, 20);;(9, 3);1;2191
9;0.375;MoveNorthWest;(3, 19);;(9, 3);1;2192
9;0.375;MoveNorth;(3, 19);;(9, 3);1;2193
9;0.375;MoveNorth;(3, 19);;(9, 3);1;2194
9;0.375;MoveNorth;(3, 19);;(9, 3);1;2195
9;0.375;MoveNorth;(3, 19);;(9, 3);1;2196
9;0.375;MoveNorth;(3, 19);;(9, 3);1;2197
9;0.375;MoveNorth;(3, 19);;(9, 3);1;2198
9;0.375;MoveNorth;(3, 19);;(9, 3);1;2199
9;0.375;MoveNorth;(3, 19);;(9, 3);1;2200
9;0.375;MoveNorth;(3, 18);;(9, 3);1;2201
9;0.375;MoveNorth;(3, 18);;(9, 3);1;2202
9;0.375;MoveNorth;(3, 18);;(9, 3);1;2203
9;0.375;MoveNorth;(3, 18);;(9, 3);1;2204
9;0.375;MoveNorth;(3, 18);;(9, 3);1;2205
9;0.375;MoveNorth;(3, 18);;(9, 3);1;2206
9;0.375;MoveNorth;(3, 18);;(9, 3);1;2207
9;0.375;MoveNorth;(3, 18);;(9, 3);1;2208
9;0.375;MoveNorth;(3, 18);;(9, 3);1;2209
9;0.375;MoveNorth;(3, 17);;(9, 3);1;2210
9;0.375;MoveEast;(3, 17);;(9, 3);1;2211
9;0.375;MoveEast;(3, 17);;(9, 3);1;2212
9;0.375;MoveEast;(3, 17);;(9, 3);1;2213
9;0.375;MoveEast;(3, 17);;(9, 3);1;2214
9;0.375;MoveEast;(3, 17);;(9, 3);1;2215
9;0.375;MoveEast;(3, 17);;(9, 3);1;2216
9;0.375;MoveEast;(3, 17);;(9, 3);1;2217
9;0.375;MoveEast;(3, 17);;(9, 3);1;2218
9;0.375;MoveEast;(4, 17);;(9, 3);1;2219
9;0.375;MoveEast;(4, 17);;(9, 3);1;2220
9;0.375;MoveEast;(4, 17);;(9, 3);1;2221
9;0.375;MoveEast;(4, 17);;(9, 3);1;2222
9;0.375;MoveEast;(4, 17);;(9, 3);1;2223
9;0.375;MoveEast;(4, 17);;(9, 3);1;2224
9;0.375;MoveEast;(4, 17);;(9, 3);1;2225
9;0.375;MoveEast;(4, 17);;(9, 3);1;2226
9;0.375;MoveEast;(4, 17);;(9, 3);1;2227
9;0.375;MoveEast;(4, 17);;(9, 3);1;2228
9;0.375;MoveEast;(4, 17);;(9, 3);1;2229
9;0.375;MoveEast;(4, 17);;(9, 3);1;2230
9;0.375;MoveEast;(4, 17);;(9, 3);1;2231
9;0.375;MoveEast;(4, 17);;(9, 3);1;2232
9;0.375;MoveEast;(5, 17);;(9, 3);1;2233
9;0.375;MoveNorthEast;(5, 17);;(9, 3);1;2234
9;0.375;MoveNorthEast;(5, 17);;(9, 3);1;2235
9;0.375;MoveNorthEast;(5, 17);;(9, 3);1;2236
9;0.375;MoveNorthEast;(5, 17);;(9, 3);1;2237
9;0.375;MoveNorthEast;(5, 17);;(9, 3);1;2238
9;0.375;MoveNorthEast;(5, 17);;(9, 3);1;2239
9;0.375;MoveNorthEast;(5, 17);;(9, 3);1;2240
9;0.375;MoveNorthEast;(5, 17);;(9, 3);1;2241
9;0.375;MoveNorthEast;(5, 17);;(9, 3);1;2242
9;0.375;MoveNorthEast;(5, 17);;(9, 3);1;2243
9;0.375;MoveNorthEast;(5, 17);;(9, 3);1;2244
9;0.375;MoveNorthEast;(5, 17);;(9, 3);1;2245
9;0.375;MoveNorthEast;(5, 17);;(9, 3);1;2246
9;0.375;MoveNorthEast;(6, 16);;(9, 3);1;2247
9;0.375;MoveNorth;(6, 16);;(9, 3);1;2248
9;0.375;MoveNorth;(6, 16);;(9, 3);1;2249
9;0.375;MoveNorth;(6, 16);;(9, 3);1;2250
9;0.375;MoveNorth;(6, 16);;(9, 3);1;2251
9;0.375;MoveNorth;(6, 16);;(9, 3);1;2252
9;0.375;MoveNorth;(6, 16);;(9, 3);1;2253
9;0.375;MoveNorth;(6, 16);;(9, 3);1;2254
9;0.375;MoveNorth;(6, 16);;(9, 3);1;2255
9;0.375;MoveNorth;(6, 16);;(9, 3);1;2256
9;0.375;MoveNorth;(6, 16);;(9, 3);1;2257
9;0.375;MoveNorth;(6, 16);;(9, 3);1;2258
9;0.375;MoveNorth;(6, 16);;(9, 3);1;2259
9;0.375;MoveNorth;(6, 16);;(9, 3);1;2260
9;0.375;MoveNorth;(6, 15);;(9, 3);1;2261
9;0.375;MoveNorth;(6, 15);;(9, 3);1;2262
9;0.375;MoveNorth;(6, 15);;(9, 3);1;2263
9;0.375;MoveNorth;(6, 15);;(9, 3);1;2264
9;0.375;MoveNorth;(6, 15);;(9, 3);1;2265
9;0.375;MoveNorth;(6, 15);;(9, 3);1;2266
9;0.375;MoveNorth;(6, 15);;(9, 3);1;2267
9;0.375;MoveNorth;(6, 15);;(9, 3);1;2268
9;0.375;MoveNorth;(6, 15);;(9, 3);1;2269
9;0.375;MoveNorth;(6, 15);;(9, 3);1;2270
9;0.375;MoveNorth;(6, 15);;(9, 3);1;2271
9;0.375;MoveNorth;(6, 15);;(9, 3);1;2272
9;0.375;MoveNorth;(6, 15);;(9, 3);1;2273
9;0.375;MoveNorth;(6, 15);;(9, 3);1;2274
9;0.375;MoveNorth;(6, 14);;(9, 3);1;2275
9;0.375;MoveNorth;(6, 14);;(9, 3);1;2276
9;0.375;MoveNorth;(6, 14);;(9, 3);1;2277
9;0.375;MoveNorth;(6, 14);;(9, 3);1;2278
9;0.375;MoveNorth;(6, 14);;(9, 3);1;2279
9;0.375;MoveNorth;(6, 14);;(9, 3);1;2280
9;0.375;MoveNorth;(6, 14);;(9, 3);1;2281
9;0.375;MoveNorth;(6, 14);;(9, 3);1;2282
9;0.375;MoveNorth;(6, 14);;(9, 3);1;2283
9;0.375;MoveNorth;(6, 14);;(9, 3);1;2284
9;0.375;MoveNorth;(6, 14);;(9, 3);1;2285
9;0.375;MoveNorth;(6, 14);;(9, 3);1;2286
9;0.375;MoveNorth;(6, 14);MoveSouth;(9, 4);1;2287
9;0.375;MoveNorth;(6, 14);;(9, 4);1;2288
9;0.375;MoveNorth;(6, 13);;(9, 4);1;2289
9;0.375;MoveNorth;(6, 13);MoveSouth;(9, 5);1;2290
9;0.375;MoveNorth;(6, 13);;(9, 5);1;2291
9;0.375;MoveNorth;(6, 13);;(9, 5);1;2292
9;0.375;MoveNorth;(6, 13);;(9, 5);1;2293
9;0.375;MoveNorth;(6, 13);;(9, 5);1;2294
9;0.375;MoveNorth;(6, 13);;(9, 5);1;2295
9;0.375;MoveNorth;(6, 13);;(9, 5);1;2296
9;0.375;MoveNorth;(6, 13);;(9, 5);1;2297
9;0.375;MoveNorth;(6, 13);MoveSouth;(9, 6);1;2298
9;0.375;MoveNorth;(6, 13);;(9, 6);1;2299
9;0.375;MoveNorth;(6, 13);;(9, 6);1;2300
9;0.375;MoveNorth;(6, 13);;(9, 6);1;2301
9;0.375;MoveNorth;(6, 13);;(9, 6);1;2302
9;0.375;MoveNorth;(6, 12);;(9, 6);1;2303
9;0.375;MoveNorth;(6, 12);;(9, 6);1;2304
9;0.375;MoveNorth;(6, 12);;(9, 6);1;2305
9;0.375;MoveNorth;(6, 12);;(9, 6);1;2306
9;0.375;MoveNorth;(6, 12);;(9, 6);1;2307
9;0.375;MoveNorth;(6, 12);;(9, 6);1;2308
9;0.375;MoveNorth;(6, 12);;(9, 6);1;2309
9;0.375;MoveNorth;(6, 12);;(9, 6);1;2310
9;0.375;MoveNorth;(6, 12);;(9, 6);1;2311
9;0.375;MoveNorth;(6, 12);;(9, 6);1;2312
9;0.375;MoveNorth;(6, 12);;(9, 6);1;2313
9;0.375;MoveNorth;(6, 12);;(9, 6);1;2314
9;0.375;MoveNorth;(6, 12);;(9, 6);1;2315
9;0.375;MoveNorth;(6, 12);;(9, 6);1;2316
9;0.375;MoveNorth;(6, 11);;(9, 6);1;2317
9;0.375;MoveNorth;(6, 11);MoveWest;(8, 6);1;2318
9;0.375;MoveNorth;(6, 11);;(8, 6);1;2319
9;0.375;MoveNorth;(6, 11);;(8, 6);1;2320
9;0.375;MoveNorth;(6, 11);;(8, 6);1;2321
9;0.375;MoveNorth;(6, 11);;(8, 6);1;2322
9;0.375;MoveNorth;(6, 11);;(8, 6);1;2323
9;0.375;MoveNorth;(6, 11);;(8, 6);1;2324
9;0.375;MoveNorth;(6, 11);;(8, 6);1;2325
9;0.375;MoveNorth;(6, 10);;(8, 6);1;2326
9;0.375;MoveNorth;(6, 10);MoveWest;(7, 6);1;2327
9;0.375;MoveNorth;(6, 10);;(7, 6);1;2328
9;0.375;MoveNorth;(6, 10);MoveWest;(6, 6);1;2329
9;0.375;MoveNorth;(6, 10);;(6, 6);1;2330
9;0.375;MoveNorth;(6, 10);MoveWest;(5, 6);1;2331
9;0.375;MoveNorth;(6, 10);;(5, 6);1;2332
9;0.375;MoveNorth;(6, 10);;(5, 6);1;2333
9;0.375;MoveNorth;(6, 10);MoveWest;(4, 6);1;2334
9;0.375;MoveNorth;(6, 9);;(4, 6);1;2335
9;0.375;MoveNorth;(6, 9);MoveWest;(3, 6);1;2336
9;0.375;MoveNorth;(6, 9);;(3, 6);1;2337
9;0.375;MoveNorth;(6, 9);;(3, 6);1;2338
9;0.375;MoveNorth;(6, 9);;(3, 6);1;2339
9;0.375;MoveNorth;(6, 9);;(3, 6);1;2340
9;0.375;MoveNorth;(6, 9);;(3, 6);1;2341
9;0.375;MoveNorth;(6, 9);;(3, 6);1;2342
9;0.375;MoveNorth;(6, 9);;(3, 6);1;2343
9;0.375;MoveNorth;(6, 8);;(3, 6);1;2344
9;0.375;MoveNorth;(6, 8);MoveSouth;(3, 7);1;2345
9;0.375;MoveNorth;(6, 8);;(3, 7);1;2346
9;0.375;MoveNorth;(6, 8);;(3, 7);1;2347
9;0.375;MoveNorth;(6, 8);;(3, 7);1;2348
9;0.375;MoveNorth;(6, 8);;(3, 7);1;2349
9;0.375;MoveNorth;(6, 8);;(3, 7);1;2350
9;0.375;MoveNorth;(6, 8);;(3, 7);1;2351
9;0.375;MoveNorth;(6, 8);;(3, 7);1;2352
9;0.375;MoveNorth;(6, 7);;(3, 7);1;2353
9;0.375;MoveNorthWest;(6, 7);;(3, 7);1;2354
9;0.375;MoveNorthWest;(6, 7);;(3, 7);1;2355
9;0.375;MoveNorthWest;(6, 7);;(3, 7);1;2356
9;0.375;MoveNorthWest;(6, 7);;(3, 7);1;2357
9;0.375;MoveNorthWest;(6, 7);;(3, 7);1;2358
9;0.375;MoveNorthWest;(6, 7);;(3, 7);1;2359
9;0.375;MoveNorthWest;(6, 7);;(3, 7);1;2360
9;0.375;MoveNorthWest;(6, 7);;(3, 7);1;2361
9;0.375;MoveNorthWest;(5, 6);;(3, 7);1;2362
9;0.375;MoveWest;(5, 6);;(3, 7);1;2363
9;0.375;MoveWest;(5, 6);;(3, 7);1;2364
9;0.375;MoveWest;(5, 6);;(3, 7);1;2365
9;0.375;MoveWest;(5, 6);;(3, 7);1;2366
9;0.375;MoveWest;(5, 6);;(3, 7);1;2367
9;0.375;MoveWest;(5, 6);;(3, 7);1;2368
9;0.375;MoveWest;(5, 6);;(3, 7);1;2369
9;0.375;MoveWest;(5, 6);;(3, 7);1;2370
9;0.375;MoveWest;(4, 6);;(3, 7);1;2371
9;0.375;MoveWest;(4, 6);;(3, 7);1;2372
9;0.375;MoveWest;(4, 6);;(3, 7);1;2373
9;0.375;MoveWest;(4, 6);;(3, 7);1;2374
9;0.375;MoveWest;(4, 6);;(3, 7);1;2375
9;0.375;MoveWest;(4, 6);;(3, 7);1;2376
9;0.375;MoveWest;(4, 6);;(3, 7);1;2377
9;0.375;MoveWest;(4, 6);;(3, 7);1;2378
9;0.375;MoveWest;(4, 6);;(3, 7);1;2379
9;0.375;MoveWest;(3, 6);;(3, 7);1;2380
9;0.375;MoveSouth;(3, 6);;(3, 7);1;2381
9;0.375;MoveSouth;(3, 6);;(3, 7);1;2382
9;0.375;MoveSouth;(3, 6);;(3, 7);1;2383
9;0.375;MoveSouth;(3, 6);;(3, 7);1;2384
9;0.375;MoveSouth;(3, 6);;(3, 7);1;2385
9;0.375;MoveSouth;(3, 6);;(3, 7);1;2386
9;0.375;MoveSouth;(3, 6);;(3, 7);1;2387
9;0.375;MoveSouth;(3, 6);;(3, 7);1;2388
9;0.375;MoveSouth;(3, 7);;(3, 7);1;2389
9;0.375;MoveSouthWest;(3, 7);;(3, 7);1;2390
9;0.375;MoveSouthWest;(3, 7);;(3, 7);1;2391
9;0.375;MoveSouthWest;(3, 7);;(3, 7);1;2392
9;0.375;MoveSouthWest;(3, 7);MoveSouth;(3, 8);1;2393
9;0.375;MoveSouthWest;(3, 7);;(3, 8);1;2394
9;0.375;MoveSouthWest;(3, 7);;(3, 8);1;2395
9;0.375;MoveSouthWest;(3, 7);MoveSouth;(3, 9);1;2396
9;0.375;MoveSouthWest;(3, 7);;(3, 9);1;2397
9;0.375;MoveSouthWest;(2, 8);;(3, 9);1;2398
9;0.375;MoveSouthEast;(2, 8);;(3, 9);1;2399
9;0.375;MoveSouthEast;(2, 8);;(3, 9);1;2400
9;0.375;MoveSouthEast;(2, 8);;(3, 9);1;2401
9;0.375;MoveSouthEast;(2, 8);;(3, 9);1;2402
9;0.375;MoveSouthEast;(2, 8);;(3, 9);1;2403
9;0.375;MoveSouthEast;(2, 8);;(3, 9);1;2404
9;0.375;MoveSouthEast;(2, 8);;(3, 9);1;2405
9;0.375;MoveSouthEast;(2, 8);;(3, 9);1;2406
9;0.375;MoveSouthEast;(3, 9);;(3, 9);1;2407
9;0.375;MoveNorthEast;(3, 9);;(3, 9);1;2408
9;0.375;MoveNorthEast;(3, 9);;(3, 9);1;2409
9;0.375;MoveNorthEast;(3, 9);MoveNorth;(3, 8);1;2410
9;0.375;MoveNorthEast;(3, 9);;(3, 8);1;2411
9;0.375;MoveNorthEast;(3, 9);MoveNorth;(3, 7);1;2412
9;0.375;MoveNorthEast;(3, 9);;(3, 7);1;2413
9;0.375;MoveNorthEast;(3, 9);;(3, 7);1;2414
9;0.375;MoveNorthEast;(3, 9);;(3, 7);1;2415
9;0.375;MoveNorthEast;(4, 8);MoveNorth;(3, 6);1;2416
9;0.375;Idle;(4, 8);MoveNorth;(3, 5);1;2417
9;0.375;Idle;(4, 8);;(3, 5);1;2418
9;0.375;Idle;(4, 8);;(3, 5);1;2419
9;0.375;Idle;(4, 8);;(3, 5);1;2420
9;0.375;Idle;(4, 8);;(3, 5);1;2421
9;0.375;Idle;(4, 8);;(3, 5);1;2422
9;0.375;Idle;(4, 8);;(3, 5);1;2423
9;0.375;Idle;(4, 8);;(3, 5);1;2424
9;0.375;Idle;(4, 8);;(3, 5);1;2425
9;0.375;Idle;(4, 8);MoveSouth;(3, 6);1;2426
9;0.375;Idle;(4, 8);;(3, 6);1;2427
9;0.375;Idle;(4, 8);;(3, 6);1;2428
9;0.375;Idle;(4, 8);;(3, 6);1;2429
9;0.375;Idle;(4, 8);MoveEast;(4, 6);1;2430
9;0.375;Idle;(4, 8);;(4, 6);1;2431
9;0.375;Idle;(4, 8);;(4, 6);1;2432
9;0.375;Idle;(4, 8);;(4, 6);1;2433
9;0.375;Idle;(4, 8);;(4, 6);1;2434
9;0.375;Idle;(4, 8);;(4, 6);1;2435
9;0.375;Idle;(4, 8);;(4, 6);1;2436
9;0.375;Idle;(4, 8);;(4, 6);1;2437
9;0.375;Idle;(4, 8);;(4, 6);1;2438
9;0.375;Idle;(4, 8);;(4, 6);1;2439
9;0.375;Idle;(4, 8);;(4, 6);1;2440
9;0.375;Idle;(4, 8);MoveEast;(5, 6);1;2441
9;0.375;Idle;(4, 8);;(5, 6);1;2442
9;0.375;MoveNorthWest;(4, 8);;(5, 6);1;2443
9;0.375;MoveNorthWest;(4, 8);;(5, 6);1;2444
9;0.375;MoveNorthWest;(4, 8);;(5, 6);1;2445
9;0.375;MoveNorthWest;(4, 8);;(5, 6);1;2446
9;0.375;MoveNorthWest;(4, 8);;(5, 6);1;2447
9;0.375;MoveNorthWest;(4, 8);;(5, 6);1;2448
9;0.375;MoveNorthWest;(4, 8);;(5, 6);1;2449
9;0.375;MoveNorthWest;(4, 8);;(5, 6);1;2450
9;0.375;MoveNorthWest;(3, 7);;(5, 6);1;2451
9;0.375;MoveNorth;(3, 7);;(5, 6);1;2452
9;0.375;MoveNorth;(3, 7);;(5, 6);1;2453
9;0.375;MoveNorth;(3, 7);;(5, 6);1;2454
9;0.375;MoveNorth;(3, 7);;(5, 6);1;2455
9;0.375;MoveNorth;(3, 7);;(5, 6);1;2456
9;0.375;MoveNorth;(3, 7);;(5, 6);1;2457
9;0.375;MoveNorth;(3, 7);;(5, 6);1;2458
9;0.375;MoveNorth;(3, 7);;(5, 6);1;2459
9;0.375;MoveNorth;(3, 6);;(5, 6);1;2460
9;0.375;MoveNorth;(3, 6);;(5, 6);1;2461
9;0.375;MoveNorth;(3, 6);;(5, 6);1;2462
9;0.375;MoveNorth;(3, 6);;(5, 6);1;2463
9;0.375;MoveNorth;(3, 6);;(5, 6);1;2464
9;0.375;MoveNorth;(3, 6);;(5, 6);1;2465
9;0.375;MoveNorth;(3, 6);;(5, 6);1;2466
9;0.375;MoveNorth;(3, 6);;(5, 6);1;2467
9;0.375;MoveNorth;(3, 6);;(5, 6);1;2468
9;0.375;MoveNorth;(3, 5);;(5, 6);1;2469
9;0.375;MoveEast;(3, 5);;(5, 6);1;2470
9;0.375;MoveEast;(3, 5);;(5, 6);1;2471
9;0.375;MoveEast;(3, 5);;(5, 6);1;2472
9;0.375;MoveEast;(3, 5);;(5, 6);1;2473
9;0.375;MoveEast;(3, 5);;(5, 6);1;2474
9;0.375;MoveEast;(3, 5);;(5, 6);1;2475
9;0.375;MoveEast;(3, 5);;(5, 6);1;2476
9;0.375;MoveEast;(3, 5);;(5, 6);1;2477
9;0.375;MoveEast;(4, 5);;(5, 6);1;2478
9;0.375;MoveEast;(4, 5);;(5, 6);1;2479
9;0.375;MoveEast;(4, 5);;(5, 6);1;2480
9;0.375;MoveEast;(4, 5);;(5, 6);1;2481
9;0.375;MoveEast;(4, 5);;(5, 6);1;2482
9;0.375;MoveEast;(4, 5);;(5, 6);1;2483
9;0.375;MoveEast;(4, 5);;(5, 6);1;2484
9;0.375;MoveEast;(4, 5);;(5, 6);1;2485
9;0.375;MoveEast;(4, 5);;(5, 6);1;2486
9;0.375;MoveEast;(5, 5);;(5, 6);1;2487
9;0.375;MoveEast;(5, 5);;(5, 6);1;2488
9;0.375;MoveEast;(5, 5);;(5, 6);1;2489
9;0.375;MoveEast;(5, 5);;(5, 6);1;2490
9;0.375;MoveEast;(5, 5);;(5, 6);1;2491
9;0.375;MoveEast;(5, 5);;(5, 6);1;2492
9;0.375;MoveEast;(5, 5);;(5, 6);1;2493
9;0.375;MoveEast;(5, 5);;(5, 6);1;2494
9;0.375;MoveEast;(5, 5);;(5, 6);1;2495
9;0.375;MoveEast;(6, 5);;(5, 6);1;2496
9;0.375;MoveEast;(6, 5);;(5, 6);1;2497
9;0.375;MoveEast;(6, 5);;(5, 6);1;2498
9;0.375;MoveEast;(6, 5);;(5, 6);1;2499
9;0.375;MoveEast;(6, 5);;(5, 6);1;2500
9;0.375;MoveEast;(6, 5);;(5, 6);1;2501
9;0.375;MoveEast;(6, 5);;(5, 6);1;2502
9;0.375;MoveEast;(6, 5);;(5, 6);1;2503
9;0.375;MoveEast;(6, 5);;(5, 6);1;2504
9;0.375;MoveEast;(6, 5);;(5, 6);1;2505
9;0.375;MoveEast;(6, 5);;(5, 6);1;2506
9;0.375;MoveEast;(6, 5);;(5, 6);1;2507
9;0.375;MoveEast;(6, 5);;(5, 6);1;2508
9;0.375;MoveEast;(6, 5);;(5, 6);1;2509
9;0.375;MoveEast;(7, 5);MoveEast;(6, 6);1;2510
9;0.375;MoveEast;(7, 5);;(6, 6);1;2511
9;0.375;MoveEast;(7, 5);;(6, 6);1;2512
9;0.375;MoveEast;(7, 5);;(6, 6);1;2513
9;0.375;MoveEast;(7, 5);;(6, 6);1;2514
9;0.375;MoveEast;(7, 5);;(6, 6);1;2515
9;0.375;MoveEast;(7, 5);;(6, 6);1;2516
9;0.375;MoveEast;(7, 5);;(6, 6);1;2517
9;0.375;MoveEast;(7, 5);;(6, 6);1;2518
9;0.375;MoveEast;(7, 5);;(6, 6);1;2519
9;0.375;MoveEast;(7, 5);;(6, 6);1;2520
9;0.375;MoveEast;(7, 5);MoveEast;(7, 6);1;2521
9;0.375;MoveEast;(7, 5);;(7, 6);1;2522
9;0.375;MoveEast;(7, 5);;(7, 6);1;2523
9;0.375;MoveEast;(8, 5);;(7, 6);1;2524
9;0.375;MoveEast;(8, 5);;(7, 6);1;2525
9;0.375;MoveEast;(8, 5);;(7, 6);1;2526
9;0.375;MoveEast;(8, 5);;(7, 6);1;2527
9;0.375;MoveEast;(8, 5);;(7, 6);1;2528
9;0.375;MoveEast;(8, 5);;(7, 6);1;2529
9;0.375;MoveEast;(8, 5);;(7, 6);1;2530
9;0.375;MoveEast;(8, 5);;(7, 6);1;2531
9;0.375;MoveEast;(8, 5);;(7, 6);1;2532
9;0.375;MoveEast;(8, 5);;(7, 6);1;2533
9;0.375;MoveEast;(8, 5);MoveEast;(8, 6);1;2534
9;0.375;MoveEast;(8, 5);;(8, 6);1;2535
9;0.375;MoveEast;(8, 5);;(8, 6);1;2536
9;0.375;MoveEast;(8, 5);;(8, 6);1;2537
9;0.375;MoveEast;(9, 5);;(8, 6);1;2538
9;0.375;MoveNorth;(9, 5);;(8, 6);1;2539
9;0.375;MoveNorth;(9, 5);;(8, 6);1;2540
9;0.375;MoveNorth;(9, 5);;(8, 6);1;2541
9;0.375;MoveNorth;(9, 5);;(8, 6);1;2542
9;0.375;MoveNorth;(9, 5);;(8, 6);1;2543
9;0.375;MoveNorth;(9, 5);;(8, 6);1;2544
9;0.375;MoveNorth;(9, 5);;(8, 6);1;2545
9;0.375;MoveNorth;(9, 5);;(8, 6);1;2546
9;0.375;MoveNorth;(9, 4);;(8, 6);1;2547
9;0.375;MoveNorthWest;(9, 4);;(8, 6);1;2548
9;0.375;MoveNorthWest;(9, 4);;(8, 6);1;2549
9;0.375;MoveNorthWest;(9, 4);;(8, 6);1;2550
9;0.375;MoveNorthWest;(9, 4);;(8, 6);1;2551
9;0.375;MoveNorthWest;(9, 4);;(8, 6);1;2552
9;0.375;MoveNorthWest;(9, 4);;(8, 6);1;2553
9;0.375;MoveNorthWest;(9, 4);;(8, 6);1;2554
9;0.375;MoveNorthWest;(9, 4);;(8, 6);1;2555
9;0.375;MoveNorthWest;(8, 3);;(8, 6);1;2556
9;0.375;MoveNorth;(8, 3);;(8, 6);1;2557
9;0.375;MoveNorth;(8, 3);;(8, 6);1;2558
9;0.375;MoveNorth;(8, 3);;(8, 6);1;2559
9;0.375;MoveNorth;(8, 3);;(8, 6);1;2560
9;0.375;MoveNorth;(8, 3);;(8, 6);1;2561
9;0.375;MoveNorth;(8, 3);;(8, 6);1;2562
9;0.375;MoveNorth;(8, 3);;(8, 6);1;2563
9;0.375;MoveNorth;(8, 3);;(8, 6);1;2564
9;0.375;MoveNorth;(8, 2);;(8, 6);1;2565
9;0.375;MoveSouthEast;(8, 2);;(8, 6);1;2566
9;0.375;MoveSouthEast;(8, 2);;(8, 6);1;2567
9;0.375;MoveSouthEast;(8, 2);;(8, 6);1;2568
9;0.375;MoveSouthEast;(8, 2);;(8, 6);1;2569
9;0.375;MoveSouthEast;(8, 2);;(8, 6);1;2570
9;0.375;MoveSouthEast;(8, 2);;(8, 6);1;2571
9;0.375;MoveSouthEast;(8, 2);;(8, 6);1;2572
9;0.375;MoveSouthEast;(8, 2);MoveNorth;(8, 5);1;2573
9;0.375;MoveSouthEast;(9, 3);;(8, 5);1;2574
9;0.375;MoveNorthEast;(9, 3);;(8, 5);1;2575
9;0.375;MoveNorthEast;(9, 3);;(8, 5);1;2576
9;0.375;MoveNorthEast;(9, 3);MoveSouth;(8, 5);1;2577
9;0.375;MoveNorthEast;(9, 3);MoveSouth;(8, 5);1;2578
9;0.375;MoveNorthEast;(9, 3);MoveSouth;(8, 5);1;2579
9;0.375;MoveNorthEast;(9, 3);MoveSouth;(8, 5);1;2580
9;0.375;MoveNorthEast;(9, 3);MoveSouth;(8, 5);1;2581
9;0.375;MoveNorthEast;(9, 3);MoveSouth;(8, 6);1;2582
9;0.375;MoveNorthEast;(10, 2);;(8, 6);1;2583
9;0.375;Idle;(10, 2);;(8, 6);1;2584
9;0.375;Idle;(10, 2);;(8, 6);1;2585
9;0.375;Idle;(10, 2);;(8, 6);1;2586
9;0.375;Idle;(10, 2);;(8, 6);1;2587
9;0.375;Idle;(10, 2);;(8, 6);1;2588
9;0.375;Idle;(10, 2);;(8, 6);1;2589
9;0.375;Idle;(10, 2);;(8, 6);1;2590
9;0.375;Idle;(10, 2);;(8, 6);1;2591
9;0.375;Idle;(10, 2);;(8, 6);1;2592
9;0.375;Idle;(10, 2);;(8, 6);1;2593
9;0.375;Idle;(10, 2);;(8, 6);1;2594
9;0.375;Idle;(10, 2);;(8, 6);1;2595
9;0.375;Idle;(10, 2);;(8, 6);1;2596
9;0.375;Idle;(10, 2);;(8, 6);1;2597
9;0.375;Idle;(10, 2);;(8, 6);1;2598
9;0.375;Idle;(10, 2);;(8, 6);1;2599
9;0.375;Idle;(10, 2);;(8, 6);1;2600
9;0.375;Idle;(10, 2);;(8, 6);1;2601
9;0.375;Idle;(10, 2);;(8, 6);1;2602
9;0.375;Idle;(10, 2);;(8, 6);1;2603
9;0.375;Idle;(10, 2);;(8, 6);1;2604
9;0.375;Idle;(10, 2);;(8, 6);1;2605
9;0.375;Idle;(10, 2);;(8, 6);1;2606
9;0.375;Idle;(10, 2);;(8, 6);1;2607
9;0.375;Idle;(10, 2);;(8, 6);1;2608
9;0.375;Idle;(10, 2);;(8, 6);1;2609
9;0.375;MoveSouth;(10, 2);;(8, 6);1;2610
9;0.375;MoveSouth;(10, 2);;(8, 6);1;2611
9;0.375;MoveSouth;(10, 2);;(8, 6);1;2612
9;0.375;MoveSouth;(10, 2);;(8, 6);1;2613
9;0.375;MoveSouth;(10, 2);;(8, 6);1;2614
9;0.375;MoveSouth;(10, 2);;(8, 6);1;2615
9;0.375;MoveSouth;(10, 2);;(8, 6);1;2616
9;0.375;MoveSouth;(10, 2);;(8, 6);1;2617
9;0.375;MoveSouth;(10, 3);;(8, 6);1;2618
9;0.375;MoveSouthWest;(10, 3);;(8, 6);1;2619
9;0.375;MoveSouthWest;(10, 3);;(8, 6);1;2620
9;0.375;MoveSouthWest;(10, 3);;(8, 6);1;2621
9;0.375;MoveSouthWest;(10, 3);;(8, 6);1;2622
9;0.375;MoveSouthWest;(10, 3);;(8, 6);1;2623
9;0.375;MoveSouthWest;(10, 3);;(8, 6);1;2624
9;0.375;MoveSouthWest;(10, 3);;(8, 6);1;2625
9;0.375;MoveSouthWest;(10, 3);;(8, 6);1;2626
9;0.375;MoveSouthWest;(9, 4);;(8, 6);1;2627
9;0.375;MoveSouth;(9, 4);;(8, 6);1;2628
9;0.375;MoveSouth;(9, 4);;(8, 6);1;2629
9;0.375;MoveSouth;(9, 4);;(8, 6);1;2630
9;0.375;MoveSouth;(9, 4);;(8, 6);1;2631
9;0.375;MoveSouth;(9, 4);;(8, 6);1;2632
9;0.375;MoveSouth;(9, 4);;(8, 6);1;2633
9;0.375;MoveSouth;(9, 4);;(8, 6);1;2634
9;0.375;MoveSouth;(9, 4);;(8, 6);1;2635
9;0.375;MoveSouth;(9, 5);;(8, 6);1;2636
9;0.375;MoveSouth;(9, 5);;(8, 6);1;2637
9;0.375;MoveSouth;(9, 5);;(8, 6);1;2638
9;0.375;MoveSouth;(9, 5);;(8, 6);1;2639
9;0.375;MoveSouth;(9, 5);;(8, 6);1;2640
9;0.375;MoveSouth;(9, 5);;(8, 6);1;2641
9;0.375;MoveSouth;(9, 5);;(8, 6);1;2642
9;0.375;MoveSouth;(9, 5);;(8, 6);1;2643
9;0.375;MoveSouth;(9, 5);;(8, 6);1;2644
9;0.375;MoveSouth;(9, 6);;(8, 6);1;2645
9;0.375;MoveSouth;(9, 6);;(8, 6);1;2646
9;0.375;MoveSouth;(9, 6);;(8, 6);1;2647
9;0.375;MoveSouth;(9, 6);;(8, 6);1;2648
9;0.375;MoveSouth;(9, 6);;(8, 6);1;2649
9;0.375;MoveSouth;(9, 6);;(8, 6);1;2650
9;0.375;MoveSouth;(9, 6);;(8, 6);1;2651
9;0.375;MoveSouth;(9, 6);;(8, 6);1;2652
9;0.375;MoveSouth;(9, 6);;(8, 6);1;2653
9;0.375;MoveSouth;(9, 7);;(8, 6);1;2654
9;0.375;MoveSouthWest;(9, 7);;(8, 6);1;2655
9;0.375;MoveSouthWest;(9, 7);;(8, 6);1;2656
9;0.375;MoveSouthWest;(9, 7);;(8, 6);1;2657
9;0.375;MoveSouthWest;(9, 7);;(8, 6);1;2658
9;0.375;MoveSouthWest;(9, 7);;(8, 6);1;2659
9;0.375;MoveSouthWest;(9, 7);;(8, 6);1;2660
9;0.375;MoveSouthWest;(9, 7);;(8, 6);1;2661
9;0.375;MoveSouthWest;(9, 7);;(8, 6);1;2662
9;0.375;MoveSouthWest;(8, 8);;(8, 6);1;2663
9;0.375;MoveSouthEast;(8, 8);;(8, 6);1;2664
9;0.375;MoveSouthEast;(8, 8);;(8, 6);1;2665
9;0.375;MoveSouthEast;(8, 8);;(8, 6);1;2666
9;0.375;MoveSouthEast;(8, 8);;(8, 6);1;2667
9;0.375;MoveSouthEast;(8, 8);;(8, 6);1;2668
9;0.375;MoveSouthEast;(8, 8);;(8, 6);1;2669
9;0.375;MoveSouthEast;(8, 8);;(8, 6);1;2670
9;0.375;MoveSouthEast;(8, 8);;(8, 6);1;2671
9;0.375;MoveSouthEast;(9, 9);;(8, 6);1;2672
9;0.375;MoveNorthEast;(9, 9);;(8, 6);1;2673
9;0.375;MoveNorthEast;(9, 9);;(8, 6);1;2674
9;0.375;MoveNorthEast;(9, 9);;(8, 6);1;2675
9;0.375;MoveNorthEast;(9, 9);;(8, 6);1;2676
9;0.375;MoveNorthEast;(9, 9);;(8, 6);1;2677
9;0.375;MoveNorthEast;(9, 9);;(8, 6);1;2678
9;0.375;MoveNorthEast;(9, 9);;(8, 6);1;2679
9;0.375;MoveNorthEast;(9, 9);;(8, 6);1;2680
9;0.375;MoveNorthEast;(10, 8);;(8, 6);1;2681
9;0.375;Idle;(10, 8);;(8, 6);1;2682
9;0.375;Idle;(10, 8);;(8, 6);1;2683
9;0.375;Idle;(10, 8);;(8, 6);1;2684
9;0.375;Idle;(10, 8);;(8, 6);1;2685
9;0.375;Idle;(10, 8);;(8, 6);1;2686
9;0.375;Idle;(10, 8);;(8, 6);1;2687
9;0.375;Idle;(10, 8);;(8, 6);1;2688
9;0.375;Idle;(10, 8);;(8, 6);1;2689
9;0.375;Idle;(10, 8);;(8, 6);1;2690
9;0.375;Idle;(10, 8);;(8, 6);1;2691
9;0.375;Idle;(10, 8);;(8, 6);1;2692
9;0.375;Idle;(10, 8);;(8, 6);1;2693
9;0.375;Idle;(10, 8);;(8, 6);1;2694
9;0.375;Idle;(10, 8);;(8, 6);1;2695
9;0.375;Idle;(10, 8);;(8, 6);1;2696
9;0.375;Idle;(10, 8);;(8, 6);1;2697
9;0.375;Idle;(10, 8);;(8, 6);1;2698
9;0.375;Idle;(10, 8);;(8, 6);1;2699
9;0.375;Idle;(10, 8);;(8, 6);1;2700
9;0.375;Idle;(10, 8);;(8, 6);1;2701
9;0.375;Idle;(10, 8);;(8, 6);1;2702
9;0.375;Idle;(10, 8);;(8, 6);1;2703
9;0.375;Idle;(10, 8);;(8, 6);1;2704
9;0.375;Idle;(10, 8);;(8, 6);1;2705
9;0.375;Idle;(10, 8);;(8, 6);1;2706
9;0.375;Idle;(10, 8);;(8, 6);1;2707
9;0.375;MoveNorthWest;(10, 8);;(8, 6);1;2708
9;0.375;MoveNorthWest;(10, 8);;(8, 6);1;2709
9;0.375;MoveNorthWest;(10, 8);;(8, 6);1;2710
9;0.375;MoveNorthWest;(10, 8);;(8, 6);1;2711
9;0.375;MoveNorthWest;(10, 8);;(8, 6);1;2712
9;0.375;MoveNorthWest;(10, 8);;(8, 6);1;2713
9;0.375;MoveNorthWest;(10, 8);;(8, 6);1;2714
9;0.375;MoveNorthWest;(10, 8);;(8, 6);1;2715
9;0.375;MoveNorthWest;(9, 7);;(8, 6);1;2716
9;0.375;MoveNorthWest;(9, 7);;(8, 6);1;2717
9;0.375;MoveNorthWest;(9, 7);;(8, 6);1;2718
9;0.375;MoveNorthWest;(9, 7);;(8, 6);1;2719
9;0.375;MoveNorthWest;(9, 7);;(8, 6);1;2720
9;0.375;MoveNorthWest;(9, 7);;(8, 6);1;2721
9;0.375;MoveNorthWest;(9, 7);;(8, 6);1;2722
9;0.375;MoveNorthWest;(9, 7);;(8, 6);1;2723
9;0.375;MoveNorthWest;(9, 7);;(8, 6);1;2724
9;0.375;MoveNorthWest;(8, 6);;(8, 6);1;2725
9;0.375;MoveWest;(8, 6);;(8, 6);1;2726
9;0.375;MoveWest;(8, 6);;(8, 6);1;2727
9;0.375;MoveWest;(8, 6);MoveNorth;(8, 5);1;2728
9;0.375;MoveWest;(8, 6);;(8, 5);1;2729
9;0.375;MoveWest;(8, 6);;(8, 5);1;2730
9;0.375;MoveWest;(8, 6);;(8, 5);1;2731
9;0.375;MoveWest;(8, 6);;(8, 5);1;2732
9;0.375;MoveWest;(8, 6);MoveWest;(8, 5);1;2733
9;0.375;MoveWest;(7, 6);MoveWest;(8, 5);1;2734
9;0.375;MoveWest;(7, 6);MoveWest;(8, 5);1;2735
9;0.375;MoveWest;(7, 6);MoveWest;(8, 5);1;2736
9;0.375;MoveWest;(7, 6);MoveWest;(8, 5);1;2737
9;0.375;MoveWest;(7, 6);MoveWest;(7, 5);1;2738
9;0.375;MoveWest;(7, 6);MoveWest;(7, 5);1;2739
9;0.375;MoveWest;(7, 6);MoveWest;(7, 5);1;2740
9;0.375;MoveWest;(7, 6);MoveWest;(7, 5);1;2741
9;0.375;MoveWest;(7, 6);MoveWest;(7, 5);1;2742
9;0.375;MoveWest;(6, 6);MoveWest;(7, 5);1;2743
9;0.375;MoveWest;(6, 6);MoveWest;(6, 5);1;2744
9;0.375;MoveWest;(6, 6);MoveWest;(6, 5);1;2745
9;0.375;MoveWest;(6, 6);MoveWest;(6, 5);1;2746
9;0.375;MoveWest;(6, 6);MoveWest;(6, 5);1;2747
9;0.375;MoveWest;(6, 6);MoveWest;(6, 5);1;2748
9;0.375;MoveWest;(6, 6);MoveWest;(6, 5);1;2749
9;0.375;MoveWest;(6, 6);MoveWest;(5, 5);1;2750
9;0.375;MoveWest;(6, 6);MoveWest;(4, 5);1;2751
9;0.375;MoveWest;(5, 6);;(4, 5);1;2752
9;0.375;MoveNorthWest;(5, 6);;(4, 5);1;2753
9;0.375;MoveNorthWest;(5, 6);;(4, 5);1;2754
9;0.375;MoveNorthWest;(5, 6);;(4, 5);1;2755
9;0.375;MoveNorthWest;(5, 6);;(4, 5);1;2756
9;0.375;MoveNorthWest;(5, 6);;(4, 5);1;2757
9;0.375;MoveNorthWest;(5, 6);;(4, 5);1;2758
9;0.375;MoveNorthWest;(5, 6);;(4, 5);1;2759
9;0.375;MoveNorthWest;(5, 6);;(4, 5);1;2760
9;0.375;MoveNorthWest;(4, 5);;(4, 5);1;2761
9;0.375;MoveWest;(4, 5);;(4, 5);1;2762
9;0.375;MoveWest;(4, 5);MoveWest;(3, 5);1;2763
9;0.375;MoveWest;(4, 5);;(3, 5);1;2764
9;0.375;MoveWest;(4, 5);;(3, 5);1;2765
9;0.375;MoveWest;(4, 5);;(3, 5);1;2766
9;0.375;MoveWest;(4, 5);;(3, 5);1;2767
9;0.375;MoveWest;(4, 5);;(3, 5);1;2768
9;0.375;MoveWest;(4, 5);;(3, 5);1;2769
9;0.375;MoveWest;(3, 5);;(3, 5);1;2770
9;0.375;;(3, 5);;(3, 5);1;2771
9;0.375;;(3, 5);;(3, 5);1;2772
9;0.375;;(3, 5);;(3, 5);1;2773
9;0.375;;(3, 5);;(3, 5);1;2774
9;0.375;;(3, 5);;(3, 5);1;2775
9;0.375;;(3, 5);;(3, 5);1;2776
9;0.375;;(3, 5);;(3, 5);1;2777
9;0.375;;(3, 5);;(3, 5);1;2778
9;0.375;;(3, 5);;(3, 5);1;2779
9;0.375;;(3, 5);;(3, 5);1;2780
9;0.375;;(3, 5);;(3, 5);1;2781
9;0.375;;(3, 5);;(3, 5);1;2782
9;0.375;;(3, 5);;(3, 5);1;2783
9;0.375;;(3, 5);;(3, 5);1;2784
9;0.375;;(3, 5);;(3, 5);1;2785
9;0.375;;(3, 5);;(3, 5);1;2786
9;0.375;;(3, 5);;(3, 5);1;2787
9;0.375;;(3, 5);;(3, 5);1;2788
9;0.375;;(3, 5);;(3, 5);1;2789
9;0.375;;(3, 5);;(3, 5);1;2790
9;0.375;;(3, 5);;(3, 5);1;2791
9;0.375;;(3, 5);;(3, 5);1;2792
9;0.375;;(3, 5);;(3, 5);1;2793
9;0.375;;(3, 5);;(3, 5);1;2794
9;0.375;;(3, 5);;(3, 5);1;2795
9;0.375;;(3, 5);;(3, 5);1;2796
9;0.375;;(3, 5);;(3, 5);1;2797
9;0.375;;(3, 5);;(3, 5);1;2798
9;0.375;;(3, 5);;(3, 5);1;2799
9;0.375;;(3, 5);;(3, 5);1;2800
9;0.375;;(3, 5);;(3, 5);1;2801
9;0.375;;(3, 5);;(3, 5);1;2802
9;0.375;;(3, 5);;(3, 5);1;2803
9;0.375;;(3, 5);;(3, 5);1;2804
9;0.375;;(3, 5);;(3, 5);1;2805
9;0.375;;(3, 5);;(3, 5);1;2806
9;0.375;;(3, 5);;(3, 5);1;2807
9;0.375;;(3, 5);;(3, 5);1;2808
9;0.375;;(3, 5);;(3, 5);1;2809
9;0.375;;(3, 5);;(3, 5);1;2810
9;0.375;;(3, 5);;(3, 5);1;2811
9;0.375;;(3, 5);;(3, 5);1;2812
9;0.375;;(3, 5);;(3, 5);1;2813
9;0.375;;(3, 5);;(3, 5);1;2814
9;0.375;;(3, 5);;(3, 5);1;2815
9;0.375;;(3, 5);;(3, 5);1;2816
9;0.375;;(3, 5);;(3, 5);1;2817
9;0.375;;(3, 5);;(3, 5);1;2818
9;0.375;;(3, 5);;(3, 5);1;2819
9;0.375;;(3, 5);;(3, 5);1;2820
9;0.375;;(3, 5);;(3, 5);1;2821
9;0.375;;(3, 5);;(3, 5);1;2822
9;0.375;;(3, 5);;(3, 5);1;2823
9;0.375;;(3, 5);;(3, 5);1;2824
9;0.375;;(3, 5);;(3, 5);1;2825
9;0.375;;(3, 5);;(3, 5);1;2826
9;0.375;;(3, 5);;(3, 5);1;2827
9;0.375;;(3, 5);;(3, 5);1;2828
9;0.375;;(3, 5);;(3, 5);1;2829
9;0.375;;(3, 5);;(3, 5);1;2830
9;0.375;;(3, 5);;(3, 5);1;2831
9;0.375;;(3, 5);;(3, 5);1;2832
9;0.375;;(3, 5);;(3, 5);1;2833
9;0.375;;(3, 5);;(3, 5);1;2834
9;0.375;;(3, 5);;(3, 5);1;2835
9;0.375;;(3, 5);;(3, 5);1;2836
9;0.375;;(3, 5);;(3, 5);1;2837
9;0.375;;(3, 5);;(3, 5);1;2838
9;0.375;;(3, 5);;(3, 5);1;2839
9;0.375;;(3, 5);;(3, 5);1;2840
9;0.375;;(3, 5);;(3, 5);1;2841
9;0.375;;(3, 5);;(3, 5);1;2842
9;0.375;;(3, 5);;(3, 5);1;2843
9;0.375;;(3, 5);;(3, 5);1;2844
9;0.375;;(3, 5);;(3, 5);1;2845
9;0.375;;(3, 5);;(3, 5);1;2846
9;0.375;;(3, 5);;(3, 5);1;2847
9;0.375;;(3, 5);;(3, 5);1;2848
9;0.375;;(3, 5);;(3, 5);1;2849
9;0.375;;(3, 5);;(3, 5);1;2850
9;0.375;;(3, 5);;(3, 5);1;2851
9;0.375;;(3, 5);RemoveObjectTogether;(3, 5);1;2852
9;0.375;;(3, 5);RemoveObjectTogether;(3, 5);1;2853
9;0.375;;(3, 5);RemoveObjectTogether;(3, 5);1;2854
9;0.375;;(3, 5);RemoveObjectTogether;(3, 5);1;2855
9;0.375;;(3, 5);RemoveObjectTogether;(3, 5);1;2856
9;0.375;;(3, 5);RemoveObjectTogether;(3, 5);1;2857
9;0.375;;(3, 5);RemoveObjectTogether;(3, 5);1;2858
9;0.375;;(3, 5);RemoveObjectTogether;(3, 5);1;2859
9;0.375;;(3, 5);RemoveObjectTogether;(3, 5);1;2860
9;0.375;;(3, 5);RemoveObjectTogether;(3, 5);1;2861
9;0.375;;(3, 5);RemoveObjectTogether;(3, 5);1;2862
9;0.375;;(3, 5);RemoveObjectTogether;(3, 5);1;2863
9;0.375;;(3, 5);RemoveObjectTogether;(3, 5);1;2864
9;0.375;;(3, 5);RemoveObjectTogether;(3, 5);1;2865
9;0.375;;(3, 5);RemoveObjectTogether;(3, 5);1;2866
9;0.375;;(3, 5);RemoveObjectTogether;(3, 5);1;2867
9;0.375;;(3, 5);RemoveObjectTogether;(3, 5);1;2868
9;0.375;;(3, 5);RemoveObjectTogether;(3, 5);1;2869
9;0.375;;(3, 5);RemoveObjectTogether;(3, 5);1;2870
9;0.375;;(3, 5);RemoveObjectTogether;(3, 5);1;2871
9;0.375;;(3, 5);RemoveObjectTogether;(3, 5);1;2872
9;0.375;;(3, 5);RemoveObjectTogether;(3, 5);1;2873
9;0.375;;(3, 5);RemoveObjectTogether;(3, 5);1;2874
9;0.375;;(3, 5);RemoveObjectTogether;(3, 5);1;2875
9;0.375;;(3, 5);RemoveObjectTogether;(3, 5);1;2876
9;0.375;;(3, 5);RemoveObjectTogether;(3, 5);1;2877
9;0.375;;(3, 5);RemoveObjectTogether;(3, 5);1;2878
9;0.375;;(3, 5);RemoveObjectTogether;(3, 5);1;2879
9;0.375;;(3, 5);RemoveObjectTogether;(3, 5);1;2880
9;0.375;;(3, 5);RemoveObjectTogether;(3, 5);1;2881
9;0.375;;(3, 5);RemoveObjectTogether;(3, 5);1;2882
9;0.375;;(3, 5);RemoveObjectTogether;(3, 5);1;2883
9;0.375;;(3, 5);RemoveObjectTogether;(3, 5);1;2884
9;0.375;;(3, 5);RemoveObjectTogether;(3, 5);1;2885
9;0.375;;(3, 5);RemoveObjectTogether;(3, 5);1;2886
9;0.375;;(3, 5);RemoveObjectTogether;(3, 5);1;2887
9;0.375;;(3, 5);RemoveObjectTogether;(3, 5);1;2888
9;0.375;;(3, 5);RemoveObjectTogether;(3, 5);1;2889
9;0.375;;(3, 5);RemoveObjectTogether;(3, 5);1;2890
9;0.375;;(3, 5);RemoveObjectTogether;(3, 5);1;2891
9;0.375;;(3, 5);RemoveObjectTogether;(3, 5);1;2892
9;0.375;;(3, 5);RemoveObjectTogether;(3, 5);1;2893
9;0.375;;(3, 5);RemoveObjectTogether;(3, 5);1;2894
9;0.375;;(3, 5);RemoveObjectTogether;(3, 5);1;2895
9;0.375;;(3, 5);RemoveObjectTogether;(3, 5);1;2896
9;0.375;;(3, 5);RemoveObjectTogether;(3, 5);1;2897
9;0.375;;(3, 5);RemoveObjectTogether;(3, 5);1;2898
9;0.375;;(3, 5);RemoveObjectTogether;(3, 5);1;2899
9;0.375;;(3, 5);RemoveObjectTogether;(3, 5);1;2900
9;0.375;;(3, 5);RemoveObjectTogether;(3, 5);1;2901
9;0.375;;(3, 5);RemoveObjectTogether;(3, 5);1;2902
9;0.375;MoveNorth;(3, 5);;(3, 5);1;2903
9;0.375;MoveNorth;(3, 5);;(3, 5);1;2904
9;0.375;MoveNorth;(3, 5);;(3, 5);1;2905
9;0.375;MoveNorth;(3, 5);;(3, 5);1;2906
9;0.375;MoveNorth;(3, 5);;(3, 5);1;2907
9;0.375;MoveNorth;(3, 5);;(3, 5);1;2908
9;0.375;MoveNorth;(3, 5);;(3, 5);1;2909
9;0.375;MoveNorth;(3, 5);;(3, 5);1;2910
9;0.375;MoveNorth;(3, 4);;(3, 5);1;2911
9;0.375;MoveNorthWest;(3, 4);;(3, 5);1;2912
9;0.375;MoveNorthWest;(3, 4);;(3, 5);1;2913
9;0.375;MoveNorthWest;(3, 4);;(3, 5);1;2914
9;0.375;MoveNorthWest;(3, 4);MoveNorth;(3, 4);1;2915
9;0.375;MoveNorthWest;(3, 4);;(3, 4);1;2916
9;0.375;MoveNorthWest;(3, 4);;(3, 4);1;2917
9;0.375;MoveNorthWest;(3, 4);;(3, 4);1;2918
9;0.375;MoveNorthWest;(3, 4);;(3, 4);1;2919
9;0.375;MoveNorthWest;(2, 3);;(3, 4);1;2920
9;0.375;MoveNorth;(2, 3);;(3, 4);1;2921
9;0.375;MoveNorth;(2, 3);MoveNorth;(3, 3);1;2922
9;0.375;MoveNorth;(2, 3);;(3, 3);1;2923
9;0.375;MoveNorth;(2, 3);;(3, 3);1;2924
9;0.375;MoveNorth;(2, 3);;(3, 3);1;2925
9;0.375;MoveNorth;(2, 3);;(3, 3);1;2926
9;0.375;MoveNorth;(2, 3);;(3, 3);1;2927
9;0.375;MoveNorth;(2, 3);;(3, 3);1;2928
9;0.375;MoveNorth;(2, 2);;(3, 3);1;2929
9;0.375;MoveSouthEast;(2, 2);;(3, 3);1;2930
9;0.375;MoveSouthEast;(2, 2);;(3, 3);1;2931
9;0.375;MoveSouthEast;(2, 2);;(3, 3);1;2932
9;0.375;MoveSouthEast;(2, 2);MoveNorth;(3, 2);1;2933
9;0.375;MoveSouthEast;(2, 2);;(3, 2);1;2934
9;0.375;MoveSouthEast;(2, 2);;(3, 2);1;2935
9;0.375;MoveSouthEast;(2, 2);;(3, 2);1;2936
9;0.375;MoveSouthEast;(2, 2);;(3, 2);1;2937
9;0.375;MoveSouthEast;(3, 3);;(3, 2);1;2938
9;0.375;MoveNorthEast;(3, 3);;(3, 2);1;2939
9;0.375;MoveNorthEast;(3, 3);;(3, 2);1;2940
9;0.375;MoveNorthEast;(3, 3);MoveSouth;(3, 3);1;2941
9;0.375;MoveNorthEast;(3, 3);;(3, 3);1;2942
9;0.375;MoveNorthEast;(3, 3);;(3, 3);1;2943
9;0.375;MoveNorthEast;(3, 3);;(3, 3);1;2944
9;0.375;MoveNorthEast;(3, 3);;(3, 3);1;2945
9;0.375;MoveNorthEast;(3, 3);;(3, 3);1;2946
9;0.375;MoveNorthEast;(4, 2);;(3, 3);1;2947
9;0.375;Idle;(4, 2);;(3, 3);1;2948
9;0.375;Idle;(4, 2);;(3, 3);1;2949
9;0.375;Idle;(4, 2);;(3, 3);1;2950
9;0.375;Idle;(4, 2);;(3, 3);1;2951
9;0.375;Idle;(4, 2);;(3, 3);1;2952
9;0.375;Idle;(4, 2);;(3, 3);1;2953
9;0.375;Idle;(4, 2);;(3, 3);1;2954
9;0.375;Idle;(4, 2);;(3, 3);1;2955
9;0.375;Idle;(4, 2);;(3, 3);1;2956
9;0.375;Idle;(4, 2);;(3, 3);1;2957
9;0.375;Idle;(4, 2);;(3, 3);1;2958
9;0.375;Idle;(4, 2);;(3, 3);1;2959
9;0.375;Idle;(4, 2);;(3, 3);1;2960
9;0.375;Idle;(4, 2);;(3, 3);1;2961
9;0.375;Idle;(4, 2);;(3, 3);1;2962
9;0.375;Idle;(4, 2);;(3, 3);1;2963
9;0.375;Idle;(4, 2);;(3, 3);1;2964
9;0.375;Idle;(4, 2);;(3, 3);1;2965
9;0.375;Idle;(4, 2);;(3, 3);1;2966
9;0.375;Idle;(4, 2);;(3, 3);1;2967
9;0.375;Idle;(4, 2);;(3, 3);1;2968
9;0.375;Idle;(4, 2);;(3, 3);1;2969
9;0.375;Idle;(4, 2);;(3, 3);1;2970
9;0.375;Idle;(4, 2);;(3, 3);1;2971
9;0.375;Idle;(4, 2);;(3, 3);1;2972
9;0.375;Idle;(4, 2);;(3, 3);1;2973
9;0.375;MoveWest;(4, 2);;(3, 3);1;2974
9;0.375;MoveWest;(4, 2);;(3, 3);1;2975
9;0.375;MoveWest;(4, 2);;(3, 3);1;2976
9;0.375;MoveWest;(4, 2);;(3, 3);1;2977
9;0.375;MoveWest;(4, 2);;(3, 3);1;2978
9;0.375;MoveWest;(4, 2);;(3, 3);1;2979
9;0.375;MoveWest;(4, 2);;(3, 3);1;2980
9;0.375;MoveWest;(4, 2);;(3, 3);1;2981
9;0.375;MoveWest;(3, 2);;(3, 3);1;2982
9;0.375;MoveWest;(3, 2);;(3, 3);1;2983
9;0.375;MoveWest;(3, 2);;(3, 3);1;2984
9;0.375;MoveWest;(3, 2);MoveNorth;(3, 2);1;2985
9;0.375;MoveWest;(3, 2);;(3, 2);1;2986
9;0.375;MoveWest;(3, 2);;(3, 2);1;2987
9;0.375;MoveWest;(3, 2);;(3, 2);1;2988
9;0.375;MoveWest;(3, 2);;(3, 2);1;2989
9;0.375;MoveWest;(3, 2);;(3, 2);1;2990
9;0.375;MoveWest;(2, 2);;(3, 2);1;2991
9;0.375;CarryObject;(2, 2);;(3, 2);1;2992
9;0.375;CarryObject;(2, 2);MoveSouth;(3, 3);1;2993
9;0.375;CarryObject;(2, 2);;(3, 3);1;2994
9;0.375;CarryObject;(2, 2);;(3, 3);1;2995
9;0.375;CarryObject;(2, 2);;(3, 3);1;2996
9;0.375;CarryObject;(2, 2);;(3, 3);1;2997
9;0.375;CarryObject;(2, 2);;(3, 3);1;2998
9;0.375;CarryObject;(2, 2);;(3, 3);1;2999
9;0.375;CarryObject;(2, 2);;(3, 3);1;3000
9;0.375;CarryObject;(2, 2);MoveSouth;(3, 4);1;3001
9;0.375;CarryObject;(2, 2);;(3, 4);1;3002
9;0.375;CarryObject;(2, 2);;(3, 4);1;3003
9;0.375;CarryObject;(2, 2);;(3, 4);1;3004
9;0.375;CarryObject;(2, 2);;(3, 4);1;3005
9;0.375;CarryObject;(2, 2);;(3, 4);1;3006
9;0.375;CarryObject;(2, 2);;(3, 4);1;3007
9;0.375;CarryObject;(2, 2);;(3, 4);1;3008
9;0.375;CarryObject;(2, 2);MoveSouth;(3, 5);1;3009
9;0.375;CarryObject;(2, 2);;(3, 5);1;3010
9;0.375;CarryObject;(2, 2);;(3, 5);1;3011
9;0.375;CarryObject;(2, 2);;(3, 5);1;3012
9;0.375;CarryObject;(2, 2);;(3, 5);1;3013
9;0.375;CarryObject;(2, 2);;(3, 5);1;3014
9;0.375;CarryObject;(2, 2);;(3, 5);1;3015
9;0.375;CarryObject;(2, 2);;(3, 5);1;3016
9;0.375;CarryObject;(2, 2);;(3, 5);1;3017
9;0.375;CarryObject;(2, 2);;(3, 5);1;3018
9;0.375;CarryObject;(2, 2);;(3, 5);1;3019
9;0.375;CarryObject;(2, 2);;(3, 5);1;3020
9;0.375;CarryObject;(2, 2);;(3, 5);1;3021
9;0.375;CarryObject;(2, 2);;(3, 5);1;3022
9;0.375;CarryObject;(2, 2);;(3, 5);1;3023
9;0.375;CarryObject;(2, 2);;(3, 5);1;3024
9;0.375;CarryObject;(2, 2);;(3, 5);1;3025
9;0.375;CarryObject;(2, 2);;(3, 5);1;3026
9;0.375;CarryObject;(2, 2);;(3, 5);1;3027
9;0.375;CarryObject;(2, 2);;(3, 5);1;3028
9;0.375;CarryObject;(2, 2);;(3, 5);1;3029
9;0.375;CarryObject;(2, 2);;(3, 5);1;3030
9;0.375;CarryObject;(2, 2);;(3, 5);1;3031
9;0.375;CarryObject;(2, 2);;(3, 5);1;3032
9;0.375;CarryObject;(2, 2);;(3, 5);1;3033
9;0.375;CarryObject;(2, 2);;(3, 5);1;3034
9;0.375;CarryObject;(2, 2);;(3, 5);1;3035
9;0.375;CarryObject;(2, 2);;(3, 5);1;3036
9;0.375;CarryObject;(2, 2);;(3, 5);1;3037
9;0.375;CarryObject;(2, 2);;(3, 5);1;3038
9;0.375;CarryObject;(2, 2);;(3, 5);1;3039
9;0.375;CarryObject;(2, 2);;(3, 5);1;3040
9;0.375;CarryObject;(2, 2);;(3, 5);1;3041
9;0.375;CarryObject;(2, 2);;(3, 5);1;3042
9;0.375;CarryObject;(2, 2);;(3, 5);1;3043
9;0.375;CarryObject;(2, 2);;(3, 5);1;3044
9;0.375;CarryObject;(2, 2);;(3, 5);1;3045
9;0.375;CarryObject;(2, 2);;(3, 5);1;3046
9;0.375;CarryObject;(2, 2);;(3, 5);1;3047
9;0.375;CarryObject;(2, 2);;(3, 5);1;3048
9;0.375;CarryObject;(2, 2);;(3, 5);1;3049
9;0.375;CarryObject;(2, 2);;(3, 5);1;3050
9;0.375;CarryObject;(2, 2);;(3, 5);1;3051
9;0.375;CarryObject;(2, 2);;(3, 5);1;3052
9;0.375;CarryObject;(2, 2);;(3, 5);1;3053
9;0.375;CarryObject;(2, 2);;(3, 5);1;3054
9;0.375;CarryObject;(2, 2);;(3, 5);1;3055
9;0.375;CarryObject;(2, 2);;(3, 5);1;3056
9;0.375;CarryObject;(2, 2);;(3, 5);1;3057
9;0.375;CarryObject;(2, 2);;(3, 5);1;3058
9;0.375;CarryObject;(2, 2);;(3, 5);1;3059
9;0.375;CarryObject;(2, 2);;(3, 5);1;3060
9;0.375;CarryObject;(2, 2);;(3, 5);1;3061
9;0.375;CarryObject;(2, 2);;(3, 5);1;3062
9;0.375;CarryObject;(2, 2);;(3, 5);1;3063
9;0.375;CarryObject;(2, 2);;(3, 5);1;3064
9;0.375;CarryObject;(2, 2);;(3, 5);1;3065
9;0.375;CarryObject;(2, 2);;(3, 5);1;3066
9;0.375;CarryObject;(2, 2);;(3, 5);1;3067
9;0.375;CarryObject;(2, 2);;(3, 5);1;3068
9;0.375;CarryObject;(2, 2);;(3, 5);1;3069
9;0.375;CarryObject;(2, 2);;(3, 5);1;3070
9;0.375;CarryObject;(2, 2);;(3, 5);1;3071
9;0.375;CarryObject;(2, 2);;(3, 5);1;3072
9;0.375;CarryObject;(2, 2);;(3, 5);1;3073
9;0.375;CarryObject;(2, 2);;(3, 5);1;3074
9;0.375;CarryObject;(2, 2);;(3, 5);1;3075
9;0.375;CarryObject;(2, 2);;(3, 5);1;3076
9;0.375;CarryObject;(2, 2);;(3, 5);1;3077
9;0.375;CarryObject;(2, 2);;(3, 5);1;3078
9;0.375;CarryObject;(2, 2);;(3, 5);1;3079
9;0.375;CarryObject;(2, 2);;(3, 5);1;3080
9;0.375;CarryObject;(2, 2);;(3, 5);1;3081
9;0.375;CarryObject;(2, 2);;(3, 5);1;3082
9;0.375;CarryObject;(2, 2);;(3, 5);1;3083
9;0.375;CarryObject;(2, 2);;(3, 5);1;3084
9;0.375;CarryObject;(2, 2);;(3, 5);1;3085
9;0.375;CarryObject;(2, 2);;(3, 5);1;3086
9;0.375;CarryObject;(2, 2);;(3, 5);1;3087
9;0.375;CarryObject;(2, 2);;(3, 5);1;3088
9;0.375;CarryObject;(2, 2);;(3, 5);1;3089
9;0.375;CarryObject;(2, 2);;(3, 5);1;3090
9;0.375;CarryObject;(2, 2);;(3, 5);1;3091
9;0.375;CarryObject;(2, 2);;(3, 5);1;3092
9;0.375;CarryObject;(2, 2);;(3, 5);1;3093
9;0.375;CarryObject;(2, 2);;(3, 5);1;3094
9;0.375;CarryObject;(2, 2);;(3, 5);1;3095
9;0.375;CarryObject;(2, 2);;(3, 5);1;3096
9;0.375;CarryObject;(2, 2);;(3, 5);1;3097
9;0.375;CarryObject;(2, 2);;(3, 5);1;3098
9;0.375;CarryObject;(2, 2);;(3, 5);1;3099
9;0.375;CarryObject;(2, 2);;(3, 5);1;3100
9;0.375;CarryObject;(2, 2);;(3, 5);1;3101
9;0.375;CarryObject;(2, 2);;(3, 5);1;3102
9;0.375;CarryObject;(2, 2);;(3, 5);1;3103
9;0.375;CarryObject;(2, 2);;(3, 5);1;3104
9;0.375;CarryObject;(2, 2);;(3, 5);1;3105
9;0.375;CarryObject;(2, 2);;(3, 5);1;3106
9;0.375;CarryObject;(2, 2);;(3, 5);1;3107
9;0.375;CarryObject;(2, 2);;(3, 5);1;3108
9;0.375;CarryObject;(2, 2);;(3, 5);1;3109
9;0.375;CarryObject;(2, 2);;(3, 5);1;3110
9;0.375;CarryObject;(2, 2);;(3, 5);1;3111
9;0.375;CarryObject;(2, 2);;(3, 5);1;3112
9;0.375;CarryObject;(2, 2);;(3, 5);1;3113
9;0.375;CarryObject;(2, 2);;(3, 5);1;3114
9;0.375;CarryObject;(2, 2);;(3, 5);1;3115
9;0.375;CarryObject;(2, 2);;(3, 5);1;3116
9;0.375;CarryObject;(2, 2);MoveSouth;(3, 6);1;3117
9;0.375;CarryObject;(2, 2);;(3, 6);1;3118
9;0.375;CarryObject;(2, 2);;(3, 6);1;3119
9;0.375;CarryObject;(2, 2);;(3, 6);1;3120
9;0.375;CarryObject;(2, 2);;(3, 6);1;3121
9;0.375;CarryObject;(2, 2);MoveEast;(4, 6);1;3122
9;0.375;CarryObject;(2, 2);;(4, 6);1;3123
9;0.375;CarryObject;(2, 2);;(4, 6);1;3124
9;0.375;CarryObject;(2, 2);;(4, 6);1;3125
9;0.375;CarryObject;(2, 2);;(4, 6);1;3126
9;0.375;CarryObject;(2, 2);;(4, 6);1;3127
9;0.375;CarryObject;(2, 2);;(4, 6);1;3128
9;0.375;CarryObject;(2, 2);;(4, 6);1;3129
9;0.375;CarryObject;(2, 2);;(4, 6);1;3130
9;0.375;CarryObject;(2, 2);;(4, 6);1;3131
9;0.375;CarryObject;(2, 2);;(4, 6);1;3132
9;0.375;CarryObject;(2, 2);;(4, 6);1;3133
9;0.375;CarryObject;(2, 2);MoveEast;(5, 6);1;3134
9;0.375;CarryObject;(2, 2);;(5, 6);1;3135
9;0.375;CarryObject;(2, 2);;(5, 6);1;3136
9;0.375;CarryObject;(2, 2);;(5, 6);1;3137
9;0.375;CarryObject;(2, 2);;(5, 6);1;3138
9;0.375;CarryObject;(2, 2);;(5, 6);1;3139
9;0.375;CarryObject;(2, 2);;(5, 6);1;3140
9;0.375;CarryObject;(2, 2);;(5, 6);1;3141
9;0.375;CarryObject;(2, 2);;(5, 6);1;3142
9;0.375;MoveSouthEast;(2, 2);;(5, 6);1;3143
9;0.375;MoveSouthEast;(2, 2);;(5, 6);1;3144
9;0.375;MoveSouthEast;(2, 2);MoveEast;(6, 6);1;3145
9;0.375;MoveSouthEast;(2, 2);;(6, 6);1;3146
9;0.375;MoveSouthEast;(2, 2);;(6, 6);1;3147
9;0.375;MoveSouthEast;(2, 2);;(6, 6);1;3148
9;0.375;MoveSouthEast;(2, 2);;(6, 6);1;3149
9;0.375;MoveSouthEast;(2, 2);;(6, 6);1;3150
9;0.375;MoveSouthEast;(3, 3);;(6, 6);1;3151
9;0.375;MoveSouth;(3, 3);;(6, 6);1;3152
9;0.375;MoveSouth;(3, 3);;(6, 6);1;3153
9;0.375;MoveSouth;(3, 3);;(6, 6);1;3154
9;0.375;MoveSouth;(3, 3);;(6, 6);1;3155
9;0.375;MoveSouth;(3, 3);;(6, 6);1;3156
9;0.375;MoveSouth;(3, 3);;(6, 6);1;3157
9;0.375;MoveSouth;(3, 3);;(6, 6);1;3158
9;0.375;MoveSouth;(3, 3);;(6, 6);1;3159
9;0.375;MoveSouth;(3, 4);;(6, 6);1;3160
9;0.375;MoveSouthEast;(3, 4);;(6, 6);1;3161
9;0.375;MoveSouthEast;(3, 4);;(6, 6);1;3162
9;0.375;MoveSouthEast;(3, 4);;(6, 6);1;3163
9;0.375;MoveSouthEast;(3, 4);;(6, 6);1;3164
9;0.375;MoveSouthEast;(3, 4);;(6, 6);1;3165
9;0.375;MoveSouthEast;(3, 4);;(6, 6);1;3166
9;0.375;MoveSouthEast;(3, 4);;(6, 6);1;3167
9;0.375;MoveSouthEast;(3, 4);;(6, 6);1;3168
9;0.375;MoveSouthEast;(4, 5);;(6, 6);1;3169
9;0.375;MoveEast;(4, 5);;(6, 6);1;3170
9;0.375;MoveEast;(4, 5);;(6, 6);1;3171
9;0.375;MoveEast;(4, 5);;(6, 6);1;3172
9;0.375;MoveEast;(4, 5);MoveSouth;(6, 7);1;3173
9;0.375;MoveEast;(4, 5);;(6, 7);1;3174
9;0.375;MoveEast;(4, 5);;(6, 7);1;3175
9;0.375;MoveEast;(4, 5);;(6, 7);1;3176
9;0.375;MoveEast;(4, 5);;(6, 7);1;3177
9;0.375;MoveEast;(5, 5);;(6, 7);1;3178
9;0.375;MoveEast;(5, 5);;(6, 7);1;3179
9;0.375;MoveEast;(5, 5);;(6, 7);1;3180
9;0.375;MoveEast;(5, 5);;(6, 7);1;3181
9;0.375;MoveEast;(5, 5);;(6, 7);1;3182
9;0.375;MoveEast;(5, 5);;(6, 7);1;3183
9;0.375;MoveEast;(5, 5);;(6, 7);1;3184
9;0.375;MoveEast;(5, 5);;(6, 7);1;3185
9;0.375;MoveEast;(5, 5);;(6, 7);1;3186
9;0.375;MoveEast;(6, 5);;(6, 7);1;3187
9;0.375;MoveEast;(6, 5);;(6, 7);1;3188
9;0.375;MoveEast;(6, 5);;(6, 7);1;3189
9;0.375;MoveEast;(6, 5);;(6, 7);1;3190
9;0.375;MoveEast;(6, 5);;(6, 7);1;3191
9;0.375;MoveEast;(6, 5);;(6, 7);1;3192
9;0.375;MoveEast;(6, 5);;(6, 7);1;3193
9;0.375;MoveEast;(6, 5);;(6, 7);1;3194
9;0.375;MoveEast;(6, 5);;(6, 7);1;3195
9;0.375;MoveEast;(6, 5);;(6, 7);1;3196
9;0.375;MoveEast;(6, 5);;(6, 7);1;3197
9;0.375;MoveEast;(6, 5);;(6, 7);1;3198
9;0.375;MoveEast;(6, 5);;(6, 7);1;3199
9;0.375;MoveEast;(6, 5);;(6, 7);1;3200
9;0.375;MoveEast;(7, 5);;(6, 7);1;3201
9;0.375;MoveEast;(7, 5);;(6, 7);1;3202
9;0.375;MoveEast;(7, 5);;(6, 7);1;3203
9;0.375;MoveEast;(7, 5);;(6, 7);1;3204
9;0.375;MoveEast;(7, 5);;(6, 7);1;3205
9;0.375;MoveEast;(7, 5);;(6, 7);1;3206
9;0.375;MoveEast;(7, 5);;(6, 7);1;3207
9;0.375;MoveEast;(7, 5);;(6, 7);1;3208
9;0.375;MoveEast;(7, 5);;(6, 7);1;3209
9;0.375;MoveEast;(7, 5);;(6, 7);1;3210
9;0.375;MoveEast;(7, 5);;(6, 7);1;3211
9;0.375;MoveEast;(7, 5);;(6, 7);1;3212
9;0.375;MoveEast;(7, 5);;(6, 7);1;3213
9;0.375;MoveEast;(7, 5);;(6, 7);1;3214
9;0.375;MoveEast;(8, 5);;(6, 7);1;3215
9;0.375;MoveSouthEast;(8, 5);;(6, 7);1;3216
9;0.375;MoveSouthEast;(8, 5);;(6, 7);1;3217
9;0.375;MoveSouthEast;(8, 5);;(6, 7);1;3218
9;0.375;MoveSouthEast;(8, 5);;(6, 7);1;3219
9;0.375;MoveSouthEast;(8, 5);;(6, 7);1;3220
9;0.375;MoveSouthEast;(8, 5);;(6, 7);1;3221
9;0.375;MoveSouthEast;(8, 5);;(6, 7);1;3222
9;0.375;MoveSouthEast;(8, 5);;(6, 7);1;3223
9;0.375;MoveSouthEast;(8, 5);;(6, 7);1;3224
9;0.375;MoveSouthEast;(8, 5);;(6, 7);1;3225
9;0.375;MoveSouthEast;(8, 5);;(6, 7);1;3226
9;0.375;MoveSouthEast;(8, 5);;(6, 7);1;3227
9;0.375;MoveSouthEast;(8, 5);;(6, 7);1;3228
9;0.375;MoveSouthEast;(9, 6);;(6, 7);1;3229
9;0.375;MoveEast;(9, 6);;(6, 7);1;3230
9;0.375;MoveEast;(9, 6);;(6, 7);1;3231
9;0.375;MoveEast;(9, 6);;(6, 7);1;3232
9;0.375;MoveEast;(9, 6);;(6, 7);1;3233
9;0.375;MoveEast;(9, 6);;(6, 7);1;3234
9;0.375;MoveEast;(9, 6);;(6, 7);1;3235
9;0.375;MoveEast;(9, 6);;(6, 7);1;3236
9;0.375;MoveEast;(9, 6);;(6, 7);1;3237
9;0.375;MoveEast;(10, 6);;(6, 7);1;3238
9;0.375;MoveEast;(10, 6);;(6, 7);1;3239
9;0.375;MoveEast;(10, 6);;(6, 7);1;3240
9;0.375;MoveEast;(10, 6);;(6, 7);1;3241
9;0.375;MoveEast;(10, 6);;(6, 7);1;3242
9;0.375;MoveEast;(10, 6);;(6, 7);1;3243
9;0.375;MoveEast;(10, 6);;(6, 7);1;3244
9;0.375;MoveEast;(10, 6);;(6, 7);1;3245
9;0.375;MoveEast;(10, 6);;(6, 7);1;3246
9;0.375;MoveEast;(10, 6);;(6, 7);1;3247
9;0.375;MoveEast;(10, 6);;(6, 7);1;3248
9;0.375;MoveEast;(10, 6);;(6, 7);1;3249
9;0.375;MoveEast;(10, 6);;(6, 7);1;3250
9;0.375;MoveEast;(10, 6);;(6, 7);1;3251
9;0.375;MoveEast;(11, 6);;(6, 7);1;3252
9;0.375;MoveEast;(11, 6);;(6, 7);1;3253
9;0.375;MoveEast;(11, 6);;(6, 7);1;3254
9;0.375;MoveEast;(11, 6);;(6, 7);1;3255
9;0.375;MoveEast;(11, 6);;(6, 7);1;3256
9;0.375;MoveEast;(11, 6);;(6, 7);1;3257
9;0.375;MoveEast;(11, 6);;(6, 7);1;3258
9;0.375;MoveEast;(11, 6);;(6, 7);1;3259
9;0.375;MoveEast;(11, 6);;(6, 7);1;3260
9;0.375;MoveEast;(11, 6);;(6, 7);1;3261
9;0.375;MoveEast;(11, 6);;(6, 7);1;3262
9;0.375;MoveEast;(11, 6);;(6, 7);1;3263
9;0.375;MoveEast;(11, 6);;(6, 7);1;3264
9;0.375;MoveEast;(11, 6);;(6, 7);1;3265
9;0.375;MoveEast;(12, 6);;(6, 7);1;3266
9;0.375;MoveEast;(12, 6);;(6, 7);1;3267
9;0.375;MoveEast;(12, 6);;(6, 7);1;3268
9;0.375;MoveEast;(12, 6);;(6, 7);1;3269
9;0.375;MoveEast;(12, 6);;(6, 7);1;3270
9;0.375;MoveEast;(12, 6);;(6, 7);1;3271
9;0.375;MoveEast;(12, 6);;(6, 7);1;3272
9;0.375;MoveEast;(12, 6);;(6, 7);1;3273
9;0.375;MoveEast;(12, 6);;(6, 7);1;3274
9;0.375;MoveEast;(12, 6);;(6, 7);1;3275
9;0.375;MoveEast;(12, 6);;(6, 7);1;3276
9;0.375;MoveEast;(12, 6);;(6, 7);1;3277
9;0.375;MoveEast;(12, 6);;(6, 7);1;3278
9;0.375;MoveEast;(12, 6);;(6, 7);1;3279
9;0.375;MoveEast;(13, 6);;(6, 7);1;3280
9;0.375;MoveEast;(13, 6);;(6, 7);1;3281
9;0.375;MoveEast;(13, 6);;(6, 7);1;3282
9;0.375;MoveEast;(13, 6);;(6, 7);1;3283
9;0.375;MoveEast;(13, 6);;(6, 7);1;3284
9;0.375;MoveEast;(13, 6);;(6, 7);1;3285
9;0.375;MoveEast;(13, 6);;(6, 7);1;3286
9;0.375;MoveEast;(13, 6);;(6, 7);1;3287
9;0.375;MoveEast;(13, 6);;(6, 7);1;3288
9;0.375;MoveEast;(14, 6);;(6, 7);1;3289
9;0.375;MoveEast;(14, 6);;(6, 7);1;3290
9;0.375;MoveEast;(14, 6);;(6, 7);1;3291
9;0.375;MoveEast;(14, 6);;(6, 7);1;3292
9;0.375;MoveEast;(14, 6);;(6, 7);1;3293
9;0.375;MoveEast;(14, 6);;(6, 7);1;3294
9;0.375;MoveEast;(14, 6);;(6, 7);1;3295
9;0.375;MoveEast;(14, 6);;(6, 7);1;3296
9;0.375;MoveEast;(14, 6);;(6, 7);1;3297
9;0.375;MoveEast;(15, 6);;(6, 7);1;3298
9;0.375;MoveEast;(15, 6);;(6, 7);1;3299
9;0.375;MoveEast;(15, 6);MoveNorth;(6, 6);1;3300
9;0.375;MoveEast;(15, 6);;(6, 6);1;3301
9;0.375;MoveEast;(15, 6);;(6, 6);1;3302
9;0.375;MoveEast;(15, 6);;(6, 6);1;3303
9;0.375;MoveEast;(15, 6);;(6, 6);1;3304
9;0.375;MoveEast;(15, 6);;(6, 6);1;3305
9;0.375;MoveEast;(15, 6);;(6, 6);1;3306
9;0.375;MoveEast;(16, 6);MoveEast;(7, 6);1;3307
9;0.375;MoveEast;(16, 6);;(7, 6);1;3308
9;0.375;MoveEast;(16, 6);;(7, 6);1;3309
9;0.375;MoveEast;(16, 6);;(7, 6);1;3310
9;0.375;MoveEast;(16, 6);;(7, 6);1;3311
9;0.375;MoveEast;(16, 6);MoveEast;(8, 6);1;3312
9;0.375;MoveEast;(16, 6);;(8, 6);1;3313
9;0.375;MoveEast;(16, 6);MoveEast;(9, 6);1;3314
9;0.375;MoveEast;(16, 6);;(9, 6);1;3315
9;0.375;MoveEast;(17, 6);MoveEast;(10, 6);1;3316
9;0.375;MoveSouthEast;(17, 6);MoveEast;(10, 6);1;3317
9;0.375;MoveSouthEast;(17, 6);MoveEast;(10, 6);1;3318
9;0.375;MoveSouthEast;(17, 6);MoveEast;(10, 6);1;3319
9;0.375;MoveSouthEast;(17, 6);MoveEast;(10, 6);1;3320
9;0.375;MoveSouthEast;(17, 6);MoveEast;(10, 6);1;3321
9;0.375;MoveSouthEast;(17, 6);MoveEast;(11, 6);1;3322
9;0.375;MoveSouthEast;(17, 6);MoveEast;(11, 6);1;3323
9;0.375;MoveSouthEast;(17, 6);MoveEast;(11, 6);1;3324
9;0.375;MoveSouthEast;(18, 7);MoveEast;(11, 6);1;3325
9;0.375;MoveSouthEast;(18, 7);MoveEast;(11, 6);1;3326
9;0.375;MoveSouthEast;(18, 7);MoveEast;(11, 6);1;3327
9;0.375;MoveSouthEast;(18, 7);MoveEast;(12, 6);1;3328
9;0.375;MoveSouthEast;(18, 7);MoveNorth;(12, 6);1;3329
9;0.375;MoveSouthEast;(18, 7);MoveNorth;(12, 6);1;3330
9;0.375;MoveSouthEast;(18, 7);MoveNorth;(12, 6);1;3331
9;0.375;MoveSouthEast;(18, 7);MoveNorth;(12, 6);1;3332
9;0.375;MoveSouthEast;(18, 7);MoveNorth;(12, 6);1;3333
9;0.375;MoveSouthEast;(19, 8);MoveNorth;(12, 5);1;3334
9;0.375;MoveSouthEast;(19, 8);;(12, 5);1;3335
9;0.375;MoveSouthEast;(19, 8);MoveEast;(13, 5);1;3336
9;0.375;MoveSouthEast;(19, 8);;(13, 5);1;3337
9;0.375;MoveSouthEast;(19, 8);;(13, 5);1;3338
9;0.375;MoveSouthEast;(19, 8);;(13, 5);1;3339
9;0.375;MoveSouthEast;(19, 8);;(13, 5);1;3340
9;0.375;MoveSouthEast;(19, 8);;(13, 5);1;3341
9;0.375;MoveSouthEast;(19, 8);;(13, 5);1;3342
9;0.375;MoveSouthEast;(19, 8);;(13, 5);1;3343
9;0.375;MoveSouthEast;(19, 8);;(13, 5);1;3344
9;0.375;MoveSouthEast;(19, 8);;(13, 5);1;3345
9;0.375;MoveSouthEast;(19, 8);;(13, 5);1;3346
9;0.375;MoveSouthEast;(19, 8);MoveEast;(14, 5);1;3347
9;0.375;MoveSouthEast;(20, 9);;(14, 5);1;3348
9;0.375;MoveSouthEast;(20, 9);MoveEast;(15, 5);1;3349
9;0.375;MoveSouthEast;(20, 9);;(15, 5);1;3350
9;0.375;MoveSouthEast;(20, 9);;(15, 5);1;3351
9;0.375;MoveSouthEast;(20, 9);;(15, 5);1;3352
9;0.375;MoveSouthEast;(20, 9);;(15, 5);1;3353
9;0.375;MoveSouthEast;(20, 9);;(15, 5);1;3354
9;0.375;MoveSouthEast;(20, 9);;(15, 5);1;3355
9;0.375;MoveSouthEast;(20, 9);;(15, 5);1;3356
9;0.375;MoveSouthEast;(21, 10);;(15, 5);1;3357
9;0.375;MoveSouthEast;(21, 10);;(15, 5);1;3358
9;0.375;MoveSouthEast;(21, 10);;(15, 5);1;3359
9;0.375;MoveSouthEast;(21, 10);;(15, 5);1;3360
9;0.375;MoveSouthEast;(21, 10);;(15, 5);1;3361
9;0.375;MoveSouthEast;(21, 10);;(15, 5);1;3362
9;0.375;MoveSouthEast;(21, 10);;(15, 5);1;3363
9;0.375;MoveSouthEast;(21, 10);;(15, 5);1;3364
9;0.375;MoveSouthEast;(21, 10);;(15, 5);1;3365
9;0.375;MoveSouthEast;(22, 11);;(15, 5);1;3366
9;0.375;MoveSouthEast;(22, 11);;(15, 5);1;3367
9;0.375;MoveSouthEast;(22, 11);;(15, 5);1;3368
9;0.375;MoveSouthEast;(22, 11);;(15, 5);1;3369
9;0.375;MoveSouthEast;(22, 11);;(15, 5);1;3370
9;0.375;MoveSouthEast;(22, 11);;(15, 5);1;3371
9;0.375;MoveSouthEast;(22, 11);;(15, 5);1;3372
9;0.375;MoveSouthEast;(22, 11);;(15, 5);1;3373
9;0.375;MoveSouthEast;(22, 11);;(15, 5);1;3374
9;0.375;MoveSouthEast;(23, 12);;(15, 5);1;3375
9;0.375;Drop;(23, 12);;(15, 5);1;3376
9;0.375;Drop;(23, 12);;(15, 5);1;3377
9;0.375;Drop;(23, 12);;(15, 5);1;3378
9;0.375;Drop;(23, 12);;(15, 5);1;3379
9;0.375;Drop;(23, 12);;(15, 5);1;3380
9;0.375;Drop;(23, 12);;(15, 5);1;3381
9;0.375;Drop;(23, 12);;(15, 5);1;3382
9;0.375;Drop;(23, 12);;(15, 5);1;3383
12;0.5;Drop;(23, 12);;(15, 5);1;3384
12;0.5;MoveNorthWest;(23, 12);;(15, 5);1;3385
12;0.5;MoveNorthWest;(23, 12);;(15, 5);1;3386
12;0.5;MoveNorthWest;(23, 12);;(15, 5);1;3387
12;0.5;MoveNorthWest;(23, 12);;(15, 5);1;3388
12;0.5;MoveNorthWest;(23, 12);;(15, 5);1;3389
12;0.5;MoveNorthWest;(23, 12);;(15, 5);1;3390
12;0.5;MoveNorthWest;(23, 12);;(15, 5);1;3391
12;0.5;MoveNorthWest;(23, 12);;(15, 5);1;3392
12;0.5;MoveNorthWest;(22, 11);;(15, 5);1;3393
12;0.5;MoveNorthWest;(22, 11);;(15, 5);1;3394
12;0.5;MoveNorthWest;(22, 11);;(15, 5);1;3395
12;0.5;MoveNorthWest;(22, 11);;(15, 5);1;3396
12;0.5;MoveNorthWest;(22, 11);;(15, 5);1;3397
12;0.5;MoveNorthWest;(22, 11);;(15, 5);1;3398
12;0.5;MoveNorthWest;(22, 11);;(15, 5);1;3399
12;0.5;MoveNorthWest;(22, 11);;(15, 5);1;3400
12;0.5;MoveNorthWest;(22, 11);;(15, 5);1;3401
12;0.5;MoveNorthWest;(21, 10);;(15, 5);1;3402
12;0.5;MoveNorthWest;(21, 10);;(15, 5);1;3403
12;0.5;MoveNorthWest;(21, 10);;(15, 5);1;3404
12;0.5;MoveNorthWest;(21, 10);;(15, 5);1;3405
12;0.5;MoveNorthWest;(21, 10);;(15, 5);1;3406
12;0.5;MoveNorthWest;(21, 10);;(15, 5);1;3407
12;0.5;MoveNorthWest;(21, 10);;(15, 5);1;3408
12;0.5;MoveNorthWest;(21, 10);;(15, 5);1;3409
12;0.5;MoveNorthWest;(21, 10);;(15, 5);1;3410
12;0.5;MoveNorthWest;(20, 9);;(15, 5);1;3411
12;0.5;MoveNorthWest;(20, 9);;(15, 5);1;3412
12;0.5;MoveNorthWest;(20, 9);;(15, 5);1;3413
12;0.5;MoveNorthWest;(20, 9);;(15, 5);1;3414
12;0.5;MoveNorthWest;(20, 9);;(15, 5);1;3415
12;0.5;MoveNorthWest;(20, 9);;(15, 5);1;3416
12;0.5;MoveNorthWest;(20, 9);;(15, 5);1;3417
12;0.5;MoveNorthWest;(20, 9);;(15, 5);1;3418
12;0.5;MoveNorthWest;(20, 9);;(15, 5);1;3419
12;0.5;MoveNorthWest;(19, 8);;(15, 5);1;3420
12;0.5;MoveNorthWest;(19, 8);;(15, 5);1;3421
12;0.5;MoveNorthWest;(19, 8);;(15, 5);1;3422
12;0.5;MoveNorthWest;(19, 8);;(15, 5);1;3423
12;0.5;MoveNorthWest;(19, 8);;(15, 5);1;3424
12;0.5;MoveNorthWest;(19, 8);;(15, 5);1;3425
12;0.5;MoveNorthWest;(19, 8);;(15, 5);1;3426
12;0.5;MoveNorthWest;(19, 8);;(15, 5);1;3427
12;0.5;MoveNorthWest;(19, 8);;(15, 5);1;3428
12;0.5;MoveNorthWest;(19, 8);;(15, 5);1;3429
12;0.5;MoveNorthWest;(19, 8);;(15, 5);1;3430
12;0.5;MoveNorthWest;(19, 8);;(15, 5);1;3431
12;0.5;MoveNorthWest;(19, 8);;(15, 5);1;3432
12;0.5;MoveNorthWest;(19, 8);;(15, 5);1;3433
12;0.5;MoveNorthWest;(18, 7);;(15, 5);1;3434
12;0.5;MoveNorthWest;(18, 7);;(15, 5);1;3435
12;0.5;MoveNorthWest;(18, 7);;(15, 5);1;3436
12;0.5;MoveNorthWest;(18, 7);;(15, 5);1;3437
12;0.5;MoveNorthWest;(18, 7);;(15, 5);1;3438
12;0.5;MoveNorthWest;(18, 7);;(15, 5);1;3439
12;0.5;MoveNorthWest;(18, 7);;(15, 5);1;3440
12;0.5;MoveNorthWest;(18, 7);;(15, 5);1;3441
12;0.5;MoveNorthWest;(18, 7);;(15, 5);1;3442
12;0.5;MoveNorthWest;(17, 6);;(15, 5);1;3443
12;0.5;MoveNorthWest;(17, 6);;(15, 5);1;3444
12;0.5;MoveNorthWest;(17, 6);;(15, 5);1;3445
12;0.5;MoveNorthWest;(17, 6);;(15, 5);1;3446
12;0.5;MoveNorthWest;(17, 6);;(15, 5);1;3447
12;0.5;MoveNorthWest;(17, 6);;(15, 5);1;3448
12;0.5;MoveNorthWest;(17, 6);;(15, 5);1;3449
12;0.5;MoveNorthWest;(17, 6);;(15, 5);1;3450
12;0.5;MoveNorthWest;(17, 6);;(15, 5);1;3451
12;0.5;MoveNorthWest;(16, 5);;(15, 5);1;3452
12;0.5;MoveWest;(16, 5);;(15, 5);1;3453
12;0.5;MoveWest;(16, 5);;(15, 5);1;3454
12;0.5;MoveWest;(16, 5);;(15, 5);1;3455
12;0.5;MoveWest;(16, 5);;(15, 5);1;3456
12;0.5;MoveWest;(16, 5);;(15, 5);1;3457
12;0.5;MoveWest;(16, 5);;(15, 5);1;3458
12;0.5;MoveWest;(16, 5);;(15, 5);1;3459
12;0.5;MoveWest;(16, 5);;(15, 5);1;3460
12;0.5;MoveWest;(15, 5);;(15, 5);1;3461
12;0.5;;(15, 5);;(15, 5);1;3462
12;0.5;;(15, 5);;(15, 5);1;3463
12;0.5;;(15, 5);;(15, 5);1;3464
12;0.5;;(15, 5);;(15, 5);1;3465
12;0.5;;(15, 5);;(15, 5);1;3466
12;0.5;;(15, 5);;(15, 5);1;3467
12;0.5;;(15, 5);;(15, 5);1;3468
12;0.5;;(15, 5);;(15, 5);1;3469
12;0.5;;(15, 5);;(15, 5);1;3470
12;0.5;;(15, 5);;(15, 5);1;3471
12;0.5;;(15, 5);;(15, 5);1;3472
12;0.5;;(15, 5);;(15, 5);1;3473
12;0.5;;(15, 5);;(15, 5);1;3474
12;0.5;;(15, 5);;(15, 5);1;3475
12;0.5;;(15, 5);;(15, 5);1;3476
12;0.5;;(15, 5);;(15, 5);1;3477
12;0.5;;(15, 5);;(15, 5);1;3478
12;0.5;;(15, 5);;(15, 5);1;3479
12;0.5;;(15, 5);;(15, 5);1;3480
12;0.5;;(15, 5);;(15, 5);1;3481
12;0.5;;(15, 5);;(15, 5);1;3482
12;0.5;;(15, 5);;(15, 5);1;3483
12;0.5;;(15, 5);;(15, 5);1;3484
12;0.5;;(15, 5);;(15, 5);1;3485
12;0.5;;(15, 5);;(15, 5);1;3486
12;0.5;;(15, 5);;(15, 5);1;3487
12;0.5;;(15, 5);;(15, 5);1;3488
12;0.5;;(15, 5);;(15, 5);1;3489
12;0.5;;(15, 5);;(15, 5);1;3490
12;0.5;;(15, 5);;(15, 5);1;3491
12;0.5;;(15, 5);;(15, 5);1;3492
12;0.5;;(15, 5);;(15, 5);1;3493
12;0.5;;(15, 5);;(15, 5);1;3494
12;0.5;;(15, 5);;(15, 5);1;3495
12;0.5;;(15, 5);;(15, 5);1;3496
12;0.5;;(15, 5);;(15, 5);1;3497
12;0.5;;(15, 5);;(15, 5);1;3498
12;0.5;;(15, 5);;(15, 5);1;3499
12;0.5;;(15, 5);;(15, 5);1;3500
12;0.5;;(15, 5);;(15, 5);1;3501
12;0.5;;(15, 5);;(15, 5);1;3502
12;0.5;;(15, 5);;(15, 5);1;3503
12;0.5;;(15, 5);;(15, 5);1;3504
12;0.5;;(15, 5);;(15, 5);1;3505
12;0.5;;(15, 5);;(15, 5);1;3506
12;0.5;;(15, 5);;(15, 5);1;3507
12;0.5;;(15, 5);;(15, 5);1;3508
12;0.5;;(15, 5);;(15, 5);1;3509
12;0.5;;(15, 5);;(15, 5);1;3510
12;0.5;;(15, 5);;(15, 5);1;3511
12;0.5;;(15, 5);;(15, 5);1;3512
12;0.5;;(15, 5);;(15, 5);1;3513
12;0.5;;(15, 5);;(15, 5);1;3514
12;0.5;;(15, 5);;(15, 5);1;3515
12;0.5;;(15, 5);;(15, 5);1;3516
12;0.5;;(15, 5);;(15, 5);1;3517
12;0.5;;(15, 5);;(15, 5);1;3518
12;0.5;;(15, 5);;(15, 5);1;3519
12;0.5;;(15, 5);;(15, 5);1;3520
12;0.5;;(15, 5);;(15, 5);1;3521
12;0.5;;(15, 5);;(15, 5);1;3522
12;0.5;;(15, 5);;(15, 5);1;3523
12;0.5;;(15, 5);;(15, 5);1;3524
12;0.5;;(15, 5);;(15, 5);1;3525
12;0.5;;(15, 5);;(15, 5);1;3526
12;0.5;;(15, 5);;(15, 5);1;3527
12;0.5;;(15, 5);;(15, 5);1;3528
12;0.5;;(15, 5);;(15, 5);1;3529
12;0.5;;(15, 5);;(15, 5);1;3530
12;0.5;;(15, 5);;(15, 5);1;3531
12;0.5;;(15, 5);;(15, 5);1;3532
12;0.5;;(15, 5);;(15, 5);1;3533
12;0.5;;(15, 5);;(15, 5);1;3534
12;0.5;;(15, 5);;(15, 5);1;3535
12;0.5;;(15, 5);;(15, 5);1;3536
12;0.5;;(15, 5);;(15, 5);1;3537
12;0.5;;(15, 5);;(15, 5);1;3538
12;0.5;;(15, 5);;(15, 5);1;3539
12;0.5;;(15, 5);;(15, 5);1;3540
12;0.5;;(15, 5);;(15, 5);1;3541
12;0.5;;(15, 5);;(15, 5);1;3542
12;0.5;;(15, 5);;(15, 5);1;3543
12;0.5;;(15, 5);;(15, 5);1;3544
12;0.5;;(15, 5);;(15, 5);1;3545
12;0.5;;(15, 5);;(15, 5);1;3546
12;0.5;;(15, 5);;(15, 5);1;3547
12;0.5;;(15, 5);;(15, 5);1;3548
12;0.5;;(15, 5);;(15, 5);1;3549
12;0.5;;(15, 5);;(15, 5);1;3550
12;0.5;;(15, 5);;(15, 5);1;3551
12;0.5;;(15, 5);RemoveObjectTogether;(15, 5);1;3552
12;0.5;;(15, 5);RemoveObjectTogether;(15, 5);1;3553
12;0.5;;(15, 5);RemoveObjectTogether;(15, 5);1;3554
12;0.5;;(15, 5);RemoveObjectTogether;(15, 5);1;3555
12;0.5;;(15, 5);RemoveObjectTogether;(15, 5);1;3556
12;0.5;;(15, 5);RemoveObjectTogether;(15, 5);1;3557
12;0.5;;(15, 5);RemoveObjectTogether;(15, 5);1;3558
12;0.5;;(15, 5);RemoveObjectTogether;(15, 5);1;3559
12;0.5;;(15, 5);RemoveObjectTogether;(15, 5);1;3560
12;0.5;;(15, 5);RemoveObjectTogether;(15, 5);1;3561
12;0.5;;(15, 5);RemoveObjectTogether;(15, 5);1;3562
12;0.5;;(15, 5);RemoveObjectTogether;(15, 5);1;3563
12;0.5;;(15, 5);RemoveObjectTogether;(15, 5);1;3564
12;0.5;;(15, 5);RemoveObjectTogether;(15, 5);1;3565
12;0.5;;(15, 5);RemoveObjectTogether;(15, 5);1;3566
12;0.5;;(15, 5);RemoveObjectTogether;(15, 5);1;3567
12;0.5;;(15, 5);RemoveObjectTogether;(15, 5);1;3568
12;0.5;;(15, 5);RemoveObjectTogether;(15, 5);1;3569
12;0.5;;(15, 5);RemoveObjectTogether;(15, 5);1;3570
12;0.5;;(15, 5);RemoveObjectTogether;(15, 5);1;3571
12;0.5;;(15, 5);RemoveObjectTogether;(15, 5);1;3572
12;0.5;;(15, 5);RemoveObjectTogether;(15, 5);1;3573
12;0.5;;(15, 5);RemoveObjectTogether;(15, 5);1;3574
12;0.5;;(15, 5);RemoveObjectTogether;(15, 5);1;3575
12;0.5;;(15, 5);RemoveObjectTogether;(15, 5);1;3576
12;0.5;;(15, 5);RemoveObjectTogether;(15, 5);1;3577
12;0.5;;(15, 5);RemoveObjectTogether;(15, 5);1;3578
12;0.5;;(15, 5);RemoveObjectTogether;(15, 5);1;3579
12;0.5;;(15, 5);RemoveObjectTogether;(15, 5);1;3580
12;0.5;;(15, 5);RemoveObjectTogether;(15, 5);1;3581
12;0.5;;(15, 5);RemoveObjectTogether;(15, 5);1;3582
12;0.5;;(15, 5);RemoveObjectTogether;(15, 5);1;3583
12;0.5;;(15, 5);RemoveObjectTogether;(15, 5);1;3584
12;0.5;;(15, 5);RemoveObjectTogether;(15, 5);1;3585
12;0.5;;(15, 5);RemoveObjectTogether;(15, 5);1;3586
12;0.5;;(15, 5);RemoveObjectTogether;(15, 5);1;3587
12;0.5;;(15, 5);RemoveObjectTogether;(15, 5);1;3588
12;0.5;;(15, 5);RemoveObjectTogether;(15, 5);1;3589
12;0.5;;(15, 5);RemoveObjectTogether;(15, 5);1;3590
12;0.5;;(15, 5);RemoveObjectTogether;(15, 5);1;3591
12;0.5;;(15, 5);RemoveObjectTogether;(15, 5);1;3592
12;0.5;;(15, 5);RemoveObjectTogether;(15, 5);1;3593
12;0.5;;(15, 5);RemoveObjectTogether;(15, 5);1;3594
12;0.5;;(15, 5);RemoveObjectTogether;(15, 5);1;3595
12;0.5;;(15, 5);RemoveObjectTogether;(15, 5);1;3596
12;0.5;;(15, 5);RemoveObjectTogether;(15, 5);1;3597
12;0.5;;(15, 5);RemoveObjectTogether;(15, 5);1;3598
12;0.5;;(15, 5);RemoveObjectTogether;(15, 5);1;3599
12;0.5;;(15, 5);RemoveObjectTogether;(15, 5);1;3600
12;0.5;;(15, 5);RemoveObjectTogether;(15, 5);1;3601
12;0.5;;(15, 5);RemoveObjectTogether;(15, 5);1;3602
12;0.5;MoveNorth;(15, 5);;(15, 5);1;3603
12;0.5;MoveNorth;(15, 5);;(15, 5);1;3604
12;0.5;MoveNorth;(15, 5);;(15, 5);1;3605
12;0.5;MoveNorth;(15, 5);;(15, 5);1;3606
12;0.5;MoveNorth;(15, 5);;(15, 5);1;3607
12;0.5;MoveNorth;(15, 5);;(15, 5);1;3608
12;0.5;MoveNorth;(15, 5);;(15, 5);1;3609
12;0.5;MoveNorth;(15, 5);;(15, 5);1;3610
12;0.5;MoveNorth;(15, 4);;(15, 5);1;3611
12;0.5;MoveNorthWest;(15, 4);;(15, 5);1;3612
12;0.5;MoveNorthWest;(15, 4);;(15, 5);1;3613
12;0.5;MoveNorthWest;(15, 4);;(15, 5);1;3614
12;0.5;MoveNorthWest;(15, 4);;(15, 5);1;3615
12;0.5;MoveNorthWest;(15, 4);;(15, 5);1;3616
12;0.5;MoveNorthWest;(15, 4);;(15, 5);1;3617
12;0.5;MoveNorthWest;(15, 4);;(15, 5);1;3618
12;0.5;MoveNorthWest;(15, 4);;(15, 5);1;3619
12;0.5;MoveNorthWest;(14, 3);MoveNorth;(15, 4);1;3620
12;0.5;MoveNorth;(14, 3);MoveNorth;(15, 3);1;3621
12;0.5;MoveNorth;(14, 3);;(15, 3);1;3622
12;0.5;MoveNorth;(14, 3);;(15, 3);1;3623
12;0.5;MoveNorth;(14, 3);;(15, 3);1;3624
12;0.5;MoveNorth;(14, 3);MoveNorth;(15, 2);1;3625
12;0.5;MoveNorth;(14, 3);MoveNorth;(15, 2);1;3626
12;0.5;MoveNorth;(14, 3);;(15, 2);1;3627
12;0.5;MoveNorth;(14, 3);;(15, 2);1;3628
12;0.5;MoveNorth;(14, 2);;(15, 2);1;3629
12;0.5;MoveSouthEast;(14, 2);;(15, 2);1;3630
12;0.5;MoveSouthEast;(14, 2);;(15, 2);1;3631
12;0.5;MoveSouthEast;(14, 2);;(15, 2);1;3632
12;0.5;MoveSouthEast;(14, 2);;(15, 2);1;3633
12;0.5;MoveSouthEast;(14, 2);;(15, 2);1;3634
12;0.5;MoveSouthEast;(14, 2);;(15, 2);1;3635
12;0.5;MoveSouthEast;(14, 2);MoveSouth;(15, 3);1;3636
12;0.5;MoveSouthEast;(14, 2);;(15, 3);1;3637
12;0.5;MoveSouthEast;(15, 3);MoveSouth;(15, 4);1;3638
12;0.5;MoveNorthEast;(15, 3);;(15, 4);1;3639
12;0.5;MoveNorthEast;(15, 3);MoveSouth;(15, 5);1;3640
12;0.5;MoveNorthEast;(15, 3);;(15, 5);1;3641
12;0.5;MoveNorthEast;(15, 3);MoveSouth;(15, 6);1;3642
12;0.5;MoveNorthEast;(15, 3);;(15, 6);1;3643
12;0.5;MoveNorthEast;(15, 3);MoveSouth;(15, 7);1;3644
12;0.5;MoveNorthEast;(15, 3);;(15, 7);1;3645
12;0.5;MoveNorthEast;(15, 3);;(15, 7);1;3646
12;0.5;MoveNorthEast;(16, 2);;(15, 7);1;3647
12;0.5;Idle;(16, 2);;(15, 7);1;3648
12;0.5;Idle;(16, 2);;(15, 7);1;3649
12;0.5;Idle;(16, 2);;(15, 7);1;3650
12;0.5;Idle;(16, 2);;(15, 7);1;3651
12;0.5;Idle;(16, 2);;(15, 7);1;3652
12;0.5;Idle;(16, 2);MoveNorth;(15, 6);1;3653
12;0.5;Idle;(16, 2);;(15, 6);1;3654
12;0.5;Idle;(16, 2);;(15, 6);1;3655
12;0.5;Idle;(16, 2);;(15, 6);1;3656
12;0.5;Idle;(16, 2);;(15, 6);1;3657
12;0.5;Idle;(16, 2);;(15, 6);1;3658
12;0.5;Idle;(16, 2);;(15, 6);1;3659
12;0.5;Idle;(16, 2);;(15, 6);1;3660
12;0.5;Idle;(16, 2);;(15, 6);1;3661
12;0.5;Idle;(16, 2);;(15, 6);1;3662
12;0.5;Idle;(16, 2);;(15, 6);1;3663
12;0.5;Idle;(16, 2);;(15, 6);1;3664
12;0.5;Idle;(16, 2);;(15, 6);1;3665
12;0.5;Idle;(16, 2);;(15, 6);1;3666
12;0.5;Idle;(16, 2);;(15, 6);1;3667
12;0.5;Idle;(16, 2);;(15, 6);1;3668
12;0.5;Idle;(16, 2);;(15, 6);1;3669
12;0.5;Idle;(16, 2);;(15, 6);1;3670
12;0.5;Idle;(16, 2);;(15, 6);1;3671
12;0.5;Idle;(16, 2);;(15, 6);1;3672
12;0.5;Idle;(16, 2);;(15, 6);1;3673
12;0.5;MoveSouthWest;(16, 2);;(15, 6);1;3674
12;0.5;MoveSouthWest;(16, 2);;(15, 6);1;3675
12;0.5;MoveSouthWest;(16, 2);;(15, 6);1;3676
12;0.5;MoveSouthWest;(16, 2);;(15, 6);1;3677
12;0.5;MoveSouthWest;(16, 2);;(15, 6);1;3678
12;0.5;MoveSouthWest;(16, 2);;(15, 6);1;3679
12;0.5;MoveSouthWest;(16, 2);;(15, 6);1;3680
12;0.5;MoveSouthWest;(16, 2);;(15, 6);1;3681
12;0.5;MoveSouthWest;(15, 3);;(15, 6);1;3682
12;0.5;MoveSouth;(15, 3);;(15, 6);1;3683
12;0.5;MoveSouth;(15, 3);;(15, 6);1;3684
12;0.5;MoveSouth;(15, 3);;(15, 6);1;3685
12;0.5;MoveSouth;(15, 3);;(15, 6);1;3686
12;0.5;MoveSouth;(15, 3);;(15, 6);1;3687
12;0.5;MoveSouth;(15, 3);;(15, 6);1;3688
12;0.5;MoveSouth;(15, 3);;(15, 6);1;3689
12;0.5;MoveSouth;(15, 3);;(15, 6);1;3690
12;0.5;MoveSouth;(15, 4);;(15, 6);1;3691
12;0.5;MoveSouthWest;(15, 4);;(15, 6);1;3692
12;0.5;MoveSouthWest;(15, 4);;(15, 6);1;3693
12;0.5;MoveSouthWest;(15, 4);;(15, 6);1;3694
12;0.5;MoveSouthWest;(15, 4);;(15, 6);1;3695
12;0.5;MoveSouthWest;(15, 4);;(15, 6);1;3696
12;0.5;MoveSouthWest;(15, 4);;(15, 6);1;3697
12;0.5;MoveSouthWest;(15, 4);;(15, 6);1;3698
12;0.5;MoveSouthWest;(15, 4);;(15, 6);1;3699
12;0.5;MoveSouthWest;(14, 5);;(15, 6);1;3700
12;0.5;MoveSouthWest;(14, 5);;(15, 6);1;3701
12;0.5;MoveSouthWest;(14, 5);MoveWest;(14, 6);1;3702
12;0.5;MoveSouthWest;(14, 5);MoveWest;(13, 6);1;3703
12;0.5;MoveSouthWest;(14, 5);;(13, 6);1;3704
12;0.5;MoveSouthWest;(14, 5);;(13, 6);1;3705
12;0.5;MoveSouthWest;(14, 5);;(13, 6);1;3706
12;0.5;MoveSouthWest;(14, 5);;(13, 6);1;3707
12;0.5;MoveSouthWest;(14, 5);;(13, 6);1;3708
12;0.5;MoveSouthWest;(13, 6);;(13, 6);1;3709
12;0.5;MoveSouthWest;(13, 6);;(13, 6);1;3710
12;0.5;MoveSouthWest;(13, 6);;(13, 6);1;3711
12;0.5;MoveSouthWest;(13, 6);;(13, 6);1;3712
12;0.5;MoveSouthWest;(13, 6);MoveWest;(12, 6);1;3713
12;0.5;MoveSouthWest;(13, 6);;(12, 6);1;3714
12;0.5;MoveSouthWest;(13, 6);;(12, 6);1;3715
12;0.5;MoveSouthWest;(13, 6);;(12, 6);1;3716
12;0.5;MoveSouthWest;(13, 6);;(12, 6);1;3717
12;0.5;MoveSouthWest;(12, 7);;(12, 6);1;3718
12;0.5;MoveSouth;(12, 7);;(12, 6);1;3719
12;0.5;MoveSouth;(12, 7);;(12, 6);1;3720
12;0.5;MoveSouth;(12, 7);;(12, 6);1;3721
12;0.5;MoveSouth;(12, 7);;(12, 6);1;3722
12;0.5;MoveSouth;(12, 7);MoveSouth;(12, 6);1;3723
12;0.5;MoveSouth;(12, 7);MoveSouth;(12, 6);1;3724
12;0.5;MoveSouth;(12, 7);MoveSouth;(12, 6);1;3725
12;0.5;MoveSouth;(12, 7);MoveSouth;(12, 6);1;3726
12;0.5;MoveSouth;(12, 7);MoveSouth;(12, 6);1;3727
12;0.5;MoveSouth;(12, 7);MoveSouth;(12, 7);1;3728
12;0.5;MoveSouth;(12, 7);MoveSouth;(12, 7);1;3729
12;0.5;MoveSouth;(12, 7);MoveSouth;(12, 7);1;3730
12;0.5;MoveSouth;(12, 7);MoveSouth;(12, 7);1;3731
12;0.5;MoveSouth;(12, 8);MoveSouth;(12, 7);1;3732
12;0.5;MoveSouth;(12, 8);MoveSouth;(12, 7);1;3733
12;0.5;MoveSouth;(12, 8);MoveSouth;(12, 8);1;3734
12;0.5;MoveSouth;(12, 8);MoveSouth;(12, 8);1;3735
12;0.5;MoveSouth;(12, 8);MoveSouth;(12, 8);1;3736
12;0.5;MoveSouth;(12, 8);MoveSouth;(12, 8);1;3737
12;0.5;MoveSouth;(12, 8);MoveSouth;(12, 8);1;3738
12;0.5;MoveSouth;(12, 8);MoveSouth;(12, 8);1;3739
12;0.5;MoveSouth;(12, 8);MoveSouth;(12, 9);1;3740
12;0.5;MoveSouth;(12, 8);MoveSouth;(12, 9);1;3741
12;0.5;MoveSouth;(12, 8);MoveSouth;(12, 9);1;3742
12;0.5;MoveSouth;(12, 8);MoveSouth;(12, 9);1;3743
12;0.5;MoveSouth;(12, 8);MoveSouth;(12, 9);1;3744
12;0.5;MoveSouth;(12, 8);MoveSouth;(12, 9);1;3745
12;0.5;MoveSouth;(12, 9);MoveSouth;(12, 10);1;3746
12;0.5;MoveSouth;(12, 9);MoveSouth;(12, 10);1;3747
12;0.5;MoveSouth;(12, 9);MoveSouth;(12, 10);1;3748
12;0.5;MoveSouth;(12, 9);MoveSouth;(12, 10);1;3749
12;0.5;MoveSouth;(12, 9);MoveSouth;(12, 10);1;3750
12;0.5;MoveSouth;(12, 9);MoveSouth;(12, 10);1;3751
12;0.5;MoveSouth;(12, 9);MoveSouth;(12, 11);1;3752
12;0.5;MoveSouth;(12, 9);MoveSouth;(12, 11);1;3753
12;0.5;MoveSouth;(12, 9);MoveSouth;(12, 11);1;3754
12;0.5;MoveSouth;(12, 9);MoveSouth;(12, 11);1;3755
12;0.5;MoveSouth;(12, 9);MoveSouth;(12, 11);1;3756
12;0.5;MoveSouth;(12, 9);MoveSouth;(12, 11);1;3757
12;0.5;MoveSouth;(12, 9);MoveSouth;(12, 12);1;3758
12;0.5;MoveSouth;(12, 9);MoveSouth;(12, 13);1;3759
12;0.5;MoveSouth;(12, 10);MoveSouth;(12, 14);1;3760
12;0.5;MoveSouthWest;(12, 10);MoveSouth;(12, 15);1;3761
12;0.5;MoveSouthWest;(12, 10);;(12, 15);1;3762
12;0.5;MoveSouthWest;(12, 10);MoveSouth;(12, 16);1;3763
12;0.5;MoveSouthWest;(12, 10);;(12, 16);1;3764
12;0.5;MoveSouthWest;(12, 10);;(12, 16);1;3765
12;0.5;MoveSouthWest;(12, 10);;(12, 16);1;3766
12;0.5;MoveSouthWest;(12, 10);MoveSouth;(12, 17);1;3767
12;0.5;MoveSouthWest;(12, 10);;(12, 17);1;3768
12;0.5;MoveSouthWest;(12, 10);;(12, 17);1;3769
12;0.5;MoveSouthWest;(12, 10);;(12, 17);1;3770
12;0.5;MoveSouthWest;(12, 10);;(12, 17);1;3771
12;0.5;MoveSouthWest;(12, 10);;(12, 17);1;3772
12;0.5;MoveSouthWest;(12, 10);;(12, 17);1;3773
12;0.5;MoveSouthWest;(11, 11);;(12, 17);1;3774
12;0.5;MoveSouthWest;(11, 11);;(12, 17);1;3775
12;0.5;MoveSouthWest;(11, 11);;(12, 17);1;3776
12;0.5;MoveSouthWest;(11, 11);;(12, 17);1;3777
12;0.5;MoveSouthWest;(11, 11);;(12, 17);1;3778
12;0.5;MoveSouthWest;(11, 11);;(12, 17);1;3779
12;0.5;MoveSouthWest;(11, 11);;(12, 17);1;3780
12;0.5;MoveSouthWest;(11, 11);MoveWest;(11, 17);1;3781
12;0.5;MoveSouthWest;(11, 11);;(11, 17);1;3782
12;0.5;MoveSouthWest;(11, 11);MoveWest;(10, 17);1;3783
12;0.5;MoveSouthWest;(11, 11);MoveWest;(9, 17);1;3784
12;0.5;MoveSouthWest;(11, 11);;(9, 17);1;3785
12;0.5;MoveSouthWest;(11, 11);MoveWest;(8, 17);1;3786
12;0.5;MoveSouthWest;(11, 11);;(8, 17);1;3787
12;0.5;MoveSouthWest;(10, 12);MoveWest;(8, 17);1;3788
12;0.5;MoveWest;(10, 12);MoveWest;(8, 17);1;3789
12;0.5;MoveWest;(10, 12);MoveWest;(8, 17);1;3790
12;0.5;MoveWest;(10, 12);MoveWest;(8, 17);1;3791
12;0.5;MoveWest;(10, 12);MoveWest;(8, 17);1;3792
12;0.5;MoveWest;(10, 12);MoveWest;(7, 17);1;3793
12;0.5;MoveWest;(10, 12);MoveWest;(7, 17);1;3794
12;0.5;MoveWest;(10, 12);MoveWest;(7, 17);1;3795
12;0.5;MoveWest;(10, 12);MoveWest;(7, 17);1;3796
12;0.5;MoveWest;(10, 12);MoveWest;(7, 17);1;3797
12;0.5;MoveWest;(10, 12);MoveWest;(7, 17);1;3798
12;0.5;MoveWest;(10, 12);MoveWest;(6, 17);1;3799
12;0.5;MoveWest;(10, 12);MoveWest;(6, 17);1;3800
12;0.5;MoveWest;(10, 12);MoveWest;(6, 17);1;3801
12;0.5;MoveWest;(9, 12);MoveWest;(6, 17);1;3802
12;0.5;MoveWest;(9, 12);MoveWest;(6, 17);1;3803
12;0.5;MoveWest;(9, 12);MoveWest;(6, 17);1;3804
12;0.5;MoveWest;(9, 12);MoveWest;(5, 17);1;3805
12;0.5;MoveWest;(9, 12);MoveWest;(5, 17);1;3806
12;0.5;MoveWest;(9, 12);MoveWest;(5, 17);1;3807
12;0.5;MoveWest;(9, 12);MoveWest;(5, 17);1;3808
12;0.5;MoveWest;(9, 12);MoveWest;(5, 17);1;3809
12;0.5;MoveWest;(9, 12);MoveWest;(5, 17);1;3810
12;0.5;MoveWest;(9, 12);MoveWest;(4, 17);1;3811
12;0.5;MoveWest;(9, 12);MoveWest;(4, 17);1;3812
12;0.5;MoveWest;(9, 12);MoveWest;(4, 17);1;3813
12;0.5;MoveWest;(9, 12);MoveWest;(4, 17);1;3814
12;0.5;MoveWest;(9, 12);MoveWest;(4, 17);1;3815
12;0.5;MoveWest;(8, 12);MoveWest;(4, 17);1;3816
12;0.5;MoveWest;(8, 12);MoveWest;(3, 17);1;3817
12;0.5;MoveWest;(8, 12);;(3, 17);1;3818
12;0.5;MoveWest;(8, 12);;(3, 17);1;3819
12;0.5;MoveWest;(8, 12);;(3, 17);1;3820
12;0.5;MoveWest;(8, 12);;(3, 17);1;3821
12;0.5;MoveWest;(8, 12);;(3, 17);1;3822
12;0.5;MoveWest;(8, 12);;(3, 17);1;3823
12;0.5;MoveWest;(8, 12);;(3, 17);1;3824
12;0.5;MoveWest;(8, 12);;(3, 17);1;3825
12;0.5;MoveWest;(8, 12);;(3, 17);1;3826
12;0.5;MoveWest;(8, 12);;(3, 17);1;3827
12;0.5;MoveWest;(8, 12);;(3, 17);1;3828
12;0.5;MoveWest;(8, 12);;(3, 17);1;3829
12;0.5;MoveWest;(7, 12);;(3, 17);1;3830
12;0.5;MoveSouthWest;(7, 12);;(3, 17);1;3831
12;0.5;MoveSouthWest;(7, 12);;(3, 17);1;3832
12;0.5;MoveSouthWest;(7, 12);;(3, 17);1;3833
12;0.5;MoveSouthWest;(7, 12);;(3, 17);1;3834
12;0.5;MoveSouthWest;(7, 12);;(3, 17);1;3835
12;0.5;MoveSouthWest;(7, 12);;(3, 17);1;3836
12;0.5;MoveSouthWest;(7, 12);;(3, 17);1;3837
12;0.5;MoveSouthWest;(7, 12);;(3, 17);1;3838
12;0.5;MoveSouthWest;(7, 12);;(3, 17);1;3839
12;0.5;MoveSouthWest;(7, 12);;(3, 17);1;3840
12;0.5;MoveSouthWest;(7, 12);;(3, 17);1;3841
12;0.5;MoveSouthWest;(7, 12);;(3, 17);1;3842
12;0.5;MoveSouthWest;(7, 12);;(3, 17);1;3843
12;0.5;MoveSouthWest;(6, 13);;(3, 17);1;3844
12;0.5;MoveSouth;(6, 13);;(3, 17);1;3845
12;0.5;MoveSouth;(6, 13);;(3, 17);1;3846
12;0.5;MoveSouth;(6, 13);;(3, 17);1;3847
12;0.5;MoveSouth;(6, 13);;(3, 17);1;3848
12;0.5;MoveSouth;(6, 13);;(3, 17);1;3849
12;0.5;MoveSouth;(6, 13);;(3, 17);1;3850
12;0.5;MoveSouth;(6, 13);;(3, 17);1;3851
12;0.5;MoveSouth;(6, 13);;(3, 17);1;3852
12;0.5;MoveSouth;(6, 13);;(3, 17);1;3853
12;0.5;MoveSouth;(6, 13);;(3, 17);1;3854
12;0.5;MoveSouth;(6, 13);;(3, 17);1;3855
12;0.5;MoveSouth;(6, 13);;(3, 17);1;3856
12;0.5;MoveSouth;(6, 13);;(3, 17);1;3857
12;0.5;MoveSouth;(6, 14);;(3, 17);1;3858
12;0.5;MoveSouth;(6, 14);;(3, 17);1;3859
12;0.5;MoveSouth;(6, 14);;(3, 17);1;3860
12;0.5;MoveSouth;(6, 14);;(3, 17);1;3861
12;0.5;MoveSouth;(6, 14);;(3, 17);1;3862
12;0.5;MoveSouth;(6, 14);;(3, 17);1;3863
12;0.5;MoveSouth;(6, 14);;(3, 17);1;3864
12;0.5;MoveSouth;(6, 14);;(3, 17);1;3865
12;0.5;MoveSouth;(6, 14);;(3, 17);1;3866
12;0.5;MoveSouth;(6, 14);;(3, 17);1;3867
12;0.5;MoveSouth;(6, 14);;(3, 17);1;3868
12;0.5;MoveSouth;(6, 14);;(3, 17);1;3869
12;0.5;MoveSouth;(6, 14);;(3, 17);1;3870
12;0.5;MoveSouth;(6, 14);;(3, 17);1;3871
12;0.5;MoveSouth;(6, 15);;(3, 17);1;3872
12;0.5;MoveSouth;(6, 15);;(3, 17);1;3873
12;0.5;MoveSouth;(6, 15);;(3, 17);1;3874
12;0.5;MoveSouth;(6, 15);;(3, 17);1;3875
12;0.5;MoveSouth;(6, 15);;(3, 17);1;3876
12;0.5;MoveSouth;(6, 15);;(3, 17);1;3877
12;0.5;MoveSouth;(6, 15);;(3, 17);1;3878
12;0.5;MoveSouth;(6, 15);;(3, 17);1;3879
12;0.5;MoveSouth;(6, 15);;(3, 17);1;3880
12;0.5;MoveSouth;(6, 15);;(3, 17);1;3881
12;0.5;MoveSouth;(6, 15);;(3, 17);1;3882
12;0.5;MoveSouth;(6, 15);;(3, 17);1;3883
12;0.5;MoveSouth;(6, 15);;(3, 17);1;3884
12;0.5;MoveSouth;(6, 15);;(3, 17);1;3885
12;0.5;MoveSouth;(6, 16);;(3, 17);1;3886
12;0.5;MoveSouthWest;(6, 16);;(3, 17);1;3887
12;0.5;MoveSouthWest;(6, 16);;(3, 17);1;3888
12;0.5;MoveSouthWest;(6, 16);;(3, 17);1;3889
12;0.5;MoveSouthWest;(6, 16);;(3, 17);1;3890
12;0.5;MoveSouthWest;(6, 16);;(3, 17);1;3891
12;0.5;MoveSouthWest;(6, 16);;(3, 17);1;3892
12;0.5;MoveSouthWest;(6, 16);;(3, 17);1;3893
12;0.5;MoveSouthWest;(6, 16);;(3, 17);1;3894
12;0.5;MoveSouthWest;(6, 16);;(3, 17);1;3895
12;0.5;MoveSouthWest;(6, 16);;(3, 17);1;3896
12;0.5;MoveSouthWest;(6, 16);;(3, 17);1;3897
12;0.5;MoveSouthWest;(6, 16);;(3, 17);1;3898
12;0.5;MoveSouthWest;(6, 16);;(3, 17);1;3899
12;0.5;MoveSouthWest;(5, 17);;(3, 17);1;3900
12;0.5;MoveWest;(5, 17);;(3, 17);1;3901
12;0.5;MoveWest;(5, 17);;(3, 17);1;3902
12;0.5;MoveWest;(5, 17);;(3, 17);1;3903
12;0.5;MoveWest;(5, 17);;(3, 17);1;3904
12;0.5;MoveWest;(5, 17);;(3, 17);1;3905
12;0.5;MoveWest;(5, 17);;(3, 17);1;3906
12;0.5;MoveWest;(5, 17);;(3, 17);1;3907
12;0.5;MoveWest;(5, 17);;(3, 17);1;3908
12;0.5;MoveWest;(5, 17);;(3, 17);1;3909
12;0.5;MoveWest;(5, 17);;(3, 17);1;3910
12;0.5;MoveWest;(5, 17);;(3, 17);1;3911
12;0.5;MoveWest;(5, 17);;(3, 17);1;3912
12;0.5;MoveWest;(5, 17);;(3, 17);1;3913
12;0.5;MoveWest;(4, 17);;(3, 17);1;3914
12;0.5;MoveWest;(4, 17);;(3, 17);1;3915
12;0.5;MoveWest;(4, 17);;(3, 17);1;3916
12;0.5;MoveWest;(4, 17);;(3, 17);1;3917
12;0.5;MoveWest;(4, 17);;(3, 17);1;3918
12;0.5;MoveWest;(4, 17);;(3, 17);1;3919
12;0.5;MoveWest;(4, 17);;(3, 17);1;3920
12;0.5;MoveWest;(4, 17);;(3, 17);1;3921
12;0.5;MoveWest;(4, 17);;(3, 17);1;3922
12;0.5;MoveWest;(4, 17);;(3, 17);1;3923
12;0.5;MoveWest;(4, 17);;(3, 17);1;3924
12;0.5;MoveWest;(4, 17);;(3, 17);1;3925
12;0.5;MoveWest;(4, 17);;(3, 17);1;3926
12;0.5;MoveWest;(4, 17);;(3, 17);1;3927
12;0.5;MoveWest;(3, 17);;(3, 17);1;3928
12;0.5;;(3, 17);;(3, 17);1;3929
12;0.5;;(3, 17);;(3, 17);1;3930
12;0.5;;(3, 17);;(3, 17);1;3931
12;0.5;;(3, 17);;(3, 17);1;3932
12;0.5;;(3, 17);;(3, 17);1;3933
12;0.5;;(3, 17);;(3, 17);1;3934
12;0.5;;(3, 17);;(3, 17);1;3935
12;0.5;;(3, 17);;(3, 17);1;3936
12;0.5;;(3, 17);;(3, 17);1;3937
12;0.5;;(3, 17);;(3, 17);1;3938
12;0.5;;(3, 17);;(3, 17);1;3939
12;0.5;;(3, 17);;(3, 17);1;3940
12;0.5;;(3, 17);;(3, 17);1;3941
12;0.5;;(3, 17);;(3, 17);1;3942
12;0.5;;(3, 17);;(3, 17);1;3943
12;0.5;;(3, 17);;(3, 17);1;3944
12;0.5;;(3, 17);;(3, 17);1;3945
12;0.5;;(3, 17);;(3, 17);1;3946
12;0.5;;(3, 17);;(3, 17);1;3947
12;0.5;;(3, 17);;(3, 17);1;3948
12;0.5;;(3, 17);;(3, 17);1;3949
12;0.5;;(3, 17);;(3, 17);1;3950
12;0.5;;(3, 17);;(3, 17);1;3951
12;0.5;;(3, 17);;(3, 17);1;3952
12;0.5;;(3, 17);;(3, 17);1;3953
12;0.5;;(3, 17);;(3, 17);1;3954
12;0.5;;(3, 17);RemoveObjectTogether;(3, 17);1;3955
12;0.5;;(3, 17);RemoveObjectTogether;(3, 17);1;3956
12;0.5;;(3, 17);RemoveObjectTogether;(3, 17);1;3957
12;0.5;;(3, 17);RemoveObjectTogether;(3, 17);1;3958
12;0.5;;(3, 17);RemoveObjectTogether;(3, 17);1;3959
12;0.5;;(3, 17);RemoveObjectTogether;(3, 17);1;3960
12;0.5;;(3, 17);RemoveObjectTogether;(3, 17);1;3961
12;0.5;;(3, 17);RemoveObjectTogether;(3, 17);1;3962
12;0.5;;(3, 17);RemoveObjectTogether;(3, 17);1;3963
12;0.5;;(3, 17);RemoveObjectTogether;(3, 17);1;3964
12;0.5;;(3, 17);RemoveObjectTogether;(3, 17);1;3965
12;0.5;;(3, 17);RemoveObjectTogether;(3, 17);1;3966
12;0.5;;(3, 17);RemoveObjectTogether;(3, 17);1;3967
12;0.5;;(3, 17);RemoveObjectTogether;(3, 17);1;3968
12;0.5;;(3, 17);RemoveObjectTogether;(3, 17);1;3969
12;0.5;;(3, 17);RemoveObjectTogether;(3, 17);1;3970
12;0.5;;(3, 17);RemoveObjectTogether;(3, 17);1;3971
12;0.5;;(3, 17);RemoveObjectTogether;(3, 17);1;3972
12;0.5;;(3, 17);RemoveObjectTogether;(3, 17);1;3973
12;0.5;;(3, 17);RemoveObjectTogether;(3, 17);1;3974
12;0.5;;(3, 17);RemoveObjectTogether;(3, 17);1;3975
12;0.5;;(3, 17);RemoveObjectTogether;(3, 17);1;3976
12;0.5;;(3, 17);RemoveObjectTogether;(3, 17);1;3977
12;0.5;;(3, 17);RemoveObjectTogether;(3, 17);1;3978
12;0.5;;(3, 17);RemoveObjectTogether;(3, 17);1;3979
12;0.5;;(3, 17);RemoveObjectTogether;(3, 17);1;3980
12;0.5;;(3, 17);RemoveObjectTogether;(3, 17);1;3981
12;0.5;;(3, 17);RemoveObjectTogether;(3, 17);1;3982
12;0.5;;(3, 17);RemoveObjectTogether;(3, 17);1;3983
12;0.5;;(3, 17);RemoveObjectTogether;(3, 17);1;3984
12;0.5;;(3, 17);RemoveObjectTogether;(3, 17);1;3985
12;0.5;;(3, 17);RemoveObjectTogether;(3, 17);1;3986
12;0.5;;(3, 17);RemoveObjectTogether;(3, 17);1;3987
12;0.5;;(3, 17);RemoveObjectTogether;(3, 17);1;3988
12;0.5;;(3, 17);RemoveObjectTogether;(3, 17);1;3989
12;0.5;;(3, 17);RemoveObjectTogether;(3, 17);1;3990
12;0.5;;(3, 17);RemoveObjectTogether;(3, 17);1;3991
12;0.5;;(3, 17);RemoveObjectTogether;(3, 17);1;3992
12;0.5;;(3, 17);RemoveObjectTogether;(3, 17);1;3993
12;0.5;;(3, 17);RemoveObjectTogether;(3, 17);1;3994
12;0.5;;(3, 17);RemoveObjectTogether;(3, 17);1;3995
12;0.5;;(3, 17);RemoveObjectTogether;(3, 17);1;3996
12;0.5;;(3, 17);RemoveObjectTogether;(3, 17);1;3997
12;0.5;;(3, 17);RemoveObjectTogether;(3, 17);1;3998
12;0.5;;(3, 17);RemoveObjectTogether;(3, 17);1;3999
12;0.5;;(3, 17);RemoveObjectTogether;(3, 17);1;4000
12;0.5;;(3, 17);RemoveObjectTogether;(3, 17);1;4001
12;0.5;;(3, 17);RemoveObjectTogether;(3, 17);1;4002
12;0.5;;(3, 17);RemoveObjectTogether;(3, 17);1;4003
12;0.5;;(3, 17);RemoveObjectTogether;(3, 17);1;4004
12;0.5;;(3, 17);RemoveObjectTogether;(3, 17);1;4005
12;0.5;MoveNorth;(3, 17);;(3, 17);1;4006
12;0.5;MoveNorth;(3, 17);;(3, 17);1;4007
12;0.5;MoveNorth;(3, 17);;(3, 17);1;4008
12;0.5;MoveNorth;(3, 17);;(3, 17);1;4009
12;0.5;MoveNorth;(3, 17);;(3, 17);1;4010
12;0.5;MoveNorth;(3, 17);;(3, 17);1;4011
12;0.5;MoveNorth;(3, 17);;(3, 17);1;4012
12;0.5;MoveNorth;(3, 17);;(3, 17);1;4013
12;0.5;MoveNorth;(3, 16);;(3, 17);1;4014
12;0.5;MoveNorthWest;(3, 16);;(3, 17);1;4015
12;0.5;MoveNorthWest;(3, 16);MoveSouth;(3, 18);1;4016
12;0.5;MoveNorthWest;(3, 16);;(3, 18);1;4017
12;0.5;MoveNorthWest;(3, 16);;(3, 18);1;4018
12;0.5;MoveNorthWest;(3, 16);;(3, 18);1;4019
12;0.5;MoveNorthWest;(3, 16);;(3, 18);1;4020
12;0.5;MoveNorthWest;(3, 16);;(3, 18);1;4021
12;0.5;MoveNorthWest;(3, 16);;(3, 18);1;4022
12;0.5;MoveNorthWest;(2, 15);;(3, 18);1;4023
12;0.5;MoveNorth;(2, 15);;(3, 18);1;4024
12;0.5;MoveNorth;(2, 15);;(3, 18);1;4025
12;0.5;MoveNorth;(2, 15);;(3, 18);1;4026
12;0.5;MoveNorth;(2, 15);;(3, 18);1;4027
12;0.5;MoveNorth;(2, 15);;(3, 18);1;4028
12;0.5;MoveNorth;(2, 15);;(3, 18);1;4029
12;0.5;MoveNorth;(2, 15);;(3, 18);1;4030
12;0.5;MoveNorth;(2, 15);;(3, 18);1;4031
12;0.5;MoveNorth;(2, 14);;(3, 18);1;4032
12;0.5;MoveSouthEast;(2, 14);;(3, 18);1;4033
12;0.5;MoveSouthEast;(2, 14);;(3, 18);1;4034
12;0.5;MoveSouthEast;(2, 14);;(3, 18);1;4035
12;0.5;MoveSouthEast;(2, 14);;(3, 18);1;4036
12;0.5;MoveSouthEast;(2, 14);;(3, 18);1;4037
12;0.5;MoveSouthEast;(2, 14);;(3, 18);1;4038
12;0.5;MoveSouthEast;(2, 14);;(3, 18);1;4039
12;0.5;MoveSouthEast;(2, 14);;(3, 18);1;4040
12;0.5;MoveSouthEast;(3, 15);;(3, 18);1;4041
12;0.5;MoveNorthEast;(3, 15);;(3, 18);1;4042
12;0.5;MoveNorthEast;(3, 15);;(3, 18);1;4043
12;0.5;MoveNorthEast;(3, 15);;(3, 18);1;4044
12;0.5;MoveNorthEast;(3, 15);;(3, 18);1;4045
12;0.5;MoveNorthEast;(3, 15);;(3, 18);1;4046
12;0.5;MoveNorthEast;(3, 15);;(3, 18);1;4047
12;0.5;MoveNorthEast;(3, 15);;(3, 18);1;4048
12;0.5;MoveNorthEast;(3, 15);;(3, 18);1;4049
12;0.5;MoveNorthEast;(4, 14);;(3, 18);1;4050
12;0.5;Idle;(4, 14);;(3, 18);1;4051
12;0.5;Idle;(4, 14);;(3, 18);1;4052
12;0.5;Idle;(4, 14);;(3, 18);1;4053
12;0.5;Idle;(4, 14);;(3, 18);1;4054
12;0.5;Idle;(4, 14);;(3, 18);1;4055
12;0.5;Idle;(4, 14);;(3, 18);1;4056
12;0.5;Idle;(4, 14);;(3, 18);1;4057
12;0.5;Idle;(4, 14);;(3, 18);1;4058
12;0.5;Idle;(4, 14);;(3, 18);1;4059
12;0.5;Idle;(4, 14);;(3, 18);1;4060
12;0.5;Idle;(4, 14);;(3, 18);1;4061
12;0.5;Idle;(4, 14);;(3, 18);1;4062
12;0.5;Idle;(4, 14);;(3, 18);1;4063
12;0.5;Idle;(4, 14);;(3, 18);1;4064
12;0.5;Idle;(4, 14);;(3, 18);1;4065
12;0.5;Idle;(4, 14);;(3, 18);1;4066
12;0.5;Idle;(4, 14);;(3, 18);1;4067
12;0.5;Idle;(4, 14);;(3, 18);1;4068
12;0.5;Idle;(4, 14);;(3, 18);1;4069
12;0.5;Idle;(4, 14);;(3, 18);1;4070
12;0.5;Idle;(4, 14);;(3, 18);1;4071
12;0.5;Idle;(4, 14);;(3, 18);1;4072
12;0.5;Idle;(4, 14);;(3, 18);1;4073
12;0.5;Idle;(4, 14);;(3, 18);1;4074
12;0.5;Idle;(4, 14);;(3, 18);1;4075
12;0.5;Idle;(4, 14);;(3, 18);1;4076
