score;completeness;rescuebot_action;rescuebot_location;alice_action;alice_location;world_nr;tick_nr
0;0.0;;(22, 11);;(22, 12);1;0
0;0.0;;(22, 11);;(22, 12);1;1
0;0.0;;(22, 11);;(22, 12);1;2
0;0.0;;(22, 11);;(22, 12);1;3
0;0.0;;(22, 11);;(22, 12);1;4
0;0.0;;(22, 11);;(22, 12);1;5
0;0.0;;(22, 11);;(22, 12);1;6
0;0.0;;(22, 11);;(22, 12);1;7
0;0.0;;(22, 11);;(22, 12);1;8
0;0.0;;(22, 11);;(22, 12);1;9
0;0.0;;(22, 11);;(22, 12);1;10
0;0.0;;(22, 11);;(22, 12);1;11
0;0.0;;(22, 11);;(22, 12);1;12
0;0.0;;(22, 11);;(22, 12);1;13
0;0.0;;(22, 11);;(22, 12);1;14
0;0.0;;(22, 11);;(22, 12);1;15
0;0.0;;(22, 11);;(22, 12);1;16
0;0.0;;(22, 11);;(22, 12);1;17
0;0.0;;(22, 11);;(22, 12);1;18
0;0.0;;(22, 11);;(22, 12);1;19
0;0.0;;(22, 11);;(22, 12);1;20
0;0.0;;(22, 11);;(22, 12);1;21
0;0.0;;(22, 11);;(22, 12);1;22
0;0.0;;(22, 11);;(22, 12);1;23
0;0.0;;(22, 11);;(22, 12);1;24
0;0.0;;(22, 11);;(22, 12);1;25
0;0.0;;(22, 11);;(22, 12);1;26
0;0.0;;(22, 11);;(22, 12);1;27
0;0.0;;(22, 11);;(22, 12);1;28
0;0.0;;(22, 11);;(22, 12);1;29
0;0.0;;(22, 11);;(22, 12);1;30
0;0.0;;(22, 11);;(22, 12);1;31
0;0.0;;(22, 11);;(22, 12);1;32
0;0.0;;(22, 11);;(22, 12);1;33
0;0.0;;(22, 11);;(22, 12);1;34
0;0.0;;(22, 11);;(22, 12);1;35
0;0.0;;(22, 11);;(22, 12);1;36
0;0.0;;(22, 11);;(22, 12);1;37
0;0.0;;(22, 11);;(22, 12);1;38
0;0.0;;(22, 11);;(22, 12);1;39
0;0.0;;(22, 11);;(22, 12);1;40
0;0.0;;(22, 11);;(22, 12);1;41
0;0.0;;(22, 11);;(22, 12);1;42
0;0.0;;(22, 11);;(22, 12);1;43
0;0.0;;(22, 11);;(22, 12);1;44
0;0.0;;(22, 11);;(22, 12);1;45
0;0.0;;(22, 11);;(22, 12);1;46
0;0.0;;(22, 11);;(22, 12);1;47
0;0.0;;(22, 11);;(22, 12);1;48
0;0.0;;(22, 11);;(22, 12);1;49
0;0.0;;(22, 11);;(22, 12);1;50
0;0.0;;(22, 11);;(22, 12);1;51
0;0.0;;(22, 11);;(22, 12);1;52
0;0.0;;(22, 11);;(22, 12);1;53
0;0.0;;(22, 11);;(22, 12);1;54
0;0.0;;(22, 11);;(22, 12);1;55
0;0.0;;(22, 11);;(22, 12);1;56
0;0.0;;(22, 11);;(22, 12);1;57
0;0.0;;(22, 11);;(22, 12);1;58
0;0.0;;(22, 11);;(22, 12);1;59
0;0.0;;(22, 11);;(22, 12);1;60
0;0.0;;(22, 11);;(22, 12);1;61
0;0.0;;(22, 11);;(22, 12);1;62
0;0.0;;(22, 11);;(22, 12);1;63
0;0.0;;(22, 11);;(22, 12);1;64
0;0.0;;(22, 11);;(22, 12);1;65
0;0.0;;(22, 11);;(22, 12);1;66
0;0.0;;(22, 11);;(22, 12);1;67
0;0.0;;(22, 11);;(22, 12);1;68
0;0.0;;(22, 11);;(22, 12);1;69
0;0.0;;(22, 11);;(22, 12);1;70
0;0.0;;(22, 11);;(22, 12);1;71
0;0.0;;(22, 11);;(22, 12);1;72
0;0.0;;(22, 11);;(22, 12);1;73
0;0.0;;(22, 11);;(22, 12);1;74
0;0.0;;(22, 11);;(22, 12);1;75
0;0.0;;(22, 11);;(22, 12);1;76
0;0.0;;(22, 11);;(22, 12);1;77
0;0.0;;(22, 11);;(22, 12);1;78
0;0.0;;(22, 11);;(22, 12);1;79
0;0.0;;(22, 11);;(22, 12);1;80
0;0.0;;(22, 11);;(22, 12);1;81
0;0.0;;(22, 11);;(22, 12);1;82
0;0.0;;(22, 11);;(22, 12);1;83
0;0.0;;(22, 11);;(22, 12);1;84
0;0.0;;(22, 11);;(22, 12);1;85
0;0.0;;(22, 11);;(22, 12);1;86
0;0.0;;(22, 11);;(22, 12);1;87
0;0.0;;(22, 11);;(22, 12);1;88
0;0.0;;(22, 11);;(22, 12);1;89
0;0.0;;(22, 11);;(22, 12);1;90
0;0.0;;(22, 11);;(22, 12);1;91
0;0.0;;(22, 11);;(22, 12);1;92
0;0.0;;(22, 11);;(22, 12);1;93
0;0.0;;(22, 11);;(22, 12);1;94
0;0.0;;(22, 11);;(22, 12);1;95
0;0.0;;(22, 11);MoveSouth;(22, 13);1;96
0;0.0;;(22, 11);MoveWest;(21, 13);1;97
0;0.0;MoveNorth;(22, 11);MoveSouth;(21, 14);1;98
0;0.0;MoveNorth;(22, 11);;(21, 14);1;99
0;0.0;MoveNorth;(22, 11);MoveWest;(20, 14);1;100
0;0.0;MoveNorth;(22, 11);MoveSouth;(20, 15);1;101
0;0.0;MoveNorth;(22, 11);;(20, 15);1;102
0;0.0;MoveNorth;(22, 11);;(20, 15);1;103
0;0.0;MoveNorth;(22, 11);;(20, 15);1;104
0;0.0;MoveNorth;(22, 11);;(20, 15);1;105
0;0.0;MoveNorth;(22, 10);MoveWest;(19, 15);1;106
0;0.0;MoveNorth;(22, 10);;(19, 15);1;107
0;0.0;MoveNorth;(22, 10);MoveWest;(18, 15);1;108
0;0.0;MoveNorth;(22, 10);;(18, 15);1;109
0;0.0;MoveNorth;(22, 10);MoveSouth;(18, 15);1;110
0;0.0;MoveNorth;(22, 10);MoveSouth;(18, 15);1;111
0;0.0;MoveNorth;(22, 10);MoveSouth;(18, 15);1;112
0;0.0;MoveNorth;(22, 10);MoveSouth;(18, 15);1;113
0;0.0;MoveNorth;(22, 10);MoveSouth;(18, 15);1;114
0;0.0;MoveNorth;(22, 9);MoveSouth;(18, 16);1;115
0;0.0;MoveNorth;(22, 9);MoveSouth;(18, 16);1;116
0;0.0;MoveNorth;(22, 9);MoveSouth;(18, 16);1;117
0;0.0;MoveNorth;(22, 9);MoveSouth;(18, 16);1;118
0;0.0;MoveNorth;(22, 9);MoveSouth;(18, 16);1;119
0;0.0;MoveNorth;(22, 9);MoveSouth;(18, 16);1;120
0;0.0;MoveNorth;(22, 9);MoveSouth;(18, 17);1;121
0;0.0;MoveNorth;(22, 9);MoveSouth;(18, 17);1;122
0;0.0;MoveNorth;(22, 9);MoveSouth;(18, 17);1;123
0;0.0;MoveNorth;(22, 8);MoveSouth;(18, 17);1;124
0;0.0;MoveNorth;(22, 8);MoveSouth;(18, 17);1;125
0;0.0;MoveNorth;(22, 8);MoveSouth;(18, 17);1;126
0;0.0;MoveNorth;(22, 8);MoveSouth;(18, 18);1;127
0;0.0;MoveNorth;(22, 8);MoveWest;(17, 18);1;128
0;0.0;MoveNorth;(22, 8);;(17, 18);1;129
0;0.0;MoveNorth;(22, 8);;(17, 18);1;130
0;0.0;MoveNorth;(22, 8);MoveSouth;(17, 18);1;131
0;0.0;MoveNorth;(22, 8);;(17, 18);1;132
0;0.0;MoveNorth;(22, 7);MoveWest;(16, 18);1;133
0;0.0;MoveNorthWest;(22, 7);;(16, 18);1;134
0;0.0;MoveNorthWest;(22, 7);;(16, 18);1;135
0;0.0;MoveNorthWest;(22, 7);;(16, 18);1;136
0;0.0;MoveNorthWest;(22, 7);MoveWest;(15, 18);1;137
0;0.0;MoveNorthWest;(22, 7);;(15, 18);1;138
0;0.0;MoveNorthWest;(22, 7);;(15, 18);1;139
0;0.0;MoveNorthWest;(22, 7);;(15, 18);1;140
0;0.0;MoveNorthWest;(22, 7);;(15, 18);1;141
0;0.0;MoveNorthWest;(21, 6);;(15, 18);1;142
0;0.0;MoveNorth;(21, 6);MoveWest;(14, 18);1;143
0;0.0;MoveNorth;(21, 6);;(14, 18);1;144
0;0.0;MoveNorth;(21, 6);MoveWest;(14, 18);1;145
0;0.0;MoveNorth;(21, 6);MoveWest;(14, 18);1;146
0;0.0;MoveNorth;(21, 6);MoveWest;(14, 18);1;147
0;0.0;MoveNorth;(21, 6);MoveWest;(14, 18);1;148
0;0.0;MoveNorth;(21, 6);MoveWest;(14, 18);1;149
0;0.0;MoveNorth;(21, 6);MoveWest;(13, 18);1;150
0;0.0;MoveNorth;(21, 5);MoveWest;(13, 18);1;151
0;0.0;MoveNorth;(21, 5);MoveWest;(13, 18);1;152
0;0.0;MoveNorth;(21, 5);MoveWest;(13, 18);1;153
0;0.0;MoveNorth;(21, 5);MoveWest;(13, 18);1;154
0;0.0;MoveNorth;(21, 5);MoveWest;(13, 18);1;155
0;0.0;MoveNorth;(21, 5);MoveWest;(12, 18);1;156
0;0.0;MoveNorth;(21, 5);;(12, 18);1;157
0;0.0;MoveNorth;(21, 5);;(12, 18);1;158
0;0.0;MoveNorth;(21, 5);;(12, 18);1;159
0;0.0;MoveNorth;(21, 4);;(12, 18);1;160
0;0.0;MoveNorthWest;(21, 4);;(12, 18);1;161
0;0.0;MoveNorthWest;(21, 4);;(12, 18);1;162
0;0.0;MoveNorthWest;(21, 4);;(12, 18);1;163
0;0.0;MoveNorthWest;(21, 4);;(12, 18);1;164
0;0.0;MoveNorthWest;(21, 4);;(12, 18);1;165
0;0.0;MoveNorthWest;(21, 4);;(12, 18);1;166
0;0.0;MoveNorthWest;(21, 4);;(12, 18);1;167
0;0.0;MoveNorthWest;(21, 4);;(12, 18);1;168
0;0.0;MoveNorthWest;(20, 3);;(12, 18);1;169
0;0.0;MoveNorth;(20, 3);;(12, 18);1;170
0;0.0;MoveNorth;(20, 3);;(12, 18);1;171
0;0.0;MoveNorth;(20, 3);;(12, 18);1;172
0;0.0;MoveNorth;(20, 3);MoveNorth;(12, 18);1;173
0;0.0;MoveNorth;(20, 3);MoveNorth;(12, 18);1;174
0;0.0;MoveNorth;(20, 3);MoveNorth;(12, 18);1;175
0;0.0;MoveNorth;(20, 3);MoveNorth;(12, 18);1;176
0;0.0;MoveNorth;(20, 3);MoveNorth;(12, 18);1;177
0;0.0;MoveNorth;(20, 2);MoveNorth;(12, 17);1;178
0;0.0;MoveSouthEast;(20, 2);MoveWest;(11, 17);1;179
0;0.0;MoveSouthEast;(20, 2);;(11, 17);1;180
0;0.0;MoveSouthEast;(20, 2);;(11, 17);1;181
0;0.0;MoveSouthEast;(20, 2);;(11, 17);1;182
0;0.0;MoveSouthEast;(20, 2);MoveWest;(10, 17);1;183
0;0.0;MoveSouthEast;(20, 2);;(10, 17);1;184
0;0.0;MoveSouthEast;(20, 2);MoveWest;(9, 17);1;185
0;0.0;MoveSouthEast;(20, 2);;(9, 17);1;186
0;0.0;MoveSouthEast;(21, 3);MoveSouth;(9, 18);1;187
0;0.0;MoveNorthEast;(21, 3);;(9, 18);1;188
0;0.0;MoveNorthEast;(21, 3);MoveSouth;(9, 18);1;189
0;0.0;MoveNorthEast;(21, 3);;(9, 18);1;190
0;0.0;MoveNorthEast;(21, 3);;(9, 18);1;191
0;0.0;MoveNorthEast;(21, 3);MoveSouth;(9, 18);1;192
0;0.0;MoveNorthEast;(21, 3);;(9, 18);1;193
0;0.0;MoveNorthEast;(21, 3);MoveWest;(8, 18);1;194
0;0.0;MoveNorthEast;(21, 3);;(8, 18);1;195
0;0.0;MoveNorthEast;(22, 2);MoveWest;(7, 18);1;196
0;0.0;Idle;(22, 2);MoveWest;(6, 18);1;197
0;0.0;Idle;(22, 2);;(6, 18);1;198
0;0.0;Idle;(22, 2);MoveWest;(5, 18);1;199
0;0.0;Idle;(22, 2);;(5, 18);1;200
0;0.0;Idle;(22, 2);MoveWest;(4, 18);1;201
0;0.0;Idle;(22, 2);MoveWest;(3, 18);1;202
0;0.0;Idle;(22, 2);;(3, 18);1;203
0;0.0;Idle;(22, 2);;(3, 18);1;204
0;0.0;Idle;(22, 2);;(3, 18);1;205
0;0.0;Idle;(22, 2);;(3, 18);1;206
0;0.0;Idle;(22, 2);MoveSouth;(3, 19);1;207
0;0.0;Idle;(22, 2);MoveSouth;(3, 20);1;208
0;0.0;Idle;(22, 2);;(3, 20);1;209
0;0.0;Idle;(22, 2);MoveSouth;(3, 21);1;210
0;0.0;Idle;(22, 2);;(3, 21);1;211
0;0.0;Idle;(22, 2);;(3, 21);1;212
0;0.0;Idle;(22, 2);;(3, 21);1;213
0;0.0;Idle;(22, 2);;(3, 21);1;214
0;0.0;Idle;(22, 2);MoveEast;(4, 21);1;215
0;0.0;Idle;(22, 2);;(4, 21);1;216
0;0.0;Idle;(22, 2);;(4, 21);1;217
0;0.0;Idle;(22, 2);;(4, 21);1;218
0;0.0;Idle;(22, 2);;(4, 21);1;219
0;0.0;Idle;(22, 2);;(4, 21);1;220
0;0.0;Idle;(22, 2);;(4, 21);1;221
0;0.0;Idle;(22, 2);;(4, 21);1;222
0;0.0;MoveSouthWest;(22, 2);;(4, 21);1;223
0;0.0;MoveSouthWest;(22, 2);;(4, 21);1;224
0;0.0;MoveSouthWest;(22, 2);;(4, 21);1;225
0;0.0;MoveSouthWest;(22, 2);;(4, 21);1;226
0;0.0;MoveSouthWest;(22, 2);;(4, 21);1;227
0;0.0;MoveSouthWest;(22, 2);;(4, 21);1;228
0;0.0;MoveSouthWest;(22, 2);;(4, 21);1;229
0;0.0;MoveSouthWest;(22, 2);;(4, 21);1;230
0;0.0;MoveSouthWest;(21, 3);;(4, 21);1;231
0;0.0;MoveSouth;(21, 3);;(4, 21);1;232
0;0.0;MoveSouth;(21, 3);;(4, 21);1;233
0;0.0;MoveSouth;(21, 3);;(4, 21);1;234
0;0.0;MoveSouth;(21, 3);;(4, 21);1;235
0;0.0;MoveSouth;(21, 3);;(4, 21);1;236
0;0.0;MoveSouth;(21, 3);;(4, 21);1;237
0;0.0;MoveSouth;(21, 3);;(4, 21);1;238
0;0.0;MoveSouth;(21, 3);;(4, 21);1;239
0;0.0;MoveSouth;(21, 4);;(4, 21);1;240
0;0.0;MoveSouthWest;(21, 4);;(4, 21);1;241
0;0.0;MoveSouthWest;(21, 4);;(4, 21);1;242
0;0.0;MoveSouthWest;(21, 4);;(4, 21);1;243
0;0.0;MoveSouthWest;(21, 4);;(4, 21);1;244
0;0.0;MoveSouthWest;(21, 4);;(4, 21);1;245
0;0.0;MoveSouthWest;(21, 4);;(4, 21);1;246
0;0.0;MoveSouthWest;(21, 4);;(4, 21);1;247
0;0.0;MoveSouthWest;(21, 4);;(4, 21);1;248
0;0.0;MoveSouthWest;(20, 5);;(4, 21);1;249
0;0.0;MoveWest;(20, 5);;(4, 21);1;250
0;0.0;MoveWest;(20, 5);;(4, 21);1;251
0;0.0;MoveWest;(20, 5);;(4, 21);1;252
0;0.0;MoveWest;(20, 5);;(4, 21);1;253
0;0.0;MoveWest;(20, 5);;(4, 21);1;254
0;0.0;MoveWest;(20, 5);;(4, 21);1;255
0;0.0;MoveWest;(20, 5);;(4, 21);1;256
0;0.0;MoveWest;(20, 5);;(4, 21);1;257
0;0.0;MoveWest;(20, 5);;(4, 21);1;258
0;0.0;MoveWest;(20, 5);;(4, 21);1;259
0;0.0;MoveWest;(20, 5);;(4, 21);1;260
0;0.0;MoveWest;(20, 5);;(4, 21);1;261
0;0.0;MoveWest;(20, 5);;(4, 21);1;262
0;0.0;MoveWest;(19, 5);;(4, 21);1;263
0;0.0;MoveWest;(19, 5);;(4, 21);1;264
0;0.0;MoveWest;(19, 5);;(4, 21);1;265
0;0.0;MoveWest;(19, 5);;(4, 21);1;266
0;0.0;MoveWest;(19, 5);;(4, 21);1;267
0;0.0;MoveWest;(19, 5);;(4, 21);1;268
0;0.0;MoveWest;(19, 5);;(4, 21);1;269
0;0.0;MoveWest;(19, 5);;(4, 21);1;270
0;0.0;MoveWest;(19, 5);;(4, 21);1;271
0;0.0;MoveWest;(19, 5);;(4, 21);1;272
0;0.0;MoveWest;(19, 5);;(4, 21);1;273
0;0.0;MoveWest;(19, 5);;(4, 21);1;274
0;0.0;MoveWest;(19, 5);;(4, 21);1;275
0;0.0;MoveWest;(19, 5);;(4, 21);1;276
0;0.0;MoveWest;(18, 5);;(4, 21);1;277
0;0.0;MoveWest;(18, 5);;(4, 21);1;278
0;0.0;MoveWest;(18, 5);;(4, 21);1;279
0;0.0;MoveWest;(18, 5);;(4, 21);1;280
0;0.0;MoveWest;(18, 5);;(4, 21);1;281
0;0.0;MoveWest;(18, 5);;(4, 21);1;282
0;0.0;MoveWest;(18, 5);;(4, 21);1;283
0;0.0;MoveWest;(18, 5);;(4, 21);1;284
0;0.0;MoveWest;(18, 5);;(4, 21);1;285
0;0.0;MoveWest;(17, 5);;(4, 21);1;286
0;0.0;MoveSouthWest;(17, 5);;(4, 21);1;287
0;0.0;MoveSouthWest;(17, 5);;(4, 21);1;288
0;0.0;MoveSouthWest;(17, 5);;(4, 21);1;289
0;0.0;MoveSouthWest;(17, 5);;(4, 21);1;290
0;0.0;MoveSouthWest;(17, 5);;(4, 21);1;291
0;0.0;MoveSouthWest;(17, 5);;(4, 21);1;292
0;0.0;MoveSouthWest;(17, 5);;(4, 21);1;293
0;0.0;MoveSouthWest;(17, 5);CarryObject;(4, 21);1;294
0;0.0;MoveSouthWest;(16, 6);;(4, 21);1;295
0;0.0;MoveWest;(16, 6);;(4, 21);1;296
0;0.0;MoveWest;(16, 6);;(4, 21);1;297
0;0.0;MoveWest;(16, 6);;(4, 21);1;298
0;0.0;MoveWest;(16, 6);MoveWest;(3, 21);1;299
0;0.0;MoveWest;(16, 6);;(3, 21);1;300
0;0.0;MoveWest;(16, 6);;(3, 21);1;301
0;0.0;MoveWest;(16, 6);;(3, 21);1;302
0;0.0;MoveWest;(16, 6);;(3, 21);1;303
0;0.0;MoveWest;(15, 6);MoveNorth;(3, 20);1;304
0;0.0;MoveWest;(15, 6);;(3, 20);1;305
0;0.0;MoveWest;(15, 6);MoveNorth;(3, 19);1;306
0;0.0;MoveWest;(15, 6);MoveNorth;(3, 18);1;307
0;0.0;MoveWest;(15, 6);;(3, 18);1;308
0;0.0;MoveWest;(15, 6);MoveNorth;(3, 17);1;309
0;0.0;MoveWest;(15, 6);;(3, 17);1;310
0;0.0;MoveWest;(15, 6);;(3, 17);1;311
0;0.0;MoveWest;(15, 6);;(3, 17);1;312
0;0.0;MoveWest;(14, 6);MoveEast;(4, 17);1;313
0;0.0;MoveWest;(14, 6);;(4, 17);1;314
0;0.0;MoveWest;(14, 6);MoveSouth;(4, 17);1;315
0;0.0;MoveWest;(14, 6);MoveSouth;(4, 17);1;316
0;0.0;MoveWest;(14, 6);MoveSouth;(4, 17);1;317
0;0.0;MoveWest;(14, 6);MoveSouth;(4, 17);1;318
0;0.0;MoveWest;(14, 6);MoveSouth;(4, 17);1;319
0;0.0;MoveWest;(14, 6);MoveSouth;(4, 18);1;320
0;0.0;MoveWest;(14, 6);MoveEast;(5, 18);1;321
0;0.0;MoveWest;(13, 6);MoveEast;(6, 18);1;322
0;0.0;MoveSouthWest;(13, 6);MoveEast;(7, 18);1;323
0;0.0;MoveSouthWest;(13, 6);;(7, 18);1;324
0;0.0;MoveSouthWest;(13, 6);MoveEast;(8, 18);1;325
0;0.0;MoveSouthWest;(13, 6);;(8, 18);1;326
0;0.0;MoveSouthWest;(13, 6);MoveEast;(9, 18);1;327
0;0.0;MoveSouthWest;(13, 6);MoveEast;(10, 18);1;328
0;0.0;MoveSouthWest;(13, 6);;(10, 18);1;329
0;0.0;MoveSouthWest;(13, 6);MoveEast;(10, 18);1;330
0;0.0;MoveSouthWest;(12, 7);MoveEast;(10, 18);1;331
0;0.0;MoveSouth;(12, 7);MoveEast;(10, 18);1;332
0;0.0;MoveSouth;(12, 7);MoveEast;(10, 18);1;333
0;0.0;MoveSouth;(12, 7);MoveEast;(10, 18);1;334
0;0.0;MoveSouth;(12, 7);MoveEast;(11, 18);1;335
0;0.0;MoveSouth;(12, 7);MoveEast;(11, 18);1;336
0;0.0;MoveSouth;(12, 7);MoveEast;(11, 18);1;337
0;0.0;MoveSouth;(12, 7);MoveEast;(11, 18);1;338
0;0.0;MoveSouth;(12, 7);MoveEast;(11, 18);1;339
0;0.0;MoveSouth;(12, 7);MoveEast;(11, 18);1;340
0;0.0;MoveSouth;(12, 7);MoveEast;(12, 18);1;341
0;0.0;MoveSouth;(12, 7);MoveEast;(12, 18);1;342
0;0.0;MoveSouth;(12, 7);MoveEast;(12, 18);1;343
0;0.0;MoveSouth;(12, 7);MoveEast;(12, 18);1;344
0;0.0;MoveSouth;(12, 8);MoveEast;(12, 18);1;345
0;0.0;MoveSouth;(12, 8);MoveEast;(12, 18);1;346
0;0.0;MoveSouth;(12, 8);MoveEast;(13, 18);1;347
0;0.0;MoveSouth;(12, 8);MoveEast;(13, 18);1;348
0;0.0;MoveSouth;(12, 8);MoveEast;(13, 18);1;349
0;0.0;MoveSouth;(12, 8);MoveEast;(13, 18);1;350
0;0.0;MoveSouth;(12, 8);MoveEast;(13, 18);1;351
0;0.0;MoveSouth;(12, 8);MoveEast;(13, 18);1;352
0;0.0;MoveSouth;(12, 8);MoveEast;(14, 18);1;353
0;0.0;MoveSouth;(12, 8);MoveEast;(14, 18);1;354
0;0.0;MoveSouth;(12, 8);MoveEast;(14, 18);1;355
0;0.0;MoveSouth;(12, 8);MoveEast;(14, 18);1;356
0;0.0;MoveSouth;(12, 8);MoveEast;(14, 18);1;357
0;0.0;MoveSouth;(12, 8);MoveEast;(14, 18);1;358
0;0.0;MoveSouth;(12, 9);MoveEast;(15, 18);1;359
0;0.0;MoveSouth;(12, 9);MoveEast;(16, 18);1;360
0;0.0;MoveSouth;(12, 9);MoveEast;(17, 18);1;361
0;0.0;MoveSouth;(12, 9);;(17, 18);1;362
0;0.0;MoveSouth;(12, 9);MoveEast;(18, 18);1;363
0;0.0;MoveSouth;(12, 9);MoveEast;(19, 18);1;364
0;0.0;MoveSouth;(12, 9);;(19, 18);1;365
0;0.0;MoveSouth;(12, 9);MoveEast;(20, 18);1;366
0;0.0;MoveSouth;(12, 9);;(20, 18);1;367
0;0.0;MoveSouth;(12, 9);MoveEast;(20, 18);1;368
0;0.0;MoveSouth;(12, 9);MoveEast;(20, 18);1;369
0;0.0;MoveSouth;(12, 9);MoveEast;(20, 18);1;370
0;0.0;MoveSouth;(12, 9);MoveEast;(20, 18);1;371
0;0.0;MoveSouth;(12, 9);MoveEast;(20, 18);1;372
0;0.0;MoveSouth;(12, 10);MoveEast;(21, 18);1;373
0;0.0;MoveSouthWest;(12, 10);MoveEast;(22, 18);1;374
0;0.0;MoveSouthWest;(12, 10);;(22, 18);1;375
0;0.0;MoveSouthWest;(12, 10);MoveEast;(23, 18);1;376
0;0.0;MoveSouthWest;(12, 10);MoveEast;(23, 18);1;377
0;0.0;MoveSouthWest;(12, 10);;(23, 18);1;378
0;0.0;MoveSouthWest;(12, 10);MoveEast;(23, 18);1;379
0;0.0;MoveSouthWest;(12, 10);MoveEast;(23, 18);1;380
0;0.0;MoveSouthWest;(12, 10);;(23, 18);1;381
0;0.0;MoveSouthWest;(12, 10);MoveNorth;(23, 17);1;382
0;0.0;MoveSouthWest;(12, 10);;(23, 17);1;383
0;0.0;MoveSouthWest;(12, 10);MoveNorth;(23, 16);1;384
0;0.0;MoveSouthWest;(12, 10);;(23, 16);1;385
0;0.0;MoveSouthWest;(12, 10);MoveNorth;(23, 15);1;386
0;0.0;MoveSouthWest;(11, 11);;(23, 15);1;387
0;0.0;MoveSouthWest;(11, 11);;(23, 15);1;388
0;0.0;MoveSouthWest;(11, 11);;(23, 15);1;389
0;0.0;MoveSouthWest;(11, 11);;(23, 15);1;390
3;0.125;MoveSouthWest;(11, 11);Drop;(23, 15);1;391
3;0.125;MoveSouthWest;(11, 11);;(23, 15);1;392
3;0.125;MoveSouthWest;(11, 11);;(23, 15);1;393
3;0.125;MoveSouthWest;(11, 11);;(23, 15);1;394
3;0.125;MoveSouthWest;(11, 11);;(23, 15);1;395
3;0.125;MoveSouthWest;(11, 11);MoveSouth;(23, 16);1;396
3;0.125;MoveSouthWest;(11, 11);;(23, 16);1;397
3;0.125;MoveSouthWest;(11, 11);MoveSouth;(23, 17);1;398
3;0.125;MoveSouthWest;(11, 11);MoveSouth;(23, 18);1;399
3;0.125;MoveSouthWest;(11, 11);;(23, 18);1;400
3;0.125;MoveSouthWest;(10, 12);;(23, 18);1;401
3;0.125;MoveWest;(10, 12);MoveWest;(22, 18);1;402
3;0.125;MoveWest;(10, 12);;(22, 18);1;403
3;0.125;MoveWest;(10, 12);;(22, 18);1;404
3;0.125;MoveWest;(10, 12);MoveWest;(21, 18);1;405
3;0.125;MoveWest;(10, 12);;(21, 18);1;406
3;0.125;MoveWest;(10, 12);MoveSouth;(21, 18);1;407
3;0.125;MoveWest;(10, 12);;(21, 18);1;408
3;0.125;MoveWest;(10, 12);;(21, 18);1;409
3;0.125;MoveWest;(10, 12);MoveWest;(20, 18);1;410
3;0.125;MoveWest;(10, 12);;(20, 18);1;411
3;0.125;MoveWest;(10, 12);MoveWest;(20, 18);1;412
3;0.125;MoveWest;(10, 12);MoveWest;(20, 18);1;413
3;0.125;MoveWest;(10, 12);MoveWest;(20, 18);1;414
3;0.125;MoveWest;(9, 12);MoveWest;(20, 18);1;415
3;0.125;MoveWest;(9, 12);MoveWest;(20, 18);1;416
3;0.125;MoveWest;(9, 12);MoveWest;(19, 18);1;417
3;0.125;MoveWest;(9, 12);MoveWest;(18, 18);1;418
3;0.125;MoveWest;(9, 12);MoveWest;(17, 18);1;419
3;0.125;MoveWest;(9, 12);;(17, 18);1;420
3;0.125;MoveWest;(9, 12);MoveWest;(16, 18);1;421
3;0.125;MoveWest;(9, 12);;(16, 18);1;422
3;0.125;MoveWest;(9, 12);MoveWest;(15, 18);1;423
3;0.125;MoveWest;(9, 12);;(15, 18);1;424
3;0.125;MoveWest;(9, 12);MoveWest;(14, 18);1;425
3;0.125;MoveWest;(9, 12);MoveWest;(14, 18);1;426
3;0.125;MoveWest;(9, 12);MoveWest;(14, 18);1;427
3;0.125;MoveWest;(9, 12);MoveWest;(14, 18);1;428
3;0.125;MoveWest;(8, 12);MoveWest;(14, 18);1;429
3;0.125;MoveWest;(8, 12);MoveWest;(14, 18);1;430
3;0.125;MoveWest;(8, 12);MoveWest;(13, 18);1;431
3;0.125;MoveWest;(8, 12);MoveWest;(13, 18);1;432
3;0.125;MoveWest;(8, 12);MoveWest;(13, 18);1;433
3;0.125;MoveWest;(8, 12);MoveWest;(13, 18);1;434
3;0.125;MoveWest;(8, 12);MoveWest;(13, 18);1;435
3;0.125;MoveWest;(8, 12);MoveWest;(13, 18);1;436
3;0.125;MoveWest;(8, 12);MoveWest;(12, 18);1;437
3;0.125;MoveWest;(8, 12);MoveWest;(12, 18);1;438
3;0.125;MoveWest;(8, 12);MoveWest;(12, 18);1;439
3;0.125;MoveWest;(8, 12);MoveWest;(12, 18);1;440
3;0.125;MoveWest;(8, 12);MoveWest;(12, 18);1;441
3;0.125;MoveWest;(8, 12);MoveWest;(12, 18);1;442
3;0.125;MoveWest;(7, 12);MoveWest;(11, 18);1;443
3;0.125;MoveSouthWest;(7, 12);MoveWest;(11, 18);1;444
3;0.125;MoveSouthWest;(7, 12);MoveWest;(11, 18);1;445
3;0.125;MoveSouthWest;(7, 12);MoveWest;(11, 18);1;446
3;0.125;MoveSouthWest;(7, 12);MoveWest;(11, 18);1;447
3;0.125;MoveSouthWest;(7, 12);MoveWest;(11, 18);1;448
3;0.125;MoveSouthWest;(7, 12);MoveWest;(10, 18);1;449
3;0.125;MoveSouthWest;(7, 12);MoveWest;(10, 18);1;450
3;0.125;MoveSouthWest;(7, 12);MoveWest;(10, 18);1;451
3;0.125;MoveSouthWest;(7, 12);MoveWest;(10, 18);1;452
3;0.125;MoveSouthWest;(7, 12);MoveWest;(10, 18);1;453
3;0.125;MoveSouthWest;(7, 12);MoveWest;(10, 18);1;454
3;0.125;MoveSouthWest;(7, 12);MoveWest;(9, 18);1;455
3;0.125;MoveSouthWest;(7, 12);MoveWest;(8, 18);1;456
3;0.125;MoveSouthWest;(6, 13);MoveWest;(7, 18);1;457
3;0.125;MoveSouth;(6, 13);;(7, 18);1;458
3;0.125;MoveSouth;(6, 13);MoveWest;(6, 18);1;459
3;0.125;MoveSouth;(6, 13);;(6, 18);1;460
3;0.125;MoveSouth;(6, 13);MoveWest;(5, 18);1;461
3;0.125;MoveSouth;(6, 13);;(5, 18);1;462
3;0.125;MoveSouth;(6, 13);MoveNorth;(5, 17);1;463
3;0.125;MoveSouth;(6, 13);;(5, 17);1;464
3;0.125;MoveSouth;(6, 13);;(5, 17);1;465
3;0.125;MoveSouth;(6, 13);;(5, 17);1;466
3;0.125;MoveSouth;(6, 13);;(5, 17);1;467
3;0.125;MoveSouth;(6, 13);;(5, 17);1;468
3;0.125;MoveSouth;(6, 13);;(5, 17);1;469
3;0.125;MoveSouth;(6, 13);;(5, 17);1;470
3;0.125;MoveSouth;(6, 14);MoveWest;(5, 17);1;471
3;0.125;MoveSouth;(6, 14);MoveWest;(5, 17);1;472
3;0.125;MoveSouth;(6, 14);MoveWest;(5, 17);1;473
3;0.125;MoveSouth;(6, 14);MoveWest;(5, 17);1;474
3;0.125;MoveSouth;(6, 14);MoveWest;(5, 17);1;475
3;0.125;MoveSouth;(6, 14);MoveWest;(4, 17);1;476
3;0.125;MoveSouth;(6, 14);MoveWest;(4, 17);1;477
3;0.125;MoveSouth;(6, 14);MoveWest;(4, 17);1;478
3;0.125;MoveSouth;(6, 14);MoveWest;(4, 17);1;479
3;0.125;MoveSouth;(6, 14);MoveWest;(4, 17);1;480
3;0.125;MoveSouth;(6, 14);MoveWest;(4, 17);1;481
3;0.125;MoveSouth;(6, 14);MoveWest;(3, 17);1;482
3;0.125;MoveSouth;(6, 14);MoveWest;(2, 17);1;483
3;0.125;MoveSouth;(6, 14);;(2, 17);1;484
3;0.125;MoveSouth;(6, 15);;(2, 17);1;485
3;0.125;MoveSouth;(6, 15);;(2, 17);1;486
3;0.125;MoveSouth;(6, 15);;(2, 17);1;487
3;0.125;MoveSouth;(6, 15);;(2, 17);1;488
3;0.125;MoveSouth;(6, 15);;(2, 17);1;489
3;0.125;MoveSouth;(6, 15);;(2, 17);1;490
3;0.125;MoveSouth;(6, 15);;(2, 17);1;491
3;0.125;MoveSouth;(6, 15);MoveEast;(2, 17);1;492
3;0.125;MoveSouth;(6, 15);MoveEast;(2, 17);1;493
3;0.125;MoveSouth;(6, 15);MoveEast;(2, 17);1;494
3;0.125;MoveSouth;(6, 15);MoveEast;(2, 17);1;495
3;0.125;MoveSouth;(6, 15);MoveEast;(2, 17);1;496
3;0.125;MoveSouth;(6, 15);MoveEast;(3, 17);1;497
3;0.125;MoveSouth;(6, 15);;(3, 17);1;498
3;0.125;MoveSouth;(6, 16);;(3, 17);1;499
3;0.125;MoveSouthWest;(6, 16);;(3, 17);1;500
3;0.125;MoveSouthWest;(6, 16);;(3, 17);1;501
3;0.125;MoveSouthWest;(6, 16);;(3, 17);1;502
3;0.125;MoveSouthWest;(6, 16);;(3, 17);1;503
3;0.125;MoveSouthWest;(6, 16);;(3, 17);1;504
3;0.125;MoveSouthWest;(6, 16);;(3, 17);1;505
3;0.125;MoveSouthWest;(6, 16);;(3, 17);1;506
3;0.125;MoveSouthWest;(6, 16);;(3, 17);1;507
3;0.125;MoveSouthWest;(6, 16);;(3, 17);1;508
3;0.125;MoveSouthWest;(6, 16);;(3, 17);1;509
3;0.125;MoveSouthWest;(6, 16);;(3, 17);1;510
3;0.125;MoveSouthWest;(6, 16);;(3, 17);1;511
3;0.125;MoveSouthWest;(6, 16);;(3, 17);1;512
3;0.125;MoveSouthWest;(5, 17);;(3, 17);1;513
3;0.125;MoveWest;(5, 17);;(3, 17);1;514
3;0.125;MoveWest;(5, 17);;(3, 17);1;515
3;0.125;MoveWest;(5, 17);;(3, 17);1;516
3;0.125;MoveWest;(5, 17);;(3, 17);1;517
3;0.125;MoveWest;(5, 17);;(3, 17);1;518
3;0.125;MoveWest;(5, 17);;(3, 17);1;519
3;0.125;MoveWest;(5, 17);;(3, 17);1;520
3;0.125;MoveWest;(5, 17);;(3, 17);1;521
3;0.125;MoveWest;(5, 17);;(3, 17);1;522
3;0.125;MoveWest;(5, 17);;(3, 17);1;523
3;0.125;MoveWest;(5, 17);;(3, 17);1;524
3;0.125;MoveWest;(5, 17);;(3, 17);1;525
3;0.125;MoveWest;(5, 17);;(3, 17);1;526
3;0.125;MoveWest;(4, 17);;(3, 17);1;527
3;0.125;MoveWest;(4, 17);;(3, 17);1;528
3;0.125;MoveWest;(4, 17);;(3, 17);1;529
3;0.125;MoveWest;(4, 17);;(3, 17);1;530
3;0.125;MoveWest;(4, 17);;(3, 17);1;531
3;0.125;MoveWest;(4, 17);;(3, 17);1;532
3;0.125;MoveWest;(4, 17);;(3, 17);1;533
3;0.125;MoveWest;(4, 17);;(3, 17);1;534
3;0.125;MoveWest;(4, 17);;(3, 17);1;535
3;0.125;MoveWest;(4, 17);;(3, 17);1;536
3;0.125;MoveWest;(4, 17);;(3, 17);1;537
3;0.125;MoveWest;(4, 17);;(3, 17);1;538
3;0.125;MoveWest;(4, 17);;(3, 17);1;539
3;0.125;MoveWest;(4, 17);;(3, 17);1;540
3;0.125;MoveWest;(3, 17);;(3, 17);1;541
3;0.125;;(3, 17);RemoveObjectTogether;(3, 17);1;542
3;0.125;;(3, 17);RemoveObjectTogether;(3, 17);1;543
3;0.125;;(3, 17);RemoveObjectTogether;(3, 17);1;544
3;0.125;;(3, 17);RemoveObjectTogether;(3, 17);1;545
3;0.125;;(3, 17);RemoveObjectTogether;(3, 17);1;546
3;0.125;;(3, 17);RemoveObjectTogether;(3, 17);1;547
3;0.125;;(3, 17);RemoveObjectTogether;(3, 17);1;548
3;0.125;;(3, 17);RemoveObjectTogether;(3, 17);1;549
3;0.125;;(3, 17);RemoveObjectTogether;(3, 17);1;550
3;0.125;;(3, 17);RemoveObjectTogether;(3, 17);1;551
3;0.125;;(3, 17);RemoveObjectTogether;(3, 17);1;552
3;0.125;;(3, 17);RemoveObjectTogether;(3, 17);1;553
3;0.125;;(3, 17);RemoveObjectTogether;(3, 17);1;554
3;0.125;;(3, 17);RemoveObjectTogether;(3, 17);1;555
3;0.125;;(3, 17);RemoveObjectTogether;(3, 17);1;556
3;0.125;;(3, 17);RemoveObjectTogether;(3, 17);1;557
3;0.125;;(3, 17);RemoveObjectTogether;(3, 17);1;558
3;0.125;;(3, 17);RemoveObjectTogether;(3, 17);1;559
3;0.125;;(3, 17);RemoveObjectTogether;(3, 17);1;560
3;0.125;;(3, 17);RemoveObjectTogether;(3, 17);1;561
3;0.125;;(3, 17);RemoveObjectTogether;(3, 17);1;562
3;0.125;;(3, 17);RemoveObjectTogether;(3, 17);1;563
3;0.125;;(3, 17);RemoveObjectTogether;(3, 17);1;564
3;0.125;;(3, 17);RemoveObjectTogether;(3, 17);1;565
3;0.125;;(3, 17);RemoveObjectTogether;(3, 17);1;566
3;0.125;;(3, 17);RemoveObjectTogether;(3, 17);1;567
3;0.125;;(3, 17);RemoveObjectTogether;(3, 17);1;568
3;0.125;;(3, 17);RemoveObjectTogether;(3, 17);1;569
3;0.125;;(3, 17);RemoveObjectTogether;(3, 17);1;570
3;0.125;;(3, 17);RemoveObjectTogether;(3, 17);1;571
3;0.125;;(3, 17);RemoveObjectTogether;(3, 17);1;572
3;0.125;;(3, 17);RemoveObjectTogether;(3, 17);1;573
3;0.125;;(3, 17);RemoveObjectTogether;(3, 17);1;574
3;0.125;;(3, 17);RemoveObjectTogether;(3, 17);1;575
3;0.125;;(3, 17);RemoveObjectTogether;(3, 17);1;576
3;0.125;;(3, 17);RemoveObjectTogether;(3, 17);1;577
3;0.125;;(3, 17);RemoveObjectTogether;(3, 17);1;578
3;0.125;;(3, 17);RemoveObjectTogether;(3, 17);1;579
3;0.125;;(3, 17);RemoveObjectTogether;(3, 17);1;580
3;0.125;;(3, 17);RemoveObjectTogether;(3, 17);1;581
3;0.125;;(3, 17);RemoveObjectTogether;(3, 17);1;582
3;0.125;;(3, 17);RemoveObjectTogether;(3, 17);1;583
3;0.125;;(3, 17);RemoveObjectTogether;(3, 17);1;584
3;0.125;;(3, 17);RemoveObjectTogether;(3, 17);1;585
3;0.125;;(3, 17);RemoveObjectTogether;(3, 17);1;586
3;0.125;;(3, 17);RemoveObjectTogether;(3, 17);1;587
3;0.125;;(3, 17);RemoveObjectTogether;(3, 17);1;588
3;0.125;;(3, 17);RemoveObjectTogether;(3, 17);1;589
3;0.125;;(3, 17);RemoveObjectTogether;(3, 17);1;590
3;0.125;;(3, 17);RemoveObjectTogether;(3, 17);1;591
3;0.125;;(3, 17);RemoveObjectTogether;(3, 17);1;592
3;0.125;MoveNorth;(3, 17);;(3, 17);1;593
3;0.125;MoveNorth;(3, 17);;(3, 17);1;594
3;0.125;MoveNorth;(3, 17);;(3, 17);1;595
3;0.125;MoveNorth;(3, 17);;(3, 17);1;596
3;0.125;MoveNorth;(3, 17);;(3, 17);1;597
3;0.125;MoveNorth;(3, 17);;(3, 17);1;598
3;0.125;MoveNorth;(3, 17);;(3, 17);1;599
3;0.125;MoveNorth;(3, 17);;(3, 17);1;600
3;0.125;MoveNorth;(3, 16);;(3, 17);1;601
3;0.125;MoveNorthWest;(3, 16);;(3, 17);1;602
3;0.125;MoveNorthWest;(3, 16);;(3, 17);1;603
3;0.125;MoveNorthWest;(3, 16);;(3, 17);1;604
3;0.125;MoveNorthWest;(3, 16);;(3, 17);1;605
3;0.125;MoveNorthWest;(3, 16);;(3, 17);1;606
3;0.125;MoveNorthWest;(3, 16);;(3, 17);1;607
3;0.125;MoveNorthWest;(3, 16);;(3, 17);1;608
3;0.125;MoveNorthWest;(3, 16);;(3, 17);1;609
3;0.125;MoveNorthWest;(2, 15);;(3, 17);1;610
3;0.125;MoveNorth;(2, 15);;(3, 17);1;611
3;0.125;MoveNorth;(2, 15);;(3, 17);1;612
3;0.125;MoveNorth;(2, 15);;(3, 17);1;613
3;0.125;MoveNorth;(2, 15);;(3, 17);1;614
3;0.125;MoveNorth;(2, 15);;(3, 17);1;615
3;0.125;MoveNorth;(2, 15);;(3, 17);1;616
3;0.125;MoveNorth;(2, 15);;(3, 17);1;617
3;0.125;MoveNorth;(2, 15);;(3, 17);1;618
3;0.125;MoveNorth;(2, 14);;(3, 17);1;619
3;0.125;MoveSouthEast;(2, 14);;(3, 17);1;620
3;0.125;MoveSouthEast;(2, 14);;(3, 17);1;621
3;0.125;MoveSouthEast;(2, 14);;(3, 17);1;622
3;0.125;MoveSouthEast;(2, 14);;(3, 17);1;623
3;0.125;MoveSouthEast;(2, 14);;(3, 17);1;624
3;0.125;MoveSouthEast;(2, 14);;(3, 17);1;625
3;0.125;MoveSouthEast;(2, 14);;(3, 17);1;626
3;0.125;MoveSouthEast;(2, 14);;(3, 17);1;627
3;0.125;MoveSouthEast;(3, 15);;(3, 17);1;628
3;0.125;MoveNorthEast;(3, 15);;(3, 17);1;629
3;0.125;MoveNorthEast;(3, 15);;(3, 17);1;630
3;0.125;MoveNorthEast;(3, 15);;(3, 17);1;631
3;0.125;MoveNorthEast;(3, 15);;(3, 17);1;632
3;0.125;MoveNorthEast;(3, 15);;(3, 17);1;633
3;0.125;MoveNorthEast;(3, 15);;(3, 17);1;634
3;0.125;MoveNorthEast;(3, 15);;(3, 17);1;635
3;0.125;MoveNorthEast;(3, 15);;(3, 17);1;636
3;0.125;MoveNorthEast;(4, 14);;(3, 17);1;637
3;0.125;;(4, 14);;(3, 17);1;638
3;0.125;;(4, 14);;(3, 17);1;639
3;0.125;;(4, 14);;(3, 17);1;640
3;0.125;;(4, 14);;(3, 17);1;641
3;0.125;;(4, 14);;(3, 17);1;642
3;0.125;;(4, 14);;(3, 17);1;643
3;0.125;;(4, 14);;(3, 17);1;644
3;0.125;;(4, 14);;(3, 17);1;645
3;0.125;;(4, 14);;(3, 17);1;646
3;0.125;;(4, 14);;(3, 17);1;647
3;0.125;;(4, 14);;(3, 17);1;648
3;0.125;;(4, 14);MoveNorth;(3, 16);1;649
3;0.125;;(4, 14);;(3, 16);1;650
3;0.125;;(4, 14);MoveNorth;(3, 15);1;651
3;0.125;;(4, 14);;(3, 15);1;652
3;0.125;;(4, 14);;(3, 15);1;653
3;0.125;;(4, 14);MoveNorth;(3, 14);1;654
3;0.125;;(4, 14);;(3, 14);1;655
3;0.125;;(4, 14);;(3, 14);1;656
3;0.125;;(4, 14);;(3, 14);1;657
3;0.125;;(4, 14);;(3, 14);1;658
3;0.125;;(4, 14);;(3, 14);1;659
3;0.125;;(4, 14);;(3, 14);1;660
3;0.125;;(4, 14);MoveEast;(4, 14);1;661
3;0.125;;(4, 14);;(4, 14);1;662
3;0.125;;(4, 14);;(4, 14);1;663
3;0.125;;(4, 14);MoveSouth;(4, 15);1;664
3;0.125;;(4, 14);;(4, 15);1;665
3;0.125;;(4, 14);;(4, 15);1;666
3;0.125;;(4, 14);;(4, 15);1;667
3;0.125;;(4, 14);;(4, 15);1;668
3;0.125;;(4, 14);;(4, 15);1;669
3;0.125;;(4, 14);;(4, 15);1;670
3;0.125;;(4, 14);;(4, 15);1;671
3;0.125;;(4, 14);;(4, 15);1;672
3;0.125;;(4, 14);;(4, 15);1;673
3;0.125;;(4, 14);;(4, 15);1;674
3;0.125;;(4, 14);;(4, 15);1;675
3;0.125;;(4, 14);;(4, 15);1;676
3;0.125;;(4, 14);;(4, 15);1;677
3;0.125;;(4, 14);;(4, 15);1;678
3;0.125;;(4, 14);;(4, 15);1;679
3;0.125;;(4, 14);;(4, 15);1;680
3;0.125;;(4, 14);;(4, 15);1;681
3;0.125;;(4, 14);;(4, 15);1;682
3;0.125;;(4, 14);;(4, 15);1;683
3;0.125;Idle;(4, 14);;(4, 15);1;684
3;0.125;Idle;(4, 14);;(4, 15);1;685
3;0.125;Idle;(4, 14);;(4, 15);1;686
3;0.125;Idle;(4, 14);;(4, 15);1;687
3;0.125;Idle;(4, 14);;(4, 15);1;688
3;0.125;Idle;(4, 14);;(4, 15);1;689
3;0.125;Idle;(4, 14);;(4, 15);1;690
3;0.125;Idle;(4, 14);;(4, 15);1;691
3;0.125;Idle;(4, 14);;(4, 15);1;692
3;0.125;Idle;(4, 14);;(4, 15);1;693
3;0.125;Idle;(4, 14);;(4, 15);1;694
3;0.125;Idle;(4, 14);;(4, 15);1;695
3;0.125;Idle;(4, 14);;(4, 15);1;696
3;0.125;Idle;(4, 14);;(4, 15);1;697
3;0.125;Idle;(4, 14);;(4, 15);1;698
3;0.125;Idle;(4, 14);;(4, 15);1;699
3;0.125;Idle;(4, 14);;(4, 15);1;700
3;0.125;Idle;(4, 14);;(4, 15);1;701
3;0.125;Idle;(4, 14);;(4, 15);1;702
3;0.125;Idle;(4, 14);;(4, 15);1;703
3;0.125;Idle;(4, 14);;(4, 15);1;704
3;0.125;Idle;(4, 14);;(4, 15);1;705
3;0.125;Idle;(4, 14);;(4, 15);1;706
3;0.125;Idle;(4, 14);;(4, 15);1;707
3;0.125;Idle;(4, 14);;(4, 15);1;708
3;0.125;Idle;(4, 14);;(4, 15);1;709
3;0.125;MoveSouth;(4, 14);;(4, 15);1;710
3;0.125;MoveSouth;(4, 14);;(4, 15);1;711
3;0.125;MoveSouth;(4, 14);;(4, 15);1;712
3;0.125;MoveSouth;(4, 14);;(4, 15);1;713
3;0.125;MoveSouth;(4, 14);;(4, 15);1;714
3;0.125;MoveSouth;(4, 14);;(4, 15);1;715
3;0.125;MoveSouth;(4, 14);;(4, 15);1;716
3;0.125;MoveSouth;(4, 14);;(4, 15);1;717
3;0.125;MoveSouth;(4, 15);;(4, 15);1;718
3;0.125;;(4, 15);;(4, 15);1;719
3;0.125;;(4, 15);;(4, 15);1;720
3;0.125;;(4, 15);;(4, 15);1;721
3;0.125;;(4, 15);;(4, 15);1;722
3;0.125;;(4, 15);;(4, 15);1;723
3;0.125;;(4, 15);CarryObjectTogether;(4, 15);1;724
3;0.125;;(4, 15);;(4, 15);1;725
3;0.125;;(4, 15);;(4, 15);1;726
3;0.125;;(4, 15);;(4, 15);1;727
3;0.125;;(4, 15);;(4, 15);1;728
3;0.125;;(4, 15);;(4, 15);1;729
3;0.125;;(4, 15);;(4, 15);1;730
3;0.125;;(4, 15);;(4, 15);1;731
3;0.125;;(4, 15);MoveWest;(3, 15);1;732
3;0.125;;(4, 15);;(3, 15);1;733
3;0.125;;(4, 15);;(3, 15);1;734
3;0.125;;(4, 15);MoveSouth;(3, 16);1;735
3;0.125;;(4, 15);;(3, 16);1;736
3;0.125;;(4, 15);MoveSouth;(3, 17);1;737
3;0.125;;(4, 15);;(3, 17);1;738
3;0.125;;(4, 15);MoveSouth;(3, 18);1;739
3;0.125;;(4, 15);;(3, 18);1;740
3;0.125;;(4, 15);MoveSouth;(3, 19);1;741
3;0.125;;(4, 15);;(3, 19);1;742
3;0.125;;(4, 15);;(3, 19);1;743
3;0.125;;(4, 15);;(3, 19);1;744
3;0.125;;(4, 15);MoveNorth;(3, 18);1;745
3;0.125;;(4, 15);;(3, 18);1;746
3;0.125;;(4, 15);;(3, 18);1;747
3;0.125;;(4, 15);;(3, 18);1;748
3;0.125;;(4, 15);MoveEast;(4, 18);1;749
3;0.125;;(4, 15);MoveEast;(5, 18);1;750
3;0.125;;(4, 15);;(5, 18);1;751
3;0.125;;(4, 15);MoveEast;(6, 18);1;752
3;0.125;;(4, 15);;(6, 18);1;753
3;0.125;;(4, 15);MoveEast;(7, 18);1;754
3;0.125;;(4, 15);MoveEast;(8, 18);1;755
3;0.125;;(4, 15);;(8, 18);1;756
3;0.125;;(4, 15);MoveEast;(9, 18);1;757
3;0.125;;(4, 15);MoveEast;(10, 18);1;758
3;0.125;;(4, 15);;(10, 18);1;759
3;0.125;;(4, 15);MoveEast;(10, 18);1;760
3;0.125;;(4, 15);MoveEast;(10, 18);1;761
3;0.125;;(4, 15);MoveEast;(10, 18);1;762
3;0.125;;(4, 15);MoveEast;(10, 18);1;763
3;0.125;;(4, 15);MoveEast;(10, 18);1;764
3;0.125;;(4, 15);MoveEast;(11, 18);1;765
3;0.125;;(4, 15);MoveEast;(11, 18);1;766
3;0.125;;(4, 15);MoveEast;(11, 18);1;767
3;0.125;;(4, 15);MoveEast;(11, 18);1;768
3;0.125;;(4, 15);MoveEast;(11, 18);1;769
3;0.125;;(4, 15);MoveEast;(11, 18);1;770
3;0.125;;(4, 15);MoveEast;(12, 18);1;771
3;0.125;;(4, 15);MoveEast;(12, 18);1;772
3;0.125;;(4, 15);MoveEast;(12, 18);1;773
3;0.125;;(4, 15);MoveEast;(12, 18);1;774
3;0.125;;(4, 15);MoveEast;(12, 18);1;775
3;0.125;;(4, 15);MoveEast;(12, 18);1;776
3;0.125;;(4, 15);MoveEast;(13, 18);1;777
3;0.125;;(4, 15);MoveEast;(13, 18);1;778
3;0.125;;(4, 15);MoveEast;(13, 18);1;779
3;0.125;;(4, 15);MoveEast;(13, 18);1;780
3;0.125;;(4, 15);MoveEast;(13, 18);1;781
3;0.125;;(4, 15);MoveEast;(13, 18);1;782
3;0.125;;(4, 15);MoveEast;(14, 18);1;783
3;0.125;;(4, 15);MoveEast;(14, 18);1;784
3;0.125;;(4, 15);MoveEast;(14, 18);1;785
3;0.125;;(4, 15);MoveEast;(14, 18);1;786
3;0.125;;(4, 15);MoveEast;(14, 18);1;787
3;0.125;;(4, 15);MoveEast;(14, 18);1;788
3;0.125;;(4, 15);MoveEast;(15, 18);1;789
3;0.125;;(4, 15);MoveEast;(16, 18);1;790
3;0.125;;(4, 15);;(16, 18);1;791
3;0.125;;(4, 15);;(16, 18);1;792
3;0.125;;(4, 15);MoveEast;(17, 18);1;793
3;0.125;;(4, 15);;(17, 18);1;794
3;0.125;;(4, 15);MoveEast;(18, 18);1;795
3;0.125;;(4, 15);MoveEast;(19, 18);1;796
3;0.125;;(4, 15);;(19, 18);1;797
3;0.125;;(4, 15);;(19, 18);1;798
3;0.125;;(4, 15);;(19, 18);1;799
3;0.125;;(4, 15);MoveEast;(20, 18);1;800
3;0.125;;(4, 15);;(20, 18);1;801
3;0.125;;(4, 15);MoveEast;(20, 18);1;802
3;0.125;;(4, 15);MoveEast;(20, 18);1;803
3;0.125;;(4, 15);MoveEast;(20, 18);1;804
3;0.125;;(4, 15);MoveEast;(20, 18);1;805
3;0.125;;(4, 15);MoveEast;(20, 18);1;806
3;0.125;;(4, 15);MoveEast;(21, 18);1;807
3;0.125;;(4, 15);MoveEast;(22, 18);1;808
3;0.125;;(4, 15);MoveEast;(23, 18);1;809
3;0.125;;(4, 15);;(23, 18);1;810
3;0.125;;(4, 15);MoveEast;(23, 18);1;811
3;0.125;;(4, 15);;(23, 18);1;812
3;0.125;;(4, 15);;(23, 18);1;813
3;0.125;;(4, 15);MoveNorth;(23, 17);1;814
3;0.125;;(4, 15);;(23, 17);1;815
3;0.125;;(4, 15);MoveNorth;(23, 16);1;816
3;0.125;;(4, 15);;(23, 16);1;817
3;0.125;;(4, 15);MoveNorth;(23, 15);1;818
3;0.125;;(4, 15);MoveNorth;(23, 14);1;819
3;0.125;;(4, 15);;(23, 14);1;820
3;0.125;;(4, 15);MoveNorth;(23, 13);1;821
3;0.125;;(4, 15);MoveNorth;(23, 12);1;822
3;0.125;;(4, 15);;(23, 12);1;823
3;0.125;;(4, 15);MoveNorth;(23, 11);1;824
3;0.125;;(4, 15);MoveNorth;(23, 10);1;825
3;0.125;;(4, 15);;(23, 10);1;826
3;0.125;;(4, 15);;(23, 10);1;827
3;0.125;;(4, 15);;(23, 10);1;828
3;0.125;;(4, 15);;(23, 10);1;829
3;0.125;;(4, 15);;(23, 10);1;830
9;0.25;;(23, 10);DropObjectTogether;(23, 10);1;831
9;0.25;MoveSouthWest;(23, 10);;(23, 10);1;832
9;0.25;MoveSouthWest;(23, 10);;(23, 10);1;833
9;0.25;MoveSouthWest;(23, 10);;(23, 10);1;834
9;0.25;MoveSouthWest;(23, 10);;(23, 10);1;835
9;0.25;MoveSouthWest;(23, 10);;(23, 10);1;836
9;0.25;MoveSouthWest;(23, 10);;(23, 10);1;837
9;0.25;MoveSouthWest;(23, 10);;(23, 10);1;838
9;0.25;MoveSouthWest;(23, 10);;(23, 10);1;839
9;0.25;MoveSouthWest;(22, 11);;(23, 10);1;840
9;0.25;MoveSouthWest;(22, 11);;(23, 10);1;841
9;0.25;MoveSouthWest;(22, 11);;(23, 10);1;842
9;0.25;MoveSouthWest;(22, 11);;(23, 10);1;843
9;0.25;MoveSouthWest;(22, 11);MoveNorth;(23, 9);1;844
9;0.25;MoveSouthWest;(22, 11);;(23, 9);1;845
9;0.25;MoveSouthWest;(22, 11);;(23, 9);1;846
9;0.25;MoveSouthWest;(22, 11);;(23, 9);1;847
9;0.25;MoveSouthWest;(22, 11);;(23, 9);1;848
9;0.25;MoveSouthWest;(21, 12);MoveSouth;(23, 10);1;849
9;0.25;MoveSouthWest;(21, 12);;(23, 10);1;850
9;0.25;MoveSouthWest;(21, 12);;(23, 10);1;851
9;0.25;MoveSouthWest;(21, 12);MoveSouth;(23, 11);1;852
9;0.25;MoveSouthWest;(21, 12);;(23, 11);1;853
9;0.25;MoveSouthWest;(21, 12);MoveSouth;(23, 12);1;854
9;0.25;MoveSouthWest;(21, 12);MoveSouth;(23, 13);1;855
9;0.25;MoveSouthWest;(21, 12);;(23, 13);1;856
9;0.25;MoveSouthWest;(21, 12);MoveSouth;(23, 14);1;857
9;0.25;MoveSouthWest;(20, 13);;(23, 14);1;858
9;0.25;MoveSouthWest;(20, 13);MoveSouth;(23, 15);1;859
9;0.25;MoveSouthWest;(20, 13);MoveSouth;(23, 16);1;860
9;0.25;MoveSouthWest;(20, 13);;(23, 16);1;861
9;0.25;MoveSouthWest;(20, 13);MoveSouth;(23, 17);1;862
9;0.25;MoveSouthWest;(20, 13);MoveSouth;(23, 18);1;863
9;0.25;MoveSouthWest;(20, 13);;(23, 18);1;864
9;0.25;MoveSouthWest;(20, 13);MoveSouth;(23, 18);1;865
9;0.25;MoveSouthWest;(20, 13);MoveSouth;(23, 18);1;866
9;0.25;MoveSouthWest;(19, 14);;(23, 18);1;867
9;0.25;MoveSouthWest;(19, 14);MoveWest;(22, 18);1;868
9;0.25;MoveSouthWest;(19, 14);;(22, 18);1;869
9;0.25;MoveSouthWest;(19, 14);;(22, 18);1;870
9;0.25;MoveSouthWest;(19, 14);MoveWest;(21, 18);1;871
9;0.25;MoveSouthWest;(19, 14);MoveWest;(20, 18);1;872
9;0.25;MoveSouthWest;(19, 14);;(20, 18);1;873
9;0.25;MoveSouthWest;(19, 14);MoveWest;(20, 18);1;874
9;0.25;MoveSouthWest;(19, 14);MoveWest;(20, 18);1;875
9;0.25;MoveSouthWest;(18, 15);MoveWest;(20, 18);1;876
9;0.25;MoveSouth;(18, 15);MoveWest;(20, 18);1;877
9;0.25;MoveSouth;(18, 15);MoveWest;(20, 18);1;878
9;0.25;MoveSouth;(18, 15);MoveWest;(19, 18);1;879
9;0.25;MoveSouth;(18, 15);MoveWest;(18, 18);1;880
9;0.25;MoveSouth;(18, 15);MoveWest;(17, 18);1;881
9;0.25;MoveSouth;(18, 15);;(17, 18);1;882
9;0.25;MoveSouth;(18, 15);MoveWest;(16, 18);1;883
9;0.25;MoveSouth;(18, 15);;(16, 18);1;884
9;0.25;MoveSouth;(18, 15);;(16, 18);1;885
9;0.25;MoveSouth;(18, 15);;(16, 18);1;886
9;0.25;MoveSouth;(18, 15);;(16, 18);1;887
9;0.25;MoveSouth;(18, 15);;(16, 18);1;888
9;0.25;MoveSouth;(18, 15);;(16, 18);1;889
9;0.25;MoveSouth;(18, 16);;(16, 18);1;890
9;0.25;MoveSouthWest;(18, 16);;(16, 18);1;891
9;0.25;MoveSouthWest;(18, 16);MoveWest;(15, 18);1;892
9;0.25;MoveSouthWest;(18, 16);;(15, 18);1;893
9;0.25;MoveSouthWest;(18, 16);;(15, 18);1;894
9;0.25;MoveSouthWest;(18, 16);;(15, 18);1;895
9;0.25;MoveSouthWest;(18, 16);MoveNorth;(15, 17);1;896
9;0.25;MoveSouthWest;(18, 16);MoveNorth;(15, 16);1;897
9;0.25;MoveSouthWest;(18, 16);;(15, 16);1;898
9;0.25;MoveSouthWest;(18, 16);MoveNorth;(15, 15);1;899
9;0.25;MoveSouthWest;(18, 16);MoveNorth;(15, 14);1;900
9;0.25;MoveSouthWest;(18, 16);;(15, 14);1;901
9;0.25;MoveSouthWest;(18, 16);MoveNorth;(15, 14);1;902
9;0.25;MoveSouthWest;(18, 16);;(15, 14);1;903
9;0.25;MoveSouthWest;(17, 17);MoveNorth;(15, 14);1;904
9;0.25;MoveWest;(17, 17);MoveNorth;(15, 14);1;905
9;0.25;MoveWest;(17, 17);;(15, 14);1;906
9;0.25;MoveWest;(17, 17);MoveSouth;(15, 15);1;907
9;0.25;MoveWest;(17, 17);;(15, 15);1;908
9;0.25;MoveWest;(17, 17);;(15, 15);1;909
9;0.25;MoveWest;(17, 17);MoveSouth;(15, 16);1;910
9;0.25;MoveWest;(17, 17);MoveSouth;(15, 17);1;911
9;0.25;MoveWest;(17, 17);;(15, 17);1;912
9;0.25;MoveWest;(17, 17);MoveSouth;(15, 18);1;913
9;0.25;MoveWest;(17, 17);;(15, 18);1;914
9;0.25;MoveWest;(17, 17);;(15, 18);1;915
9;0.25;MoveWest;(17, 17);;(15, 18);1;916
9;0.25;MoveWest;(17, 17);;(15, 18);1;917
9;0.25;MoveWest;(16, 17);;(15, 18);1;918
9;0.25;MoveWest;(16, 17);;(15, 18);1;919
9;0.25;MoveWest;(16, 17);;(15, 18);1;920
9;0.25;MoveWest;(16, 17);;(15, 18);1;921
9;0.25;MoveWest;(16, 17);;(15, 18);1;922
9;0.25;MoveWest;(16, 17);;(15, 18);1;923
9;0.25;MoveWest;(16, 17);;(15, 18);1;924
9;0.25;MoveWest;(16, 17);;(15, 18);1;925
9;0.25;MoveWest;(16, 17);;(15, 18);1;926
9;0.25;MoveWest;(16, 17);;(15, 18);1;927
9;0.25;MoveWest;(16, 17);;(15, 18);1;928
9;0.25;MoveWest;(16, 17);;(15, 18);1;929
9;0.25;MoveWest;(16, 17);;(15, 18);1;930
9;0.25;MoveWest;(16, 17);;(15, 18);1;931
9;0.25;MoveWest;(15, 17);;(15, 18);1;932
9;0.25;MoveWest;(15, 17);;(15, 18);1;933
9;0.25;MoveWest;(15, 17);;(15, 18);1;934
9;0.25;MoveWest;(15, 17);;(15, 18);1;935
9;0.25;MoveWest;(15, 17);;(15, 18);1;936
9;0.25;MoveWest;(15, 17);;(15, 18);1;937
9;0.25;MoveWest;(15, 17);;(15, 18);1;938
9;0.25;MoveWest;(15, 17);;(15, 18);1;939
9;0.25;MoveWest;(15, 17);MoveWest;(14, 18);1;940
9;0.25;MoveWest;(14, 17);;(14, 18);1;941
9;0.25;MoveWest;(14, 17);MoveWest;(14, 18);1;942
9;0.25;MoveWest;(14, 17);MoveWest;(14, 18);1;943
9;0.25;MoveWest;(14, 17);MoveWest;(14, 18);1;944
9;0.25;MoveWest;(14, 17);MoveWest;(14, 18);1;945
9;0.25;MoveWest;(14, 17);MoveWest;(14, 18);1;946
9;0.25;MoveWest;(14, 17);MoveWest;(13, 18);1;947
9;0.25;MoveWest;(14, 17);MoveWest;(13, 18);1;948
9;0.25;MoveWest;(14, 17);MoveWest;(13, 18);1;949
9;0.25;MoveWest;(14, 17);MoveWest;(13, 18);1;950
9;0.25;MoveWest;(14, 17);MoveWest;(13, 18);1;951
9;0.25;MoveWest;(14, 17);MoveWest;(13, 18);1;952
9;0.25;MoveWest;(14, 17);MoveWest;(12, 18);1;953
9;0.25;MoveWest;(14, 17);MoveWest;(12, 18);1;954
9;0.25;MoveWest;(13, 17);MoveWest;(12, 18);1;955
9;0.25;MoveWest;(13, 17);MoveWest;(12, 18);1;956
9;0.25;MoveWest;(13, 17);MoveWest;(12, 18);1;957
9;0.25;MoveWest;(13, 17);MoveWest;(12, 18);1;958
9;0.25;MoveWest;(13, 17);MoveWest;(11, 18);1;959
9;0.25;MoveWest;(13, 17);MoveWest;(11, 18);1;960
9;0.25;MoveWest;(13, 17);MoveWest;(11, 18);1;961
9;0.25;MoveWest;(13, 17);MoveWest;(11, 18);1;962
9;0.25;MoveWest;(13, 17);MoveWest;(11, 18);1;963
9;0.25;MoveWest;(12, 17);MoveWest;(11, 18);1;964
9;0.25;MoveWest;(12, 17);MoveWest;(10, 18);1;965
9;0.25;MoveWest;(12, 17);MoveWest;(10, 18);1;966
9;0.25;MoveWest;(12, 17);MoveWest;(10, 18);1;967
9;0.25;MoveWest;(12, 17);MoveWest;(10, 18);1;968
9;0.25;MoveWest;(12, 17);MoveWest;(10, 18);1;969
9;0.25;MoveWest;(12, 17);MoveWest;(10, 18);1;970
9;0.25;MoveWest;(12, 17);MoveWest;(9, 18);1;971
9;0.25;MoveWest;(12, 17);;(9, 18);1;972
9;0.25;MoveWest;(11, 17);;(9, 18);1;973
9;0.25;MoveWest;(11, 17);MoveWest;(8, 18);1;974
9;0.25;MoveWest;(11, 17);;(8, 18);1;975
9;0.25;MoveWest;(11, 17);;(8, 18);1;976
9;0.25;MoveWest;(11, 17);;(8, 18);1;977
9;0.25;MoveWest;(11, 17);MoveEast;(9, 18);1;978
9;0.25;MoveWest;(11, 17);;(9, 18);1;979
9;0.25;MoveWest;(11, 17);;(9, 18);1;980
9;0.25;MoveWest;(11, 17);;(9, 18);1;981
9;0.25;MoveWest;(10, 17);;(9, 18);1;982
9;0.25;MoveWest;(10, 17);;(9, 18);1;983
9;0.25;MoveWest;(10, 17);;(9, 18);1;984
9;0.25;MoveWest;(10, 17);;(9, 18);1;985
9;0.25;MoveWest;(10, 17);;(9, 18);1;986
9;0.25;MoveWest;(10, 17);;(9, 18);1;987
9;0.25;MoveWest;(10, 17);;(9, 18);1;988
9;0.25;MoveWest;(10, 17);;(9, 18);1;989
9;0.25;MoveWest;(10, 17);;(9, 18);1;990
9;0.25;MoveWest;(9, 17);;(9, 18);1;991
9;0.25;;(9, 17);;(9, 18);1;992
9;0.25;;(9, 17);;(9, 18);1;993
9;0.25;;(9, 17);;(9, 18);1;994
9;0.25;;(9, 17);;(9, 18);1;995
9;0.25;;(9, 17);;(9, 18);1;996
9;0.25;;(9, 17);;(9, 18);1;997
9;0.25;;(9, 17);;(9, 18);1;998
9;0.25;;(9, 17);;(9, 18);1;999
9;0.25;;(9, 17);;(9, 18);1;1000
9;0.25;;(9, 17);;(9, 18);1;1001
9;0.25;;(9, 17);;(9, 18);1;1002
9;0.25;;(9, 17);;(9, 18);1;1003
9;0.25;;(9, 17);;(9, 18);1;1004
9;0.25;;(9, 17);;(9, 18);1;1005
9;0.25;;(9, 17);;(9, 18);1;1006
9;0.25;;(9, 17);;(9, 18);1;1007
9;0.25;;(9, 17);;(9, 18);1;1008
9;0.25;;(9, 17);;(9, 18);1;1009
9;0.25;;(9, 17);;(9, 18);1;1010
9;0.25;;(9, 17);;(9, 18);1;1011
9;0.25;;(9, 17);;(9, 18);1;1012
9;0.25;;(9, 17);;(9, 18);1;1013
9;0.25;;(9, 17);;(9, 18);1;1014
9;0.25;;(9, 17);;(9, 18);1;1015
9;0.25;;(9, 17);;(9, 18);1;1016
9;0.25;;(9, 17);;(9, 18);1;1017
9;0.25;;(9, 17);;(9, 18);1;1018
9;0.25;RemoveObject;(9, 17);;(9, 18);1;1019
9;0.25;RemoveObject;(9, 17);;(9, 18);1;1020
9;0.25;RemoveObject;(9, 17);;(9, 18);1;1021
9;0.25;RemoveObject;(9, 17);;(9, 18);1;1022
9;0.25;RemoveObject;(9, 17);RemoveObject;(9, 18);1;1023
9;0.25;RemoveObject;(9, 17);RemoveObject;(9, 18);1;1024
9;0.25;RemoveObject;(9, 17);RemoveObject;(9, 18);1;1025
9;0.25;RemoveObject;(9, 17);RemoveObject;(9, 18);1;1026
9;0.25;RemoveObject;(9, 17);RemoveObject;(9, 18);1;1027
9;0.25;RemoveObject;(9, 17);RemoveObject;(9, 18);1;1028
9;0.25;RemoveObject;(9, 17);RemoveObject;(9, 18);1;1029
9;0.25;RemoveObject;(9, 17);RemoveObject;(9, 18);1;1030
9;0.25;RemoveObject;(9, 17);RemoveObject;(9, 18);1;1031
9;0.25;RemoveObject;(9, 17);RemoveObject;(9, 18);1;1032
9;0.25;RemoveObject;(9, 17);RemoveObject;(9, 18);1;1033
9;0.25;RemoveObject;(9, 17);RemoveObject;(9, 18);1;1034
9;0.25;RemoveObject;(9, 17);RemoveObject;(9, 18);1;1035
9;0.25;RemoveObject;(9, 17);RemoveObject;(9, 18);1;1036
9;0.25;RemoveObject;(9, 17);RemoveObject;(9, 18);1;1037
9;0.25;RemoveObject;(9, 17);RemoveObject;(9, 18);1;1038
9;0.25;RemoveObject;(9, 17);RemoveObject;(9, 18);1;1039
9;0.25;RemoveObject;(9, 17);RemoveObject;(9, 18);1;1040
9;0.25;RemoveObject;(9, 17);RemoveObject;(9, 18);1;1041
9;0.25;RemoveObject;(9, 17);RemoveObject;(9, 18);1;1042
9;0.25;RemoveObject;(9, 17);RemoveObject;(9, 18);1;1043
9;0.25;RemoveObject;(9, 17);RemoveObject;(9, 18);1;1044
9;0.25;RemoveObject;(9, 17);RemoveObject;(9, 18);1;1045
9;0.25;RemoveObject;(9, 17);RemoveObject;(9, 18);1;1046
9;0.25;RemoveObject;(9, 17);RemoveObject;(9, 18);1;1047
9;0.25;RemoveObject;(9, 17);RemoveObject;(9, 18);1;1048
9;0.25;RemoveObject;(9, 17);RemoveObject;(9, 18);1;1049
9;0.25;RemoveObject;(9, 17);RemoveObject;(9, 18);1;1050
9;0.25;RemoveObject;(9, 17);RemoveObject;(9, 18);1;1051
9;0.25;RemoveObject;(9, 17);RemoveObject;(9, 18);1;1052
9;0.25;RemoveObject;(9, 17);RemoveObject;(9, 18);1;1053
9;0.25;RemoveObject;(9, 17);RemoveObject;(9, 18);1;1054
9;0.25;RemoveObject;(9, 17);RemoveObject;(9, 18);1;1055
9;0.25;RemoveObject;(9, 17);RemoveObject;(9, 18);1;1056
9;0.25;RemoveObject;(9, 17);RemoveObject;(9, 18);1;1057
9;0.25;RemoveObject;(9, 17);RemoveObject;(9, 18);1;1058
9;0.25;RemoveObject;(9, 17);RemoveObject;(9, 18);1;1059
9;0.25;RemoveObject;(9, 17);RemoveObject;(9, 18);1;1060
9;0.25;RemoveObject;(9, 17);RemoveObject;(9, 18);1;1061
9;0.25;RemoveObject;(9, 17);RemoveObject;(9, 18);1;1062
9;0.25;RemoveObject;(9, 17);RemoveObject;(9, 18);1;1063
9;0.25;RemoveObject;(9, 17);RemoveObject;(9, 18);1;1064
9;0.25;RemoveObject;(9, 17);RemoveObject;(9, 18);1;1065
9;0.25;RemoveObject;(9, 17);RemoveObject;(9, 18);1;1066
9;0.25;RemoveObject;(9, 17);RemoveObject;(9, 18);1;1067
9;0.25;RemoveObject;(9, 17);RemoveObject;(9, 18);1;1068
9;0.25;RemoveObject;(9, 17);RemoveObject;(9, 18);1;1069
9;0.25;RemoveObject;(9, 17);RemoveObject;(9, 18);1;1070
9;0.25;RemoveObject;(9, 17);RemoveObject;(9, 18);1;1071
9;0.25;RemoveObject;(9, 17);RemoveObject;(9, 18);1;1072
9;0.25;RemoveObject;(9, 17);RemoveObject;(9, 18);1;1073
9;0.25;RemoveObject;(9, 17);RemoveObject;(9, 18);1;1074
9;0.25;RemoveObject;(9, 17);RemoveObject;(9, 18);1;1075
9;0.25;RemoveObject;(9, 17);RemoveObject;(9, 18);1;1076
9;0.25;RemoveObject;(9, 17);RemoveObject;(9, 18);1;1077
9;0.25;RemoveObject;(9, 17);RemoveObject;(9, 18);1;1078
9;0.25;RemoveObject;(9, 17);RemoveObject;(9, 18);1;1079
9;0.25;RemoveObject;(9, 17);RemoveObject;(9, 18);1;1080
9;0.25;RemoveObject;(9, 17);RemoveObject;(9, 18);1;1081
9;0.25;RemoveObject;(9, 17);RemoveObject;(9, 18);1;1082
9;0.25;RemoveObject;(9, 17);RemoveObject;(9, 18);1;1083
9;0.25;RemoveObject;(9, 17);RemoveObject;(9, 18);1;1084
9;0.25;RemoveObject;(9, 17);RemoveObject;(9, 18);1;1085
9;0.25;RemoveObject;(9, 17);RemoveObject;(9, 18);1;1086
9;0.25;RemoveObject;(9, 17);RemoveObject;(9, 18);1;1087
9;0.25;RemoveObject;(9, 17);RemoveObject;(9, 18);1;1088
9;0.25;RemoveObject;(9, 17);RemoveObject;(9, 18);1;1089
9;0.25;RemoveObject;(9, 17);RemoveObject;(9, 18);1;1090
9;0.25;RemoveObject;(9, 17);RemoveObject;(9, 18);1;1091
9;0.25;RemoveObject;(9, 17);RemoveObject;(9, 18);1;1092
9;0.25;RemoveObject;(9, 17);RemoveObject;(9, 18);1;1093
9;0.25;RemoveObject;(9, 17);RemoveObject;(9, 18);1;1094
9;0.25;RemoveObject;(9, 17);RemoveObject;(9, 18);1;1095
9;0.25;RemoveObject;(9, 17);RemoveObject;(9, 18);1;1096
9;0.25;RemoveObject;(9, 17);RemoveObject;(9, 18);1;1097
9;0.25;RemoveObject;(9, 17);RemoveObject;(9, 18);1;1098
9;0.25;RemoveObject;(9, 17);RemoveObject;(9, 18);1;1099
9;0.25;RemoveObject;(9, 17);RemoveObject;(9, 18);1;1100
9;0.25;RemoveObject;(9, 17);RemoveObject;(9, 18);1;1101
9;0.25;RemoveObject;(9, 17);RemoveObject;(9, 18);1;1102
9;0.25;RemoveObject;(9, 17);RemoveObject;(9, 18);1;1103
9;0.25;RemoveObject;(9, 17);RemoveObject;(9, 18);1;1104
9;0.25;RemoveObject;(9, 17);RemoveObject;(9, 18);1;1105
9;0.25;RemoveObject;(9, 17);RemoveObject;(9, 18);1;1106
9;0.25;RemoveObject;(9, 17);RemoveObject;(9, 18);1;1107
9;0.25;RemoveObject;(9, 17);RemoveObject;(9, 18);1;1108
9;0.25;RemoveObject;(9, 17);RemoveObject;(9, 18);1;1109
9;0.25;RemoveObject;(9, 17);RemoveObject;(9, 18);1;1110
9;0.25;RemoveObject;(9, 17);RemoveObject;(9, 18);1;1111
9;0.25;RemoveObject;(9, 17);RemoveObject;(9, 18);1;1112
9;0.25;RemoveObject;(9, 17);RemoveObject;(9, 18);1;1113
9;0.25;RemoveObject;(9, 17);RemoveObject;(9, 18);1;1114
9;0.25;RemoveObject;(9, 17);RemoveObject;(9, 18);1;1115
9;0.25;RemoveObject;(9, 17);RemoveObject;(9, 18);1;1116
9;0.25;RemoveObject;(9, 17);RemoveObject;(9, 18);1;1117
9;0.25;RemoveObject;(9, 17);RemoveObject;(9, 18);1;1118
9;0.25;RemoveObject;(9, 17);RemoveObject;(9, 18);1;1119
9;0.25;MoveNorth;(9, 17);RemoveObject;(9, 18);1;1120
9;0.25;MoveNorth;(9, 17);RemoveObject;(9, 18);1;1121
9;0.25;MoveNorth;(9, 17);RemoveObject;(9, 18);1;1122
9;0.25;MoveNorth;(9, 17);RemoveObject;(9, 18);1;1123
9;0.25;MoveNorth;(9, 17);RemoveObject;(9, 18);1;1124
9;0.25;MoveNorth;(9, 17);RemoveObject;(9, 18);1;1125
9;0.25;MoveNorth;(9, 17);RemoveObject;(9, 18);1;1126
9;0.25;MoveNorth;(9, 17);RemoveObject;(9, 18);1;1127
9;0.25;MoveNorth;(9, 16);RemoveObject;(9, 18);1;1128
9;0.25;MoveNorthWest;(9, 16);RemoveObject;(9, 18);1;1129
9;0.25;MoveNorthWest;(9, 16);RemoveObject;(9, 18);1;1130
9;0.25;MoveNorthWest;(9, 16);RemoveObject;(9, 18);1;1131
9;0.25;MoveNorthWest;(9, 16);RemoveObject;(9, 18);1;1132
9;0.25;MoveNorthWest;(9, 16);RemoveObject;(9, 18);1;1133
9;0.25;MoveNorthWest;(9, 16);RemoveObject;(9, 18);1;1134
9;0.25;MoveNorthWest;(9, 16);RemoveObject;(9, 18);1;1135
9;0.25;MoveNorthWest;(9, 16);RemoveObject;(9, 18);1;1136
9;0.25;MoveNorthWest;(8, 15);RemoveObject;(9, 18);1;1137
9;0.25;MoveNorth;(8, 15);RemoveObject;(9, 18);1;1138
9;0.25;MoveNorth;(8, 15);RemoveObject;(9, 18);1;1139
9;0.25;MoveNorth;(8, 15);RemoveObject;(9, 18);1;1140
9;0.25;MoveNorth;(8, 15);RemoveObject;(9, 18);1;1141
9;0.25;MoveNorth;(8, 15);RemoveObject;(9, 18);1;1142
9;0.25;MoveNorth;(8, 15);RemoveObject;(9, 18);1;1143
9;0.25;MoveNorth;(8, 15);RemoveObject;(9, 18);1;1144
9;0.25;MoveNorth;(8, 15);RemoveObject;(9, 18);1;1145
9;0.25;MoveNorth;(8, 14);RemoveObject;(9, 18);1;1146
9;0.25;MoveSouthEast;(8, 14);RemoveObject;(9, 18);1;1147
9;0.25;MoveSouthEast;(8, 14);RemoveObject;(9, 18);1;1148
9;0.25;MoveSouthEast;(8, 14);RemoveObject;(9, 18);1;1149
9;0.25;MoveSouthEast;(8, 14);RemoveObject;(9, 18);1;1150
9;0.25;MoveSouthEast;(8, 14);RemoveObject;(9, 18);1;1151
9;0.25;MoveSouthEast;(8, 14);RemoveObject;(9, 18);1;1152
9;0.25;MoveSouthEast;(8, 14);RemoveObject;(9, 18);1;1153
9;0.25;MoveSouthEast;(8, 14);RemoveObject;(9, 18);1;1154
9;0.25;MoveSouthEast;(9, 15);RemoveObject;(9, 18);1;1155
9;0.25;MoveNorthEast;(9, 15);RemoveObject;(9, 18);1;1156
9;0.25;MoveNorthEast;(9, 15);RemoveObject;(9, 18);1;1157
9;0.25;MoveNorthEast;(9, 15);RemoveObject;(9, 18);1;1158
9;0.25;MoveNorthEast;(9, 15);RemoveObject;(9, 18);1;1159
9;0.25;MoveNorthEast;(9, 15);RemoveObject;(9, 18);1;1160
9;0.25;MoveNorthEast;(9, 15);RemoveObject;(9, 18);1;1161
9;0.25;MoveNorthEast;(9, 15);RemoveObject;(9, 18);1;1162
9;0.25;MoveNorthEast;(9, 15);RemoveObject;(9, 18);1;1163
9;0.25;MoveNorthEast;(10, 14);RemoveObject;(9, 18);1;1164
9;0.25;;(10, 14);RemoveObject;(9, 18);1;1165
9;0.25;;(10, 14);RemoveObject;(9, 18);1;1166
9;0.25;;(10, 14);RemoveObject;(9, 18);1;1167
9;0.25;;(10, 14);RemoveObject;(9, 18);1;1168
9;0.25;;(10, 14);RemoveObject;(9, 18);1;1169
9;0.25;;(10, 14);RemoveObject;(9, 18);1;1170
9;0.25;;(10, 14);RemoveObject;(9, 18);1;1171
9;0.25;;(10, 14);RemoveObject;(9, 18);1;1172
9;0.25;;(10, 14);RemoveObject;(9, 18);1;1173
9;0.25;;(10, 14);RemoveObject;(9, 18);1;1174
9;0.25;;(10, 14);RemoveObject;(9, 18);1;1175
9;0.25;;(10, 14);RemoveObject;(9, 18);1;1176
9;0.25;;(10, 14);RemoveObject;(9, 18);1;1177
9;0.25;;(10, 14);RemoveObject;(9, 18);1;1178
9;0.25;;(10, 14);RemoveObject;(9, 18);1;1179
9;0.25;;(10, 14);RemoveObject;(9, 18);1;1180
9;0.25;;(10, 14);RemoveObject;(9, 18);1;1181
9;0.25;;(10, 14);RemoveObject;(9, 18);1;1182
9;0.25;;(10, 14);RemoveObject;(9, 18);1;1183
9;0.25;;(10, 14);RemoveObject;(9, 18);1;1184
9;0.25;;(10, 14);RemoveObject;(9, 18);1;1185
9;0.25;;(10, 14);RemoveObject;(9, 18);1;1186
9;0.25;;(10, 14);RemoveObject;(9, 18);1;1187
9;0.25;;(10, 14);RemoveObject;(9, 18);1;1188
9;0.25;;(10, 14);RemoveObject;(9, 18);1;1189
9;0.25;;(10, 14);RemoveObject;(9, 18);1;1190
9;0.25;;(10, 14);RemoveObject;(9, 18);1;1191
9;0.25;;(10, 14);RemoveObject;(9, 18);1;1192
9;0.25;;(10, 14);RemoveObject;(9, 18);1;1193
9;0.25;;(10, 14);RemoveObject;(9, 18);1;1194
9;0.25;;(10, 14);RemoveObject;(9, 18);1;1195
9;0.25;;(10, 14);RemoveObject;(9, 18);1;1196
9;0.25;;(10, 14);RemoveObject;(9, 18);1;1197
9;0.25;;(10, 14);RemoveObject;(9, 18);1;1198
9;0.25;;(10, 14);RemoveObject;(9, 18);1;1199
9;0.25;;(10, 14);RemoveObject;(9, 18);1;1200
9;0.25;;(10, 14);RemoveObject;(9, 18);1;1201
9;0.25;;(10, 14);RemoveObject;(9, 18);1;1202
9;0.25;;(10, 14);RemoveObject;(9, 18);1;1203
9;0.25;;(10, 14);RemoveObject;(9, 18);1;1204
9;0.25;;(10, 14);RemoveObject;(9, 18);1;1205
9;0.25;;(10, 14);RemoveObject;(9, 18);1;1206
9;0.25;;(10, 14);RemoveObject;(9, 18);1;1207
9;0.25;;(10, 14);RemoveObject;(9, 18);1;1208
9;0.25;;(10, 14);RemoveObject;(9, 18);1;1209
9;0.25;;(10, 14);RemoveObject;(9, 18);1;1210
9;0.25;;(10, 14);RemoveObject;(9, 18);1;1211
9;0.25;;(10, 14);RemoveObject;(9, 18);1;1212
9;0.25;;(10, 14);RemoveObject;(9, 18);1;1213
9;0.25;;(10, 14);RemoveObject;(9, 18);1;1214
9;0.25;;(10, 14);RemoveObject;(9, 18);1;1215
9;0.25;;(10, 14);RemoveObject;(9, 18);1;1216
9;0.25;;(10, 14);RemoveObject;(9, 18);1;1217
9;0.25;;(10, 14);RemoveObject;(9, 18);1;1218
9;0.25;;(10, 14);RemoveObject;(9, 18);1;1219
9;0.25;;(10, 14);RemoveObject;(9, 18);1;1220
9;0.25;;(10, 14);RemoveObject;(9, 18);1;1221
9;0.25;;(10, 14);RemoveObject;(9, 18);1;1222
9;0.25;;(10, 14);RemoveObject;(9, 18);1;1223
9;0.25;;(10, 14);;(9, 18);1;1224
9;0.25;;(10, 14);;(9, 18);1;1225
9;0.25;;(10, 14);;(9, 18);1;1226
9;0.25;;(10, 14);;(9, 18);1;1227
9;0.25;;(10, 14);;(9, 18);1;1228
9;0.25;;(10, 14);;(9, 18);1;1229
9;0.25;;(10, 14);;(9, 18);1;1230
9;0.25;;(10, 14);;(9, 18);1;1231
9;0.25;;(10, 14);;(9, 18);1;1232
9;0.25;;(10, 14);;(9, 18);1;1233
9;0.25;;(10, 14);;(9, 18);1;1234
9;0.25;;(10, 14);;(9, 18);1;1235
9;0.25;;(10, 14);;(9, 18);1;1236
9;0.25;;(10, 14);;(9, 18);1;1237
9;0.25;;(10, 14);;(9, 18);1;1238
9;0.25;;(10, 14);;(9, 18);1;1239
9;0.25;;(10, 14);;(9, 18);1;1240
9;0.25;;(10, 14);;(9, 18);1;1241
9;0.25;;(10, 14);;(9, 18);1;1242
9;0.25;;(10, 14);;(9, 18);1;1243
9;0.25;;(10, 14);;(9, 18);1;1244
9;0.25;;(10, 14);;(9, 18);1;1245
9;0.25;Idle;(10, 14);;(9, 18);1;1246
9;0.25;Idle;(10, 14);;(9, 18);1;1247
9;0.25;Idle;(10, 14);;(9, 18);1;1248
9;0.25;Idle;(10, 14);;(9, 18);1;1249
9;0.25;Idle;(10, 14);;(9, 18);1;1250
9;0.25;Idle;(10, 14);MoveSouth;(9, 19);1;1251
9;0.25;Idle;(10, 14);;(9, 19);1;1252
9;0.25;Idle;(10, 14);MoveSouth;(9, 20);1;1253
9;0.25;Idle;(10, 14);;(9, 20);1;1254
9;0.25;Idle;(10, 14);MoveSouth;(9, 21);1;1255
9;0.25;Idle;(10, 14);MoveSouth;(9, 21);1;1256
9;0.25;Idle;(10, 14);;(9, 21);1;1257
9;0.25;Idle;(10, 14);;(9, 21);1;1258
9;0.25;Idle;(10, 14);MoveNorth;(9, 20);1;1259
9;0.25;Idle;(10, 14);;(9, 20);1;1260
9;0.25;Idle;(10, 14);MoveNorth;(9, 19);1;1261
9;0.25;Idle;(10, 14);;(9, 19);1;1262
9;0.25;Idle;(10, 14);MoveNorth;(9, 18);1;1263
9;0.25;Idle;(10, 14);MoveNorth;(9, 17);1;1264
9;0.25;Idle;(10, 14);MoveNorth;(9, 16);1;1265
9;0.25;Idle;(10, 14);;(9, 16);1;1266
9;0.25;Idle;(10, 14);MoveNorth;(9, 15);1;1267
9;0.25;Idle;(10, 14);;(9, 15);1;1268
9;0.25;Idle;(10, 14);MoveNorth;(9, 14);1;1269
9;0.25;Idle;(10, 14);;(9, 14);1;1270
9;0.25;Idle;(10, 14);;(9, 14);1;1271
9;0.25;MoveSouth;(10, 14);;(9, 14);1;1272
9;0.25;MoveSouth;(10, 14);MoveEast;(10, 14);1;1273
9;0.25;MoveSouth;(10, 14);;(10, 14);1;1274
9;0.25;MoveSouth;(10, 14);;(10, 14);1;1275
9;0.25;MoveSouth;(10, 14);MoveSouth;(10, 15);1;1276
9;0.25;MoveSouth;(10, 14);;(10, 15);1;1277
9;0.25;MoveSouth;(10, 14);;(10, 15);1;1278
9;0.25;MoveSouth;(10, 14);;(10, 15);1;1279
9;0.25;MoveSouth;(10, 15);;(10, 15);1;1280
9;0.25;;(10, 15);;(10, 15);1;1281
9;0.25;;(10, 15);;(10, 15);1;1282
9;0.25;;(10, 15);;(10, 15);1;1283
9;0.25;;(10, 15);;(10, 15);1;1284
9;0.25;;(10, 15);;(10, 15);1;1285
9;0.25;;(10, 15);;(10, 15);1;1286
9;0.25;;(10, 15);CarryObjectTogether;(10, 15);1;1287
9;0.25;;(10, 15);;(10, 15);1;1288
9;0.25;;(10, 15);;(10, 15);1;1289
9;0.25;;(10, 15);;(10, 15);1;1290
9;0.25;;(10, 15);;(10, 15);1;1291
9;0.25;;(10, 15);;(10, 15);1;1292
9;0.25;;(10, 15);;(10, 15);1;1293
9;0.25;;(10, 15);;(10, 15);1;1294
9;0.25;;(10, 15);;(10, 15);1;1295
9;0.25;;(10, 15);;(10, 15);1;1296
9;0.25;;(10, 15);;(10, 15);1;1297
9;0.25;;(10, 15);;(10, 15);1;1298
9;0.25;;(10, 15);MoveWest;(9, 15);1;1299
9;0.25;;(10, 15);;(9, 15);1;1300
9;0.25;;(10, 15);;(9, 15);1;1301
9;0.25;;(10, 15);MoveSouth;(9, 16);1;1302
9;0.25;;(10, 15);;(9, 16);1;1303
9;0.25;;(10, 15);MoveSouth;(9, 17);1;1304
9;0.25;;(10, 15);;(9, 17);1;1305
9;0.25;;(10, 15);;(9, 17);1;1306
9;0.25;;(10, 15);MoveEast;(10, 17);1;1307
9;0.25;;(10, 15);;(10, 17);1;1308
9;0.25;;(10, 15);MoveEast;(11, 17);1;1309
9;0.25;;(10, 15);MoveEast;(12, 17);1;1310
9;0.25;;(10, 15);;(12, 17);1;1311
9;0.25;;(10, 15);MoveEast;(13, 17);1;1312
9;0.25;;(10, 15);;(13, 17);1;1313
9;0.25;;(10, 15);MoveEast;(14, 17);1;1314
9;0.25;;(10, 15);MoveEast;(14, 17);1;1315
9;0.25;;(10, 15);MoveEast;(14, 17);1;1316
9;0.25;;(10, 15);MoveEast;(14, 17);1;1317
9;0.25;;(10, 15);MoveEast;(14, 17);1;1318
9;0.25;;(10, 15);MoveEast;(14, 17);1;1319
9;0.25;;(10, 15);MoveEast;(15, 17);1;1320
9;0.25;;(10, 15);MoveEast;(16, 17);1;1321
9;0.25;;(10, 15);MoveSouth;(16, 17);1;1322
9;0.25;;(10, 15);MoveSouth;(16, 17);1;1323
9;0.25;;(10, 15);MoveSouth;(16, 17);1;1324
9;0.25;;(10, 15);MoveSouth;(16, 17);1;1325
9;0.25;;(10, 15);MoveSouth;(16, 17);1;1326
9;0.25;;(10, 15);MoveSouth;(16, 18);1;1327
9;0.25;;(10, 15);MoveSouth;(16, 18);1;1328
9;0.25;;(10, 15);;(16, 18);1;1329
9;0.25;;(10, 15);MoveEast;(17, 18);1;1330
9;0.25;;(10, 15);;(17, 18);1;1331
9;0.25;;(10, 15);MoveEast;(18, 18);1;1332
9;0.25;;(10, 15);;(18, 18);1;1333
9;0.25;;(10, 15);MoveEast;(19, 18);1;1334
9;0.25;;(10, 15);MoveEast;(20, 18);1;1335
9;0.25;;(10, 15);MoveEast;(20, 18);1;1336
9;0.25;;(10, 15);MoveEast;(20, 18);1;1337
9;0.25;;(10, 15);MoveEast;(20, 18);1;1338
9;0.25;;(10, 15);MoveEast;(20, 18);1;1339
9;0.25;;(10, 15);MoveEast;(20, 18);1;1340
9;0.25;;(10, 15);MoveEast;(21, 18);1;1341
9;0.25;;(10, 15);MoveEast;(22, 18);1;1342
9;0.25;;(10, 15);MoveEast;(23, 18);1;1343
9;0.25;;(10, 15);MoveEast;(23, 18);1;1344
9;0.25;;(10, 15);;(23, 18);1;1345
9;0.25;;(10, 15);MoveEast;(23, 18);1;1346
9;0.25;;(10, 15);;(23, 18);1;1347
9;0.25;;(10, 15);MoveNorth;(23, 17);1;1348
9;0.25;;(10, 15);;(23, 17);1;1349
9;0.25;;(10, 15);;(23, 17);1;1350
9;0.25;;(10, 15);MoveNorth;(23, 16);1;1351
9;0.25;;(10, 15);MoveNorth;(23, 15);1;1352
9;0.25;;(10, 15);;(23, 15);1;1353
9;0.25;;(10, 15);MoveNorth;(23, 14);1;1354
9;0.25;;(10, 15);MoveNorth;(23, 13);1;1355
9;0.25;;(10, 15);;(23, 13);1;1356
9;0.25;;(10, 15);MoveNorth;(23, 12);1;1357
9;0.25;;(10, 15);MoveNorth;(23, 11);1;1358
9;0.25;;(10, 15);;(23, 11);1;1359
9;0.25;;(10, 15);MoveNorth;(23, 10);1;1360
9;0.25;;(10, 15);MoveNorth;(23, 9);1;1361
9;0.25;;(10, 15);;(23, 9);1;1362
9;0.25;;(10, 15);MoveNorth;(23, 8);1;1363
9;0.25;;(10, 15);;(23, 8);1;1364
9;0.25;;(10, 15);;(23, 8);1;1365
9;0.25;;(10, 15);;(23, 8);1;1366
9;0.25;;(10, 15);;(23, 8);1;1367
9;0.25;;(10, 15);MoveSouth;(23, 9);1;1368
9;0.25;;(10, 15);;(23, 9);1;1369
9;0.25;;(10, 15);;(23, 9);1;1370
9;0.25;;(10, 15);;(23, 9);1;1371
15;0.375;;(23, 9);DropObjectTogether;(23, 9);1;1372
15;0.375;MoveSouthWest;(23, 9);;(23, 9);1;1373
15;0.375;MoveSouthWest;(23, 9);;(23, 9);1;1374
15;0.375;MoveSouthWest;(23, 9);;(23, 9);1;1375
15;0.375;MoveSouthWest;(23, 9);;(23, 9);1;1376
15;0.375;MoveSouthWest;(23, 9);MoveSouth;(23, 10);1;1377
15;0.375;MoveSouthWest;(23, 9);;(23, 10);1;1378
15;0.375;MoveSouthWest;(23, 9);MoveSouth;(23, 11);1;1379
15;0.375;MoveSouthWest;(23, 9);;(23, 11);1;1380
15;0.375;MoveSouthWest;(22, 10);;(23, 11);1;1381
15;0.375;MoveSouthWest;(22, 10);;(23, 11);1;1382
15;0.375;MoveSouthWest;(22, 10);;(23, 11);1;1383
15;0.375;MoveSouthWest;(22, 10);;(23, 11);1;1384
15;0.375;MoveSouthWest;(22, 10);;(23, 11);1;1385
15;0.375;MoveSouthWest;(22, 10);;(23, 11);1;1386
15;0.375;MoveSouthWest;(22, 10);MoveSouth;(23, 12);1;1387
15;0.375;MoveSouthWest;(22, 10);MoveSouth;(23, 13);1;1388
15;0.375;MoveSouthWest;(22, 10);;(23, 13);1;1389
15;0.375;MoveSouthWest;(21, 11);MoveSouth;(23, 14);1;1390
15;0.375;MoveSouthWest;(21, 11);MoveSouth;(23, 15);1;1391
15;0.375;MoveSouthWest;(21, 11);;(23, 15);1;1392
15;0.375;MoveSouthWest;(21, 11);MoveSouth;(23, 16);1;1393
15;0.375;MoveSouthWest;(21, 11);;(23, 16);1;1394
15;0.375;MoveSouthWest;(21, 11);MoveSouth;(23, 17);1;1395
15;0.375;MoveSouthWest;(21, 11);MoveSouth;(23, 18);1;1396
15;0.375;MoveSouthWest;(21, 11);;(23, 18);1;1397
15;0.375;MoveSouthWest;(21, 11);MoveSouth;(23, 18);1;1398
15;0.375;MoveSouthWest;(20, 12);;(23, 18);1;1399
15;0.375;MoveSouthWest;(20, 12);MoveWest;(22, 18);1;1400
15;0.375;MoveSouthWest;(20, 12);MoveWest;(21, 18);1;1401
15;0.375;MoveSouthWest;(20, 12);;(21, 18);1;1402
15;0.375;MoveSouthWest;(20, 12);MoveWest;(20, 18);1;1403
15;0.375;MoveSouthWest;(20, 12);;(20, 18);1;1404
15;0.375;MoveSouthWest;(20, 12);MoveWest;(20, 18);1;1405
15;0.375;MoveSouthWest;(20, 12);MoveWest;(20, 18);1;1406
15;0.375;MoveSouthWest;(20, 12);MoveWest;(20, 18);1;1407
15;0.375;MoveSouthWest;(19, 13);MoveWest;(20, 18);1;1408
15;0.375;MoveSouthWest;(19, 13);MoveWest;(20, 18);1;1409
15;0.375;MoveSouthWest;(19, 13);MoveWest;(19, 18);1;1410
15;0.375;MoveSouthWest;(19, 13);MoveWest;(18, 18);1;1411
15;0.375;MoveSouthWest;(19, 13);;(18, 18);1;1412
15;0.375;MoveSouthWest;(19, 13);;(18, 18);1;1413
15;0.375;MoveSouthWest;(19, 13);;(18, 18);1;1414
15;0.375;MoveSouthWest;(19, 13);;(18, 18);1;1415
15;0.375;MoveSouthWest;(19, 13);;(18, 18);1;1416
15;0.375;MoveSouthWest;(18, 14);MoveWest;(17, 18);1;1417
15;0.375;MoveSouth;(18, 14);;(17, 18);1;1418
15;0.375;MoveSouth;(18, 14);MoveWest;(16, 18);1;1419
15;0.375;MoveSouth;(18, 14);;(16, 18);1;1420
15;0.375;MoveSouth;(18, 14);;(16, 18);1;1421
15;0.375;MoveSouth;(18, 14);;(16, 18);1;1422
15;0.375;MoveSouth;(18, 14);;(16, 18);1;1423
15;0.375;MoveSouth;(18, 14);;(16, 18);1;1424
15;0.375;MoveSouth;(18, 14);;(16, 18);1;1425
15;0.375;MoveSouth;(18, 14);MoveWest;(15, 18);1;1426
15;0.375;MoveSouth;(18, 14);;(15, 18);1;1427
15;0.375;MoveSouth;(18, 14);;(15, 18);1;1428
15;0.375;MoveSouth;(18, 14);;(15, 18);1;1429
15;0.375;MoveSouth;(18, 14);;(15, 18);1;1430
15;0.375;MoveSouth;(18, 15);;(15, 18);1;1431
15;0.375;MoveSouth;(18, 15);;(15, 18);1;1432
15;0.375;MoveSouth;(18, 15);;(15, 18);1;1433
15;0.375;MoveSouth;(18, 15);;(15, 18);1;1434
15;0.375;MoveSouth;(18, 15);;(15, 18);1;1435
15;0.375;MoveSouth;(18, 15);;(15, 18);1;1436
15;0.375;MoveSouth;(18, 15);;(15, 18);1;1437
15;0.375;MoveSouth;(18, 15);;(15, 18);1;1438
15;0.375;MoveSouth;(18, 15);;(15, 18);1;1439
15;0.375;MoveSouth;(18, 15);;(15, 18);1;1440
15;0.375;MoveSouth;(18, 15);;(15, 18);1;1441
15;0.375;MoveSouth;(18, 15);;(15, 18);1;1442
15;0.375;MoveSouth;(18, 15);;(15, 18);1;1443
15;0.375;MoveSouth;(18, 15);;(15, 18);1;1444
15;0.375;MoveSouth;(18, 16);;(15, 18);1;1445
15;0.375;MoveSouthWest;(18, 16);;(15, 18);1;1446
15;0.375;MoveSouthWest;(18, 16);;(15, 18);1;1447
15;0.375;MoveSouthWest;(18, 16);;(15, 18);1;1448
15;0.375;MoveSouthWest;(18, 16);;(15, 18);1;1449
15;0.375;MoveSouthWest;(18, 16);;(15, 18);1;1450
15;0.375;MoveSouthWest;(18, 16);;(15, 18);1;1451
15;0.375;MoveSouthWest;(18, 16);;(15, 18);1;1452
15;0.375;MoveSouthWest;(18, 16);;(15, 18);1;1453
15;0.375;MoveSouthWest;(18, 16);;(15, 18);1;1454
15;0.375;MoveSouthWest;(18, 16);;(15, 18);1;1455
15;0.375;MoveSouthWest;(18, 16);;(15, 18);1;1456
15;0.375;MoveSouthWest;(18, 16);;(15, 18);1;1457
15;0.375;MoveSouthWest;(18, 16);;(15, 18);1;1458
15;0.375;MoveSouthWest;(17, 17);;(15, 18);1;1459
15;0.375;MoveWest;(17, 17);;(15, 18);1;1460
15;0.375;MoveWest;(17, 17);;(15, 18);1;1461
15;0.375;MoveWest;(17, 17);;(15, 18);1;1462
15;0.375;MoveWest;(17, 17);;(15, 18);1;1463
15;0.375;MoveWest;(17, 17);;(15, 18);1;1464
15;0.375;MoveWest;(17, 17);;(15, 18);1;1465
15;0.375;MoveWest;(17, 17);;(15, 18);1;1466
15;0.375;MoveWest;(17, 17);;(15, 18);1;1467
15;0.375;MoveWest;(17, 17);;(15, 18);1;1468
15;0.375;MoveWest;(17, 17);;(15, 18);1;1469
15;0.375;MoveWest;(17, 17);;(15, 18);1;1470
15;0.375;MoveWest;(17, 17);;(15, 18);1;1471
15;0.375;MoveWest;(17, 17);;(15, 18);1;1472
15;0.375;MoveWest;(16, 17);;(15, 18);1;1473
15;0.375;MoveSouthWest;(16, 17);;(15, 18);1;1474
15;0.375;MoveSouthWest;(16, 17);;(15, 18);1;1475
15;0.375;MoveSouthWest;(16, 17);;(15, 18);1;1476
15;0.375;MoveSouthWest;(16, 17);;(15, 18);1;1477
15;0.375;MoveSouthWest;(16, 17);;(15, 18);1;1478
15;0.375;MoveSouthWest;(16, 17);;(15, 18);1;1479
15;0.375;MoveSouthWest;(16, 17);;(15, 18);1;1480
15;0.375;MoveSouthWest;(16, 17);;(15, 18);1;1481
15;0.375;MoveSouthWest;(16, 17);;(15, 18);1;1482
15;0.375;MoveSouthWest;(16, 17);;(15, 18);1;1483
15;0.375;MoveSouthWest;(16, 17);;(15, 18);1;1484
15;0.375;MoveSouthWest;(16, 17);;(15, 18);1;1485
15;0.375;MoveSouthWest;(16, 17);;(15, 18);1;1486
15;0.375;MoveSouthWest;(15, 18);;(15, 18);1;1487
15;0.375;;(15, 18);;(15, 18);1;1488
15;0.375;;(15, 18);;(15, 18);1;1489
15;0.375;;(15, 18);;(15, 18);1;1490
15;0.375;;(15, 18);;(15, 18);1;1491
15;0.375;;(15, 18);;(15, 18);1;1492
15;0.375;;(15, 18);;(15, 18);1;1493
15;0.375;;(15, 18);;(15, 18);1;1494
15;0.375;;(15, 18);;(15, 18);1;1495
15;0.375;;(15, 18);;(15, 18);1;1496
15;0.375;;(15, 18);;(15, 18);1;1497
15;0.375;;(15, 18);;(15, 18);1;1498
15;0.375;;(15, 18);;(15, 18);1;1499
15;0.375;;(15, 18);;(15, 18);1;1500
15;0.375;;(15, 18);;(15, 18);1;1501
15;0.375;;(15, 18);;(15, 18);1;1502
15;0.375;RemoveObject;(15, 18);;(15, 18);1;1503
15;0.375;RemoveObject;(15, 18);;(15, 18);1;1504
15;0.375;RemoveObject;(15, 18);;(15, 18);1;1505
15;0.375;RemoveObject;(15, 18);;(15, 18);1;1506
15;0.375;RemoveObject;(15, 18);;(15, 18);1;1507
15;0.375;RemoveObject;(15, 18);;(15, 18);1;1508
15;0.375;RemoveObject;(15, 18);;(15, 18);1;1509
15;0.375;RemoveObject;(15, 18);;(15, 18);1;1510
15;0.375;RemoveObject;(15, 18);;(15, 18);1;1511
15;0.375;RemoveObject;(15, 18);;(15, 18);1;1512
15;0.375;RemoveObject;(15, 18);;(15, 18);1;1513
15;0.375;RemoveObject;(15, 18);;(15, 18);1;1514
15;0.375;RemoveObject;(15, 18);;(15, 18);1;1515
15;0.375;RemoveObject;(15, 18);;(15, 18);1;1516
15;0.375;RemoveObject;(15, 18);;(15, 18);1;1517
15;0.375;RemoveObject;(15, 18);;(15, 18);1;1518
15;0.375;RemoveObject;(15, 18);;(15, 18);1;1519
15;0.375;RemoveObject;(15, 18);;(15, 18);1;1520
15;0.375;RemoveObject;(15, 18);;(15, 18);1;1521
15;0.375;RemoveObject;(15, 18);;(15, 18);1;1522
15;0.375;RemoveObject;(15, 18);;(15, 18);1;1523
15;0.375;RemoveObject;(15, 18);;(15, 18);1;1524
15;0.375;RemoveObject;(15, 18);;(15, 18);1;1525
15;0.375;RemoveObject;(15, 18);;(15, 18);1;1526
15;0.375;RemoveObject;(15, 18);;(15, 18);1;1527
15;0.375;RemoveObject;(15, 18);;(15, 18);1;1528
15;0.375;RemoveObject;(15, 18);;(15, 18);1;1529
15;0.375;RemoveObject;(15, 18);;(15, 18);1;1530
15;0.375;RemoveObject;(15, 18);;(15, 18);1;1531
15;0.375;RemoveObject;(15, 18);;(15, 18);1;1532
15;0.375;RemoveObject;(15, 18);;(15, 18);1;1533
15;0.375;RemoveObject;(15, 18);;(15, 18);1;1534
15;0.375;RemoveObject;(15, 18);;(15, 18);1;1535
15;0.375;RemoveObject;(15, 18);;(15, 18);1;1536
15;0.375;RemoveObject;(15, 18);;(15, 18);1;1537
15;0.375;RemoveObject;(15, 18);;(15, 18);1;1538
15;0.375;RemoveObject;(15, 18);;(15, 18);1;1539
15;0.375;RemoveObject;(15, 18);;(15, 18);1;1540
15;0.375;RemoveObject;(15, 18);;(15, 18);1;1541
15;0.375;RemoveObject;(15, 18);;(15, 18);1;1542
15;0.375;RemoveObject;(15, 18);;(15, 18);1;1543
15;0.375;RemoveObject;(15, 18);;(15, 18);1;1544
15;0.375;RemoveObject;(15, 18);;(15, 18);1;1545
15;0.375;RemoveObject;(15, 18);;(15, 18);1;1546
15;0.375;RemoveObject;(15, 18);;(15, 18);1;1547
15;0.375;RemoveObject;(15, 18);;(15, 18);1;1548
15;0.375;RemoveObject;(15, 18);;(15, 18);1;1549
15;0.375;RemoveObject;(15, 18);;(15, 18);1;1550
15;0.375;RemoveObject;(15, 18);;(15, 18);1;1551
15;0.375;RemoveObject;(15, 18);;(15, 18);1;1552
15;0.375;RemoveObject;(15, 18);;(15, 18);1;1553
15;0.375;RemoveObject;(15, 18);;(15, 18);1;1554
15;0.375;RemoveObject;(15, 18);;(15, 18);1;1555
15;0.375;RemoveObject;(15, 18);;(15, 18);1;1556
15;0.375;RemoveObject;(15, 18);;(15, 18);1;1557
15;0.375;RemoveObject;(15, 18);;(15, 18);1;1558
15;0.375;RemoveObject;(15, 18);;(15, 18);1;1559
15;0.375;RemoveObject;(15, 18);;(15, 18);1;1560
15;0.375;RemoveObject;(15, 18);;(15, 18);1;1561
15;0.375;RemoveObject;(15, 18);;(15, 18);1;1562
15;0.375;RemoveObject;(15, 18);;(15, 18);1;1563
15;0.375;RemoveObject;(15, 18);;(15, 18);1;1564
15;0.375;RemoveObject;(15, 18);;(15, 18);1;1565
15;0.375;RemoveObject;(15, 18);;(15, 18);1;1566
15;0.375;RemoveObject;(15, 18);;(15, 18);1;1567
15;0.375;RemoveObject;(15, 18);;(15, 18);1;1568
15;0.375;RemoveObject;(15, 18);;(15, 18);1;1569
15;0.375;RemoveObject;(15, 18);;(15, 18);1;1570
15;0.375;RemoveObject;(15, 18);;(15, 18);1;1571
15;0.375;RemoveObject;(15, 18);;(15, 18);1;1572
15;0.375;RemoveObject;(15, 18);;(15, 18);1;1573
15;0.375;RemoveObject;(15, 18);;(15, 18);1;1574
15;0.375;RemoveObject;(15, 18);;(15, 18);1;1575
15;0.375;RemoveObject;(15, 18);;(15, 18);1;1576
15;0.375;RemoveObject;(15, 18);;(15, 18);1;1577
15;0.375;RemoveObject;(15, 18);;(15, 18);1;1578
15;0.375;RemoveObject;(15, 18);;(15, 18);1;1579
15;0.375;RemoveObject;(15, 18);;(15, 18);1;1580
15;0.375;RemoveObject;(15, 18);;(15, 18);1;1581
15;0.375;RemoveObject;(15, 18);;(15, 18);1;1582
15;0.375;RemoveObject;(15, 18);;(15, 18);1;1583
15;0.375;RemoveObject;(15, 18);;(15, 18);1;1584
15;0.375;RemoveObject;(15, 18);;(15, 18);1;1585
15;0.375;RemoveObject;(15, 18);;(15, 18);1;1586
15;0.375;RemoveObject;(15, 18);;(15, 18);1;1587
15;0.375;RemoveObject;(15, 18);;(15, 18);1;1588
15;0.375;RemoveObject;(15, 18);;(15, 18);1;1589
15;0.375;RemoveObject;(15, 18);;(15, 18);1;1590
15;0.375;RemoveObject;(15, 18);;(15, 18);1;1591
15;0.375;RemoveObject;(15, 18);;(15, 18);1;1592
15;0.375;RemoveObject;(15, 18);;(15, 18);1;1593
15;0.375;RemoveObject;(15, 18);;(15, 18);1;1594
15;0.375;RemoveObject;(15, 18);;(15, 18);1;1595
15;0.375;RemoveObject;(15, 18);;(15, 18);1;1596
15;0.375;RemoveObject;(15, 18);;(15, 18);1;1597
15;0.375;RemoveObject;(15, 18);;(15, 18);1;1598
15;0.375;RemoveObject;(15, 18);;(15, 18);1;1599
15;0.375;RemoveObject;(15, 18);;(15, 18);1;1600
15;0.375;RemoveObject;(15, 18);;(15, 18);1;1601
15;0.375;RemoveObject;(15, 18);;(15, 18);1;1602
15;0.375;RemoveObject;(15, 18);;(15, 18);1;1603
15;0.375;MoveSouth;(15, 18);;(15, 18);1;1604
15;0.375;MoveSouth;(15, 18);;(15, 18);1;1605
15;0.375;MoveSouth;(15, 18);;(15, 18);1;1606
15;0.375;MoveSouth;(15, 18);;(15, 18);1;1607
15;0.375;MoveSouth;(15, 18);;(15, 18);1;1608
15;0.375;MoveSouth;(15, 18);;(15, 18);1;1609
15;0.375;MoveSouth;(15, 18);;(15, 18);1;1610
15;0.375;MoveSouth;(15, 18);;(15, 18);1;1611
15;0.375;MoveSouth;(15, 19);;(15, 18);1;1612
15;0.375;MoveSouthWest;(15, 19);;(15, 18);1;1613
15;0.375;MoveSouthWest;(15, 19);;(15, 18);1;1614
15;0.375;MoveSouthWest;(15, 19);;(15, 18);1;1615
15;0.375;MoveSouthWest;(15, 19);;(15, 18);1;1616
15;0.375;MoveSouthWest;(15, 19);;(15, 18);1;1617
15;0.375;MoveSouthWest;(15, 19);;(15, 18);1;1618
15;0.375;MoveSouthWest;(15, 19);;(15, 18);1;1619
15;0.375;MoveSouthWest;(15, 19);;(15, 18);1;1620
15;0.375;MoveSouthWest;(14, 20);;(15, 18);1;1621
15;0.375;MoveSouthEast;(14, 20);;(15, 18);1;1622
15;0.375;MoveSouthEast;(14, 20);;(15, 18);1;1623
15;0.375;MoveSouthEast;(14, 20);;(15, 18);1;1624
15;0.375;MoveSouthEast;(14, 20);;(15, 18);1;1625
15;0.375;MoveSouthEast;(14, 20);;(15, 18);1;1626
15;0.375;MoveSouthEast;(14, 20);;(15, 18);1;1627
15;0.375;MoveSouthEast;(14, 20);;(15, 18);1;1628
15;0.375;MoveSouthEast;(14, 20);;(15, 18);1;1629
15;0.375;MoveSouthEast;(15, 21);;(15, 18);1;1630
15;0.375;MoveNorthEast;(15, 21);;(15, 18);1;1631
15;0.375;MoveNorthEast;(15, 21);;(15, 18);1;1632
15;0.375;MoveNorthEast;(15, 21);;(15, 18);1;1633
15;0.375;MoveNorthEast;(15, 21);;(15, 18);1;1634
15;0.375;MoveNorthEast;(15, 21);;(15, 18);1;1635
15;0.375;MoveNorthEast;(15, 21);;(15, 18);1;1636
15;0.375;MoveNorthEast;(15, 21);;(15, 18);1;1637
15;0.375;MoveNorthEast;(15, 21);;(15, 18);1;1638
15;0.375;MoveNorthEast;(16, 20);;(15, 18);1;1639
15;0.375;;(16, 20);;(15, 18);1;1640
15;0.375;;(16, 20);;(15, 18);1;1641
15;0.375;;(16, 20);;(15, 18);1;1642
15;0.375;;(16, 20);;(15, 18);1;1643
15;0.375;;(16, 20);;(15, 18);1;1644
15;0.375;;(16, 20);;(15, 18);1;1645
15;0.375;;(16, 20);;(15, 18);1;1646
15;0.375;;(16, 20);;(15, 18);1;1647
15;0.375;;(16, 20);;(15, 18);1;1648
15;0.375;Idle;(16, 20);;(15, 18);1;1649
15;0.375;Idle;(16, 20);;(15, 18);1;1650
15;0.375;Idle;(16, 20);;(15, 18);1;1651
15;0.375;Idle;(16, 20);MoveSouth;(15, 19);1;1652
15;0.375;Idle;(16, 20);;(15, 19);1;1653
15;0.375;Idle;(16, 20);;(15, 19);1;1654
15;0.375;Idle;(16, 20);;(15, 19);1;1655
15;0.375;Idle;(16, 20);MoveSouth;(15, 20);1;1656
15;0.375;Idle;(16, 20);;(15, 20);1;1657
15;0.375;Idle;(16, 20);;(15, 20);1;1658
15;0.375;Idle;(16, 20);;(15, 20);1;1659
15;0.375;Idle;(16, 20);;(15, 20);1;1660
15;0.375;Idle;(16, 20);;(15, 20);1;1661
15;0.375;Idle;(16, 20);MoveWest;(14, 20);1;1662
15;0.375;Idle;(16, 20);;(14, 20);1;1663
15;0.375;Idle;(16, 20);;(14, 20);1;1664
15;0.375;Idle;(16, 20);;(14, 20);1;1665
15;0.375;Idle;(16, 20);;(14, 20);1;1666
15;0.375;Idle;(16, 20);;(14, 20);1;1667
15;0.375;Idle;(16, 20);;(14, 20);1;1668
15;0.375;Idle;(16, 20);;(14, 20);1;1669
15;0.375;Idle;(16, 20);;(14, 20);1;1670
15;0.375;Idle;(16, 20);;(14, 20);1;1671
15;0.375;Idle;(16, 20);;(14, 20);1;1672
15;0.375;Idle;(16, 20);;(14, 20);1;1673
15;0.375;Idle;(16, 20);;(14, 20);1;1674
15;0.375;MoveWest;(16, 20);;(14, 20);1;1675
15;0.375;MoveWest;(16, 20);;(14, 20);1;1676
15;0.375;MoveWest;(16, 20);;(14, 20);1;1677
15;0.375;MoveWest;(16, 20);;(14, 20);1;1678
15;0.375;MoveWest;(16, 20);;(14, 20);1;1679
15;0.375;MoveWest;(16, 20);;(14, 20);1;1680
15;0.375;MoveWest;(16, 20);;(14, 20);1;1681
15;0.375;MoveWest;(16, 20);;(14, 20);1;1682
15;0.375;MoveWest;(15, 20);;(14, 20);1;1683
15;0.375;MoveWest;(15, 20);;(14, 20);1;1684
15;0.375;MoveWest;(15, 20);;(14, 20);1;1685
15;0.375;MoveWest;(15, 20);;(14, 20);1;1686
15;0.375;MoveWest;(15, 20);;(14, 20);1;1687
15;0.375;MoveWest;(15, 20);;(14, 20);1;1688
15;0.375;MoveWest;(15, 20);;(14, 20);1;1689
15;0.375;MoveWest;(15, 20);;(14, 20);1;1690
15;0.375;MoveWest;(15, 20);;(14, 20);1;1691
15;0.375;MoveWest;(14, 20);;(14, 20);1;1692
15;0.375;;(14, 20);;(14, 20);1;1693
15;0.375;;(14, 20);;(14, 20);1;1694
15;0.375;;(14, 20);;(14, 20);1;1695
15;0.375;;(14, 20);;(14, 20);1;1696
15;0.375;;(14, 20);CarryObjectTogether;(14, 20);1;1697
15;0.375;;(14, 20);;(14, 20);1;1698
15;0.375;;(14, 20);;(14, 20);1;1699
15;0.375;;(14, 20);;(14, 20);1;1700
15;0.375;;(14, 20);;(14, 20);1;1701
15;0.375;;(14, 20);;(14, 20);1;1702
15;0.375;;(14, 20);;(14, 20);1;1703
15;0.375;;(14, 20);;(14, 20);1;1704
15;0.375;;(14, 20);;(14, 20);1;1705
15;0.375;;(14, 20);MoveEast;(15, 20);1;1706
15;0.375;;(14, 20);;(15, 20);1;1707
15;0.375;;(14, 20);;(15, 20);1;1708
15;0.375;;(14, 20);MoveNorth;(15, 19);1;1709
15;0.375;;(14, 20);;(15, 19);1;1710
15;0.375;;(14, 20);MoveNorth;(15, 18);1;1711
15;0.375;;(14, 20);;(15, 18);1;1712
15;0.375;;(14, 20);;(15, 18);1;1713
15;0.375;;(14, 20);MoveEast;(16, 18);1;1714
15;0.375;;(14, 20);;(16, 18);1;1715
15;0.375;;(14, 20);MoveEast;(17, 18);1;1716
15;0.375;;(14, 20);;(17, 18);1;1717
15;0.375;;(14, 20);MoveEast;(18, 18);1;1718
15;0.375;;(14, 20);MoveEast;(19, 18);1;1719
15;0.375;;(14, 20);;(19, 18);1;1720
15;0.375;;(14, 20);MoveEast;(20, 18);1;1721
15;0.375;;(14, 20);MoveEast;(20, 18);1;1722
15;0.375;;(14, 20);MoveEast;(20, 18);1;1723
15;0.375;;(14, 20);MoveEast;(20, 18);1;1724
15;0.375;;(14, 20);MoveEast;(20, 18);1;1725
15;0.375;;(14, 20);MoveEast;(20, 18);1;1726
15;0.375;;(14, 20);MoveEast;(21, 18);1;1727
15;0.375;;(14, 20);MoveEast;(22, 18);1;1728
15;0.375;;(14, 20);MoveEast;(23, 18);1;1729
15;0.375;;(14, 20);MoveEast;(23, 18);1;1730
15;0.375;;(14, 20);;(23, 18);1;1731
15;0.375;;(14, 20);MoveEast;(23, 18);1;1732
15;0.375;;(14, 20);MoveEast;(23, 18);1;1733
15;0.375;;(14, 20);;(23, 18);1;1734
15;0.375;;(14, 20);MoveNorth;(23, 17);1;1735
15;0.375;;(14, 20);;(23, 17);1;1736
15;0.375;;(14, 20);MoveNorth;(23, 16);1;1737
15;0.375;;(14, 20);;(23, 16);1;1738
15;0.375;;(14, 20);MoveNorth;(23, 15);1;1739
15;0.375;;(14, 20);MoveNorth;(23, 14);1;1740
15;0.375;;(14, 20);;(23, 14);1;1741
15;0.375;;(14, 20);;(23, 14);1;1742
15;0.375;;(14, 20);;(23, 14);1;1743
15;0.375;;(14, 20);;(23, 14);1;1744
15;0.375;;(14, 20);;(23, 14);1;1745
15;0.375;;(14, 20);MoveNorth;(23, 13);1;1746
15;0.375;;(14, 20);;(23, 13);1;1747
15;0.375;;(14, 20);;(23, 13);1;1748
15;0.375;;(14, 20);;(23, 13);1;1749
15;0.375;;(14, 20);;(23, 13);1;1750
15;0.375;;(14, 20);;(23, 13);1;1751
15;0.375;;(14, 20);;(23, 13);1;1752
15;0.375;;(14, 20);;(23, 13);1;1753
18;0.5;;(23, 13);DropObjectTogether;(23, 13);1;1754
18;0.5;MoveSouth;(23, 13);;(23, 13);1;1755
18;0.5;MoveSouth;(23, 13);;(23, 13);1;1756
18;0.5;MoveSouth;(23, 13);;(23, 13);1;1757
18;0.5;MoveSouth;(23, 13);;(23, 13);1;1758
18;0.5;MoveSouth;(23, 13);;(23, 13);1;1759
18;0.5;MoveSouth;(23, 13);;(23, 13);1;1760
18;0.5;MoveSouth;(23, 13);;(23, 13);1;1761
18;0.5;MoveSouth;(23, 13);;(23, 13);1;1762
18;0.5;MoveSouth;(23, 14);;(23, 13);1;1763
18;0.5;MoveSouthWest;(23, 14);;(23, 13);1;1764
18;0.5;MoveSouthWest;(23, 14);;(23, 13);1;1765
18;0.5;MoveSouthWest;(23, 14);;(23, 13);1;1766
18;0.5;MoveSouthWest;(23, 14);;(23, 13);1;1767
18;0.5;MoveSouthWest;(23, 14);;(23, 13);1;1768
18;0.5;MoveSouthWest;(23, 14);;(23, 13);1;1769
18;0.5;MoveSouthWest;(23, 14);;(23, 13);1;1770
18;0.5;MoveSouthWest;(23, 14);;(23, 13);1;1771
18;0.5;MoveSouthWest;(22, 15);;(23, 13);1;1772
18;0.5;MoveSouth;(22, 15);;(23, 13);1;1773
18;0.5;MoveSouth;(22, 15);;(23, 13);1;1774
18;0.5;MoveSouth;(22, 15);;(23, 13);1;1775
18;0.5;MoveSouth;(22, 15);;(23, 13);1;1776
18;0.5;MoveSouth;(22, 15);;(23, 13);1;1777
18;0.5;MoveSouth;(22, 15);;(23, 13);1;1778
18;0.5;MoveSouth;(22, 15);;(23, 13);1;1779
18;0.5;MoveSouth;(22, 15);;(23, 13);1;1780
18;0.5;MoveSouth;(22, 16);;(23, 13);1;1781
18;0.5;MoveNorthWest;(22, 16);;(23, 13);1;1782
18;0.5;MoveNorthWest;(22, 16);;(23, 13);1;1783
18;0.5;MoveNorthWest;(22, 16);;(23, 13);1;1784
18;0.5;MoveNorthWest;(22, 16);;(23, 13);1;1785
18;0.5;MoveNorthWest;(22, 16);;(23, 13);1;1786
18;0.5;MoveNorthWest;(22, 16);;(23, 13);1;1787
18;0.5;MoveNorthWest;(22, 16);;(23, 13);1;1788
18;0.5;MoveNorthWest;(22, 16);;(23, 13);1;1789
18;0.5;MoveNorthWest;(21, 15);;(23, 13);1;1790
18;0.5;MoveNorthWest;(21, 15);;(23, 13);1;1791
18;0.5;MoveNorthWest;(21, 15);;(23, 13);1;1792
18;0.5;MoveNorthWest;(21, 15);;(23, 13);1;1793
18;0.5;MoveNorthWest;(21, 15);;(23, 13);1;1794
18;0.5;MoveNorthWest;(21, 15);;(23, 13);1;1795
18;0.5;MoveNorthWest;(21, 15);;(23, 13);1;1796
18;0.5;MoveNorthWest;(21, 15);MoveNorth;(23, 12);1;1797
18;0.5;MoveNorthWest;(21, 15);;(23, 12);1;1798
18;0.5;MoveNorthWest;(20, 14);MoveNorth;(23, 11);1;1799
18;0.5;MoveNorthWest;(20, 14);MoveNorth;(23, 10);1;1800
18;0.5;MoveNorthWest;(20, 14);;(23, 10);1;1801
18;0.5;MoveNorthWest;(20, 14);MoveNorth;(23, 9);1;1802
18;0.5;MoveNorthWest;(20, 14);;(23, 9);1;1803
18;0.5;MoveNorthWest;(20, 14);;(23, 9);1;1804
18;0.5;MoveNorthWest;(20, 14);MoveWest;(22, 9);1;1805
18;0.5;MoveNorthWest;(20, 14);;(22, 9);1;1806
18;0.5;MoveNorthWest;(20, 14);;(22, 9);1;1807
18;0.5;MoveNorthWest;(19, 13);;(22, 9);1;1808
18;0.5;MoveNorthWest;(19, 13);MoveWest;(21, 9);1;1809
18;0.5;MoveNorthWest;(19, 13);;(21, 9);1;1810
18;0.5;MoveNorthWest;(19, 13);;(21, 9);1;1811
18;0.5;MoveNorthWest;(19, 13);;(21, 9);1;1812
18;0.5;MoveNorthWest;(19, 13);MoveWest;(20, 9);1;1813
18;0.5;MoveNorthWest;(19, 13);;(20, 9);1;1814
18;0.5;MoveNorthWest;(19, 13);;(20, 9);1;1815
18;0.5;MoveNorthWest;(19, 13);MoveNorth;(20, 8);1;1816
18;0.5;MoveNorthWest;(18, 12);;(20, 8);1;1817
18;0.5;MoveNorth;(18, 12);MoveNorth;(20, 7);1;1818
18;0.5;MoveNorth;(18, 12);;(20, 7);1;1819
18;0.5;MoveNorth;(18, 12);MoveWest;(19, 7);1;1820
18;0.5;MoveNorth;(18, 12);;(19, 7);1;1821
18;0.5;MoveNorth;(18, 12);MoveWest;(19, 7);1;1822
18;0.5;MoveNorth;(18, 12);MoveWest;(19, 7);1;1823
18;0.5;MoveNorth;(18, 12);MoveWest;(19, 7);1;1824
18;0.5;MoveNorth;(18, 12);MoveWest;(19, 7);1;1825
18;0.5;MoveNorth;(18, 12);MoveWest;(19, 7);1;1826
18;0.5;MoveNorth;(18, 12);MoveWest;(18, 7);1;1827
18;0.5;MoveNorth;(18, 12);MoveWest;(18, 7);1;1828
18;0.5;MoveNorth;(18, 12);;(18, 7);1;1829
18;0.5;MoveNorth;(18, 12);;(18, 7);1;1830
18;0.5;MoveNorth;(18, 11);;(18, 7);1;1831
18;0.5;MoveNorth;(18, 11);MoveNorth;(18, 6);1;1832
18;0.5;MoveNorth;(18, 11);;(18, 6);1;1833
18;0.5;MoveNorth;(18, 11);MoveNorth;(18, 5);1;1834
18;0.5;MoveNorth;(18, 11);MoveNorth;(18, 4);1;1835
18;0.5;MoveNorth;(18, 11);;(18, 4);1;1836
18;0.5;MoveNorth;(18, 11);;(18, 4);1;1837
18;0.5;MoveNorth;(18, 11);;(18, 4);1;1838
18;0.5;MoveNorth;(18, 11);;(18, 4);1;1839
18;0.5;MoveNorth;(18, 11);;(18, 4);1;1840
18;0.5;MoveNorth;(18, 11);MoveSouth;(18, 5);1;1841
18;0.5;MoveNorth;(18, 11);;(18, 5);1;1842
18;0.5;MoveNorth;(18, 11);;(18, 5);1;1843
18;0.5;MoveNorth;(18, 11);MoveWest;(17, 5);1;1844
18;0.5;MoveNorth;(18, 10);;(17, 5);1;1845
18;0.5;MoveNorth;(18, 10);MoveWest;(16, 5);1;1846
18;0.5;MoveNorth;(18, 10);;(16, 5);1;1847
18;0.5;MoveNorth;(18, 10);MoveWest;(15, 5);1;1848
18;0.5;MoveNorth;(18, 10);;(15, 5);1;1849
18;0.5;MoveNorth;(18, 10);;(15, 5);1;1850
18;0.5;MoveNorth;(18, 10);;(15, 5);1;1851
18;0.5;MoveNorth;(18, 10);;(15, 5);1;1852
18;0.5;MoveNorth;(18, 10);;(15, 5);1;1853
18;0.5;MoveNorth;(18, 10);;(15, 5);1;1854
18;0.5;MoveNorth;(18, 10);;(15, 5);1;1855
18;0.5;MoveNorth;(18, 10);;(15, 5);1;1856
18;0.5;MoveNorth;(18, 10);;(15, 5);1;1857
18;0.5;MoveNorth;(18, 10);;(15, 5);1;1858
18;0.5;MoveNorth;(18, 9);;(15, 5);1;1859
18;0.5;MoveNorth;(18, 9);;(15, 5);1;1860
18;0.5;MoveNorth;(18, 9);;(15, 5);1;1861
18;0.5;MoveNorth;(18, 9);;(15, 5);1;1862
18;0.5;MoveNorth;(18, 9);;(15, 5);1;1863
18;0.5;MoveNorth;(18, 9);;(15, 5);1;1864
18;0.5;MoveNorth;(18, 9);;(15, 5);1;1865
18;0.5;MoveNorth;(18, 9);;(15, 5);1;1866
18;0.5;MoveNorth;(18, 9);;(15, 5);1;1867
18;0.5;MoveNorth;(18, 9);;(15, 5);1;1868
18;0.5;MoveNorth;(18, 9);;(15, 5);1;1869
18;0.5;MoveNorth;(18, 9);;(15, 5);1;1870
18;0.5;MoveNorth;(18, 9);;(15, 5);1;1871
18;0.5;MoveNorth;(18, 9);;(15, 5);1;1872
18;0.5;MoveNorth;(18, 8);;(15, 5);1;1873
18;0.5;MoveNorth;(18, 8);;(15, 5);1;1874
18;0.5;MoveNorth;(18, 8);;(15, 5);1;1875
18;0.5;MoveNorth;(18, 8);;(15, 5);1;1876
18;0.5;MoveNorth;(18, 8);;(15, 5);1;1877
18;0.5;MoveNorth;(18, 8);;(15, 5);1;1878
18;0.5;MoveNorth;(18, 8);;(15, 5);1;1879
18;0.5;MoveNorth;(18, 8);;(15, 5);1;1880
18;0.5;MoveNorth;(18, 8);;(15, 5);1;1881
18;0.5;MoveNorth;(18, 7);;(15, 5);1;1882
18;0.5;MoveNorthWest;(18, 7);;(15, 5);1;1883
18;0.5;MoveNorthWest;(18, 7);;(15, 5);1;1884
18;0.5;MoveNorthWest;(18, 7);;(15, 5);1;1885
18;0.5;MoveNorthWest;(18, 7);;(15, 5);1;1886
18;0.5;MoveNorthWest;(18, 7);;(15, 5);1;1887
18;0.5;MoveNorthWest;(18, 7);;(15, 5);1;1888
18;0.5;MoveNorthWest;(18, 7);;(15, 5);1;1889
18;0.5;MoveNorthWest;(18, 7);;(15, 5);1;1890
18;0.5;MoveNorthWest;(17, 6);;(15, 5);1;1891
18;0.5;MoveNorthWest;(17, 6);;(15, 5);1;1892
18;0.5;MoveNorthWest;(17, 6);;(15, 5);1;1893
18;0.5;MoveNorthWest;(17, 6);;(15, 5);1;1894
18;0.5;MoveNorthWest;(17, 6);;(15, 5);1;1895
18;0.5;MoveNorthWest;(17, 6);;(15, 5);1;1896
18;0.5;MoveNorthWest;(17, 6);;(15, 5);1;1897
18;0.5;MoveNorthWest;(17, 6);;(15, 5);1;1898
18;0.5;MoveNorthWest;(17, 6);;(15, 5);1;1899
18;0.5;MoveNorthWest;(16, 5);;(15, 5);1;1900
18;0.5;MoveWest;(16, 5);;(15, 5);1;1901
18;0.5;MoveWest;(16, 5);;(15, 5);1;1902
18;0.5;MoveWest;(16, 5);;(15, 5);1;1903
18;0.5;MoveWest;(16, 5);;(15, 5);1;1904
18;0.5;MoveWest;(16, 5);;(15, 5);1;1905
18;0.5;MoveWest;(16, 5);;(15, 5);1;1906
18;0.5;MoveWest;(16, 5);;(15, 5);1;1907
18;0.5;MoveWest;(16, 5);;(15, 5);1;1908
18;0.5;MoveWest;(15, 5);;(15, 5);1;1909
18;0.5;;(15, 5);;(15, 5);1;1910
18;0.5;;(15, 5);;(15, 5);1;1911
18;0.5;;(15, 5);;(15, 5);1;1912
18;0.5;;(15, 5);;(15, 5);1;1913
18;0.5;;(15, 5);;(15, 5);1;1914
18;0.5;;(15, 5);;(15, 5);1;1915
18;0.5;;(15, 5);;(15, 5);1;1916
18;0.5;;(15, 5);;(15, 5);1;1917
18;0.5;;(15, 5);;(15, 5);1;1918
18;0.5;;(15, 5);;(15, 5);1;1919
18;0.5;;(15, 5);;(15, 5);1;1920
18;0.5;;(15, 5);;(15, 5);1;1921
18;0.5;;(15, 5);;(15, 5);1;1922
18;0.5;;(15, 5);;(15, 5);1;1923
18;0.5;;(15, 5);;(15, 5);1;1924
18;0.5;;(15, 5);;(15, 5);1;1925
18;0.5;;(15, 5);;(15, 5);1;1926
18;0.5;;(15, 5);;(15, 5);1;1927
18;0.5;;(15, 5);RemoveObjectTogether;(15, 5);1;1928
18;0.5;;(15, 5);RemoveObjectTogether;(15, 5);1;1929
18;0.5;;(15, 5);RemoveObjectTogether;(15, 5);1;1930
18;0.5;;(15, 5);RemoveObjectTogether;(15, 5);1;1931
18;0.5;;(15, 5);RemoveObjectTogether;(15, 5);1;1932
18;0.5;;(15, 5);RemoveObjectTogether;(15, 5);1;1933
18;0.5;;(15, 5);RemoveObjectTogether;(15, 5);1;1934
18;0.5;;(15, 5);RemoveObjectTogether;(15, 5);1;1935
18;0.5;;(15, 5);RemoveObjectTogether;(15, 5);1;1936
18;0.5;;(15, 5);RemoveObjectTogether;(15, 5);1;1937
18;0.5;;(15, 5);RemoveObjectTogether;(15, 5);1;1938
18;0.5;;(15, 5);RemoveObjectTogether;(15, 5);1;1939
18;0.5;;(15, 5);RemoveObjectTogether;(15, 5);1;1940
18;0.5;;(15, 5);RemoveObjectTogether;(15, 5);1;1941
18;0.5;;(15, 5);RemoveObjectTogether;(15, 5);1;1942
18;0.5;;(15, 5);RemoveObjectTogether;(15, 5);1;1943
18;0.5;;(15, 5);RemoveObjectTogether;(15, 5);1;1944
18;0.5;;(15, 5);RemoveObjectTogether;(15, 5);1;1945
18;0.5;;(15, 5);RemoveObjectTogether;(15, 5);1;1946
18;0.5;;(15, 5);RemoveObjectTogether;(15, 5);1;1947
18;0.5;;(15, 5);RemoveObjectTogether;(15, 5);1;1948
18;0.5;;(15, 5);RemoveObjectTogether;(15, 5);1;1949
18;0.5;;(15, 5);RemoveObjectTogether;(15, 5);1;1950
18;0.5;;(15, 5);RemoveObjectTogether;(15, 5);1;1951
18;0.5;;(15, 5);RemoveObjectTogether;(15, 5);1;1952
18;0.5;;(15, 5);RemoveObjectTogether;(15, 5);1;1953
18;0.5;;(15, 5);RemoveObjectTogether;(15, 5);1;1954
18;0.5;;(15, 5);RemoveObjectTogether;(15, 5);1;1955
18;0.5;;(15, 5);RemoveObjectTogether;(15, 5);1;1956
18;0.5;;(15, 5);RemoveObjectTogether;(15, 5);1;1957
18;0.5;;(15, 5);RemoveObjectTogether;(15, 5);1;1958
18;0.5;;(15, 5);RemoveObjectTogether;(15, 5);1;1959
18;0.5;;(15, 5);RemoveObjectTogether;(15, 5);1;1960
18;0.5;;(15, 5);RemoveObjectTogether;(15, 5);1;1961
18;0.5;;(15, 5);RemoveObjectTogether;(15, 5);1;1962
18;0.5;;(15, 5);RemoveObjectTogether;(15, 5);1;1963
18;0.5;;(15, 5);RemoveObjectTogether;(15, 5);1;1964
18;0.5;;(15, 5);RemoveObjectTogether;(15, 5);1;1965
18;0.5;;(15, 5);RemoveObjectTogether;(15, 5);1;1966
18;0.5;;(15, 5);RemoveObjectTogether;(15, 5);1;1967
18;0.5;;(15, 5);RemoveObjectTogether;(15, 5);1;1968
18;0.5;;(15, 5);RemoveObjectTogether;(15, 5);1;1969
18;0.5;;(15, 5);RemoveObjectTogether;(15, 5);1;1970
18;0.5;;(15, 5);RemoveObjectTogether;(15, 5);1;1971
18;0.5;;(15, 5);RemoveObjectTogether;(15, 5);1;1972
18;0.5;;(15, 5);RemoveObjectTogether;(15, 5);1;1973
18;0.5;;(15, 5);RemoveObjectTogether;(15, 5);1;1974
18;0.5;;(15, 5);RemoveObjectTogether;(15, 5);1;1975
18;0.5;;(15, 5);RemoveObjectTogether;(15, 5);1;1976
18;0.5;;(15, 5);RemoveObjectTogether;(15, 5);1;1977
18;0.5;;(15, 5);RemoveObjectTogether;(15, 5);1;1978
18;0.5;MoveNorth;(15, 5);;(15, 5);1;1979
18;0.5;MoveNorth;(15, 5);;(15, 5);1;1980
18;0.5;MoveNorth;(15, 5);;(15, 5);1;1981
18;0.5;MoveNorth;(15, 5);;(15, 5);1;1982
18;0.5;MoveNorth;(15, 5);;(15, 5);1;1983
18;0.5;MoveNorth;(15, 5);;(15, 5);1;1984
18;0.5;MoveNorth;(15, 5);;(15, 5);1;1985
18;0.5;MoveNorth;(15, 5);;(15, 5);1;1986
18;0.5;MoveNorth;(15, 4);;(15, 5);1;1987
18;0.5;MoveSouth;(15, 4);;(15, 5);1;1988
18;0.5;MoveSouth;(15, 4);;(15, 5);1;1989
18;0.5;MoveSouth;(15, 4);;(15, 5);1;1990
18;0.5;MoveSouth;(15, 4);;(15, 5);1;1991
18;0.5;MoveSouth;(15, 4);;(15, 5);1;1992
18;0.5;MoveSouth;(15, 4);;(15, 5);1;1993
18;0.5;MoveSouth;(15, 4);;(15, 5);1;1994
18;0.5;MoveSouth;(15, 4);;(15, 5);1;1995
18;0.5;MoveSouth;(15, 5);;(15, 5);1;1996
18;0.5;MoveSouth;(15, 5);;(15, 5);1;1997
18;0.5;MoveSouth;(15, 5);;(15, 5);1;1998
18;0.5;MoveSouth;(15, 5);;(15, 5);1;1999
18;0.5;MoveSouth;(15, 5);;(15, 5);1;2000
18;0.5;MoveSouth;(15, 5);;(15, 5);1;2001
18;0.5;MoveSouth;(15, 5);;(15, 5);1;2002
18;0.5;MoveSouth;(15, 5);;(15, 5);1;2003
18;0.5;MoveSouth;(15, 5);;(15, 5);1;2004
18;0.5;MoveSouth;(15, 6);;(15, 5);1;2005
18;0.5;RemoveObject;(15, 6);;(15, 5);1;2006
18;0.5;RemoveObject;(15, 6);;(15, 5);1;2007
18;0.5;RemoveObject;(15, 6);;(15, 5);1;2008
18;0.5;RemoveObject;(15, 6);;(15, 5);1;2009
18;0.5;RemoveObject;(15, 6);;(15, 5);1;2010
18;0.5;RemoveObject;(15, 6);MoveNorth;(15, 4);1;2011
18;0.5;RemoveObject;(15, 6);;(15, 4);1;2012
18;0.5;RemoveObject;(15, 6);;(15, 4);1;2013
18;0.5;RemoveObject;(15, 6);MoveNorth;(15, 3);1;2014
18;0.5;RemoveObject;(15, 6);;(15, 3);1;2015
18;0.5;RemoveObject;(15, 6);;(15, 3);1;2016
18;0.5;RemoveObject;(15, 6);;(15, 3);1;2017
18;0.5;RemoveObject;(15, 6);;(15, 3);1;2018
18;0.5;RemoveObject;(15, 6);;(15, 3);1;2019
18;0.5;RemoveObject;(15, 6);;(15, 3);1;2020
18;0.5;RemoveObject;(15, 6);;(15, 3);1;2021
18;0.5;RemoveObject;(15, 6);;(15, 3);1;2022
18;0.5;RemoveObject;(15, 6);MoveNorth;(15, 2);1;2023
18;0.5;RemoveObject;(15, 6);;(15, 2);1;2024
18;0.5;RemoveObject;(15, 6);;(15, 2);1;2025
18;0.5;RemoveObject;(15, 6);;(15, 2);1;2026
18;0.5;RemoveObject;(15, 6);;(15, 2);1;2027
18;0.5;RemoveObject;(15, 6);;(15, 2);1;2028
18;0.5;RemoveObject;(15, 6);MoveSouth;(15, 3);1;2029
18;0.5;RemoveObject;(15, 6);;(15, 3);1;2030
18;0.5;RemoveObject;(15, 6);;(15, 3);1;2031
18;0.5;RemoveObject;(15, 6);;(15, 3);1;2032
18;0.5;RemoveObject;(15, 6);;(15, 3);1;2033
18;0.5;RemoveObject;(15, 6);;(15, 3);1;2034
18;0.5;RemoveObject;(15, 6);;(15, 3);1;2035
18;0.5;RemoveObject;(15, 6);;(15, 3);1;2036
18;0.5;RemoveObject;(15, 6);;(15, 3);1;2037
18;0.5;RemoveObject;(15, 6);;(15, 3);1;2038
18;0.5;RemoveObject;(15, 6);;(15, 3);1;2039
18;0.5;RemoveObject;(15, 6);;(15, 3);1;2040
18;0.5;RemoveObject;(15, 6);;(15, 3);1;2041
18;0.5;RemoveObject;(15, 6);;(15, 3);1;2042
18;0.5;RemoveObject;(15, 6);;(15, 3);1;2043
18;0.5;RemoveObject;(15, 6);;(15, 3);1;2044
18;0.5;RemoveObject;(15, 6);;(15, 3);1;2045
18;0.5;RemoveObject;(15, 6);;(15, 3);1;2046
18;0.5;RemoveObject;(15, 6);;(15, 3);1;2047
18;0.5;RemoveObject;(15, 6);;(15, 3);1;2048
18;0.5;RemoveObject;(15, 6);;(15, 3);1;2049
18;0.5;RemoveObject;(15, 6);;(15, 3);1;2050
18;0.5;RemoveObject;(15, 6);;(15, 3);1;2051
18;0.5;RemoveObject;(15, 6);;(15, 3);1;2052
18;0.5;RemoveObject;(15, 6);;(15, 3);1;2053
18;0.5;RemoveObject;(15, 6);MoveSouth;(15, 4);1;2054
18;0.5;RemoveObject;(15, 6);MoveSouth;(15, 5);1;2055
18;0.5;RemoveObject;(15, 6);;(15, 5);1;2056
18;0.5;RemoveObject;(15, 6);MoveSouth;(15, 6);1;2057
18;0.5;RemoveObject;(15, 6);;(15, 6);1;2058
18;0.5;RemoveObject;(15, 6);;(15, 6);1;2059
18;0.5;RemoveObject;(15, 6);;(15, 6);1;2060
18;0.5;RemoveObject;(15, 6);;(15, 6);1;2061
18;0.5;RemoveObject;(15, 6);;(15, 6);1;2062
18;0.5;RemoveObject;(15, 6);;(15, 6);1;2063
18;0.5;RemoveObject;(15, 6);;(15, 6);1;2064
18;0.5;RemoveObject;(15, 6);;(15, 6);1;2065
18;0.5;RemoveObject;(15, 6);;(15, 6);1;2066
18;0.5;RemoveObject;(15, 6);MoveNorth;(15, 5);1;2067
18;0.5;RemoveObject;(15, 6);;(15, 5);1;2068
18;0.5;RemoveObject;(15, 6);;(15, 5);1;2069
18;0.5;RemoveObject;(15, 6);MoveSouth;(15, 6);1;2070
18;0.5;RemoveObject;(15, 6);;(15, 6);1;2071
18;0.5;RemoveObject;(15, 6);;(15, 6);1;2072
18;0.5;RemoveObject;(15, 6);;(15, 6);1;2073
18;0.5;RemoveObject;(15, 6);;(15, 6);1;2074
18;0.5;RemoveObject;(15, 6);;(15, 6);1;2075
18;0.5;RemoveObject;(15, 6);;(15, 6);1;2076
18;0.5;RemoveObject;(15, 6);;(15, 6);1;2077
18;0.5;RemoveObject;(15, 6);;(15, 6);1;2078
18;0.5;RemoveObject;(15, 6);;(15, 6);1;2079
18;0.5;RemoveObject;(15, 6);;(15, 6);1;2080
18;0.5;RemoveObject;(15, 6);;(15, 6);1;2081
18;0.5;RemoveObject;(15, 6);;(15, 6);1;2082
18;0.5;RemoveObject;(15, 6);;(15, 6);1;2083
18;0.5;RemoveObject;(15, 6);;(15, 6);1;2084
18;0.5;RemoveObject;(15, 6);;(15, 6);1;2085
18;0.5;RemoveObject;(15, 6);;(15, 6);1;2086
18;0.5;RemoveObject;(15, 6);;(15, 6);1;2087
18;0.5;RemoveObject;(15, 6);;(15, 6);1;2088
18;0.5;RemoveObject;(15, 6);;(15, 6);1;2089
18;0.5;RemoveObject;(15, 6);;(15, 6);1;2090
18;0.5;RemoveObject;(15, 6);;(15, 6);1;2091
18;0.5;RemoveObject;(15, 6);;(15, 6);1;2092
18;0.5;RemoveObject;(15, 6);;(15, 6);1;2093
18;0.5;RemoveObject;(15, 6);;(15, 6);1;2094
18;0.5;RemoveObject;(15, 6);;(15, 6);1;2095
18;0.5;RemoveObject;(15, 6);;(15, 6);1;2096
18;0.5;RemoveObject;(15, 6);;(15, 6);1;2097
18;0.5;RemoveObject;(15, 6);;(15, 6);1;2098
18;0.5;RemoveObject;(15, 6);;(15, 6);1;2099
18;0.5;RemoveObject;(15, 6);;(15, 6);1;2100
18;0.5;RemoveObject;(15, 6);;(15, 6);1;2101
18;0.5;RemoveObject;(15, 6);;(15, 6);1;2102
18;0.5;RemoveObject;(15, 6);;(15, 6);1;2103
18;0.5;RemoveObject;(15, 6);;(15, 6);1;2104
18;0.5;RemoveObject;(15, 6);;(15, 6);1;2105
18;0.5;RemoveObject;(15, 6);;(15, 6);1;2106
18;0.5;MoveSouth;(15, 6);;(15, 6);1;2107
18;0.5;MoveSouth;(15, 6);;(15, 6);1;2108
18;0.5;MoveSouth;(15, 6);;(15, 6);1;2109
18;0.5;MoveSouth;(15, 6);;(15, 6);1;2110
18;0.5;MoveSouth;(15, 6);;(15, 6);1;2111
18;0.5;MoveSouth;(15, 6);MoveSouth;(15, 7);1;2112
18;0.5;MoveSouth;(15, 6);;(15, 7);1;2113
18;0.5;MoveSouth;(15, 6);;(15, 7);1;2114
18;0.5;MoveSouth;(15, 7);MoveSouth;(15, 8);1;2115
18;0.5;MoveSouthWest;(15, 7);;(15, 8);1;2116
18;0.5;MoveSouthWest;(15, 7);MoveSouth;(15, 9);1;2117
18;0.5;MoveSouthWest;(15, 7);;(15, 9);1;2118
18;0.5;MoveSouthWest;(15, 7);;(15, 9);1;2119
18;0.5;MoveSouthWest;(15, 7);;(15, 9);1;2120
18;0.5;MoveSouthWest;(15, 7);;(15, 9);1;2121
18;0.5;MoveSouthWest;(15, 7);;(15, 9);1;2122
18;0.5;MoveSouthWest;(15, 7);;(15, 9);1;2123
18;0.5;MoveSouthWest;(14, 8);MoveNorth;(15, 8);1;2124
18;0.5;MoveSouthEast;(14, 8);;(15, 8);1;2125
18;0.5;MoveSouthEast;(14, 8);;(15, 8);1;2126
18;0.5;MoveSouthEast;(14, 8);;(15, 8);1;2127
18;0.5;MoveSouthEast;(14, 8);;(15, 8);1;2128
18;0.5;MoveSouthEast;(14, 8);;(15, 8);1;2129
18;0.5;MoveSouthEast;(14, 8);;(15, 8);1;2130
18;0.5;MoveSouthEast;(14, 8);;(15, 8);1;2131
18;0.5;MoveSouthEast;(14, 8);;(15, 8);1;2132
18;0.5;MoveSouthEast;(15, 9);;(15, 8);1;2133
18;0.5;MoveNorthEast;(15, 9);;(15, 8);1;2134
18;0.5;MoveNorthEast;(15, 9);;(15, 8);1;2135
18;0.5;MoveNorthEast;(15, 9);;(15, 8);1;2136
18;0.5;MoveNorthEast;(15, 9);;(15, 8);1;2137
18;0.5;MoveNorthEast;(15, 9);;(15, 8);1;2138
18;0.5;MoveNorthEast;(15, 9);;(15, 8);1;2139
18;0.5;MoveNorthEast;(15, 9);;(15, 8);1;2140
18;0.5;MoveNorthEast;(15, 9);;(15, 8);1;2141
18;0.5;MoveNorthEast;(16, 8);;(15, 8);1;2142
18;0.5;;(16, 8);;(15, 8);1;2143
18;0.5;;(16, 8);;(15, 8);1;2144
18;0.5;;(16, 8);;(15, 8);1;2145
18;0.5;;(16, 8);;(15, 8);1;2146
18;0.5;;(16, 8);;(15, 8);1;2147
18;0.5;;(16, 8);;(15, 8);1;2148
18;0.5;;(16, 8);;(15, 8);1;2149
18;0.5;Idle;(16, 8);;(15, 8);1;2150
18;0.5;Idle;(16, 8);;(15, 8);1;2151
18;0.5;Idle;(16, 8);;(15, 8);1;2152
18;0.5;Idle;(16, 8);;(15, 8);1;2153
18;0.5;Idle;(16, 8);;(15, 8);1;2154
18;0.5;Idle;(16, 8);MoveWest;(14, 8);1;2155
18;0.5;Idle;(16, 8);;(14, 8);1;2156
18;0.5;Idle;(16, 8);;(14, 8);1;2157
18;0.5;Idle;(16, 8);;(14, 8);1;2158
18;0.5;Idle;(16, 8);;(14, 8);1;2159
18;0.5;Idle;(16, 8);;(14, 8);1;2160
18;0.5;Idle;(16, 8);;(14, 8);1;2161
18;0.5;Idle;(16, 8);;(14, 8);1;2162
18;0.5;Idle;(16, 8);;(14, 8);1;2163
18;0.5;Idle;(16, 8);;(14, 8);1;2164
18;0.5;Idle;(16, 8);;(14, 8);1;2165
18;0.5;Idle;(16, 8);;(14, 8);1;2166
18;0.5;Idle;(16, 8);;(14, 8);1;2167
18;0.5;Idle;(16, 8);;(14, 8);1;2168
18;0.5;Idle;(16, 8);;(14, 8);1;2169
18;0.5;Idle;(16, 8);;(14, 8);1;2170
18;0.5;Idle;(16, 8);;(14, 8);1;2171
18;0.5;Idle;(16, 8);;(14, 8);1;2172
18;0.5;Idle;(16, 8);;(14, 8);1;2173
18;0.5;Idle;(16, 8);;(14, 8);1;2174
18;0.5;Idle;(16, 8);;(14, 8);1;2175
18;0.5;MoveWest;(16, 8);;(14, 8);1;2176
18;0.5;MoveWest;(16, 8);;(14, 8);1;2177
18;0.5;MoveWest;(16, 8);;(14, 8);1;2178
18;0.5;MoveWest;(16, 8);;(14, 8);1;2179
18;0.5;MoveWest;(16, 8);;(14, 8);1;2180
18;0.5;MoveWest;(16, 8);;(14, 8);1;2181
18;0.5;MoveWest;(16, 8);;(14, 8);1;2182
18;0.5;MoveWest;(16, 8);;(14, 8);1;2183
18;0.5;MoveWest;(15, 8);;(14, 8);1;2184
18;0.5;MoveWest;(15, 8);;(14, 8);1;2185
18;0.5;MoveWest;(15, 8);;(14, 8);1;2186
18;0.5;MoveWest;(15, 8);;(14, 8);1;2187
18;0.5;MoveWest;(15, 8);;(14, 8);1;2188
18;0.5;MoveWest;(15, 8);;(14, 8);1;2189
18;0.5;MoveWest;(15, 8);;(14, 8);1;2190
18;0.5;MoveWest;(15, 8);;(14, 8);1;2191
18;0.5;MoveWest;(15, 8);;(14, 8);1;2192
18;0.5;MoveWest;(14, 8);;(14, 8);1;2193
18;0.5;;(14, 8);;(14, 8);1;2194
18;0.5;;(14, 8);;(14, 8);1;2195
18;0.5;;(14, 8);;(14, 8);1;2196
18;0.5;;(14, 8);;(14, 8);1;2197
18;0.5;;(14, 8);CarryObjectTogether;(14, 8);1;2198
18;0.5;;(14, 8);;(14, 8);1;2199
18;0.5;;(14, 8);;(14, 8);1;2200
18;0.5;;(14, 8);;(14, 8);1;2201
18;0.5;;(14, 8);;(14, 8);1;2202
18;0.5;;(14, 8);;(14, 8);1;2203
18;0.5;;(14, 8);;(14, 8);1;2204
18;0.5;;(14, 8);;(14, 8);1;2205
18;0.5;;(14, 8);;(14, 8);1;2206
18;0.5;;(14, 8);;(14, 8);1;2207
18;0.5;;(14, 8);MoveEast;(15, 8);1;2208
18;0.5;;(14, 8);;(15, 8);1;2209
18;0.5;;(14, 8);;(15, 8);1;2210
18;0.5;;(14, 8);;(15, 8);1;2211
18;0.5;;(14, 8);MoveNorth;(15, 7);1;2212
18;0.5;;(14, 8);;(15, 7);1;2213
18;0.5;;(14, 8);MoveNorth;(15, 6);1;2214
18;0.5;;(14, 8);;(15, 6);1;2215
18;0.5;;(14, 8);;(15, 6);1;2216
18;0.5;;(14, 8);;(15, 6);1;2217
18;0.5;;(14, 8);;(15, 6);1;2218
18;0.5;;(14, 8);MoveEast;(16, 6);1;2219
18;0.5;;(14, 8);MoveEast;(17, 6);1;2220
18;0.5;;(14, 8);;(17, 6);1;2221
18;0.5;;(14, 8);MoveEast;(18, 6);1;2222
18;0.5;;(14, 8);MoveEast;(19, 6);1;2223
18;0.5;;(14, 8);;(19, 6);1;2224
18;0.5;;(14, 8);MoveEast;(19, 6);1;2225
18;0.5;;(14, 8);MoveEast;(19, 6);1;2226
18;0.5;;(14, 8);MoveEast;(19, 6);1;2227
18;0.5;;(14, 8);MoveEast;(19, 6);1;2228
18;0.5;;(14, 8);MoveEast;(19, 6);1;2229
18;0.5;;(14, 8);MoveEast;(20, 6);1;2230
18;0.5;;(14, 8);MoveEast;(21, 6);1;2231
18;0.5;;(14, 8);;(21, 6);1;2232
18;0.5;;(14, 8);MoveEast;(22, 6);1;2233
18;0.5;;(14, 8);MoveEast;(23, 6);1;2234
18;0.5;;(14, 8);;(23, 6);1;2235
18;0.5;;(14, 8);MoveEast;(23, 6);1;2236
18;0.5;;(14, 8);;(23, 6);1;2237
18;0.5;;(14, 8);MoveSouth;(23, 7);1;2238
18;0.5;;(14, 8);;(23, 7);1;2239
18;0.5;;(14, 8);MoveSouth;(23, 8);1;2240
18;0.5;;(14, 8);MoveSouth;(23, 9);1;2241
18;0.5;;(14, 8);;(23, 9);1;2242
18;0.5;;(14, 8);MoveSouth;(23, 10);1;2243
18;0.5;;(14, 8);MoveSouth;(23, 11);1;2244
18;0.5;;(14, 8);;(23, 11);1;2245
18;0.5;;(14, 8);;(23, 11);1;2246
18;0.5;;(14, 8);;(23, 11);1;2247
18;0.5;;(14, 8);MoveSouth;(23, 12);1;2248
18;0.5;;(14, 8);MoveSouth;(23, 13);1;2249
18;0.5;;(14, 8);;(23, 13);1;2250
18;0.5;;(14, 8);MoveSouth;(23, 14);1;2251
18;0.5;;(14, 8);MoveSouth;(23, 15);1;2252
18;0.5;;(14, 8);;(23, 15);1;2253
18;0.5;;(14, 8);;(23, 15);1;2254
18;0.5;;(14, 8);;(23, 15);1;2255
18;0.5;;(14, 8);;(23, 15);1;2256
18;0.5;;(14, 8);MoveNorth;(23, 14);1;2257
18;0.5;;(14, 8);;(23, 14);1;2258
18;0.5;;(14, 8);;(23, 14);1;2259
18;0.5;;(14, 8);;(23, 14);1;2260
18;0.5;;(14, 8);;(23, 14);1;2261
21;0.625;;(23, 14);DropObjectTogether;(23, 14);1;2262
21;0.625;MoveNorthWest;(23, 14);;(23, 14);1;2263
21;0.625;MoveNorthWest;(23, 14);;(23, 14);1;2264
21;0.625;MoveNorthWest;(23, 14);;(23, 14);1;2265
21;0.625;MoveNorthWest;(23, 14);;(23, 14);1;2266
21;0.625;MoveNorthWest;(23, 14);MoveNorth;(23, 13);1;2267
21;0.625;MoveNorthWest;(23, 14);;(23, 13);1;2268
21;0.625;MoveNorthWest;(23, 14);MoveNorth;(23, 12);1;2269
21;0.625;MoveNorthWest;(23, 14);;(23, 12);1;2270
21;0.625;MoveNorthWest;(22, 13);MoveNorth;(23, 11);1;2271
21;0.625;;(22, 13);MoveNorth;(23, 10);1;2272
21;0.625;;(22, 13);;(23, 10);1;2273
21;0.625;;(22, 13);MoveNorth;(23, 9);1;2274
21;0.625;;(22, 13);MoveNorth;(23, 8);1;2275
21;0.625;;(22, 13);;(23, 8);1;2276
21;0.625;;(22, 13);MoveNorth;(23, 7);1;2277
21;0.625;;(22, 13);MoveNorth;(23, 6);1;2278
21;0.625;;(22, 13);;(23, 6);1;2279
21;0.625;;(22, 13);;(23, 6);1;2280
21;0.625;;(22, 13);;(23, 6);1;2281
21;0.625;;(22, 13);;(23, 6);1;2282
21;0.625;;(22, 13);MoveWest;(22, 6);1;2283
21;0.625;;(22, 13);;(22, 6);1;2284
21;0.625;;(22, 13);MoveWest;(21, 6);1;2285
21;0.625;;(22, 13);MoveWest;(20, 6);1;2286
21;0.625;;(22, 13);;(20, 6);1;2287
21;0.625;;(22, 13);MoveWest;(19, 6);1;2288
21;0.625;;(22, 13);MoveWest;(19, 6);1;2289
21;0.625;;(22, 13);MoveWest;(19, 6);1;2290
21;0.625;;(22, 13);MoveWest;(19, 6);1;2291
21;0.625;;(22, 13);MoveWest;(19, 6);1;2292
21;0.625;;(22, 13);MoveWest;(19, 6);1;2293
21;0.625;;(22, 13);MoveWest;(18, 6);1;2294
21;0.625;;(22, 13);MoveWest;(17, 6);1;2295
21;0.625;;(22, 13);MoveWest;(16, 6);1;2296
21;0.625;;(22, 13);;(16, 6);1;2297
21;0.625;;(22, 13);MoveWest;(15, 6);1;2298
21;0.625;;(22, 13);MoveWest;(14, 6);1;2299
21;0.625;;(22, 13);;(14, 6);1;2300
21;0.625;;(22, 13);MoveWest;(13, 6);1;2301
21;0.625;;(22, 13);;(13, 6);1;2302
21;0.625;;(22, 13);MoveWest;(12, 6);1;2303
21;0.625;;(22, 13);;(12, 6);1;2304
21;0.625;;(22, 13);MoveWest;(12, 6);1;2305
21;0.625;;(22, 13);MoveWest;(12, 6);1;2306
21;0.625;;(22, 13);MoveWest;(12, 6);1;2307
21;0.625;;(22, 13);MoveWest;(12, 6);1;2308
21;0.625;;(22, 13);MoveWest;(12, 6);1;2309
21;0.625;;(22, 13);MoveWest;(11, 6);1;2310
21;0.625;;(22, 13);MoveWest;(11, 6);1;2311
21;0.625;;(22, 13);MoveWest;(11, 6);1;2312
21;0.625;;(22, 13);MoveWest;(11, 6);1;2313
21;0.625;;(22, 13);MoveWest;(11, 6);1;2314
21;0.625;;(22, 13);MoveWest;(11, 6);1;2315
21;0.625;;(22, 13);MoveWest;(10, 6);1;2316
21;0.625;;(22, 13);;(10, 6);1;2317
21;0.625;;(22, 13);;(10, 6);1;2318
21;0.625;;(22, 13);;(10, 6);1;2319
21;0.625;;(22, 13);;(10, 6);1;2320
21;0.625;;(22, 13);;(10, 6);1;2321
21;0.625;;(22, 13);;(10, 6);1;2322
21;0.625;;(22, 13);;(10, 6);1;2323
21;0.625;;(22, 13);;(10, 6);1;2324
21;0.625;;(22, 13);;(10, 6);1;2325
21;0.625;;(22, 13);MoveWest;(10, 6);1;2326
21;0.625;;(22, 13);MoveWest;(10, 6);1;2327
21;0.625;;(22, 13);MoveWest;(10, 6);1;2328
21;0.625;;(22, 13);MoveWest;(10, 6);1;2329
21;0.625;;(22, 13);MoveWest;(10, 6);1;2330
21;0.625;;(22, 13);MoveWest;(9, 6);1;2331
21;0.625;;(22, 13);;(9, 6);1;2332
21;0.625;;(22, 13);;(9, 6);1;2333
21;0.625;;(22, 13);;(9, 6);1;2334
21;0.625;;(22, 13);MoveNorth;(9, 5);1;2335
21;0.625;;(22, 13);;(9, 5);1;2336
21;0.625;;(22, 13);;(9, 5);1;2337
21;0.625;;(22, 13);;(9, 5);1;2338
21;0.625;;(22, 13);;(9, 5);1;2339
21;0.625;;(22, 13);;(9, 5);1;2340
21;0.625;;(22, 13);RemoveObject;(9, 5);1;2341
21;0.625;;(22, 13);RemoveObject;(9, 5);1;2342
21;0.625;;(22, 13);RemoveObject;(9, 5);1;2343
21;0.625;;(22, 13);RemoveObject;(9, 5);1;2344
21;0.625;;(22, 13);RemoveObject;(9, 5);1;2345
21;0.625;;(22, 13);RemoveObject;(9, 5);1;2346
21;0.625;;(22, 13);RemoveObject;(9, 5);1;2347
21;0.625;;(22, 13);RemoveObject;(9, 5);1;2348
21;0.625;;(22, 13);RemoveObject;(9, 5);1;2349
21;0.625;;(22, 13);RemoveObject;(9, 5);1;2350
21;0.625;;(22, 13);RemoveObject;(9, 5);1;2351
21;0.625;;(22, 13);RemoveObject;(9, 5);1;2352
21;0.625;;(22, 13);RemoveObject;(9, 5);1;2353
21;0.625;;(22, 13);RemoveObject;(9, 5);1;2354
21;0.625;;(22, 13);RemoveObject;(9, 5);1;2355
21;0.625;;(22, 13);RemoveObject;(9, 5);1;2356
21;0.625;;(22, 13);RemoveObject;(9, 5);1;2357
21;0.625;;(22, 13);RemoveObject;(9, 5);1;2358
21;0.625;;(22, 13);RemoveObject;(9, 5);1;2359
21;0.625;;(22, 13);RemoveObject;(9, 5);1;2360
21;0.625;;(22, 13);RemoveObject;(9, 5);1;2361
21;0.625;;(22, 13);RemoveObject;(9, 5);1;2362
21;0.625;;(22, 13);RemoveObject;(9, 5);1;2363
21;0.625;;(22, 13);RemoveObject;(9, 5);1;2364
21;0.625;;(22, 13);RemoveObject;(9, 5);1;2365
21;0.625;;(22, 13);RemoveObject;(9, 5);1;2366
21;0.625;;(22, 13);RemoveObject;(9, 5);1;2367
21;0.625;;(22, 13);RemoveObject;(9, 5);1;2368
21;0.625;;(22, 13);RemoveObject;(9, 5);1;2369
21;0.625;;(22, 13);RemoveObject;(9, 5);1;2370
21;0.625;;(22, 13);RemoveObject;(9, 5);1;2371
21;0.625;;(22, 13);RemoveObject;(9, 5);1;2372
21;0.625;;(22, 13);RemoveObject;(9, 5);1;2373
21;0.625;;(22, 13);RemoveObject;(9, 5);1;2374
21;0.625;;(22, 13);RemoveObject;(9, 5);1;2375
21;0.625;;(22, 13);RemoveObject;(9, 5);1;2376
21;0.625;;(22, 13);RemoveObject;(9, 5);1;2377
21;0.625;;(22, 13);RemoveObject;(9, 5);1;2378
21;0.625;;(22, 13);RemoveObject;(9, 5);1;2379
21;0.625;;(22, 13);RemoveObject;(9, 5);1;2380
21;0.625;;(22, 13);RemoveObject;(9, 5);1;2381
21;0.625;;(22, 13);RemoveObject;(9, 5);1;2382
21;0.625;;(22, 13);RemoveObject;(9, 5);1;2383
21;0.625;;(22, 13);RemoveObject;(9, 5);1;2384
21;0.625;;(22, 13);RemoveObject;(9, 5);1;2385
21;0.625;;(22, 13);RemoveObject;(9, 5);1;2386
21;0.625;;(22, 13);RemoveObject;(9, 5);1;2387
21;0.625;;(22, 13);RemoveObject;(9, 5);1;2388
21;0.625;;(22, 13);RemoveObject;(9, 5);1;2389
21;0.625;;(22, 13);RemoveObject;(9, 5);1;2390
21;0.625;;(22, 13);RemoveObject;(9, 5);1;2391
21;0.625;;(22, 13);RemoveObject;(9, 5);1;2392
21;0.625;;(22, 13);RemoveObject;(9, 5);1;2393
21;0.625;;(22, 13);RemoveObject;(9, 5);1;2394
21;0.625;;(22, 13);RemoveObject;(9, 5);1;2395
21;0.625;;(22, 13);RemoveObject;(9, 5);1;2396
21;0.625;;(22, 13);RemoveObject;(9, 5);1;2397
21;0.625;;(22, 13);RemoveObject;(9, 5);1;2398
21;0.625;;(22, 13);RemoveObject;(9, 5);1;2399
21;0.625;;(22, 13);RemoveObject;(9, 5);1;2400
21;0.625;;(22, 13);RemoveObject;(9, 5);1;2401
21;0.625;;(22, 13);RemoveObject;(9, 5);1;2402
21;0.625;;(22, 13);RemoveObject;(9, 5);1;2403
21;0.625;;(22, 13);RemoveObject;(9, 5);1;2404
21;0.625;;(22, 13);RemoveObject;(9, 5);1;2405
21;0.625;;(22, 13);RemoveObject;(9, 5);1;2406
21;0.625;;(22, 13);RemoveObject;(9, 5);1;2407
21;0.625;;(22, 13);RemoveObject;(9, 5);1;2408
21;0.625;;(22, 13);RemoveObject;(9, 5);1;2409
21;0.625;;(22, 13);RemoveObject;(9, 5);1;2410
21;0.625;;(22, 13);RemoveObject;(9, 5);1;2411
21;0.625;;(22, 13);RemoveObject;(9, 5);1;2412
21;0.625;;(22, 13);RemoveObject;(9, 5);1;2413
21;0.625;;(22, 13);RemoveObject;(9, 5);1;2414
21;0.625;;(22, 13);RemoveObject;(9, 5);1;2415
21;0.625;;(22, 13);RemoveObject;(9, 5);1;2416
21;0.625;;(22, 13);RemoveObject;(9, 5);1;2417
21;0.625;;(22, 13);RemoveObject;(9, 5);1;2418
21;0.625;;(22, 13);RemoveObject;(9, 5);1;2419
21;0.625;;(22, 13);RemoveObject;(9, 5);1;2420
21;0.625;;(22, 13);RemoveObject;(9, 5);1;2421
21;0.625;;(22, 13);RemoveObject;(9, 5);1;2422
21;0.625;;(22, 13);RemoveObject;(9, 5);1;2423
21;0.625;;(22, 13);RemoveObject;(9, 5);1;2424
21;0.625;;(22, 13);RemoveObject;(9, 5);1;2425
21;0.625;;(22, 13);RemoveObject;(9, 5);1;2426
21;0.625;;(22, 13);RemoveObject;(9, 5);1;2427
21;0.625;;(22, 13);RemoveObject;(9, 5);1;2428
21;0.625;;(22, 13);RemoveObject;(9, 5);1;2429
21;0.625;;(22, 13);RemoveObject;(9, 5);1;2430
21;0.625;;(22, 13);RemoveObject;(9, 5);1;2431
21;0.625;;(22, 13);RemoveObject;(9, 5);1;2432
21;0.625;;(22, 13);RemoveObject;(9, 5);1;2433
21;0.625;;(22, 13);RemoveObject;(9, 5);1;2434
21;0.625;;(22, 13);RemoveObject;(9, 5);1;2435
21;0.625;;(22, 13);RemoveObject;(9, 5);1;2436
21;0.625;;(22, 13);RemoveObject;(9, 5);1;2437
21;0.625;;(22, 13);RemoveObject;(9, 5);1;2438
21;0.625;;(22, 13);RemoveObject;(9, 5);1;2439
21;0.625;;(22, 13);RemoveObject;(9, 5);1;2440
21;0.625;;(22, 13);RemoveObject;(9, 5);1;2441
21;0.625;;(22, 13);RemoveObject;(9, 5);1;2442
21;0.625;;(22, 13);RemoveObject;(9, 5);1;2443
21;0.625;;(22, 13);RemoveObject;(9, 5);1;2444
21;0.625;;(22, 13);RemoveObject;(9, 5);1;2445
21;0.625;;(22, 13);RemoveObject;(9, 5);1;2446
21;0.625;;(22, 13);RemoveObject;(9, 5);1;2447
21;0.625;;(22, 13);RemoveObject;(9, 5);1;2448
21;0.625;;(22, 13);RemoveObject;(9, 5);1;2449
21;0.625;;(22, 13);RemoveObject;(9, 5);1;2450
21;0.625;;(22, 13);RemoveObject;(9, 5);1;2451
21;0.625;;(22, 13);RemoveObject;(9, 5);1;2452
21;0.625;;(22, 13);RemoveObject;(9, 5);1;2453
21;0.625;;(22, 13);RemoveObject;(9, 5);1;2454
21;0.625;;(22, 13);RemoveObject;(9, 5);1;2455
21;0.625;;(22, 13);RemoveObject;(9, 5);1;2456
21;0.625;;(22, 13);RemoveObject;(9, 5);1;2457
21;0.625;;(22, 13);RemoveObject;(9, 5);1;2458
21;0.625;;(22, 13);RemoveObject;(9, 5);1;2459
21;0.625;;(22, 13);RemoveObject;(9, 5);1;2460
21;0.625;;(22, 13);RemoveObject;(9, 5);1;2461
21;0.625;;(22, 13);RemoveObject;(9, 5);1;2462
21;0.625;;(22, 13);RemoveObject;(9, 5);1;2463
21;0.625;;(22, 13);RemoveObject;(9, 5);1;2464
21;0.625;;(22, 13);RemoveObject;(9, 5);1;2465
21;0.625;;(22, 13);RemoveObject;(9, 5);1;2466
21;0.625;;(22, 13);RemoveObject;(9, 5);1;2467
21;0.625;;(22, 13);RemoveObject;(9, 5);1;2468
21;0.625;;(22, 13);RemoveObject;(9, 5);1;2469
21;0.625;;(22, 13);RemoveObject;(9, 5);1;2470
21;0.625;;(22, 13);RemoveObject;(9, 5);1;2471
21;0.625;;(22, 13);RemoveObject;(9, 5);1;2472
21;0.625;;(22, 13);RemoveObject;(9, 5);1;2473
21;0.625;;(22, 13);RemoveObject;(9, 5);1;2474
21;0.625;;(22, 13);RemoveObject;(9, 5);1;2475
21;0.625;;(22, 13);RemoveObject;(9, 5);1;2476
21;0.625;;(22, 13);RemoveObject;(9, 5);1;2477
21;0.625;;(22, 13);RemoveObject;(9, 5);1;2478
21;0.625;;(22, 13);RemoveObject;(9, 5);1;2479
21;0.625;;(22, 13);RemoveObject;(9, 5);1;2480
21;0.625;;(22, 13);RemoveObject;(9, 5);1;2481
21;0.625;;(22, 13);RemoveObject;(9, 5);1;2482
21;0.625;;(22, 13);RemoveObject;(9, 5);1;2483
21;0.625;;(22, 13);RemoveObject;(9, 5);1;2484
21;0.625;;(22, 13);RemoveObject;(9, 5);1;2485
21;0.625;;(22, 13);RemoveObject;(9, 5);1;2486
21;0.625;;(22, 13);RemoveObject;(9, 5);1;2487
21;0.625;;(22, 13);RemoveObject;(9, 5);1;2488
21;0.625;;(22, 13);RemoveObject;(9, 5);1;2489
21;0.625;;(22, 13);RemoveObject;(9, 5);1;2490
21;0.625;;(22, 13);RemoveObject;(9, 5);1;2491
21;0.625;;(22, 13);RemoveObject;(9, 5);1;2492
21;0.625;;(22, 13);RemoveObject;(9, 5);1;2493
21;0.625;;(22, 13);RemoveObject;(9, 5);1;2494
21;0.625;;(22, 13);RemoveObject;(9, 5);1;2495
21;0.625;;(22, 13);RemoveObject;(9, 5);1;2496
21;0.625;;(22, 13);RemoveObject;(9, 5);1;2497
21;0.625;;(22, 13);RemoveObject;(9, 5);1;2498
21;0.625;;(22, 13);RemoveObject;(9, 5);1;2499
21;0.625;;(22, 13);RemoveObject;(9, 5);1;2500
21;0.625;;(22, 13);RemoveObject;(9, 5);1;2501
21;0.625;;(22, 13);RemoveObject;(9, 5);1;2502
21;0.625;;(22, 13);RemoveObject;(9, 5);1;2503
21;0.625;;(22, 13);RemoveObject;(9, 5);1;2504
21;0.625;;(22, 13);RemoveObject;(9, 5);1;2505
21;0.625;;(22, 13);RemoveObject;(9, 5);1;2506
21;0.625;;(22, 13);RemoveObject;(9, 5);1;2507
21;0.625;;(22, 13);RemoveObject;(9, 5);1;2508
21;0.625;;(22, 13);RemoveObject;(9, 5);1;2509
21;0.625;;(22, 13);RemoveObject;(9, 5);1;2510
21;0.625;;(22, 13);RemoveObject;(9, 5);1;2511
21;0.625;;(22, 13);RemoveObject;(9, 5);1;2512
21;0.625;;(22, 13);RemoveObject;(9, 5);1;2513
21;0.625;;(22, 13);RemoveObject;(9, 5);1;2514
21;0.625;;(22, 13);RemoveObject;(9, 5);1;2515
21;0.625;;(22, 13);RemoveObject;(9, 5);1;2516
21;0.625;;(22, 13);RemoveObject;(9, 5);1;2517
21;0.625;;(22, 13);RemoveObject;(9, 5);1;2518
21;0.625;;(22, 13);RemoveObject;(9, 5);1;2519
21;0.625;;(22, 13);RemoveObject;(9, 5);1;2520
21;0.625;;(22, 13);RemoveObject;(9, 5);1;2521
21;0.625;;(22, 13);RemoveObject;(9, 5);1;2522
21;0.625;;(22, 13);RemoveObject;(9, 5);1;2523
21;0.625;;(22, 13);RemoveObject;(9, 5);1;2524
21;0.625;;(22, 13);RemoveObject;(9, 5);1;2525
21;0.625;;(22, 13);RemoveObject;(9, 5);1;2526
21;0.625;;(22, 13);RemoveObject;(9, 5);1;2527
21;0.625;;(22, 13);RemoveObject;(9, 5);1;2528
21;0.625;;(22, 13);RemoveObject;(9, 5);1;2529
21;0.625;;(22, 13);RemoveObject;(9, 5);1;2530
21;0.625;;(22, 13);RemoveObject;(9, 5);1;2531
21;0.625;;(22, 13);RemoveObject;(9, 5);1;2532
21;0.625;;(22, 13);RemoveObject;(9, 5);1;2533
21;0.625;;(22, 13);RemoveObject;(9, 5);1;2534
21;0.625;;(22, 13);RemoveObject;(9, 5);1;2535
21;0.625;;(22, 13);RemoveObject;(9, 5);1;2536
21;0.625;;(22, 13);RemoveObject;(9, 5);1;2537
21;0.625;;(22, 13);RemoveObject;(9, 5);1;2538
21;0.625;;(22, 13);RemoveObject;(9, 5);1;2539
21;0.625;;(22, 13);RemoveObject;(9, 5);1;2540
21;0.625;;(22, 13);RemoveObject;(9, 5);1;2541
21;0.625;;(22, 13);;(9, 5);1;2542
21;0.625;;(22, 13);;(9, 5);1;2543
21;0.625;;(22, 13);;(9, 5);1;2544
21;0.625;;(22, 13);;(9, 5);1;2545
21;0.625;;(22, 13);;(9, 5);1;2546
21;0.625;;(22, 13);;(9, 5);1;2547
21;0.625;;(22, 13);;(9, 5);1;2548
21;0.625;;(22, 13);;(9, 5);1;2549
21;0.625;;(22, 13);;(9, 5);1;2550
21;0.625;;(22, 13);;(9, 5);1;2551
21;0.625;;(22, 13);;(9, 5);1;2552
21;0.625;;(22, 13);MoveNorth;(9, 4);1;2553
21;0.625;;(22, 13);;(9, 4);1;2554
21;0.625;;(22, 13);MoveNorth;(9, 3);1;2555
21;0.625;;(22, 13);;(9, 3);1;2556
21;0.625;;(22, 13);MoveNorth;(9, 2);1;2557
21;0.625;;(22, 13);;(9, 2);1;2558
21;0.625;;(22, 13);MoveNorth;(9, 2);1;2559
21;0.625;;(22, 13);;(9, 2);1;2560
21;0.625;;(22, 13);;(9, 2);1;2561
21;0.625;;(22, 13);MoveSouth;(9, 3);1;2562
21;0.625;;(22, 13);;(9, 3);1;2563
21;0.625;;(22, 13);;(9, 3);1;2564
21;0.625;;(22, 13);;(9, 3);1;2565
21;0.625;;(22, 13);;(9, 3);1;2566
21;0.625;;(22, 13);;(9, 3);1;2567
21;0.625;;(22, 13);;(9, 3);1;2568
21;0.625;;(22, 13);;(9, 3);1;2569
21;0.625;;(22, 13);;(9, 3);1;2570
21;0.625;;(22, 13);;(9, 3);1;2571
21;0.625;;(22, 13);;(9, 3);1;2572
21;0.625;;(22, 13);;(9, 3);1;2573
21;0.625;;(22, 13);;(9, 3);1;2574
21;0.625;;(22, 13);;(9, 3);1;2575
21;0.625;;(22, 13);;(9, 3);1;2576
21;0.625;;(22, 13);;(9, 3);1;2577
21;0.625;;(22, 13);;(9, 3);1;2578
21;0.625;;(22, 13);;(9, 3);1;2579
21;0.625;;(22, 13);;(9, 3);1;2580
21;0.625;;(22, 13);;(9, 3);1;2581
21;0.625;;(22, 13);;(9, 3);1;2582
21;0.625;;(22, 13);;(9, 3);1;2583
21;0.625;;(22, 13);;(9, 3);1;2584
21;0.625;;(22, 13);;(9, 3);1;2585
21;0.625;;(22, 13);;(9, 3);1;2586
21;0.625;;(22, 13);;(9, 3);1;2587
21;0.625;;(22, 13);;(9, 3);1;2588
21;0.625;;(22, 13);;(9, 3);1;2589
21;0.625;;(22, 13);;(9, 3);1;2590
21;0.625;;(22, 13);;(9, 3);1;2591
21;0.625;;(22, 13);;(9, 3);1;2592
21;0.625;;(22, 13);;(9, 3);1;2593
21;0.625;;(22, 13);;(9, 3);1;2594
21;0.625;;(22, 13);;(9, 3);1;2595
21;0.625;;(22, 13);;(9, 3);1;2596
21;0.625;;(22, 13);;(9, 3);1;2597
21;0.625;;(22, 13);;(9, 3);1;2598
21;0.625;;(22, 13);;(9, 3);1;2599
21;0.625;;(22, 13);;(9, 3);1;2600
21;0.625;;(22, 13);;(9, 3);1;2601
21;0.625;;(22, 13);;(9, 3);1;2602
21;0.625;;(22, 13);;(9, 3);1;2603
21;0.625;;(22, 13);;(9, 3);1;2604
21;0.625;;(22, 13);;(9, 3);1;2605
21;0.625;;(22, 13);;(9, 3);1;2606
21;0.625;;(22, 13);;(9, 3);1;2607
21;0.625;;(22, 13);;(9, 3);1;2608
21;0.625;;(22, 13);;(9, 3);1;2609
21;0.625;;(22, 13);;(9, 3);1;2610
21;0.625;;(22, 13);;(9, 3);1;2611
21;0.625;;(22, 13);;(9, 3);1;2612
21;0.625;;(22, 13);;(9, 3);1;2613
21;0.625;;(22, 13);;(9, 3);1;2614
21;0.625;;(22, 13);;(9, 3);1;2615
21;0.625;;(22, 13);;(9, 3);1;2616
21;0.625;;(22, 13);;(9, 3);1;2617
21;0.625;;(22, 13);;(9, 3);1;2618
21;0.625;;(22, 13);;(9, 3);1;2619
21;0.625;;(22, 13);;(9, 3);1;2620
21;0.625;;(22, 13);;(9, 3);1;2621
21;0.625;;(22, 13);;(9, 3);1;2622
21;0.625;;(22, 13);;(9, 3);1;2623
21;0.625;;(22, 13);;(9, 3);1;2624
21;0.625;;(22, 13);;(9, 3);1;2625
21;0.625;;(22, 13);MoveSouth;(9, 4);1;2626
21;0.625;;(22, 13);;(9, 4);1;2627
21;0.625;;(22, 13);MoveSouth;(9, 5);1;2628
21;0.625;;(22, 13);;(9, 5);1;2629
21;0.625;;(22, 13);MoveSouth;(9, 6);1;2630
21;0.625;;(22, 13);;(9, 6);1;2631
21;0.625;;(22, 13);;(9, 6);1;2632
21;0.625;;(22, 13);MoveEast;(10, 6);1;2633
21;0.625;;(22, 13);;(10, 6);1;2634
21;0.625;;(22, 13);MoveEast;(10, 6);1;2635
21;0.625;;(22, 13);MoveEast;(10, 6);1;2636
21;0.625;;(22, 13);MoveEast;(10, 6);1;2637
21;0.625;;(22, 13);MoveEast;(10, 6);1;2638
21;0.625;;(22, 13);MoveEast;(10, 6);1;2639
21;0.625;;(22, 13);MoveEast;(11, 6);1;2640
21;0.625;;(22, 13);MoveEast;(11, 6);1;2641
21;0.625;;(22, 13);MoveEast;(11, 6);1;2642
21;0.625;;(22, 13);MoveEast;(11, 6);1;2643
21;0.625;;(22, 13);MoveEast;(11, 6);1;2644
21;0.625;;(22, 13);MoveEast;(11, 6);1;2645
21;0.625;;(22, 13);MoveEast;(12, 6);1;2646
21;0.625;;(22, 13);MoveEast;(12, 6);1;2647
21;0.625;;(22, 13);MoveEast;(12, 6);1;2648
21;0.625;;(22, 13);MoveEast;(12, 6);1;2649
21;0.625;;(22, 13);MoveEast;(12, 6);1;2650
21;0.625;;(22, 13);MoveEast;(12, 6);1;2651
21;0.625;;(22, 13);MoveEast;(13, 6);1;2652
21;0.625;;(22, 13);MoveEast;(14, 6);1;2653
21;0.625;;(22, 13);;(14, 6);1;2654
21;0.625;;(22, 13);MoveEast;(15, 6);1;2655
21;0.625;;(22, 13);MoveEast;(16, 6);1;2656
21;0.625;;(22, 13);MoveEast;(17, 6);1;2657
21;0.625;;(22, 13);MoveEast;(18, 6);1;2658
21;0.625;;(22, 13);MoveEast;(19, 6);1;2659
21;0.625;;(22, 13);MoveEast;(19, 6);1;2660
21;0.625;;(22, 13);MoveEast;(19, 6);1;2661
21;0.625;;(22, 13);MoveEast;(19, 6);1;2662
21;0.625;;(22, 13);MoveEast;(19, 6);1;2663
21;0.625;;(22, 13);MoveEast;(19, 6);1;2664
21;0.625;;(22, 13);MoveEast;(20, 6);1;2665
21;0.625;;(22, 13);MoveEast;(21, 6);1;2666
21;0.625;;(22, 13);MoveEast;(22, 6);1;2667
21;0.625;;(22, 13);MoveEast;(23, 6);1;2668
21;0.625;;(22, 13);MoveEast;(23, 6);1;2669
21;0.625;;(22, 13);MoveEast;(23, 6);1;2670
21;0.625;;(22, 13);MoveSouth;(23, 7);1;2671
21;0.625;;(22, 13);;(23, 7);1;2672
21;0.625;;(22, 13);MoveSouth;(23, 8);1;2673
21;0.625;;(22, 13);;(23, 8);1;2674
21;0.625;;(22, 13);MoveSouth;(23, 9);1;2675
21;0.625;;(22, 13);MoveSouth;(23, 10);1;2676
21;0.625;;(22, 13);;(23, 10);1;2677
21;0.625;;(22, 13);MoveSouth;(23, 11);1;2678
21;0.625;;(22, 13);MoveSouth;(23, 12);1;2679
21;0.625;MoveNorthWest;(22, 13);MoveSouth;(23, 13);1;2680
21;0.625;MoveNorthWest;(22, 13);;(23, 13);1;2681
21;0.625;MoveNorthWest;(22, 13);MoveSouth;(23, 14);1;2682
21;0.625;MoveNorthWest;(22, 13);;(23, 14);1;2683
21;0.625;MoveNorthWest;(22, 13);MoveSouth;(23, 15);1;2684
21;0.625;MoveNorthWest;(22, 13);;(23, 15);1;2685
21;0.625;MoveNorthWest;(22, 13);;(23, 15);1;2686
21;0.625;MoveNorthWest;(22, 13);;(23, 15);1;2687
21;0.625;MoveNorthWest;(21, 12);MoveNorth;(23, 14);1;2688
21;0.625;MoveNorthWest;(21, 12);;(23, 14);1;2689
21;0.625;MoveNorthWest;(21, 12);MoveNorth;(23, 13);1;2690
21;0.625;MoveNorthWest;(21, 12);;(23, 13);1;2691
21;0.625;MoveNorthWest;(21, 12);;(23, 13);1;2692
21;0.625;MoveNorthWest;(21, 12);;(23, 13);1;2693
21;0.625;MoveNorthWest;(21, 12);;(23, 13);1;2694
21;0.625;MoveNorthWest;(21, 12);MoveWest;(22, 13);1;2695
21;0.625;MoveNorthWest;(21, 12);;(22, 13);1;2696
21;0.625;MoveNorthWest;(20, 11);;(22, 13);1;2697
21;0.625;MoveNorthWest;(20, 11);MoveNorth;(22, 12);1;2698
21;0.625;MoveNorthWest;(20, 11);;(22, 12);1;2699
21;0.625;MoveNorthWest;(20, 11);MoveWest;(21, 12);1;2700
21;0.625;MoveNorthWest;(20, 11);MoveNorth;(21, 11);1;2701
21;0.625;MoveNorthWest;(20, 11);;(21, 11);1;2702
21;0.625;MoveNorthWest;(20, 11);MoveWest;(20, 11);1;2703
21;0.625;MoveNorthWest;(20, 11);MoveNorth;(20, 10);1;2704
21;0.625;MoveNorthWest;(20, 11);MoveNorth;(20, 9);1;2705
21;0.625;MoveNorthWest;(19, 10);;(20, 9);1;2706
21;0.625;MoveNorthWest;(19, 10);MoveWest;(19, 9);1;2707
21;0.625;MoveNorthWest;(19, 10);MoveNorth;(19, 9);1;2708
21;0.625;MoveNorthWest;(19, 10);MoveNorth;(19, 9);1;2709
21;0.625;MoveNorthWest;(19, 10);MoveNorth;(19, 9);1;2710
21;0.625;MoveNorthWest;(19, 10);MoveNorth;(19, 9);1;2711
21;0.625;MoveNorthWest;(19, 10);MoveNorth;(19, 9);1;2712
21;0.625;MoveNorthWest;(19, 10);MoveNorth;(19, 8);1;2713
21;0.625;MoveNorthWest;(19, 10);MoveWest;(19, 8);1;2714
21;0.625;MoveNorthWest;(18, 9);MoveWest;(19, 8);1;2715
21;0.625;MoveNorth;(18, 9);MoveWest;(19, 8);1;2716
21;0.625;MoveNorth;(18, 9);MoveWest;(19, 8);1;2717
21;0.625;MoveNorth;(18, 9);MoveWest;(19, 8);1;2718
21;0.625;MoveNorth;(18, 9);MoveWest;(18, 8);1;2719
21;0.625;MoveNorth;(18, 9);MoveWest;(18, 8);1;2720
21;0.625;MoveNorth;(18, 9);;(18, 8);1;2721
21;0.625;MoveNorth;(18, 9);;(18, 8);1;2722
21;0.625;MoveNorth;(18, 9);;(18, 8);1;2723
21;0.625;MoveNorth;(18, 9);;(18, 8);1;2724
21;0.625;MoveNorth;(18, 9);;(18, 8);1;2725
21;0.625;MoveNorth;(18, 9);;(18, 8);1;2726
21;0.625;MoveNorth;(18, 9);;(18, 8);1;2727
21;0.625;MoveNorth;(18, 9);;(18, 8);1;2728
21;0.625;MoveNorth;(18, 8);;(18, 8);1;2729
21;0.625;MoveNorth;(18, 8);;(18, 8);1;2730
21;0.625;MoveNorth;(18, 8);;(18, 8);1;2731
21;0.625;MoveNorth;(18, 8);;(18, 8);1;2732
21;0.625;MoveNorth;(18, 8);;(18, 8);1;2733
21;0.625;MoveNorth;(18, 8);;(18, 8);1;2734
21;0.625;MoveNorth;(18, 8);;(18, 8);1;2735
21;0.625;MoveNorth;(18, 8);;(18, 8);1;2736
21;0.625;MoveNorth;(18, 8);;(18, 8);1;2737
21;0.625;MoveNorth;(18, 7);;(18, 8);1;2738
21;0.625;MoveNorthWest;(18, 7);;(18, 8);1;2739
21;0.625;MoveNorthWest;(18, 7);;(18, 8);1;2740
21;0.625;MoveNorthWest;(18, 7);;(18, 8);1;2741
21;0.625;MoveNorthWest;(18, 7);;(18, 8);1;2742
21;0.625;MoveNorthWest;(18, 7);;(18, 8);1;2743
21;0.625;MoveNorthWest;(18, 7);;(18, 8);1;2744
21;0.625;MoveNorthWest;(18, 7);MoveNorth;(18, 7);1;2745
21;0.625;MoveNorthWest;(18, 7);;(18, 7);1;2746
21;0.625;MoveNorthWest;(17, 6);;(18, 7);1;2747
21;0.625;MoveWest;(17, 6);MoveNorth;(18, 6);1;2748
21;0.625;MoveWest;(17, 6);;(18, 6);1;2749
21;0.625;MoveWest;(17, 6);;(18, 6);1;2750
21;0.625;MoveWest;(17, 6);MoveWest;(17, 6);1;2751
21;0.625;MoveWest;(17, 6);;(17, 6);1;2752
21;0.625;MoveWest;(17, 6);MoveWest;(16, 6);1;2753
21;0.625;MoveWest;(17, 6);;(16, 6);1;2754
21;0.625;MoveWest;(17, 6);MoveWest;(15, 6);1;2755
21;0.625;MoveWest;(16, 6);;(15, 6);1;2756
21;0.625;MoveWest;(16, 6);MoveWest;(14, 6);1;2757
21;0.625;MoveWest;(16, 6);;(14, 6);1;2758
21;0.625;MoveWest;(16, 6);MoveNorth;(14, 5);1;2759
21;0.625;MoveWest;(16, 6);;(14, 5);1;2760
21;0.625;MoveWest;(16, 6);MoveWest;(13, 5);1;2761
21;0.625;MoveWest;(16, 6);;(13, 5);1;2762
21;0.625;MoveWest;(16, 6);;(13, 5);1;2763
21;0.625;MoveWest;(16, 6);MoveWest;(12, 5);1;2764
21;0.625;MoveWest;(15, 6);;(12, 5);1;2765
21;0.625;MoveWest;(15, 6);MoveWest;(11, 5);1;2766
21;0.625;MoveWest;(15, 6);MoveWest;(10, 5);1;2767
21;0.625;MoveWest;(15, 6);;(10, 5);1;2768
21;0.625;MoveWest;(15, 6);;(10, 5);1;2769
21;0.625;MoveWest;(15, 6);;(10, 5);1;2770
21;0.625;MoveWest;(15, 6);;(10, 5);1;2771
21;0.625;MoveWest;(15, 6);;(10, 5);1;2772
21;0.625;MoveWest;(15, 6);MoveSouth;(10, 5);1;2773
21;0.625;MoveWest;(14, 6);MoveSouth;(10, 5);1;2774
21;0.625;MoveWest;(14, 6);MoveSouth;(10, 5);1;2775
21;0.625;MoveWest;(14, 6);MoveSouth;(10, 5);1;2776
21;0.625;MoveWest;(14, 6);MoveSouth;(10, 5);1;2777
21;0.625;MoveWest;(14, 6);MoveSouth;(10, 6);1;2778
21;0.625;MoveWest;(14, 6);;(10, 6);1;2779
21;0.625;MoveWest;(14, 6);;(10, 6);1;2780
21;0.625;MoveWest;(14, 6);;(10, 6);1;2781
21;0.625;MoveWest;(14, 6);;(10, 6);1;2782
21;0.625;MoveWest;(13, 6);;(10, 6);1;2783
21;0.625;MoveWest;(13, 6);;(10, 6);1;2784
21;0.625;MoveWest;(13, 6);;(10, 6);1;2785
21;0.625;MoveWest;(13, 6);;(10, 6);1;2786
21;0.625;MoveWest;(13, 6);;(10, 6);1;2787
21;0.625;MoveWest;(13, 6);;(10, 6);1;2788
21;0.625;MoveWest;(13, 6);;(10, 6);1;2789
21;0.625;MoveWest;(13, 6);;(10, 6);1;2790
21;0.625;MoveWest;(13, 6);MoveWest;(10, 6);1;2791
21;0.625;MoveWest;(12, 6);MoveWest;(10, 6);1;2792
21;0.625;MoveWest;(12, 6);MoveWest;(10, 6);1;2793
21;0.625;MoveWest;(12, 6);MoveWest;(10, 6);1;2794
21;0.625;MoveWest;(12, 6);MoveWest;(10, 6);1;2795
21;0.625;MoveWest;(12, 6);MoveWest;(9, 6);1;2796
21;0.625;MoveWest;(12, 6);;(9, 6);1;2797
21;0.625;MoveWest;(12, 6);;(9, 6);1;2798
21;0.625;MoveWest;(12, 6);;(9, 6);1;2799
21;0.625;MoveWest;(12, 6);;(9, 6);1;2800
21;0.625;MoveWest;(12, 6);;(9, 6);1;2801
21;0.625;MoveWest;(12, 6);;(9, 6);1;2802
21;0.625;MoveWest;(12, 6);;(9, 6);1;2803
21;0.625;MoveWest;(12, 6);;(9, 6);1;2804
21;0.625;MoveWest;(12, 6);;(9, 6);1;2805
21;0.625;MoveWest;(11, 6);;(9, 6);1;2806
21;0.625;MoveWest;(11, 6);;(9, 6);1;2807
21;0.625;MoveWest;(11, 6);;(9, 6);1;2808
21;0.625;MoveWest;(11, 6);;(9, 6);1;2809
21;0.625;MoveWest;(11, 6);;(9, 6);1;2810
21;0.625;MoveWest;(11, 6);;(9, 6);1;2811
21;0.625;MoveWest;(11, 6);;(9, 6);1;2812
21;0.625;MoveWest;(11, 6);;(9, 6);1;2813
21;0.625;MoveWest;(11, 6);;(9, 6);1;2814
21;0.625;MoveWest;(11, 6);;(9, 6);1;2815
21;0.625;MoveWest;(11, 6);;(9, 6);1;2816
21;0.625;MoveWest;(11, 6);;(9, 6);1;2817
21;0.625;MoveWest;(11, 6);;(9, 6);1;2818
21;0.625;MoveWest;(11, 6);;(9, 6);1;2819
21;0.625;MoveWest;(10, 6);;(9, 6);1;2820
21;0.625;MoveWest;(10, 6);;(9, 6);1;2821
21;0.625;MoveWest;(10, 6);;(9, 6);1;2822
21;0.625;MoveWest;(10, 6);;(9, 6);1;2823
21;0.625;MoveWest;(10, 6);;(9, 6);1;2824
21;0.625;MoveWest;(10, 6);;(9, 6);1;2825
21;0.625;MoveWest;(10, 6);;(9, 6);1;2826
21;0.625;MoveWest;(10, 6);;(9, 6);1;2827
21;0.625;MoveWest;(10, 6);;(9, 6);1;2828
21;0.625;MoveWest;(10, 6);;(9, 6);1;2829
21;0.625;MoveWest;(10, 6);;(9, 6);1;2830
21;0.625;MoveWest;(10, 6);;(9, 6);1;2831
21;0.625;MoveWest;(10, 6);;(9, 6);1;2832
21;0.625;MoveWest;(10, 6);;(9, 6);1;2833
21;0.625;MoveWest;(9, 6);;(9, 6);1;2834
21;0.625;;(9, 6);;(9, 6);1;2835
21;0.625;;(9, 6);;(9, 6);1;2836
21;0.625;;(9, 6);;(9, 6);1;2837
21;0.625;;(9, 6);;(9, 6);1;2838
21;0.625;;(9, 6);;(9, 6);1;2839
21;0.625;;(9, 6);;(9, 6);1;2840
21;0.625;;(9, 6);;(9, 6);1;2841
21;0.625;;(9, 6);;(9, 6);1;2842
21;0.625;;(9, 6);;(9, 6);1;2843
21;0.625;;(9, 6);;(9, 6);1;2844
21;0.625;;(9, 6);;(9, 6);1;2845
21;0.625;;(9, 6);;(9, 6);1;2846
21;0.625;;(9, 6);;(9, 6);1;2847
21;0.625;;(9, 6);;(9, 6);1;2848
21;0.625;;(9, 6);;(9, 6);1;2849
21;0.625;;(9, 6);;(9, 6);1;2850
21;0.625;;(9, 6);;(9, 6);1;2851
21;0.625;;(9, 6);;(9, 6);1;2852
21;0.625;;(9, 6);;(9, 6);1;2853
21;0.625;;(9, 6);;(9, 6);1;2854
21;0.625;;(9, 6);;(9, 6);1;2855
21;0.625;;(9, 6);;(9, 6);1;2856
21;0.625;;(9, 6);;(9, 6);1;2857
21;0.625;;(9, 6);;(9, 6);1;2858
21;0.625;;(9, 6);;(9, 6);1;2859
21;0.625;;(9, 6);;(9, 6);1;2860
21;0.625;;(9, 6);;(9, 6);1;2861
21;0.625;;(9, 6);;(9, 6);1;2862
21;0.625;;(9, 6);;(9, 6);1;2863
21;0.625;;(9, 6);;(9, 6);1;2864
21;0.625;;(9, 6);;(9, 6);1;2865
21;0.625;;(9, 6);;(9, 6);1;2866
21;0.625;;(9, 6);;(9, 6);1;2867
21;0.625;;(9, 6);;(9, 6);1;2868
21;0.625;;(9, 6);;(9, 6);1;2869
21;0.625;;(9, 6);;(9, 6);1;2870
21;0.625;;(9, 6);;(9, 6);1;2871
21;0.625;;(9, 6);;(9, 6);1;2872
21;0.625;;(9, 6);;(9, 6);1;2873
21;0.625;;(9, 6);;(9, 6);1;2874
21;0.625;;(9, 6);RemoveObjectTogether;(9, 6);1;2875
21;0.625;;(9, 6);RemoveObjectTogether;(9, 6);1;2876
21;0.625;;(9, 6);RemoveObjectTogether;(9, 6);1;2877
21;0.625;;(9, 6);RemoveObjectTogether;(9, 6);1;2878
21;0.625;;(9, 6);RemoveObjectTogether;(9, 6);1;2879
21;0.625;;(9, 6);RemoveObjectTogether;(9, 6);1;2880
21;0.625;;(9, 6);RemoveObjectTogether;(9, 6);1;2881
21;0.625;;(9, 6);RemoveObjectTogether;(9, 6);1;2882
21;0.625;;(9, 6);RemoveObjectTogether;(9, 6);1;2883
21;0.625;;(9, 6);RemoveObjectTogether;(9, 6);1;2884
21;0.625;;(9, 6);RemoveObjectTogether;(9, 6);1;2885
21;0.625;;(9, 6);RemoveObjectTogether;(9, 6);1;2886
21;0.625;;(9, 6);RemoveObjectTogether;(9, 6);1;2887
21;0.625;;(9, 6);RemoveObjectTogether;(9, 6);1;2888
21;0.625;;(9, 6);RemoveObjectTogether;(9, 6);1;2889
21;0.625;;(9, 6);RemoveObjectTogether;(9, 6);1;2890
21;0.625;;(9, 6);RemoveObjectTogether;(9, 6);1;2891
21;0.625;;(9, 6);RemoveObjectTogether;(9, 6);1;2892
21;0.625;;(9, 6);RemoveObjectTogether;(9, 6);1;2893
21;0.625;;(9, 6);RemoveObjectTogether;(9, 6);1;2894
21;0.625;;(9, 6);RemoveObjectTogether;(9, 6);1;2895
21;0.625;;(9, 6);RemoveObjectTogether;(9, 6);1;2896
21;0.625;;(9, 6);RemoveObjectTogether;(9, 6);1;2897
21;0.625;;(9, 6);RemoveObjectTogether;(9, 6);1;2898
21;0.625;;(9, 6);RemoveObjectTogether;(9, 6);1;2899
21;0.625;;(9, 6);RemoveObjectTogether;(9, 6);1;2900
21;0.625;MoveSouth;(9, 6);;(9, 6);1;2901
21;0.625;MoveSouth;(9, 6);;(9, 6);1;2902
21;0.625;MoveSouth;(9, 6);;(9, 6);1;2903
21;0.625;MoveSouth;(9, 6);;(9, 6);1;2904
21;0.625;MoveSouth;(9, 6);;(9, 6);1;2905
21;0.625;MoveSouth;(9, 6);;(9, 6);1;2906
21;0.625;MoveSouth;(9, 6);;(9, 6);1;2907
21;0.625;MoveSouth;(9, 6);;(9, 6);1;2908
21;0.625;MoveSouth;(9, 7);;(9, 6);1;2909
21;0.625;MoveSouthWest;(9, 7);;(9, 6);1;2910
21;0.625;MoveSouthWest;(9, 7);;(9, 6);1;2911
21;0.625;MoveSouthWest;(9, 7);;(9, 6);1;2912
21;0.625;MoveSouthWest;(9, 7);;(9, 6);1;2913
21;0.625;MoveSouthWest;(9, 7);;(9, 6);1;2914
21;0.625;MoveSouthWest;(9, 7);;(9, 6);1;2915
21;0.625;MoveSouthWest;(9, 7);;(9, 6);1;2916
21;0.625;MoveSouthWest;(9, 7);;(9, 6);1;2917
21;0.625;MoveSouthWest;(8, 8);;(9, 6);1;2918
21;0.625;MoveSouthEast;(8, 8);;(9, 6);1;2919
21;0.625;MoveSouthEast;(8, 8);;(9, 6);1;2920
21;0.625;MoveSouthEast;(8, 8);;(9, 6);1;2921
21;0.625;MoveSouthEast;(8, 8);;(9, 6);1;2922
21;0.625;MoveSouthEast;(8, 8);;(9, 6);1;2923
21;0.625;MoveSouthEast;(8, 8);;(9, 6);1;2924
21;0.625;MoveSouthEast;(8, 8);;(9, 6);1;2925
21;0.625;MoveSouthEast;(8, 8);MoveSouth;(9, 7);1;2926
21;0.625;MoveSouthEast;(9, 9);;(9, 7);1;2927
21;0.625;MoveNorthEast;(9, 9);;(9, 7);1;2928
21;0.625;MoveNorthEast;(9, 9);MoveSouth;(9, 8);1;2929
21;0.625;MoveNorthEast;(9, 9);MoveSouth;(9, 9);1;2930
21;0.625;MoveNorthEast;(9, 9);;(9, 9);1;2931
21;0.625;MoveNorthEast;(9, 9);;(9, 9);1;2932
21;0.625;MoveNorthEast;(9, 9);;(9, 9);1;2933
21;0.625;MoveNorthEast;(9, 9);;(9, 9);1;2934
21;0.625;MoveNorthEast;(9, 9);;(9, 9);1;2935
21;0.625;MoveNorthEast;(10, 8);;(9, 9);1;2936
21;0.625;;(10, 8);;(9, 9);1;2937
21;0.625;;(10, 8);;(9, 9);1;2938
21;0.625;;(10, 8);;(9, 9);1;2939
21;0.625;;(10, 8);;(9, 9);1;2940
21;0.625;;(10, 8);;(9, 9);1;2941
21;0.625;;(10, 8);;(9, 9);1;2942
21;0.625;;(10, 8);;(9, 9);1;2943
21;0.625;;(10, 8);;(9, 9);1;2944
21;0.625;;(10, 8);;(9, 9);1;2945
21;0.625;;(10, 8);;(9, 9);1;2946
21;0.625;;(10, 8);;(9, 9);1;2947
21;0.625;;(10, 8);;(9, 9);1;2948
21;0.625;;(10, 8);;(9, 9);1;2949
21;0.625;;(10, 8);;(9, 9);1;2950
21;0.625;;(10, 8);;(9, 9);1;2951
21;0.625;;(10, 8);;(9, 9);1;2952
21;0.625;;(10, 8);;(9, 9);1;2953
21;0.625;;(10, 8);;(9, 9);1;2954
21;0.625;;(10, 8);;(9, 9);1;2955
21;0.625;;(10, 8);;(9, 9);1;2956
21;0.625;;(10, 8);;(9, 9);1;2957
21;0.625;;(10, 8);;(9, 9);1;2958
21;0.625;;(10, 8);;(9, 9);1;2959
21;0.625;;(10, 8);;(9, 9);1;2960
21;0.625;;(10, 8);;(9, 9);1;2961
21;0.625;;(10, 8);;(9, 9);1;2962
21;0.625;;(10, 8);;(9, 9);1;2963
21;0.625;;(10, 8);;(9, 9);1;2964
21;0.625;;(10, 8);;(9, 9);1;2965
21;0.625;;(10, 8);;(9, 9);1;2966
21;0.625;;(10, 8);;(9, 9);1;2967
21;0.625;;(10, 8);;(9, 9);1;2968
21;0.625;;(10, 8);;(9, 9);1;2969
21;0.625;;(10, 8);;(9, 9);1;2970
21;0.625;;(10, 8);;(9, 9);1;2971
21;0.625;;(10, 8);;(9, 9);1;2972
21;0.625;;(10, 8);;(9, 9);1;2973
21;0.625;Idle;(10, 8);;(9, 9);1;2974
21;0.625;Idle;(10, 8);;(9, 9);1;2975
21;0.625;Idle;(10, 8);;(9, 9);1;2976
21;0.625;Idle;(10, 8);MoveWest;(8, 9);1;2977
21;0.625;Idle;(10, 8);;(8, 9);1;2978
21;0.625;Idle;(10, 8);;(8, 9);1;2979
21;0.625;Idle;(10, 8);;(8, 9);1;2980
21;0.625;Idle;(10, 8);;(8, 9);1;2981
21;0.625;Idle;(10, 8);;(8, 9);1;2982
21;0.625;Idle;(10, 8);;(8, 9);1;2983
21;0.625;Idle;(10, 8);;(8, 9);1;2984
21;0.625;Idle;(10, 8);;(8, 9);1;2985
21;0.625;Idle;(10, 8);;(8, 9);1;2986
21;0.625;Idle;(10, 8);;(8, 9);1;2987
21;0.625;Idle;(10, 8);;(8, 9);1;2988
21;0.625;Idle;(10, 8);;(8, 9);1;2989
21;0.625;Idle;(10, 8);;(8, 9);1;2990
21;0.625;Idle;(10, 8);;(8, 9);1;2991
21;0.625;Idle;(10, 8);;(8, 9);1;2992
21;0.625;Idle;(10, 8);;(8, 9);1;2993
21;0.625;Idle;(10, 8);;(8, 9);1;2994
21;0.625;Idle;(10, 8);;(8, 9);1;2995
21;0.625;Idle;(10, 8);;(8, 9);1;2996
21;0.625;Idle;(10, 8);;(8, 9);1;2997
21;0.625;Idle;(10, 8);;(8, 9);1;2998
21;0.625;Idle;(10, 8);;(8, 9);1;2999
21;0.625;MoveWest;(10, 8);;(8, 9);1;3000
21;0.625;MoveWest;(10, 8);;(8, 9);1;3001
21;0.625;MoveWest;(10, 8);;(8, 9);1;3002
21;0.625;MoveWest;(10, 8);;(8, 9);1;3003
21;0.625;MoveWest;(10, 8);;(8, 9);1;3004
21;0.625;MoveWest;(10, 8);;(8, 9);1;3005
21;0.625;MoveWest;(10, 8);;(8, 9);1;3006
21;0.625;MoveWest;(10, 8);;(8, 9);1;3007
21;0.625;MoveWest;(9, 8);;(8, 9);1;3008
21;0.625;MoveSouthWest;(9, 8);;(8, 9);1;3009
21;0.625;MoveSouthWest;(9, 8);;(8, 9);1;3010
21;0.625;MoveSouthWest;(9, 8);;(8, 9);1;3011
21;0.625;MoveSouthWest;(9, 8);;(8, 9);1;3012
21;0.625;MoveSouthWest;(9, 8);;(8, 9);1;3013
21;0.625;MoveSouthWest;(9, 8);;(8, 9);1;3014
21;0.625;MoveSouthWest;(9, 8);;(8, 9);1;3015
21;0.625;MoveSouthWest;(9, 8);;(8, 9);1;3016
21;0.625;MoveSouthWest;(8, 9);;(8, 9);1;3017
21;0.625;;(8, 9);;(8, 9);1;3018
21;0.625;;(8, 9);;(8, 9);1;3019
21;0.625;;(8, 9);;(8, 9);1;3020
21;0.625;;(8, 9);;(8, 9);1;3021
21;0.625;;(8, 9);CarryObjectTogether;(8, 9);1;3022
21;0.625;;(8, 9);;(8, 9);1;3023
21;0.625;;(8, 9);;(8, 9);1;3024
21;0.625;;(8, 9);;(8, 9);1;3025
21;0.625;;(8, 9);;(8, 9);1;3026
21;0.625;;(8, 9);;(8, 9);1;3027
21;0.625;;(8, 9);;(8, 9);1;3028
21;0.625;;(8, 9);;(8, 9);1;3029
21;0.625;;(8, 9);;(8, 9);1;3030
21;0.625;;(8, 9);MoveEast;(9, 9);1;3031
21;0.625;;(8, 9);;(9, 9);1;3032
21;0.625;;(8, 9);;(9, 9);1;3033
21;0.625;;(8, 9);MoveNorth;(9, 8);1;3034
21;0.625;;(8, 9);;(9, 8);1;3035
21;0.625;;(8, 9);MoveNorth;(9, 7);1;3036
21;0.625;;(8, 9);MoveNorth;(9, 6);1;3037
21;0.625;;(8, 9);;(9, 6);1;3038
21;0.625;;(8, 9);;(9, 6);1;3039
21;0.625;;(8, 9);;(9, 6);1;3040
21;0.625;;(8, 9);MoveEast;(10, 6);1;3041
21;0.625;;(8, 9);;(10, 6);1;3042
21;0.625;;(8, 9);MoveEast;(10, 6);1;3043
21;0.625;;(8, 9);MoveEast;(10, 6);1;3044
21;0.625;;(8, 9);MoveEast;(10, 6);1;3045
21;0.625;;(8, 9);MoveEast;(10, 6);1;3046
21;0.625;;(8, 9);MoveEast;(10, 6);1;3047
21;0.625;;(8, 9);MoveEast;(11, 6);1;3048
21;0.625;;(8, 9);MoveEast;(11, 6);1;3049
21;0.625;;(8, 9);MoveEast;(11, 6);1;3050
21;0.625;;(8, 9);MoveEast;(11, 6);1;3051
21;0.625;;(8, 9);MoveEast;(11, 6);1;3052
21;0.625;;(8, 9);MoveEast;(11, 6);1;3053
21;0.625;;(8, 9);MoveEast;(12, 6);1;3054
21;0.625;;(8, 9);MoveEast;(12, 6);1;3055
21;0.625;;(8, 9);MoveEast;(12, 6);1;3056
21;0.625;;(8, 9);MoveEast;(12, 6);1;3057
21;0.625;;(8, 9);MoveEast;(12, 6);1;3058
21;0.625;;(8, 9);MoveEast;(12, 6);1;3059
21;0.625;;(8, 9);MoveEast;(13, 6);1;3060
21;0.625;;(8, 9);MoveEast;(14, 6);1;3061
21;0.625;;(8, 9);;(14, 6);1;3062
21;0.625;;(8, 9);MoveEast;(15, 6);1;3063
21;0.625;;(8, 9);MoveEast;(16, 6);1;3064
21;0.625;;(8, 9);;(16, 6);1;3065
21;0.625;;(8, 9);MoveEast;(17, 6);1;3066
21;0.625;;(8, 9);MoveEast;(18, 6);1;3067
21;0.625;;(8, 9);;(18, 6);1;3068
21;0.625;;(8, 9);MoveEast;(19, 6);1;3069
21;0.625;;(8, 9);;(19, 6);1;3070
21;0.625;;(8, 9);MoveEast;(19, 6);1;3071
21;0.625;;(8, 9);MoveEast;(19, 6);1;3072
21;0.625;;(8, 9);MoveEast;(19, 6);1;3073
21;0.625;;(8, 9);MoveEast;(19, 6);1;3074
21;0.625;;(8, 9);MoveEast;(19, 6);1;3075
21;0.625;;(8, 9);MoveEast;(20, 6);1;3076
21;0.625;;(8, 9);MoveEast;(21, 6);1;3077
21;0.625;;(8, 9);;(21, 6);1;3078
21;0.625;;(8, 9);MoveEast;(22, 6);1;3079
21;0.625;;(8, 9);;(22, 6);1;3080
21;0.625;;(8, 9);;(22, 6);1;3081
21;0.625;;(8, 9);MoveEast;(23, 6);1;3082
21;0.625;;(8, 9);MoveSouth;(23, 7);1;3083
21;0.625;;(8, 9);;(23, 7);1;3084
21;0.625;;(8, 9);;(23, 7);1;3085
21;0.625;;(8, 9);MoveSouth;(23, 8);1;3086
21;0.625;;(8, 9);MoveSouth;(23, 9);1;3087
21;0.625;;(8, 9);;(23, 9);1;3088
21;0.625;;(8, 9);MoveSouth;(23, 10);1;3089
21;0.625;;(8, 9);MoveSouth;(23, 11);1;3090
21;0.625;;(8, 9);;(23, 11);1;3091
21;0.625;;(8, 9);;(23, 11);1;3092
21;0.625;;(8, 9);;(23, 11);1;3093
21;0.625;;(8, 9);;(23, 11);1;3094
27;0.75;;(23, 11);DropObjectTogether;(23, 11);1;3095
27;0.75;Idle;(23, 11);;(23, 11);1;3096
27;0.75;Idle;(23, 11);;(23, 11);1;3097
27;0.75;Idle;(23, 11);;(23, 11);1;3098
27;0.75;Idle;(23, 11);;(23, 11);1;3099
27;0.75;Idle;(23, 11);;(23, 11);1;3100
27;0.75;Idle;(23, 11);;(23, 11);1;3101
27;0.75;Idle;(23, 11);;(23, 11);1;3102
27;0.75;Idle;(23, 11);;(23, 11);1;3103
27;0.75;Idle;(23, 11);;(23, 11);1;3104
27;0.75;Idle;(23, 11);;(23, 11);1;3105
27;0.75;Idle;(23, 11);;(23, 11);1;3106
27;0.75;Idle;(23, 11);;(23, 11);1;3107
27;0.75;Idle;(23, 11);;(23, 11);1;3108
27;0.75;Idle;(23, 11);;(23, 11);1;3109
27;0.75;Idle;(23, 11);;(23, 11);1;3110
27;0.75;Idle;(23, 11);;(23, 11);1;3111
27;0.75;Idle;(23, 11);MoveWest;(22, 11);1;3112
27;0.75;Idle;(23, 11);;(22, 11);1;3113
27;0.75;Idle;(23, 11);;(22, 11);1;3114
27;0.75;Idle;(23, 11);;(22, 11);1;3115
27;0.75;Idle;(23, 11);;(22, 11);1;3116
27;0.75;Idle;(23, 11);;(22, 11);1;3117
27;0.75;Idle;(23, 11);;(22, 11);1;3118
27;0.75;Idle;(23, 11);;(22, 11);1;3119
27;0.75;Idle;(23, 11);;(22, 11);1;3120
27;0.75;Idle;(23, 11);;(22, 11);1;3121
27;0.75;MoveWest;(23, 11);MoveNorth;(22, 10);1;3122
27;0.75;MoveWest;(23, 11);;(22, 10);1;3123
27;0.75;MoveWest;(23, 11);;(22, 10);1;3124
27;0.75;MoveWest;(23, 11);;(22, 10);1;3125
27;0.75;MoveWest;(23, 11);;(22, 10);1;3126
27;0.75;MoveWest;(23, 11);;(22, 10);1;3127
27;0.75;MoveWest;(23, 11);;(22, 10);1;3128
27;0.75;MoveWest;(23, 11);;(22, 10);1;3129
27;0.75;MoveWest;(22, 11);;(22, 10);1;3130
27;0.75;MoveNorthWest;(22, 11);;(22, 10);1;3131
27;0.75;MoveNorthWest;(22, 11);;(22, 10);1;3132
27;0.75;MoveNorthWest;(22, 11);;(22, 10);1;3133
27;0.75;MoveNorthWest;(22, 11);;(22, 10);1;3134
27;0.75;MoveNorthWest;(22, 11);;(22, 10);1;3135
27;0.75;MoveNorthWest;(22, 11);;(22, 10);1;3136
27;0.75;MoveNorthWest;(22, 11);;(22, 10);1;3137
27;0.75;MoveNorthWest;(22, 11);;(22, 10);1;3138
27;0.75;MoveNorthWest;(21, 10);;(22, 10);1;3139
27;0.75;MoveNorthWest;(21, 10);;(22, 10);1;3140
27;0.75;MoveNorthWest;(21, 10);MoveWest;(21, 10);1;3141
27;0.75;MoveNorthWest;(21, 10);;(21, 10);1;3142
27;0.75;MoveNorthWest;(21, 10);;(21, 10);1;3143
27;0.75;MoveNorthWest;(21, 10);;(21, 10);1;3144
27;0.75;MoveNorthWest;(21, 10);;(21, 10);1;3145
27;0.75;MoveNorthWest;(21, 10);;(21, 10);1;3146
27;0.75;MoveNorthWest;(21, 10);MoveWest;(20, 10);1;3147
27;0.75;MoveNorthWest;(20, 9);;(20, 10);1;3148
27;0.75;MoveNorthWest;(20, 9);;(20, 10);1;3149
27;0.75;MoveNorthWest;(20, 9);MoveWest;(19, 10);1;3150
27;0.75;MoveNorthWest;(20, 9);;(19, 10);1;3151
27;0.75;MoveNorthWest;(20, 9);MoveWest;(18, 10);1;3152
27;0.75;MoveNorthWest;(20, 9);;(18, 10);1;3153
27;0.75;MoveNorthWest;(20, 9);MoveNorth;(18, 10);1;3154
27;0.75;MoveNorthWest;(20, 9);MoveNorth;(18, 10);1;3155
27;0.75;MoveNorthWest;(20, 9);MoveNorth;(18, 10);1;3156
27;0.75;MoveNorthWest;(19, 8);MoveNorth;(18, 10);1;3157
27;0.75;MoveNorthWest;(19, 8);MoveNorth;(18, 10);1;3158
27;0.75;MoveNorthWest;(19, 8);MoveNorth;(18, 9);1;3159
27;0.75;MoveNorthWest;(19, 8);MoveNorth;(18, 9);1;3160
27;0.75;MoveNorthWest;(19, 8);MoveNorth;(18, 9);1;3161
27;0.75;MoveNorthWest;(19, 8);MoveNorth;(18, 9);1;3162
27;0.75;MoveNorthWest;(19, 8);MoveNorth;(18, 9);1;3163
27;0.75;MoveNorthWest;(19, 8);MoveNorth;(18, 9);1;3164
27;0.75;MoveNorthWest;(19, 8);MoveNorth;(18, 8);1;3165
27;0.75;MoveNorthWest;(19, 8);MoveNorth;(18, 7);1;3166
27;0.75;MoveNorthWest;(19, 8);;(18, 7);1;3167
27;0.75;MoveNorthWest;(19, 8);;(18, 7);1;3168
27;0.75;MoveNorthWest;(19, 8);;(18, 7);1;3169
27;0.75;MoveNorthWest;(19, 8);;(18, 7);1;3170
27;0.75;MoveNorthWest;(18, 7);;(18, 7);1;3171
27;0.75;MoveNorthWest;(18, 7);MoveNorth;(18, 6);1;3172
27;0.75;MoveNorthWest;(18, 7);;(18, 6);1;3173
27;0.75;MoveNorthWest;(18, 7);;(18, 6);1;3174
27;0.75;MoveNorthWest;(18, 7);MoveWest;(17, 6);1;3175
27;0.75;MoveNorthWest;(18, 7);;(17, 6);1;3176
27;0.75;MoveNorthWest;(18, 7);MoveWest;(16, 6);1;3177
27;0.75;MoveNorthWest;(18, 7);;(16, 6);1;3178
27;0.75;MoveNorthWest;(18, 7);;(16, 6);1;3179
27;0.75;MoveNorthWest;(17, 6);;(16, 6);1;3180
27;0.75;MoveWest;(17, 6);MoveWest;(15, 6);1;3181
27;0.75;MoveWest;(17, 6);;(15, 6);1;3182
27;0.75;MoveWest;(17, 6);MoveWest;(14, 6);1;3183
27;0.75;MoveWest;(17, 6);;(14, 6);1;3184
27;0.75;MoveWest;(17, 6);;(14, 6);1;3185
27;0.75;MoveWest;(17, 6);;(14, 6);1;3186
27;0.75;MoveWest;(17, 6);;(14, 6);1;3187
27;0.75;MoveWest;(17, 6);;(14, 6);1;3188
27;0.75;MoveWest;(16, 6);;(14, 6);1;3189
27;0.75;MoveWest;(16, 6);;(14, 6);1;3190
27;0.75;MoveWest;(16, 6);;(14, 6);1;3191
27;0.75;MoveWest;(16, 6);;(14, 6);1;3192
27;0.75;MoveWest;(16, 6);;(14, 6);1;3193
27;0.75;MoveWest;(16, 6);MoveNorth;(14, 5);1;3194
27;0.75;MoveWest;(16, 6);;(14, 5);1;3195
27;0.75;MoveWest;(16, 6);;(14, 5);1;3196
27;0.75;MoveWest;(16, 6);;(14, 5);1;3197
27;0.75;MoveWest;(15, 6);MoveWest;(13, 5);1;3198
27;0.75;MoveWest;(15, 6);;(13, 5);1;3199
27;0.75;MoveWest;(15, 6);MoveWest;(12, 5);1;3200
27;0.75;MoveWest;(15, 6);;(12, 5);1;3201
27;0.75;MoveWest;(15, 6);MoveWest;(11, 5);1;3202
27;0.75;MoveWest;(15, 6);MoveWest;(10, 5);1;3203
27;0.75;MoveWest;(15, 6);;(10, 5);1;3204
27;0.75;MoveWest;(15, 6);MoveWest;(10, 5);1;3205
27;0.75;MoveWest;(15, 6);MoveWest;(10, 5);1;3206
27;0.75;MoveWest;(14, 6);MoveWest;(10, 5);1;3207
27;0.75;MoveWest;(14, 6);MoveWest;(10, 5);1;3208
27;0.75;MoveWest;(14, 6);MoveWest;(10, 5);1;3209
27;0.75;MoveWest;(14, 6);MoveWest;(9, 5);1;3210
27;0.75;MoveWest;(14, 6);MoveWest;(8, 5);1;3211
27;0.75;MoveWest;(14, 6);;(8, 5);1;3212
27;0.75;MoveWest;(14, 6);;(8, 5);1;3213
27;0.75;MoveWest;(14, 6);MoveNorth;(8, 5);1;3214
27;0.75;MoveWest;(14, 6);MoveNorth;(8, 5);1;3215
27;0.75;MoveWest;(13, 6);MoveNorth;(8, 5);1;3216
27;0.75;MoveWest;(13, 6);MoveNorth;(8, 5);1;3217
27;0.75;MoveWest;(13, 6);MoveNorth;(8, 5);1;3218
27;0.75;MoveWest;(13, 6);MoveNorth;(8, 5);1;3219
27;0.75;MoveWest;(13, 6);MoveNorth;(8, 5);1;3220
27;0.75;MoveWest;(13, 6);MoveNorth;(8, 5);1;3221
27;0.75;MoveWest;(13, 6);MoveNorth;(8, 5);1;3222
27;0.75;MoveWest;(13, 6);MoveNorth;(8, 5);1;3223
27;0.75;MoveWest;(13, 6);MoveNorth;(8, 5);1;3224
27;0.75;MoveWest;(12, 6);MoveNorth;(8, 5);1;3225
27;0.75;MoveWest;(12, 6);MoveNorth;(8, 5);1;3226
27;0.75;MoveWest;(12, 6);MoveNorth;(8, 5);1;3227
27;0.75;MoveWest;(12, 6);MoveNorth;(8, 5);1;3228
27;0.75;MoveWest;(12, 6);MoveNorth;(8, 5);1;3229
27;0.75;MoveWest;(12, 6);MoveNorth;(8, 5);1;3230
27;0.75;MoveWest;(12, 6);MoveNorth;(8, 5);1;3231
27;0.75;MoveWest;(12, 6);;(8, 5);1;3232
27;0.75;MoveWest;(12, 6);;(8, 5);1;3233
27;0.75;MoveWest;(12, 6);;(8, 5);1;3234
27;0.75;MoveWest;(12, 6);MoveEast;(8, 5);1;3235
27;0.75;MoveWest;(12, 6);MoveEast;(8, 5);1;3236
27;0.75;MoveWest;(12, 6);MoveEast;(8, 5);1;3237
27;0.75;MoveWest;(12, 6);MoveEast;(8, 5);1;3238
27;0.75;MoveWest;(11, 6);MoveEast;(8, 5);1;3239
27;0.75;MoveNorthWest;(11, 6);MoveEast;(9, 5);1;3240
27;0.75;MoveNorthWest;(11, 6);MoveNorth;(9, 4);1;3241
27;0.75;MoveNorthWest;(11, 6);;(9, 4);1;3242
27;0.75;MoveNorthWest;(11, 6);;(9, 4);1;3243
27;0.75;MoveNorthWest;(11, 6);;(9, 4);1;3244
27;0.75;MoveNorthWest;(11, 6);;(9, 4);1;3245
27;0.75;MoveNorthWest;(11, 6);;(9, 4);1;3246
27;0.75;MoveNorthWest;(11, 6);;(9, 4);1;3247
27;0.75;MoveNorthWest;(11, 6);;(9, 4);1;3248
27;0.75;MoveNorthWest;(11, 6);MoveNorth;(9, 3);1;3249
27;0.75;MoveNorthWest;(11, 6);;(9, 3);1;3250
27;0.75;MoveNorthWest;(11, 6);;(9, 3);1;3251
27;0.75;MoveNorthWest;(11, 6);;(9, 3);1;3252
27;0.75;MoveNorthWest;(10, 5);;(9, 3);1;3253
27;0.75;MoveWest;(10, 5);MoveEast;(10, 3);1;3254
27;0.75;MoveWest;(10, 5);;(10, 3);1;3255
27;0.75;MoveWest;(10, 5);;(10, 3);1;3256
27;0.75;MoveWest;(10, 5);;(10, 3);1;3257
27;0.75;MoveWest;(10, 5);;(10, 3);1;3258
27;0.75;MoveWest;(10, 5);;(10, 3);1;3259
27;0.75;MoveWest;(10, 5);;(10, 3);1;3260
27;0.75;MoveWest;(10, 5);;(10, 3);1;3261
27;0.75;MoveWest;(10, 5);;(10, 3);1;3262
27;0.75;MoveWest;(10, 5);;(10, 3);1;3263
27;0.75;MoveWest;(10, 5);;(10, 3);1;3264
27;0.75;MoveWest;(10, 5);;(10, 3);1;3265
27;0.75;MoveWest;(10, 5);;(10, 3);1;3266
27;0.75;MoveWest;(9, 5);;(10, 3);1;3267
27;0.75;MoveNorth;(9, 5);;(10, 3);1;3268
27;0.75;MoveNorth;(9, 5);;(10, 3);1;3269
27;0.75;MoveNorth;(9, 5);;(10, 3);1;3270
27;0.75;MoveNorth;(9, 5);;(10, 3);1;3271
27;0.75;MoveNorth;(9, 5);;(10, 3);1;3272
27;0.75;MoveNorth;(9, 5);;(10, 3);1;3273
27;0.75;MoveNorth;(9, 5);;(10, 3);1;3274
27;0.75;MoveNorth;(9, 5);;(10, 3);1;3275
27;0.75;MoveNorth;(9, 4);;(10, 3);1;3276
27;0.75;MoveNorthWest;(9, 4);;(10, 3);1;3277
27;0.75;MoveNorthWest;(9, 4);;(10, 3);1;3278
27;0.75;MoveNorthWest;(9, 4);;(10, 3);1;3279
27;0.75;MoveNorthWest;(9, 4);;(10, 3);1;3280
27;0.75;MoveNorthWest;(9, 4);;(10, 3);1;3281
27;0.75;MoveNorthWest;(9, 4);;(10, 3);1;3282
27;0.75;MoveNorthWest;(9, 4);;(10, 3);1;3283
27;0.75;MoveNorthWest;(9, 4);;(10, 3);1;3284
27;0.75;MoveNorthWest;(8, 3);;(10, 3);1;3285
27;0.75;MoveNorth;(8, 3);;(10, 3);1;3286
27;0.75;MoveNorth;(8, 3);;(10, 3);1;3287
27;0.75;MoveNorth;(8, 3);;(10, 3);1;3288
27;0.75;MoveNorth;(8, 3);;(10, 3);1;3289
27;0.75;MoveNorth;(8, 3);;(10, 3);1;3290
27;0.75;MoveNorth;(8, 3);;(10, 3);1;3291
27;0.75;MoveNorth;(8, 3);;(10, 3);1;3292
27;0.75;MoveNorth;(8, 3);;(10, 3);1;3293
27;0.75;MoveNorth;(8, 2);;(10, 3);1;3294
27;0.75;MoveSouthEast;(8, 2);;(10, 3);1;3295
27;0.75;MoveSouthEast;(8, 2);;(10, 3);1;3296
27;0.75;MoveSouthEast;(8, 2);;(10, 3);1;3297
27;0.75;MoveSouthEast;(8, 2);;(10, 3);1;3298
27;0.75;MoveSouthEast;(8, 2);;(10, 3);1;3299
27;0.75;MoveSouthEast;(8, 2);;(10, 3);1;3300
27;0.75;MoveSouthEast;(8, 2);;(10, 3);1;3301
27;0.75;MoveSouthEast;(8, 2);;(10, 3);1;3302
27;0.75;MoveSouthEast;(9, 3);;(10, 3);1;3303
27;0.75;MoveNorthEast;(9, 3);;(10, 3);1;3304
27;0.75;MoveNorthEast;(9, 3);;(10, 3);1;3305
27;0.75;MoveNorthEast;(9, 3);;(10, 3);1;3306
27;0.75;MoveNorthEast;(9, 3);;(10, 3);1;3307
27;0.75;MoveNorthEast;(9, 3);;(10, 3);1;3308
27;0.75;MoveNorthEast;(9, 3);;(10, 3);1;3309
27;0.75;MoveNorthEast;(9, 3);;(10, 3);1;3310
27;0.75;MoveNorthEast;(9, 3);;(10, 3);1;3311
27;0.75;MoveNorthEast;(10, 2);;(10, 3);1;3312
27;0.75;Idle;(10, 2);;(10, 3);1;3313
27;0.75;Idle;(10, 2);;(10, 3);1;3314
27;0.75;Idle;(10, 2);;(10, 3);1;3315
27;0.75;Idle;(10, 2);;(10, 3);1;3316
27;0.75;Idle;(10, 2);;(10, 3);1;3317
27;0.75;Idle;(10, 2);;(10, 3);1;3318
27;0.75;Idle;(10, 2);;(10, 3);1;3319
27;0.75;Idle;(10, 2);;(10, 3);1;3320
27;0.75;Idle;(10, 2);;(10, 3);1;3321
27;0.75;Idle;(10, 2);;(10, 3);1;3322
27;0.75;Idle;(10, 2);;(10, 3);1;3323
27;0.75;Idle;(10, 2);;(10, 3);1;3324
27;0.75;Idle;(10, 2);;(10, 3);1;3325
27;0.75;Idle;(10, 2);;(10, 3);1;3326
27;0.75;Idle;(10, 2);;(10, 3);1;3327
27;0.75;Idle;(10, 2);;(10, 3);1;3328
27;0.75;Idle;(10, 2);;(10, 3);1;3329
27;0.75;Idle;(10, 2);;(10, 3);1;3330
27;0.75;Idle;(10, 2);;(10, 3);1;3331
27;0.75;Idle;(10, 2);;(10, 3);1;3332
27;0.75;Idle;(10, 2);;(10, 3);1;3333
27;0.75;Idle;(10, 2);;(10, 3);1;3334
27;0.75;Idle;(10, 2);;(10, 3);1;3335
27;0.75;Idle;(10, 2);;(10, 3);1;3336
27;0.75;Idle;(10, 2);;(10, 3);1;3337
27;0.75;Idle;(10, 2);;(10, 3);1;3338
27;0.75;MoveSouth;(10, 2);;(10, 3);1;3339
27;0.75;MoveSouth;(10, 2);;(10, 3);1;3340
27;0.75;MoveSouth;(10, 2);;(10, 3);1;3341
27;0.75;MoveSouth;(10, 2);;(10, 3);1;3342
27;0.75;MoveSouth;(10, 2);;(10, 3);1;3343
27;0.75;MoveSouth;(10, 2);;(10, 3);1;3344
27;0.75;MoveSouth;(10, 2);;(10, 3);1;3345
27;0.75;MoveSouth;(10, 2);;(10, 3);1;3346
27;0.75;MoveSouth;(10, 3);;(10, 3);1;3347
27;0.75;;(10, 3);;(10, 3);1;3348
27;0.75;;(10, 3);;(10, 3);1;3349
27;0.75;;(10, 3);;(10, 3);1;3350
27;0.75;;(10, 3);;(10, 3);1;3351
27;0.75;;(10, 3);;(10, 3);1;3352
27;0.75;;(10, 3);;(10, 3);1;3353
27;0.75;;(10, 3);;(10, 3);1;3354
27;0.75;;(10, 3);;(10, 3);1;3355
27;0.75;;(10, 3);CarryObjectTogether;(10, 3);1;3356
27;0.75;;(10, 3);;(10, 3);1;3357
27;0.75;;(10, 3);;(10, 3);1;3358
27;0.75;;(10, 3);;(10, 3);1;3359
27;0.75;;(10, 3);;(10, 3);1;3360
27;0.75;;(10, 3);;(10, 3);1;3361
27;0.75;;(10, 3);;(10, 3);1;3362
27;0.75;;(10, 3);;(10, 3);1;3363
27;0.75;;(10, 3);;(10, 3);1;3364
27;0.75;;(10, 3);;(10, 3);1;3365
27;0.75;;(10, 3);MoveWest;(9, 3);1;3366
27;0.75;;(10, 3);;(9, 3);1;3367
27;0.75;;(10, 3);;(9, 3);1;3368
27;0.75;;(10, 3);;(9, 3);1;3369
27;0.75;;(10, 3);MoveSouth;(9, 4);1;3370
27;0.75;;(10, 3);;(9, 4);1;3371
27;0.75;;(10, 3);MoveSouth;(9, 5);1;3372
27;0.75;;(10, 3);;(9, 5);1;3373
27;0.75;;(10, 3);MoveSouth;(9, 6);1;3374
27;0.75;;(10, 3);;(9, 6);1;3375
27;0.75;;(10, 3);;(9, 6);1;3376
27;0.75;;(10, 3);;(9, 6);1;3377
27;0.75;;(10, 3);MoveEast;(10, 6);1;3378
27;0.75;;(10, 3);;(10, 6);1;3379
27;0.75;;(10, 3);MoveEast;(10, 6);1;3380
27;0.75;;(10, 3);MoveEast;(10, 6);1;3381
27;0.75;;(10, 3);MoveEast;(10, 6);1;3382
27;0.75;;(10, 3);MoveEast;(10, 6);1;3383
27;0.75;;(10, 3);MoveEast;(10, 6);1;3384
27;0.75;;(10, 3);MoveEast;(11, 6);1;3385
27;0.75;;(10, 3);MoveEast;(11, 6);1;3386
27;0.75;;(10, 3);MoveEast;(11, 6);1;3387
27;0.75;;(10, 3);MoveEast;(11, 6);1;3388
27;0.75;;(10, 3);MoveEast;(11, 6);1;3389
27;0.75;;(10, 3);MoveEast;(11, 6);1;3390
27;0.75;;(10, 3);MoveEast;(12, 6);1;3391
27;0.75;;(10, 3);MoveEast;(12, 6);1;3392
27;0.75;;(10, 3);MoveEast;(12, 6);1;3393
27;0.75;;(10, 3);MoveEast;(12, 6);1;3394
27;0.75;;(10, 3);MoveEast;(12, 6);1;3395
27;0.75;;(10, 3);MoveEast;(12, 6);1;3396
27;0.75;;(10, 3);MoveEast;(13, 6);1;3397
27;0.75;;(10, 3);MoveEast;(14, 6);1;3398
27;0.75;;(10, 3);;(14, 6);1;3399
27;0.75;;(10, 3);MoveEast;(15, 6);1;3400
27;0.75;;(10, 3);MoveEast;(16, 6);1;3401
27;0.75;;(10, 3);;(16, 6);1;3402
27;0.75;;(10, 3);MoveEast;(17, 6);1;3403
27;0.75;;(10, 3);;(17, 6);1;3404
27;0.75;;(10, 3);MoveEast;(18, 6);1;3405
27;0.75;;(10, 3);MoveEast;(19, 6);1;3406
27;0.75;;(10, 3);;(19, 6);1;3407
27;0.75;;(10, 3);MoveEast;(19, 6);1;3408
27;0.75;;(10, 3);MoveEast;(19, 6);1;3409
27;0.75;;(10, 3);MoveEast;(19, 6);1;3410
27;0.75;;(10, 3);MoveEast;(19, 6);1;3411
27;0.75;;(10, 3);MoveEast;(19, 6);1;3412
27;0.75;;(10, 3);MoveEast;(20, 6);1;3413
27;0.75;;(10, 3);MoveEast;(21, 6);1;3414
27;0.75;;(10, 3);;(21, 6);1;3415
27;0.75;;(10, 3);MoveEast;(22, 6);1;3416
27;0.75;;(10, 3);;(22, 6);1;3417
27;0.75;;(10, 3);;(22, 6);1;3418
27;0.75;;(10, 3);MoveEast;(23, 6);1;3419
27;0.75;;(10, 3);;(23, 6);1;3420
27;0.75;;(10, 3);;(23, 6);1;3421
27;0.75;;(10, 3);;(23, 6);1;3422
27;0.75;;(10, 3);MoveSouth;(23, 7);1;3423
27;0.75;;(10, 3);;(23, 7);1;3424
27;0.75;;(10, 3);;(23, 7);1;3425
27;0.75;;(10, 3);MoveSouth;(23, 8);1;3426
27;0.75;;(10, 3);;(23, 8);1;3427
27;0.75;;(10, 3);;(23, 8);1;3428
27;0.75;;(10, 3);;(23, 8);1;3429
33;0.875;;(23, 8);DropObjectTogether;(23, 8);1;3430
33;0.875;MoveWest;(23, 8);;(23, 8);1;3431
33;0.875;MoveWest;(23, 8);MoveNorth;(23, 7);1;3432
33;0.875;MoveWest;(23, 8);;(23, 7);1;3433
33;0.875;MoveWest;(23, 8);;(23, 7);1;3434
33;0.875;MoveWest;(23, 8);MoveNorth;(23, 6);1;3435
33;0.875;MoveWest;(23, 8);;(23, 6);1;3436
33;0.875;MoveWest;(23, 8);;(23, 6);1;3437
33;0.875;MoveWest;(23, 8);MoveWest;(22, 6);1;3438
33;0.875;MoveWest;(22, 8);;(22, 6);1;3439
33;0.875;MoveWest;(22, 8);;(22, 6);1;3440
33;0.875;MoveWest;(22, 8);MoveWest;(21, 6);1;3441
33;0.875;MoveWest;(22, 8);MoveWest;(20, 6);1;3442
33;0.875;MoveWest;(22, 8);;(20, 6);1;3443
33;0.875;MoveWest;(22, 8);MoveWest;(19, 6);1;3444
33;0.875;MoveWest;(22, 8);;(19, 6);1;3445
33;0.875;MoveWest;(22, 8);MoveWest;(19, 6);1;3446
33;0.875;MoveWest;(22, 8);MoveWest;(19, 6);1;3447
33;0.875;MoveWest;(21, 8);MoveWest;(19, 6);1;3448
33;0.875;MoveWest;(21, 8);MoveWest;(19, 6);1;3449
33;0.875;MoveWest;(21, 8);MoveWest;(19, 6);1;3450
33;0.875;MoveWest;(21, 8);MoveWest;(18, 6);1;3451
33;0.875;MoveWest;(21, 8);MoveWest;(17, 6);1;3452
33;0.875;MoveWest;(21, 8);;(17, 6);1;3453
33;0.875;MoveWest;(21, 8);MoveWest;(16, 6);1;3454
33;0.875;MoveWest;(21, 8);;(16, 6);1;3455
33;0.875;MoveWest;(21, 8);MoveWest;(15, 6);1;3456
33;0.875;MoveWest;(20, 8);;(15, 6);1;3457
33;0.875;MoveWest;(20, 8);MoveWest;(14, 6);1;3458
33;0.875;MoveWest;(20, 8);MoveWest;(13, 6);1;3459
33;0.875;MoveWest;(20, 8);;(13, 6);1;3460
33;0.875;MoveWest;(20, 8);MoveWest;(12, 6);1;3461
33;0.875;MoveWest;(20, 8);;(12, 6);1;3462
33;0.875;MoveWest;(20, 8);;(12, 6);1;3463
33;0.875;MoveWest;(20, 8);MoveWest;(12, 6);1;3464
33;0.875;MoveWest;(20, 8);MoveWest;(12, 6);1;3465
33;0.875;MoveWest;(19, 8);MoveWest;(12, 6);1;3466
33;0.875;MoveNorthWest;(19, 8);MoveWest;(12, 6);1;3467
33;0.875;MoveNorthWest;(19, 8);MoveWest;(12, 6);1;3468
33;0.875;MoveNorthWest;(19, 8);MoveWest;(11, 6);1;3469
33;0.875;MoveNorthWest;(19, 8);MoveWest;(11, 6);1;3470
33;0.875;MoveNorthWest;(19, 8);MoveWest;(11, 6);1;3471
33;0.875;MoveNorthWest;(19, 8);MoveWest;(11, 6);1;3472
33;0.875;MoveNorthWest;(19, 8);MoveWest;(11, 6);1;3473
33;0.875;MoveNorthWest;(19, 8);MoveWest;(11, 6);1;3474
33;0.875;MoveNorthWest;(19, 8);MoveWest;(10, 6);1;3475
33;0.875;MoveNorthWest;(19, 8);MoveWest;(10, 6);1;3476
33;0.875;MoveNorthWest;(19, 8);MoveWest;(10, 6);1;3477
33;0.875;MoveNorthWest;(19, 8);MoveWest;(10, 6);1;3478
33;0.875;MoveNorthWest;(19, 8);MoveWest;(10, 6);1;3479
33;0.875;MoveNorthWest;(18, 7);MoveWest;(10, 6);1;3480
33;0.875;MoveNorthWest;(18, 7);MoveWest;(9, 6);1;3481
33;0.875;MoveNorthWest;(18, 7);MoveWest;(8, 6);1;3482
33;0.875;MoveNorthWest;(18, 7);;(8, 6);1;3483
33;0.875;MoveNorthWest;(18, 7);MoveWest;(7, 6);1;3484
33;0.875;MoveNorthWest;(18, 7);;(7, 6);1;3485
33;0.875;MoveNorthWest;(18, 7);MoveWest;(6, 6);1;3486
33;0.875;MoveNorthWest;(18, 7);MoveWest;(5, 6);1;3487
33;0.875;MoveNorthWest;(18, 7);;(5, 6);1;3488
33;0.875;MoveNorthWest;(17, 6);MoveWest;(4, 6);1;3489
33;0.875;MoveWest;(17, 6);;(4, 6);1;3490
33;0.875;MoveWest;(17, 6);;(4, 6);1;3491
33;0.875;MoveWest;(17, 6);;(4, 6);1;3492
33;0.875;MoveWest;(17, 6);;(4, 6);1;3493
33;0.875;MoveWest;(17, 6);;(4, 6);1;3494
33;0.875;MoveWest;(17, 6);MoveWest;(3, 6);1;3495
33;0.875;MoveWest;(17, 6);;(3, 6);1;3496
33;0.875;MoveWest;(17, 6);;(3, 6);1;3497
33;0.875;MoveWest;(16, 6);MoveSouth;(3, 7);1;3498
33;0.875;MoveWest;(16, 6);;(3, 7);1;3499
33;0.875;MoveWest;(16, 6);MoveSouth;(3, 8);1;3500
33;0.875;MoveWest;(16, 6);;(3, 8);1;3501
33;0.875;MoveWest;(16, 6);MoveSouth;(3, 9);1;3502
33;0.875;MoveWest;(16, 6);;(3, 9);1;3503
33;0.875;MoveWest;(16, 6);MoveSouth;(3, 9);1;3504
33;0.875;MoveWest;(16, 6);;(3, 9);1;3505
33;0.875;MoveWest;(16, 6);MoveNorth;(3, 8);1;3506
33;0.875;MoveWest;(15, 6);;(3, 8);1;3507
33;0.875;MoveWest;(15, 6);MoveNorth;(3, 7);1;3508
33;0.875;MoveWest;(15, 6);MoveNorth;(3, 6);1;3509
33;0.875;MoveWest;(15, 6);;(3, 6);1;3510
33;0.875;MoveWest;(15, 6);;(3, 6);1;3511
33;0.875;MoveWest;(15, 6);;(3, 6);1;3512
33;0.875;MoveWest;(15, 6);;(3, 6);1;3513
33;0.875;MoveWest;(15, 6);;(3, 6);1;3514
33;0.875;MoveWest;(15, 6);MoveNorth;(3, 5);1;3515
33;0.875;MoveWest;(14, 6);;(3, 5);1;3516
33;0.875;MoveWest;(14, 6);;(3, 5);1;3517
33;0.875;MoveWest;(14, 6);;(3, 5);1;3518
33;0.875;MoveWest;(14, 6);;(3, 5);1;3519
33;0.875;MoveWest;(14, 6);;(3, 5);1;3520
33;0.875;MoveWest;(14, 6);;(3, 5);1;3521
33;0.875;MoveWest;(14, 6);;(3, 5);1;3522
33;0.875;MoveWest;(14, 6);;(3, 5);1;3523
33;0.875;MoveWest;(14, 6);;(3, 5);1;3524
33;0.875;MoveWest;(13, 6);;(3, 5);1;3525
33;0.875;MoveWest;(13, 6);;(3, 5);1;3526
33;0.875;MoveWest;(13, 6);;(3, 5);1;3527
33;0.875;MoveWest;(13, 6);;(3, 5);1;3528
33;0.875;MoveWest;(13, 6);;(3, 5);1;3529
33;0.875;MoveWest;(13, 6);;(3, 5);1;3530
33;0.875;MoveWest;(13, 6);;(3, 5);1;3531
33;0.875;MoveWest;(13, 6);;(3, 5);1;3532
33;0.875;MoveWest;(13, 6);;(3, 5);1;3533
33;0.875;MoveWest;(12, 6);;(3, 5);1;3534
33;0.875;MoveWest;(12, 6);;(3, 5);1;3535
33;0.875;MoveWest;(12, 6);;(3, 5);1;3536
33;0.875;MoveWest;(12, 6);;(3, 5);1;3537
33;0.875;MoveWest;(12, 6);;(3, 5);1;3538
33;0.875;MoveWest;(12, 6);;(3, 5);1;3539
33;0.875;MoveWest;(12, 6);;(3, 5);1;3540
33;0.875;MoveWest;(12, 6);;(3, 5);1;3541
33;0.875;MoveWest;(12, 6);;(3, 5);1;3542
33;0.875;MoveWest;(12, 6);;(3, 5);1;3543
33;0.875;MoveWest;(12, 6);;(3, 5);1;3544
33;0.875;MoveWest;(12, 6);;(3, 5);1;3545
33;0.875;MoveWest;(12, 6);;(3, 5);1;3546
33;0.875;MoveWest;(12, 6);;(3, 5);1;3547
33;0.875;MoveWest;(11, 6);;(3, 5);1;3548
33;0.875;MoveWest;(11, 6);;(3, 5);1;3549
33;0.875;MoveWest;(11, 6);;(3, 5);1;3550
33;0.875;MoveWest;(11, 6);;(3, 5);1;3551
33;0.875;MoveWest;(11, 6);;(3, 5);1;3552
33;0.875;MoveWest;(11, 6);;(3, 5);1;3553
33;0.875;MoveWest;(11, 6);;(3, 5);1;3554
33;0.875;MoveWest;(11, 6);;(3, 5);1;3555
33;0.875;MoveWest;(11, 6);;(3, 5);1;3556
33;0.875;MoveWest;(11, 6);;(3, 5);1;3557
33;0.875;MoveWest;(11, 6);;(3, 5);1;3558
33;0.875;MoveWest;(11, 6);;(3, 5);1;3559
33;0.875;MoveWest;(11, 6);;(3, 5);1;3560
33;0.875;MoveWest;(11, 6);;(3, 5);1;3561
33;0.875;MoveWest;(10, 6);;(3, 5);1;3562
33;0.875;MoveWest;(10, 6);;(3, 5);1;3563
33;0.875;MoveWest;(10, 6);;(3, 5);1;3564
33;0.875;MoveWest;(10, 6);;(3, 5);1;3565
33;0.875;MoveWest;(10, 6);;(3, 5);1;3566
33;0.875;MoveWest;(10, 6);;(3, 5);1;3567
33;0.875;MoveWest;(10, 6);;(3, 5);1;3568
33;0.875;MoveWest;(10, 6);;(3, 5);1;3569
33;0.875;MoveWest;(10, 6);;(3, 5);1;3570
33;0.875;MoveWest;(10, 6);;(3, 5);1;3571
33;0.875;MoveWest;(10, 6);;(3, 5);1;3572
33;0.875;MoveWest;(10, 6);;(3, 5);1;3573
33;0.875;MoveWest;(10, 6);;(3, 5);1;3574
33;0.875;MoveWest;(10, 6);;(3, 5);1;3575
33;0.875;MoveWest;(9, 6);;(3, 5);1;3576
33;0.875;MoveWest;(9, 6);;(3, 5);1;3577
33;0.875;MoveWest;(9, 6);;(3, 5);1;3578
33;0.875;MoveWest;(9, 6);;(3, 5);1;3579
33;0.875;MoveWest;(9, 6);;(3, 5);1;3580
33;0.875;MoveWest;(9, 6);;(3, 5);1;3581
33;0.875;MoveWest;(9, 6);;(3, 5);1;3582
33;0.875;MoveWest;(9, 6);;(3, 5);1;3583
33;0.875;MoveWest;(9, 6);;(3, 5);1;3584
33;0.875;MoveWest;(8, 6);;(3, 5);1;3585
33;0.875;MoveWest;(8, 6);;(3, 5);1;3586
33;0.875;MoveWest;(8, 6);;(3, 5);1;3587
33;0.875;MoveWest;(8, 6);;(3, 5);1;3588
33;0.875;MoveWest;(8, 6);;(3, 5);1;3589
33;0.875;MoveWest;(8, 6);;(3, 5);1;3590
33;0.875;MoveWest;(8, 6);;(3, 5);1;3591
33;0.875;MoveWest;(8, 6);;(3, 5);1;3592
33;0.875;MoveWest;(8, 6);;(3, 5);1;3593
33;0.875;MoveWest;(7, 6);;(3, 5);1;3594
33;0.875;MoveWest;(7, 6);;(3, 5);1;3595
33;0.875;MoveWest;(7, 6);;(3, 5);1;3596
33;0.875;MoveWest;(7, 6);;(3, 5);1;3597
33;0.875;MoveWest;(7, 6);;(3, 5);1;3598
33;0.875;MoveWest;(7, 6);;(3, 5);1;3599
33;0.875;MoveWest;(7, 6);;(3, 5);1;3600
33;0.875;MoveWest;(7, 6);;(3, 5);1;3601
33;0.875;MoveWest;(7, 6);;(3, 5);1;3602
33;0.875;MoveWest;(6, 6);;(3, 5);1;3603
33;0.875;MoveWest;(6, 6);;(3, 5);1;3604
33;0.875;MoveWest;(6, 6);;(3, 5);1;3605
33;0.875;MoveWest;(6, 6);;(3, 5);1;3606
33;0.875;MoveWest;(6, 6);;(3, 5);1;3607
33;0.875;MoveWest;(6, 6);;(3, 5);1;3608
33;0.875;MoveWest;(6, 6);;(3, 5);1;3609
33;0.875;MoveWest;(6, 6);;(3, 5);1;3610
33;0.875;MoveWest;(6, 6);;(3, 5);1;3611
33;0.875;MoveWest;(5, 6);;(3, 5);1;3612
33;0.875;MoveNorthWest;(5, 6);;(3, 5);1;3613
33;0.875;MoveNorthWest;(5, 6);;(3, 5);1;3614
33;0.875;MoveNorthWest;(5, 6);;(3, 5);1;3615
33;0.875;MoveNorthWest;(5, 6);;(3, 5);1;3616
33;0.875;MoveNorthWest;(5, 6);;(3, 5);1;3617
33;0.875;MoveNorthWest;(5, 6);;(3, 5);1;3618
33;0.875;MoveNorthWest;(5, 6);;(3, 5);1;3619
33;0.875;MoveNorthWest;(5, 6);;(3, 5);1;3620
33;0.875;MoveNorthWest;(4, 5);;(3, 5);1;3621
33;0.875;MoveWest;(4, 5);;(3, 5);1;3622
33;0.875;MoveWest;(4, 5);;(3, 5);1;3623
33;0.875;MoveWest;(4, 5);;(3, 5);1;3624
33;0.875;MoveWest;(4, 5);;(3, 5);1;3625
33;0.875;MoveWest;(4, 5);;(3, 5);1;3626
33;0.875;MoveWest;(4, 5);;(3, 5);1;3627
33;0.875;MoveWest;(4, 5);;(3, 5);1;3628
33;0.875;MoveWest;(4, 5);;(3, 5);1;3629
33;0.875;MoveWest;(3, 5);;(3, 5);1;3630
33;0.875;;(3, 5);;(3, 5);1;3631
33;0.875;;(3, 5);;(3, 5);1;3632
33;0.875;;(3, 5);;(3, 5);1;3633
33;0.875;;(3, 5);RemoveObjectTogether;(3, 5);1;3634
33;0.875;;(3, 5);RemoveObjectTogether;(3, 5);1;3635
33;0.875;;(3, 5);RemoveObjectTogether;(3, 5);1;3636
33;0.875;;(3, 5);RemoveObjectTogether;(3, 5);1;3637
33;0.875;;(3, 5);RemoveObjectTogether;(3, 5);1;3638
33;0.875;;(3, 5);RemoveObjectTogether;(3, 5);1;3639
33;0.875;;(3, 5);RemoveObjectTogether;(3, 5);1;3640
33;0.875;;(3, 5);RemoveObjectTogether;(3, 5);1;3641
33;0.875;;(3, 5);RemoveObjectTogether;(3, 5);1;3642
33;0.875;;(3, 5);RemoveObjectTogether;(3, 5);1;3643
33;0.875;;(3, 5);RemoveObjectTogether;(3, 5);1;3644
33;0.875;;(3, 5);RemoveObjectTogether;(3, 5);1;3645
33;0.875;;(3, 5);RemoveObjectTogether;(3, 5);1;3646
33;0.875;;(3, 5);RemoveObjectTogether;(3, 5);1;3647
33;0.875;;(3, 5);RemoveObjectTogether;(3, 5);1;3648
33;0.875;;(3, 5);RemoveObjectTogether;(3, 5);1;3649
33;0.875;;(3, 5);RemoveObjectTogether;(3, 5);1;3650
33;0.875;;(3, 5);RemoveObjectTogether;(3, 5);1;3651
33;0.875;;(3, 5);RemoveObjectTogether;(3, 5);1;3652
33;0.875;;(3, 5);RemoveObjectTogether;(3, 5);1;3653
33;0.875;;(3, 5);RemoveObjectTogether;(3, 5);1;3654
33;0.875;;(3, 5);RemoveObjectTogether;(3, 5);1;3655
33;0.875;;(3, 5);RemoveObjectTogether;(3, 5);1;3656
33;0.875;;(3, 5);RemoveObjectTogether;(3, 5);1;3657
33;0.875;;(3, 5);RemoveObjectTogether;(3, 5);1;3658
33;0.875;;(3, 5);RemoveObjectTogether;(3, 5);1;3659
33;0.875;;(3, 5);RemoveObjectTogether;(3, 5);1;3660
33;0.875;;(3, 5);RemoveObjectTogether;(3, 5);1;3661
33;0.875;;(3, 5);RemoveObjectTogether;(3, 5);1;3662
33;0.875;;(3, 5);RemoveObjectTogether;(3, 5);1;3663
33;0.875;;(3, 5);RemoveObjectTogether;(3, 5);1;3664
33;0.875;;(3, 5);RemoveObjectTogether;(3, 5);1;3665
33;0.875;;(3, 5);RemoveObjectTogether;(3, 5);1;3666
33;0.875;;(3, 5);RemoveObjectTogether;(3, 5);1;3667
33;0.875;;(3, 5);RemoveObjectTogether;(3, 5);1;3668
33;0.875;;(3, 5);RemoveObjectTogether;(3, 5);1;3669
33;0.875;;(3, 5);RemoveObjectTogether;(3, 5);1;3670
33;0.875;;(3, 5);RemoveObjectTogether;(3, 5);1;3671
33;0.875;;(3, 5);RemoveObjectTogether;(3, 5);1;3672
33;0.875;;(3, 5);RemoveObjectTogether;(3, 5);1;3673
33;0.875;;(3, 5);RemoveObjectTogether;(3, 5);1;3674
33;0.875;;(3, 5);RemoveObjectTogether;(3, 5);1;3675
33;0.875;;(3, 5);RemoveObjectTogether;(3, 5);1;3676
33;0.875;;(3, 5);RemoveObjectTogether;(3, 5);1;3677
33;0.875;;(3, 5);RemoveObjectTogether;(3, 5);1;3678
33;0.875;;(3, 5);RemoveObjectTogether;(3, 5);1;3679
33;0.875;;(3, 5);RemoveObjectTogether;(3, 5);1;3680
33;0.875;;(3, 5);RemoveObjectTogether;(3, 5);1;3681
33;0.875;;(3, 5);RemoveObjectTogether;(3, 5);1;3682
33;0.875;;(3, 5);RemoveObjectTogether;(3, 5);1;3683
33;0.875;;(3, 5);RemoveObjectTogether;(3, 5);1;3684
33;0.875;MoveNorth;(3, 5);;(3, 5);1;3685
33;0.875;MoveNorth;(3, 5);;(3, 5);1;3686
33;0.875;MoveNorth;(3, 5);;(3, 5);1;3687
33;0.875;MoveNorth;(3, 5);;(3, 5);1;3688
33;0.875;MoveNorth;(3, 5);;(3, 5);1;3689
33;0.875;MoveNorth;(3, 5);MoveNorth;(3, 4);1;3690
33;0.875;MoveNorth;(3, 5);;(3, 4);1;3691
33;0.875;MoveNorth;(3, 5);MoveNorth;(3, 3);1;3692
33;0.875;MoveNorth;(3, 4);MoveNorth;(3, 2);1;3693
33;0.875;MoveNorthWest;(3, 4);;(3, 2);1;3694
33;0.875;MoveNorthWest;(3, 4);;(3, 2);1;3695
33;0.875;MoveNorthWest;(3, 4);MoveNorth;(3, 2);1;3696
33;0.875;MoveNorthWest;(3, 4);;(3, 2);1;3697
33;0.875;MoveNorthWest;(3, 4);;(3, 2);1;3698
33;0.875;MoveNorthWest;(3, 4);;(3, 2);1;3699
33;0.875;MoveNorthWest;(3, 4);;(3, 2);1;3700
33;0.875;MoveNorthWest;(3, 4);;(3, 2);1;3701
33;0.875;MoveNorthWest;(2, 3);;(3, 2);1;3702
33;0.875;MoveNorth;(2, 3);;(3, 2);1;3703
33;0.875;MoveNorth;(2, 3);;(3, 2);1;3704
33;0.875;MoveNorth;(2, 3);;(3, 2);1;3705
33;0.875;MoveNorth;(2, 3);;(3, 2);1;3706
33;0.875;MoveNorth;(2, 3);;(3, 2);1;3707
33;0.875;MoveNorth;(2, 3);;(3, 2);1;3708
33;0.875;MoveNorth;(2, 3);;(3, 2);1;3709
33;0.875;MoveNorth;(2, 3);;(3, 2);1;3710
33;0.875;MoveNorth;(2, 2);;(3, 2);1;3711
33;0.875;MoveSouthEast;(2, 2);;(3, 2);1;3712
33;0.875;MoveSouthEast;(2, 2);;(3, 2);1;3713
33;0.875;MoveSouthEast;(2, 2);;(3, 2);1;3714
33;0.875;MoveSouthEast;(2, 2);;(3, 2);1;3715
33;0.875;MoveSouthEast;(2, 2);;(3, 2);1;3716
33;0.875;MoveSouthEast;(2, 2);;(3, 2);1;3717
33;0.875;MoveSouthEast;(2, 2);;(3, 2);1;3718
33;0.875;MoveSouthEast;(2, 2);;(3, 2);1;3719
33;0.875;MoveSouthEast;(3, 3);;(3, 2);1;3720
33;0.875;MoveNorthEast;(3, 3);;(3, 2);1;3721
33;0.875;MoveNorthEast;(3, 3);;(3, 2);1;3722
33;0.875;MoveNorthEast;(3, 3);;(3, 2);1;3723
33;0.875;MoveNorthEast;(3, 3);;(3, 2);1;3724
33;0.875;MoveNorthEast;(3, 3);;(3, 2);1;3725
33;0.875;MoveNorthEast;(3, 3);MoveWest;(2, 2);1;3726
33;0.875;MoveNorthEast;(3, 3);;(2, 2);1;3727
33;0.875;MoveNorthEast;(3, 3);;(2, 2);1;3728
33;0.875;MoveNorthEast;(4, 2);;(2, 2);1;3729
33;0.875;Idle;(4, 2);;(2, 2);1;3730
33;0.875;Idle;(4, 2);;(2, 2);1;3731
33;0.875;Idle;(4, 2);;(2, 2);1;3732
33;0.875;Idle;(4, 2);;(2, 2);1;3733
33;0.875;Idle;(4, 2);;(2, 2);1;3734
33;0.875;Idle;(4, 2);;(2, 2);1;3735
33;0.875;Idle;(4, 2);;(2, 2);1;3736
33;0.875;Idle;(4, 2);;(2, 2);1;3737
33;0.875;Idle;(4, 2);;(2, 2);1;3738
33;0.875;Idle;(4, 2);;(2, 2);1;3739
33;0.875;Idle;(4, 2);;(2, 2);1;3740
33;0.875;Idle;(4, 2);;(2, 2);1;3741
33;0.875;Idle;(4, 2);;(2, 2);1;3742
33;0.875;Idle;(4, 2);;(2, 2);1;3743
33;0.875;Idle;(4, 2);;(2, 2);1;3744
33;0.875;Idle;(4, 2);;(2, 2);1;3745
33;0.875;Idle;(4, 2);;(2, 2);1;3746
33;0.875;Idle;(4, 2);;(2, 2);1;3747
33;0.875;Idle;(4, 2);;(2, 2);1;3748
33;0.875;Idle;(4, 2);;(2, 2);1;3749
33;0.875;Idle;(4, 2);;(2, 2);1;3750
33;0.875;Idle;(4, 2);;(2, 2);1;3751
33;0.875;Idle;(4, 2);;(2, 2);1;3752
33;0.875;Idle;(4, 2);;(2, 2);1;3753
33;0.875;Idle;(4, 2);;(2, 2);1;3754
33;0.875;Idle;(4, 2);;(2, 2);1;3755
33;0.875;MoveWest;(4, 2);;(2, 2);1;3756
33;0.875;MoveWest;(4, 2);;(2, 2);1;3757
33;0.875;MoveWest;(4, 2);;(2, 2);1;3758
33;0.875;MoveWest;(4, 2);;(2, 2);1;3759
33;0.875;MoveWest;(4, 2);;(2, 2);1;3760
33;0.875;MoveWest;(4, 2);;(2, 2);1;3761
33;0.875;MoveWest;(4, 2);;(2, 2);1;3762
33;0.875;MoveWest;(4, 2);;(2, 2);1;3763
33;0.875;MoveWest;(3, 2);;(2, 2);1;3764
33;0.875;MoveWest;(3, 2);;(2, 2);1;3765
33;0.875;MoveWest;(3, 2);;(2, 2);1;3766
33;0.875;MoveWest;(3, 2);;(2, 2);1;3767
33;0.875;MoveWest;(3, 2);;(2, 2);1;3768
33;0.875;MoveWest;(3, 2);;(2, 2);1;3769
33;0.875;MoveWest;(3, 2);;(2, 2);1;3770
33;0.875;MoveWest;(3, 2);;(2, 2);1;3771
33;0.875;MoveWest;(3, 2);;(2, 2);1;3772
33;0.875;MoveWest;(2, 2);;(2, 2);1;3773
33;0.875;;(2, 2);;(2, 2);1;3774
33;0.875;;(2, 2);;(2, 2);1;3775
33;0.875;;(2, 2);;(2, 2);1;3776
33;0.875;;(2, 2);;(2, 2);1;3777
33;0.875;;(2, 2);CarryObjectTogether;(2, 2);1;3778
33;0.875;;(2, 2);;(2, 2);1;3779
33;0.875;;(2, 2);;(2, 2);1;3780
33;0.875;;(2, 2);;(2, 2);1;3781
33;0.875;;(2, 2);;(2, 2);1;3782
33;0.875;;(2, 2);;(2, 2);1;3783
33;0.875;;(2, 2);;(2, 2);1;3784
33;0.875;;(2, 2);;(2, 2);1;3785
33;0.875;;(2, 2);;(2, 2);1;3786
33;0.875;;(2, 2);MoveEast;(3, 2);1;3787
33;0.875;;(2, 2);;(3, 2);1;3788
33;0.875;;(2, 2);;(3, 2);1;3789
33;0.875;;(2, 2);MoveSouth;(3, 3);1;3790
33;0.875;;(2, 2);;(3, 3);1;3791
33;0.875;;(2, 2);MoveSouth;(3, 4);1;3792
33;0.875;;(2, 2);MoveSouth;(3, 5);1;3793
33;0.875;;(2, 2);;(3, 5);1;3794
33;0.875;;(2, 2);;(3, 5);1;3795
33;0.875;;(2, 2);;(3, 5);1;3796
33;0.875;;(2, 2);MoveSouth;(3, 6);1;3797
33;0.875;;(2, 2);;(3, 6);1;3798
33;0.875;;(2, 2);;(3, 6);1;3799
33;0.875;;(2, 2);MoveEast;(4, 6);1;3800
33;0.875;;(2, 2);MoveEast;(5, 6);1;3801
33;0.875;;(2, 2);;(5, 6);1;3802
33;0.875;;(2, 2);MoveEast;(6, 6);1;3803
33;0.875;;(2, 2);MoveEast;(7, 6);1;3804
33;0.875;;(2, 2);;(7, 6);1;3805
33;0.875;;(2, 2);MoveEast;(8, 6);1;3806
33;0.875;;(2, 2);MoveEast;(9, 6);1;3807
33;0.875;;(2, 2);;(9, 6);1;3808
33;0.875;;(2, 2);MoveEast;(10, 6);1;3809
33;0.875;;(2, 2);MoveEast;(10, 6);1;3810
33;0.875;;(2, 2);MoveEast;(10, 6);1;3811
33;0.875;;(2, 2);MoveEast;(10, 6);1;3812
33;0.875;;(2, 2);MoveEast;(10, 6);1;3813
33;0.875;;(2, 2);MoveEast;(10, 6);1;3814
33;0.875;;(2, 2);MoveEast;(11, 6);1;3815
33;0.875;;(2, 2);MoveEast;(11, 6);1;3816
33;0.875;;(2, 2);MoveEast;(11, 6);1;3817
33;0.875;;(2, 2);MoveEast;(11, 6);1;3818
33;0.875;;(2, 2);MoveEast;(11, 6);1;3819
33;0.875;;(2, 2);MoveEast;(11, 6);1;3820
33;0.875;;(2, 2);MoveEast;(12, 6);1;3821
33;0.875;;(2, 2);MoveEast;(12, 6);1;3822
33;0.875;;(2, 2);MoveEast;(12, 6);1;3823
33;0.875;;(2, 2);MoveEast;(12, 6);1;3824
33;0.875;;(2, 2);MoveEast;(12, 6);1;3825
33;0.875;;(2, 2);MoveEast;(12, 6);1;3826
33;0.875;;(2, 2);MoveEast;(13, 6);1;3827
33;0.875;;(2, 2);MoveEast;(14, 6);1;3828
33;0.875;;(2, 2);MoveEast;(15, 6);1;3829
33;0.875;;(2, 2);MoveEast;(16, 6);1;3830
33;0.875;;(2, 2);;(16, 6);1;3831
33;0.875;;(2, 2);MoveEast;(17, 6);1;3832
33;0.875;;(2, 2);MoveEast;(18, 6);1;3833
33;0.875;;(2, 2);;(18, 6);1;3834
33;0.875;;(2, 2);MoveEast;(19, 6);1;3835
33;0.875;;(2, 2);MoveEast;(19, 6);1;3836
33;0.875;;(2, 2);MoveEast;(19, 6);1;3837
33;0.875;;(2, 2);MoveEast;(19, 6);1;3838
33;0.875;;(2, 2);MoveEast;(19, 6);1;3839
33;0.875;;(2, 2);MoveEast;(19, 6);1;3840
33;0.875;;(2, 2);MoveEast;(20, 6);1;3841
33;0.875;;(2, 2);MoveEast;(21, 6);1;3842
33;0.875;;(2, 2);MoveEast;(22, 6);1;3843
33;0.875;;(2, 2);;(22, 6);1;3844
33;0.875;;(2, 2);MoveEast;(23, 6);1;3845
33;0.875;;(2, 2);;(23, 6);1;3846
33;0.875;;(2, 2);;(23, 6);1;3847
33;0.875;;(2, 2);MoveSouth;(23, 7);1;3848
33;0.875;;(2, 2);;(23, 7);1;3849
33;0.875;;(2, 2);MoveSouth;(23, 8);1;3850
33;0.875;;(2, 2);;(23, 8);1;3851
33;0.875;;(2, 2);MoveSouth;(23, 9);1;3852
33;0.875;;(2, 2);;(23, 9);1;3853
33;0.875;;(2, 2);MoveSouth;(23, 10);1;3854
33;0.875;;(2, 2);;(23, 10);1;3855
33;0.875;;(2, 2);MoveSouth;(23, 11);1;3856
33;0.875;;(2, 2);MoveSouth;(23, 12);1;3857
33;0.875;;(2, 2);;(23, 12);1;3858
33;0.875;;(2, 2);;(23, 12);1;3859
33;0.875;;(2, 2);;(23, 12);1;3860
33;0.875;;(2, 2);;(23, 12);1;3861
36;1.0;;(23, 12);DropObjectTogether;(23, 12);1;3862
