score;completeness;rescuebot_action;rescuebot_location;alice_action;alice_location;world_nr;tick_nr
0;0.0;;(22, 11);;(22, 12);1;0
0;0.0;;(22, 11);;(22, 12);1;1
0;0.0;;(22, 11);;(22, 12);1;2
0;0.0;;(22, 11);;(22, 12);1;3
0;0.0;;(22, 11);;(22, 12);1;4
0;0.0;;(22, 11);;(22, 12);1;5
0;0.0;;(22, 11);;(22, 12);1;6
0;0.0;;(22, 11);;(22, 12);1;7
0;0.0;;(22, 11);;(22, 12);1;8
0;0.0;;(22, 11);;(22, 12);1;9
0;0.0;;(22, 11);;(22, 12);1;10
0;0.0;;(22, 11);;(22, 12);1;11
0;0.0;;(22, 11);;(22, 12);1;12
0;0.0;;(22, 11);;(22, 12);1;13
0;0.0;;(22, 11);;(22, 12);1;14
0;0.0;;(22, 11);;(22, 12);1;15
0;0.0;;(22, 11);;(22, 12);1;16
0;0.0;;(22, 11);;(22, 12);1;17
0;0.0;;(22, 11);;(22, 12);1;18
0;0.0;;(22, 11);;(22, 12);1;19
0;0.0;;(22, 11);;(22, 12);1;20
0;0.0;;(22, 11);;(22, 12);1;21
0;0.0;;(22, 11);;(22, 12);1;22
0;0.0;;(22, 11);;(22, 12);1;23
0;0.0;;(22, 11);;(22, 12);1;24
0;0.0;;(22, 11);;(22, 12);1;25
0;0.0;;(22, 11);;(22, 12);1;26
0;0.0;;(22, 11);;(22, 12);1;27
0;0.0;;(22, 11);;(22, 12);1;28
0;0.0;;(22, 11);;(22, 12);1;29
0;0.0;;(22, 11);;(22, 12);1;30
0;0.0;;(22, 11);;(22, 12);1;31
0;0.0;;(22, 11);;(22, 12);1;32
0;0.0;;(22, 11);;(22, 12);1;33
0;0.0;;(22, 11);;(22, 12);1;34
0;0.0;;(22, 11);;(22, 12);1;35
0;0.0;;(22, 11);;(22, 12);1;36
0;0.0;;(22, 11);;(22, 12);1;37
0;0.0;;(22, 11);;(22, 12);1;38
0;0.0;;(22, 11);;(22, 12);1;39
0;0.0;;(22, 11);;(22, 12);1;40
0;0.0;;(22, 11);;(22, 12);1;41
0;0.0;;(22, 11);;(22, 12);1;42
0;0.0;;(22, 11);;(22, 12);1;43
0;0.0;;(22, 11);;(22, 12);1;44
0;0.0;;(22, 11);;(22, 12);1;45
0;0.0;;(22, 11);;(22, 12);1;46
0;0.0;;(22, 11);;(22, 12);1;47
0;0.0;;(22, 11);;(22, 12);1;48
0;0.0;;(22, 11);;(22, 12);1;49
0;0.0;;(22, 11);;(22, 12);1;50
0;0.0;;(22, 11);;(22, 12);1;51
0;0.0;;(22, 11);;(22, 12);1;52
0;0.0;;(22, 11);;(22, 12);1;53
0;0.0;;(22, 11);;(22, 12);1;54
0;0.0;;(22, 11);;(22, 12);1;55
0;0.0;;(22, 11);;(22, 12);1;56
0;0.0;;(22, 11);;(22, 12);1;57
0;0.0;;(22, 11);;(22, 12);1;58
0;0.0;;(22, 11);;(22, 12);1;59
0;0.0;;(22, 11);;(22, 12);1;60
0;0.0;;(22, 11);;(22, 12);1;61
0;0.0;;(22, 11);;(22, 12);1;62
0;0.0;;(22, 11);;(22, 12);1;63
0;0.0;;(22, 11);;(22, 12);1;64
0;0.0;;(22, 11);;(22, 12);1;65
0;0.0;;(22, 11);;(22, 12);1;66
0;0.0;;(22, 11);;(22, 12);1;67
0;0.0;;(22, 11);;(22, 12);1;68
0;0.0;;(22, 11);;(22, 12);1;69
0;0.0;;(22, 11);;(22, 12);1;70
0;0.0;;(22, 11);;(22, 12);1;71
0;0.0;;(22, 11);;(22, 12);1;72
0;0.0;;(22, 11);;(22, 12);1;73
0;0.0;;(22, 11);;(22, 12);1;74
0;0.0;;(22, 11);;(22, 12);1;75
0;0.0;;(22, 11);;(22, 12);1;76
0;0.0;;(22, 11);;(22, 12);1;77
0;0.0;;(22, 11);;(22, 12);1;78
0;0.0;;(22, 11);;(22, 12);1;79
0;0.0;;(22, 11);;(22, 12);1;80
0;0.0;;(22, 11);;(22, 12);1;81
0;0.0;;(22, 11);;(22, 12);1;82
0;0.0;;(22, 11);;(22, 12);1;83
0;0.0;;(22, 11);;(22, 12);1;84
0;0.0;;(22, 11);;(22, 12);1;85
0;0.0;;(22, 11);;(22, 12);1;86
0;0.0;;(22, 11);;(22, 12);1;87
0;0.0;;(22, 11);;(22, 12);1;88
0;0.0;;(22, 11);;(22, 12);1;89
0;0.0;;(22, 11);;(22, 12);1;90
0;0.0;;(22, 11);;(22, 12);1;91
0;0.0;;(22, 11);;(22, 12);1;92
0;0.0;;(22, 11);;(22, 12);1;93
0;0.0;;(22, 11);;(22, 12);1;94
0;0.0;;(22, 11);;(22, 12);1;95
0;0.0;;(22, 11);;(22, 12);1;96
0;0.0;;(22, 11);;(22, 12);1;97
0;0.0;;(22, 11);;(22, 12);1;98
0;0.0;;(22, 11);;(22, 12);1;99
0;0.0;;(22, 11);;(22, 12);1;100
0;0.0;;(22, 11);;(22, 12);1;101
0;0.0;;(22, 11);;(22, 12);1;102
0;0.0;;(22, 11);;(22, 12);1;103
0;0.0;;(22, 11);;(22, 12);1;104
0;0.0;;(22, 11);;(22, 12);1;105
0;0.0;;(22, 11);;(22, 12);1;106
0;0.0;;(22, 11);;(22, 12);1;107
0;0.0;;(22, 11);;(22, 12);1;108
0;0.0;;(22, 11);;(22, 12);1;109
0;0.0;;(22, 11);;(22, 12);1;110
0;0.0;;(22, 11);;(22, 12);1;111
0;0.0;;(22, 11);;(22, 12);1;112
0;0.0;;(22, 11);;(22, 12);1;113
0;0.0;;(22, 11);;(22, 12);1;114
0;0.0;;(22, 11);;(22, 12);1;115
0;0.0;;(22, 11);;(22, 12);1;116
0;0.0;;(22, 11);;(22, 12);1;117
0;0.0;;(22, 11);;(22, 12);1;118
0;0.0;;(22, 11);;(22, 12);1;119
0;0.0;;(22, 11);;(22, 12);1;120
0;0.0;;(22, 11);;(22, 12);1;121
0;0.0;;(22, 11);;(22, 12);1;122
0;0.0;;(22, 11);;(22, 12);1;123
0;0.0;;(22, 11);;(22, 12);1;124
0;0.0;;(22, 11);;(22, 12);1;125
0;0.0;;(22, 11);;(22, 12);1;126
0;0.0;;(22, 11);;(22, 12);1;127
0;0.0;;(22, 11);;(22, 12);1;128
0;0.0;;(22, 11);;(22, 12);1;129
0;0.0;;(22, 11);;(22, 12);1;130
0;0.0;;(22, 11);;(22, 12);1;131
0;0.0;;(22, 11);;(22, 12);1;132
0;0.0;;(22, 11);;(22, 12);1;133
0;0.0;;(22, 11);;(22, 12);1;134
0;0.0;;(22, 11);;(22, 12);1;135
0;0.0;;(22, 11);;(22, 12);1;136
0;0.0;;(22, 11);;(22, 12);1;137
0;0.0;;(22, 11);;(22, 12);1;138
0;0.0;;(22, 11);;(22, 12);1;139
0;0.0;;(22, 11);;(22, 12);1;140
0;0.0;;(22, 11);;(22, 12);1;141
0;0.0;;(22, 11);;(22, 12);1;142
0;0.0;;(22, 11);;(22, 12);1;143
0;0.0;;(22, 11);;(22, 12);1;144
0;0.0;;(22, 11);;(22, 12);1;145
0;0.0;;(22, 11);;(22, 12);1;146
0;0.0;;(22, 11);;(22, 12);1;147
0;0.0;;(22, 11);;(22, 12);1;148
0;0.0;;(22, 11);;(22, 12);1;149
0;0.0;;(22, 11);;(22, 12);1;150
0;0.0;;(22, 11);;(22, 12);1;151
0;0.0;;(22, 11);;(22, 12);1;152
0;0.0;;(22, 11);;(22, 12);1;153
0;0.0;;(22, 11);;(22, 12);1;154
0;0.0;;(22, 11);;(22, 12);1;155
0;0.0;;(22, 11);;(22, 12);1;156
0;0.0;;(22, 11);;(22, 12);1;157
0;0.0;;(22, 11);;(22, 12);1;158
0;0.0;;(22, 11);;(22, 12);1;159
0;0.0;;(22, 11);;(22, 12);1;160
0;0.0;;(22, 11);;(22, 12);1;161
0;0.0;;(22, 11);;(22, 12);1;162
0;0.0;;(22, 11);;(22, 12);1;163
0;0.0;;(22, 11);;(22, 12);1;164
0;0.0;;(22, 11);;(22, 12);1;165
0;0.0;;(22, 11);;(22, 12);1;166
0;0.0;;(22, 11);;(22, 12);1;167
0;0.0;;(22, 11);;(22, 12);1;168
0;0.0;;(22, 11);;(22, 12);1;169
0;0.0;;(22, 11);;(22, 12);1;170
0;0.0;;(22, 11);;(22, 12);1;171
0;0.0;;(22, 11);;(22, 12);1;172
0;0.0;;(22, 11);;(22, 12);1;173
0;0.0;;(22, 11);;(22, 12);1;174
0;0.0;;(22, 11);MoveWest;(21, 12);1;175
0;0.0;;(22, 11);MoveWest;(20, 12);1;176
0;0.0;MoveNorth;(22, 11);;(20, 12);1;177
0;0.0;MoveNorth;(22, 11);MoveWest;(19, 12);1;178
0;0.0;MoveNorth;(22, 11);;(19, 12);1;179
0;0.0;MoveNorth;(22, 11);MoveWest;(18, 12);1;180
0;0.0;MoveNorth;(22, 11);;(18, 12);1;181
0;0.0;MoveNorth;(22, 11);;(18, 12);1;182
0;0.0;MoveNorth;(22, 11);MoveWest;(18, 12);1;183
0;0.0;MoveNorth;(22, 11);MoveWest;(18, 12);1;184
0;0.0;MoveNorth;(22, 10);MoveWest;(18, 12);1;185
0;0.0;MoveNorth;(22, 10);MoveWest;(18, 12);1;186
0;0.0;MoveNorth;(22, 10);MoveWest;(18, 12);1;187
0;0.0;MoveNorth;(22, 10);MoveWest;(17, 12);1;188
0;0.0;MoveNorth;(22, 10);MoveWest;(16, 12);1;189
0;0.0;MoveNorth;(22, 10);;(16, 12);1;190
0;0.0;MoveNorth;(22, 10);MoveSouth;(16, 12);1;191
0;0.0;MoveNorth;(22, 10);;(16, 12);1;192
0;0.0;MoveNorth;(22, 10);MoveSouth;(16, 12);1;193
0;0.0;MoveNorth;(22, 9);MoveSouth;(16, 12);1;194
0;0.0;MoveNorth;(22, 9);;(16, 12);1;195
0;0.0;MoveNorth;(22, 9);MoveSouth;(16, 12);1;196
0;0.0;MoveNorth;(22, 9);MoveSouth;(16, 12);1;197
0;0.0;MoveNorth;(22, 9);;(16, 12);1;198
0;0.0;MoveNorth;(22, 9);MoveEast;(17, 12);1;199
0;0.0;MoveNorth;(22, 9);;(17, 12);1;200
0;0.0;MoveNorth;(22, 9);MoveEast;(18, 12);1;201
0;0.0;MoveNorth;(22, 9);;(18, 12);1;202
0;0.0;MoveNorth;(22, 8);MoveEast;(18, 12);1;203
0;0.0;MoveNorth;(22, 8);MoveEast;(18, 12);1;204
0;0.0;MoveNorth;(22, 8);MoveEast;(18, 12);1;205
0;0.0;MoveNorth;(22, 8);MoveEast;(18, 12);1;206
0;0.0;MoveNorth;(22, 8);MoveEast;(18, 12);1;207
0;0.0;MoveNorth;(22, 8);MoveEast;(19, 12);1;208
0;0.0;MoveNorth;(22, 8);MoveSouth;(19, 13);1;209
0;0.0;MoveNorth;(22, 8);MoveSouth;(19, 14);1;210
0;0.0;MoveNorth;(22, 8);;(19, 14);1;211
0;0.0;MoveNorth;(22, 7);MoveSouth;(19, 15);1;212
0;0.0;MoveNorthWest;(22, 7);;(19, 15);1;213
0;0.0;MoveNorthWest;(22, 7);MoveSouth;(19, 16);1;214
0;0.0;MoveNorthWest;(22, 7);MoveSouth;(19, 17);1;215
0;0.0;MoveNorthWest;(22, 7);MoveSouth;(19, 17);1;216
0;0.0;MoveNorthWest;(22, 7);MoveSouth;(19, 17);1;217
0;0.0;MoveNorthWest;(22, 7);MoveSouth;(19, 17);1;218
0;0.0;MoveNorthWest;(22, 7);MoveSouth;(19, 17);1;219
0;0.0;MoveNorthWest;(22, 7);MoveSouth;(19, 17);1;220
0;0.0;MoveNorthWest;(21, 6);MoveSouth;(19, 18);1;221
0;0.0;MoveNorth;(21, 6);;(19, 18);1;222
0;0.0;MoveNorth;(21, 6);;(19, 18);1;223
0;0.0;MoveNorth;(21, 6);;(19, 18);1;224
0;0.0;MoveNorth;(21, 6);;(19, 18);1;225
0;0.0;MoveNorth;(21, 6);;(19, 18);1;226
0;0.0;MoveNorth;(21, 6);MoveSouth;(19, 18);1;227
0;0.0;MoveNorth;(21, 6);;(19, 18);1;228
0;0.0;MoveNorth;(21, 6);;(19, 18);1;229
0;0.0;MoveNorth;(21, 5);MoveEast;(20, 18);1;230
0;0.0;MoveNorth;(21, 5);;(20, 18);1;231
0;0.0;MoveNorth;(21, 5);;(20, 18);1;232
0;0.0;MoveNorth;(21, 5);;(20, 18);1;233
0;0.0;MoveNorth;(21, 5);;(20, 18);1;234
0;0.0;MoveNorth;(21, 5);MoveEast;(20, 18);1;235
0;0.0;MoveNorth;(21, 5);MoveEast;(20, 18);1;236
0;0.0;MoveNorth;(21, 5);MoveEast;(20, 18);1;237
0;0.0;MoveNorth;(21, 5);MoveEast;(20, 18);1;238
0;0.0;MoveNorth;(21, 4);MoveEast;(20, 18);1;239
0;0.0;MoveNorthWest;(21, 4);MoveEast;(21, 18);1;240
0;0.0;MoveNorthWest;(21, 4);;(21, 18);1;241
0;0.0;MoveNorthWest;(21, 4);;(21, 18);1;242
0;0.0;MoveNorthWest;(21, 4);;(21, 18);1;243
0;0.0;MoveNorthWest;(21, 4);;(21, 18);1;244
0;0.0;MoveNorthWest;(21, 4);;(21, 18);1;245
0;0.0;MoveNorthWest;(21, 4);;(21, 18);1;246
0;0.0;MoveNorthWest;(21, 4);;(21, 18);1;247
0;0.0;MoveNorthWest;(20, 3);RemoveObject;(21, 18);1;248
0;0.0;MoveNorth;(20, 3);RemoveObject;(21, 18);1;249
0;0.0;MoveNorth;(20, 3);RemoveObject;(21, 18);1;250
0;0.0;MoveNorth;(20, 3);RemoveObject;(21, 18);1;251
0;0.0;MoveNorth;(20, 3);RemoveObject;(21, 18);1;252
0;0.0;MoveNorth;(20, 3);RemoveObject;(21, 18);1;253
0;0.0;MoveNorth;(20, 3);RemoveObject;(21, 18);1;254
0;0.0;MoveNorth;(20, 3);RemoveObject;(21, 18);1;255
0;0.0;MoveNorth;(20, 3);RemoveObject;(21, 18);1;256
0;0.0;MoveNorth;(20, 2);RemoveObject;(21, 18);1;257
0;0.0;MoveSouthEast;(20, 2);RemoveObject;(21, 18);1;258
0;0.0;MoveSouthEast;(20, 2);RemoveObject;(21, 18);1;259
0;0.0;MoveSouthEast;(20, 2);RemoveObject;(21, 18);1;260
0;0.0;MoveSouthEast;(20, 2);RemoveObject;(21, 18);1;261
0;0.0;MoveSouthEast;(20, 2);RemoveObject;(21, 18);1;262
0;0.0;MoveSouthEast;(20, 2);RemoveObject;(21, 18);1;263
0;0.0;MoveSouthEast;(20, 2);RemoveObject;(21, 18);1;264
0;0.0;MoveSouthEast;(20, 2);RemoveObject;(21, 18);1;265
0;0.0;MoveSouthEast;(21, 3);RemoveObject;(21, 18);1;266
0;0.0;MoveNorthEast;(21, 3);RemoveObject;(21, 18);1;267
0;0.0;MoveNorthEast;(21, 3);RemoveObject;(21, 18);1;268
0;0.0;MoveNorthEast;(21, 3);RemoveObject;(21, 18);1;269
0;0.0;MoveNorthEast;(21, 3);RemoveObject;(21, 18);1;270
0;0.0;MoveNorthEast;(21, 3);RemoveObject;(21, 18);1;271
0;0.0;MoveNorthEast;(21, 3);RemoveObject;(21, 18);1;272
0;0.0;MoveNorthEast;(21, 3);RemoveObject;(21, 18);1;273
0;0.0;MoveNorthEast;(21, 3);RemoveObject;(21, 18);1;274
0;0.0;MoveNorthEast;(22, 2);RemoveObject;(21, 18);1;275
0;0.0;Idle;(22, 2);RemoveObject;(21, 18);1;276
0;0.0;Idle;(22, 2);RemoveObject;(21, 18);1;277
0;0.0;Idle;(22, 2);RemoveObject;(21, 18);1;278
0;0.0;Idle;(22, 2);RemoveObject;(21, 18);1;279
0;0.0;Idle;(22, 2);RemoveObject;(21, 18);1;280
0;0.0;Idle;(22, 2);RemoveObject;(21, 18);1;281
0;0.0;Idle;(22, 2);RemoveObject;(21, 18);1;282
0;0.0;Idle;(22, 2);RemoveObject;(21, 18);1;283
0;0.0;Idle;(22, 2);RemoveObject;(21, 18);1;284
0;0.0;Idle;(22, 2);RemoveObject;(21, 18);1;285
0;0.0;Idle;(22, 2);RemoveObject;(21, 18);1;286
0;0.0;Idle;(22, 2);RemoveObject;(21, 18);1;287
0;0.0;Idle;(22, 2);RemoveObject;(21, 18);1;288
0;0.0;Idle;(22, 2);RemoveObject;(21, 18);1;289
0;0.0;Idle;(22, 2);RemoveObject;(21, 18);1;290
0;0.0;Idle;(22, 2);RemoveObject;(21, 18);1;291
0;0.0;Idle;(22, 2);RemoveObject;(21, 18);1;292
0;0.0;Idle;(22, 2);RemoveObject;(21, 18);1;293
0;0.0;Idle;(22, 2);RemoveObject;(21, 18);1;294
0;0.0;Idle;(22, 2);RemoveObject;(21, 18);1;295
0;0.0;Idle;(22, 2);RemoveObject;(21, 18);1;296
0;0.0;Idle;(22, 2);RemoveObject;(21, 18);1;297
0;0.0;Idle;(22, 2);RemoveObject;(21, 18);1;298
0;0.0;Idle;(22, 2);RemoveObject;(21, 18);1;299
0;0.0;Idle;(22, 2);RemoveObject;(21, 18);1;300
0;0.0;Idle;(22, 2);RemoveObject;(21, 18);1;301
0;0.0;MoveSouthWest;(22, 2);RemoveObject;(21, 18);1;302
0;0.0;MoveSouthWest;(22, 2);RemoveObject;(21, 18);1;303
0;0.0;MoveSouthWest;(22, 2);RemoveObject;(21, 18);1;304
0;0.0;MoveSouthWest;(22, 2);RemoveObject;(21, 18);1;305
0;0.0;MoveSouthWest;(22, 2);RemoveObject;(21, 18);1;306
0;0.0;MoveSouthWest;(22, 2);RemoveObject;(21, 18);1;307
0;0.0;MoveSouthWest;(22, 2);RemoveObject;(21, 18);1;308
0;0.0;MoveSouthWest;(22, 2);RemoveObject;(21, 18);1;309
0;0.0;MoveSouthWest;(21, 3);RemoveObject;(21, 18);1;310
0;0.0;MoveSouth;(21, 3);RemoveObject;(21, 18);1;311
0;0.0;MoveSouth;(21, 3);RemoveObject;(21, 18);1;312
0;0.0;MoveSouth;(21, 3);RemoveObject;(21, 18);1;313
0;0.0;MoveSouth;(21, 3);RemoveObject;(21, 18);1;314
0;0.0;MoveSouth;(21, 3);RemoveObject;(21, 18);1;315
0;0.0;MoveSouth;(21, 3);RemoveObject;(21, 18);1;316
0;0.0;MoveSouth;(21, 3);RemoveObject;(21, 18);1;317
0;0.0;MoveSouth;(21, 3);RemoveObject;(21, 18);1;318
0;0.0;MoveSouth;(21, 4);RemoveObject;(21, 18);1;319
0;0.0;MoveSouthWest;(21, 4);RemoveObject;(21, 18);1;320
0;0.0;MoveSouthWest;(21, 4);RemoveObject;(21, 18);1;321
0;0.0;MoveSouthWest;(21, 4);RemoveObject;(21, 18);1;322
0;0.0;MoveSouthWest;(21, 4);RemoveObject;(21, 18);1;323
0;0.0;MoveSouthWest;(21, 4);RemoveObject;(21, 18);1;324
0;0.0;MoveSouthWest;(21, 4);RemoveObject;(21, 18);1;325
0;0.0;MoveSouthWest;(21, 4);RemoveObject;(21, 18);1;326
0;0.0;MoveSouthWest;(21, 4);RemoveObject;(21, 18);1;327
0;0.0;MoveSouthWest;(20, 5);RemoveObject;(21, 18);1;328
0;0.0;MoveWest;(20, 5);RemoveObject;(21, 18);1;329
0;0.0;MoveWest;(20, 5);RemoveObject;(21, 18);1;330
0;0.0;MoveWest;(20, 5);RemoveObject;(21, 18);1;331
0;0.0;MoveWest;(20, 5);RemoveObject;(21, 18);1;332
0;0.0;MoveWest;(20, 5);RemoveObject;(21, 18);1;333
0;0.0;MoveWest;(20, 5);RemoveObject;(21, 18);1;334
0;0.0;MoveWest;(20, 5);RemoveObject;(21, 18);1;335
0;0.0;MoveWest;(20, 5);RemoveObject;(21, 18);1;336
0;0.0;MoveWest;(20, 5);RemoveObject;(21, 18);1;337
0;0.0;MoveWest;(20, 5);RemoveObject;(21, 18);1;338
0;0.0;MoveWest;(20, 5);RemoveObject;(21, 18);1;339
0;0.0;MoveWest;(20, 5);RemoveObject;(21, 18);1;340
0;0.0;MoveWest;(20, 5);RemoveObject;(21, 18);1;341
0;0.0;MoveWest;(19, 5);RemoveObject;(21, 18);1;342
0;0.0;MoveWest;(19, 5);RemoveObject;(21, 18);1;343
0;0.0;MoveWest;(19, 5);RemoveObject;(21, 18);1;344
0;0.0;MoveWest;(19, 5);RemoveObject;(21, 18);1;345
0;0.0;MoveWest;(19, 5);RemoveObject;(21, 18);1;346
0;0.0;MoveWest;(19, 5);RemoveObject;(21, 18);1;347
0;0.0;MoveWest;(19, 5);RemoveObject;(21, 18);1;348
0;0.0;MoveWest;(19, 5);RemoveObject;(21, 18);1;349
0;0.0;MoveWest;(19, 5);RemoveObject;(21, 18);1;350
0;0.0;MoveWest;(19, 5);RemoveObject;(21, 18);1;351
0;0.0;MoveWest;(19, 5);RemoveObject;(21, 18);1;352
0;0.0;MoveWest;(19, 5);RemoveObject;(21, 18);1;353
0;0.0;MoveWest;(19, 5);RemoveObject;(21, 18);1;354
0;0.0;MoveWest;(19, 5);RemoveObject;(21, 18);1;355
0;0.0;MoveWest;(18, 5);RemoveObject;(21, 18);1;356
0;0.0;MoveWest;(18, 5);RemoveObject;(21, 18);1;357
0;0.0;MoveWest;(18, 5);RemoveObject;(21, 18);1;358
0;0.0;MoveWest;(18, 5);RemoveObject;(21, 18);1;359
0;0.0;MoveWest;(18, 5);RemoveObject;(21, 18);1;360
0;0.0;MoveWest;(18, 5);RemoveObject;(21, 18);1;361
0;0.0;MoveWest;(18, 5);RemoveObject;(21, 18);1;362
0;0.0;MoveWest;(18, 5);RemoveObject;(21, 18);1;363
0;0.0;MoveWest;(18, 5);RemoveObject;(21, 18);1;364
0;0.0;MoveWest;(17, 5);RemoveObject;(21, 18);1;365
0;0.0;MoveWest;(17, 5);RemoveObject;(21, 18);1;366
0;0.0;MoveWest;(17, 5);RemoveObject;(21, 18);1;367
0;0.0;MoveWest;(17, 5);RemoveObject;(21, 18);1;368
0;0.0;MoveWest;(17, 5);RemoveObject;(21, 18);1;369
0;0.0;MoveWest;(17, 5);RemoveObject;(21, 18);1;370
0;0.0;MoveWest;(17, 5);RemoveObject;(21, 18);1;371
0;0.0;MoveWest;(17, 5);RemoveObject;(21, 18);1;372
0;0.0;MoveWest;(17, 5);RemoveObject;(21, 18);1;373
0;0.0;MoveWest;(16, 5);RemoveObject;(21, 18);1;374
0;0.0;MoveWest;(16, 5);RemoveObject;(21, 18);1;375
0;0.0;MoveWest;(16, 5);RemoveObject;(21, 18);1;376
0;0.0;MoveWest;(16, 5);RemoveObject;(21, 18);1;377
0;0.0;MoveWest;(16, 5);RemoveObject;(21, 18);1;378
0;0.0;MoveWest;(16, 5);RemoveObject;(21, 18);1;379
0;0.0;MoveWest;(16, 5);RemoveObject;(21, 18);1;380
0;0.0;MoveWest;(16, 5);RemoveObject;(21, 18);1;381
0;0.0;MoveWest;(16, 5);RemoveObject;(21, 18);1;382
0;0.0;MoveWest;(15, 5);RemoveObject;(21, 18);1;383
0;0.0;MoveSouth;(15, 5);RemoveObject;(21, 18);1;384
0;0.0;MoveSouth;(15, 5);RemoveObject;(21, 18);1;385
0;0.0;MoveSouth;(15, 5);RemoveObject;(21, 18);1;386
0;0.0;MoveSouth;(15, 5);RemoveObject;(21, 18);1;387
0;0.0;MoveSouth;(15, 5);RemoveObject;(21, 18);1;388
0;0.0;MoveSouth;(15, 5);RemoveObject;(21, 18);1;389
0;0.0;MoveSouth;(15, 5);RemoveObject;(21, 18);1;390
0;0.0;MoveSouth;(15, 5);RemoveObject;(21, 18);1;391
0;0.0;MoveSouth;(15, 6);RemoveObject;(21, 18);1;392
0;0.0;RemoveObject;(15, 6);RemoveObject;(21, 18);1;393
0;0.0;RemoveObject;(15, 6);RemoveObject;(21, 18);1;394
0;0.0;RemoveObject;(15, 6);RemoveObject;(21, 18);1;395
0;0.0;RemoveObject;(15, 6);RemoveObject;(21, 18);1;396
0;0.0;RemoveObject;(15, 6);RemoveObject;(21, 18);1;397
0;0.0;RemoveObject;(15, 6);RemoveObject;(21, 18);1;398
0;0.0;RemoveObject;(15, 6);RemoveObject;(21, 18);1;399
0;0.0;RemoveObject;(15, 6);RemoveObject;(21, 18);1;400
0;0.0;RemoveObject;(15, 6);RemoveObject;(21, 18);1;401
0;0.0;RemoveObject;(15, 6);RemoveObject;(21, 18);1;402
0;0.0;RemoveObject;(15, 6);RemoveObject;(21, 18);1;403
0;0.0;RemoveObject;(15, 6);RemoveObject;(21, 18);1;404
0;0.0;RemoveObject;(15, 6);RemoveObject;(21, 18);1;405
0;0.0;RemoveObject;(15, 6);RemoveObject;(21, 18);1;406
0;0.0;RemoveObject;(15, 6);RemoveObject;(21, 18);1;407
0;0.0;RemoveObject;(15, 6);RemoveObject;(21, 18);1;408
0;0.0;RemoveObject;(15, 6);RemoveObject;(21, 18);1;409
0;0.0;RemoveObject;(15, 6);RemoveObject;(21, 18);1;410
0;0.0;RemoveObject;(15, 6);RemoveObject;(21, 18);1;411
0;0.0;RemoveObject;(15, 6);RemoveObject;(21, 18);1;412
0;0.0;RemoveObject;(15, 6);RemoveObject;(21, 18);1;413
0;0.0;RemoveObject;(15, 6);RemoveObject;(21, 18);1;414
0;0.0;RemoveObject;(15, 6);RemoveObject;(21, 18);1;415
0;0.0;RemoveObject;(15, 6);RemoveObject;(21, 18);1;416
0;0.0;RemoveObject;(15, 6);RemoveObject;(21, 18);1;417
0;0.0;RemoveObject;(15, 6);RemoveObject;(21, 18);1;418
0;0.0;RemoveObject;(15, 6);RemoveObject;(21, 18);1;419
0;0.0;RemoveObject;(15, 6);RemoveObject;(21, 18);1;420
0;0.0;RemoveObject;(15, 6);RemoveObject;(21, 18);1;421
0;0.0;RemoveObject;(15, 6);RemoveObject;(21, 18);1;422
0;0.0;RemoveObject;(15, 6);RemoveObject;(21, 18);1;423
0;0.0;RemoveObject;(15, 6);RemoveObject;(21, 18);1;424
0;0.0;RemoveObject;(15, 6);RemoveObject;(21, 18);1;425
0;0.0;RemoveObject;(15, 6);RemoveObject;(21, 18);1;426
0;0.0;RemoveObject;(15, 6);RemoveObject;(21, 18);1;427
0;0.0;RemoveObject;(15, 6);RemoveObject;(21, 18);1;428
0;0.0;RemoveObject;(15, 6);RemoveObject;(21, 18);1;429
0;0.0;RemoveObject;(15, 6);RemoveObject;(21, 18);1;430
0;0.0;RemoveObject;(15, 6);RemoveObject;(21, 18);1;431
0;0.0;RemoveObject;(15, 6);RemoveObject;(21, 18);1;432
0;0.0;RemoveObject;(15, 6);RemoveObject;(21, 18);1;433
0;0.0;RemoveObject;(15, 6);RemoveObject;(21, 18);1;434
0;0.0;RemoveObject;(15, 6);RemoveObject;(21, 18);1;435
0;0.0;RemoveObject;(15, 6);RemoveObject;(21, 18);1;436
0;0.0;RemoveObject;(15, 6);RemoveObject;(21, 18);1;437
0;0.0;RemoveObject;(15, 6);RemoveObject;(21, 18);1;438
0;0.0;RemoveObject;(15, 6);RemoveObject;(21, 18);1;439
0;0.0;RemoveObject;(15, 6);RemoveObject;(21, 18);1;440
0;0.0;RemoveObject;(15, 6);RemoveObject;(21, 18);1;441
0;0.0;RemoveObject;(15, 6);RemoveObject;(21, 18);1;442
0;0.0;RemoveObject;(15, 6);RemoveObject;(21, 18);1;443
0;0.0;RemoveObject;(15, 6);RemoveObject;(21, 18);1;444
0;0.0;RemoveObject;(15, 6);RemoveObject;(21, 18);1;445
0;0.0;RemoveObject;(15, 6);RemoveObject;(21, 18);1;446
0;0.0;RemoveObject;(15, 6);RemoveObject;(21, 18);1;447
0;0.0;RemoveObject;(15, 6);RemoveObject;(21, 18);1;448
0;0.0;RemoveObject;(15, 6);;(21, 18);1;449
0;0.0;RemoveObject;(15, 6);;(21, 18);1;450
0;0.0;RemoveObject;(15, 6);;(21, 18);1;451
0;0.0;RemoveObject;(15, 6);;(21, 18);1;452
0;0.0;RemoveObject;(15, 6);;(21, 18);1;453
0;0.0;RemoveObject;(15, 6);;(21, 18);1;454
0;0.0;RemoveObject;(15, 6);;(21, 18);1;455
0;0.0;RemoveObject;(15, 6);;(21, 18);1;456
0;0.0;RemoveObject;(15, 6);;(21, 18);1;457
0;0.0;RemoveObject;(15, 6);;(21, 18);1;458
0;0.0;RemoveObject;(15, 6);;(21, 18);1;459
0;0.0;RemoveObject;(15, 6);;(21, 18);1;460
0;0.0;RemoveObject;(15, 6);;(21, 18);1;461
0;0.0;RemoveObject;(15, 6);;(21, 18);1;462
0;0.0;RemoveObject;(15, 6);;(21, 18);1;463
0;0.0;RemoveObject;(15, 6);;(21, 18);1;464
0;0.0;RemoveObject;(15, 6);;(21, 18);1;465
0;0.0;RemoveObject;(15, 6);;(21, 18);1;466
0;0.0;RemoveObject;(15, 6);MoveSouth;(21, 19);1;467
0;0.0;RemoveObject;(15, 6);MoveSouth;(21, 20);1;468
0;0.0;RemoveObject;(15, 6);;(21, 20);1;469
0;0.0;RemoveObject;(15, 6);MoveSouth;(21, 21);1;470
0;0.0;RemoveObject;(15, 6);MoveSouth;(21, 21);1;471
0;0.0;RemoveObject;(15, 6);MoveSouth;(21, 21);1;472
0;0.0;RemoveObject;(15, 6);;(21, 21);1;473
0;0.0;RemoveObject;(15, 6);;(21, 21);1;474
0;0.0;RemoveObject;(15, 6);;(21, 21);1;475
0;0.0;RemoveObject;(15, 6);;(21, 21);1;476
0;0.0;RemoveObject;(15, 6);;(21, 21);1;477
0;0.0;RemoveObject;(15, 6);;(21, 21);1;478
0;0.0;RemoveObject;(15, 6);;(21, 21);1;479
0;0.0;RemoveObject;(15, 6);;(21, 21);1;480
0;0.0;RemoveObject;(15, 6);MoveNorth;(21, 20);1;481
0;0.0;RemoveObject;(15, 6);;(21, 20);1;482
0;0.0;RemoveObject;(15, 6);;(21, 20);1;483
0;0.0;RemoveObject;(15, 6);;(21, 20);1;484
0;0.0;RemoveObject;(15, 6);;(21, 20);1;485
0;0.0;RemoveObject;(15, 6);MoveNorth;(21, 19);1;486
0;0.0;RemoveObject;(15, 6);;(21, 19);1;487
0;0.0;RemoveObject;(15, 6);;(21, 19);1;488
0;0.0;RemoveObject;(15, 6);;(21, 19);1;489
0;0.0;RemoveObject;(15, 6);;(21, 19);1;490
0;0.0;RemoveObject;(15, 6);MoveNorth;(21, 18);1;491
0;0.0;RemoveObject;(15, 6);;(21, 18);1;492
0;0.0;RemoveObject;(15, 6);;(21, 18);1;493
0;0.0;MoveSouth;(15, 6);;(21, 18);1;494
0;0.0;MoveSouth;(15, 6);;(21, 18);1;495
0;0.0;MoveSouth;(15, 6);;(21, 18);1;496
0;0.0;MoveSouth;(15, 6);;(21, 18);1;497
0;0.0;MoveSouth;(15, 6);;(21, 18);1;498
0;0.0;MoveSouth;(15, 6);;(21, 18);1;499
0;0.0;MoveSouth;(15, 6);;(21, 18);1;500
0;0.0;MoveSouth;(15, 6);;(21, 18);1;501
0;0.0;MoveSouth;(15, 7);;(21, 18);1;502
0;0.0;MoveSouthWest;(15, 7);;(21, 18);1;503
0;0.0;MoveSouthWest;(15, 7);;(21, 18);1;504
0;0.0;MoveSouthWest;(15, 7);;(21, 18);1;505
0;0.0;MoveSouthWest;(15, 7);;(21, 18);1;506
0;0.0;MoveSouthWest;(15, 7);;(21, 18);1;507
0;0.0;MoveSouthWest;(15, 7);;(21, 18);1;508
0;0.0;MoveSouthWest;(15, 7);;(21, 18);1;509
0;0.0;MoveSouthWest;(15, 7);;(21, 18);1;510
0;0.0;MoveSouthWest;(14, 8);;(21, 18);1;511
0;0.0;MoveSouthEast;(14, 8);;(21, 18);1;512
0;0.0;MoveSouthEast;(14, 8);;(21, 18);1;513
0;0.0;MoveSouthEast;(14, 8);;(21, 18);1;514
0;0.0;MoveSouthEast;(14, 8);;(21, 18);1;515
0;0.0;MoveSouthEast;(14, 8);;(21, 18);1;516
0;0.0;MoveSouthEast;(14, 8);;(21, 18);1;517
0;0.0;MoveSouthEast;(14, 8);;(21, 18);1;518
0;0.0;MoveSouthEast;(14, 8);;(21, 18);1;519
0;0.0;MoveSouthEast;(15, 9);;(21, 18);1;520
0;0.0;MoveNorthEast;(15, 9);;(21, 18);1;521
0;0.0;MoveNorthEast;(15, 9);;(21, 18);1;522
0;0.0;MoveNorthEast;(15, 9);;(21, 18);1;523
0;0.0;MoveNorthEast;(15, 9);;(21, 18);1;524
0;0.0;MoveNorthEast;(15, 9);;(21, 18);1;525
0;0.0;MoveNorthEast;(15, 9);;(21, 18);1;526
0;0.0;MoveNorthEast;(15, 9);;(21, 18);1;527
0;0.0;MoveNorthEast;(15, 9);;(21, 18);1;528
0;0.0;MoveNorthEast;(16, 8);;(21, 18);1;529
0;0.0;Idle;(16, 8);;(21, 18);1;530
0;0.0;Idle;(16, 8);;(21, 18);1;531
0;0.0;Idle;(16, 8);;(21, 18);1;532
0;0.0;Idle;(16, 8);;(21, 18);1;533
0;0.0;Idle;(16, 8);;(21, 18);1;534
0;0.0;Idle;(16, 8);MoveWest;(20, 18);1;535
0;0.0;Idle;(16, 8);MoveWest;(20, 18);1;536
0;0.0;Idle;(16, 8);MoveWest;(20, 18);1;537
0;0.0;Idle;(16, 8);MoveWest;(20, 18);1;538
0;0.0;Idle;(16, 8);MoveWest;(20, 18);1;539
0;0.0;Idle;(16, 8);MoveWest;(20, 18);1;540
0;0.0;Idle;(16, 8);MoveWest;(19, 18);1;541
0;0.0;Idle;(16, 8);MoveWest;(18, 18);1;542
0;0.0;Idle;(16, 8);MoveWest;(17, 18);1;543
0;0.0;Idle;(16, 8);;(17, 18);1;544
0;0.0;Idle;(16, 8);;(17, 18);1;545
0;0.0;Idle;(16, 8);MoveWest;(16, 18);1;546
0;0.0;Idle;(16, 8);;(16, 18);1;547
0;0.0;Idle;(16, 8);MoveWest;(15, 18);1;548
0;0.0;Idle;(16, 8);;(15, 18);1;549
0;0.0;Idle;(16, 8);MoveWest;(14, 18);1;550
0;0.0;Idle;(16, 8);;(14, 18);1;551
0;0.0;Idle;(16, 8);;(14, 18);1;552
0;0.0;Idle;(16, 8);;(14, 18);1;553
0;0.0;Idle;(16, 8);;(14, 18);1;554
0;0.0;Idle;(16, 8);;(14, 18);1;555
0;0.0;MoveWest;(16, 8);;(14, 18);1;556
0;0.0;MoveWest;(16, 8);MoveWest;(14, 18);1;557
0;0.0;MoveWest;(16, 8);MoveWest;(14, 18);1;558
0;0.0;MoveWest;(16, 8);MoveWest;(14, 18);1;559
0;0.0;MoveWest;(16, 8);MoveWest;(14, 18);1;560
0;0.0;MoveWest;(16, 8);MoveWest;(14, 18);1;561
0;0.0;MoveWest;(16, 8);MoveWest;(13, 18);1;562
0;0.0;MoveWest;(16, 8);MoveWest;(13, 18);1;563
0;0.0;MoveWest;(15, 8);MoveWest;(13, 18);1;564
0;0.0;MoveWest;(15, 8);MoveWest;(13, 18);1;565
0;0.0;MoveWest;(15, 8);MoveWest;(13, 18);1;566
0;0.0;MoveWest;(15, 8);MoveWest;(13, 18);1;567
0;0.0;MoveWest;(15, 8);MoveWest;(12, 18);1;568
0;0.0;MoveWest;(15, 8);MoveWest;(12, 18);1;569
0;0.0;MoveWest;(15, 8);MoveWest;(12, 18);1;570
0;0.0;MoveWest;(15, 8);MoveWest;(12, 18);1;571
0;0.0;MoveWest;(15, 8);MoveWest;(12, 18);1;572
0;0.0;MoveWest;(14, 8);MoveWest;(12, 18);1;573
0;0.0;CarryObject;(14, 8);MoveWest;(11, 18);1;574
0;0.0;CarryObject;(14, 8);;(11, 18);1;575
0;0.0;CarryObject;(14, 8);;(11, 18);1;576
0;0.0;CarryObject;(14, 8);;(11, 18);1;577
0;0.0;CarryObject;(14, 8);MoveWest;(11, 18);1;578
0;0.0;CarryObject;(14, 8);MoveWest;(11, 18);1;579
0;0.0;CarryObject;(14, 8);MoveWest;(11, 18);1;580
0;0.0;CarryObject;(14, 8);MoveWest;(11, 18);1;581
0;0.0;CarryObject;(14, 8);MoveWest;(11, 18);1;582
0;0.0;CarryObject;(14, 8);MoveWest;(10, 18);1;583
0;0.0;CarryObject;(14, 8);MoveWest;(10, 18);1;584
0;0.0;CarryObject;(14, 8);MoveWest;(10, 18);1;585
0;0.0;CarryObject;(14, 8);MoveWest;(10, 18);1;586
0;0.0;CarryObject;(14, 8);MoveWest;(10, 18);1;587
0;0.0;CarryObject;(14, 8);MoveWest;(10, 18);1;588
0;0.0;CarryObject;(14, 8);MoveWest;(9, 18);1;589
0;0.0;CarryObject;(14, 8);;(9, 18);1;590
0;0.0;CarryObject;(14, 8);;(9, 18);1;591
0;0.0;CarryObject;(14, 8);MoveWest;(8, 18);1;592
0;0.0;CarryObject;(14, 8);;(8, 18);1;593
0;0.0;CarryObject;(14, 8);;(8, 18);1;594
0;0.0;CarryObject;(14, 8);;(8, 18);1;595
0;0.0;CarryObject;(14, 8);;(8, 18);1;596
0;0.0;CarryObject;(14, 8);;(8, 18);1;597
0;0.0;CarryObject;(14, 8);;(8, 18);1;598
0;0.0;CarryObject;(14, 8);;(8, 18);1;599
0;0.0;CarryObject;(14, 8);;(8, 18);1;600
0;0.0;CarryObject;(14, 8);RemoveObject;(8, 18);1;601
0;0.0;CarryObject;(14, 8);;(8, 18);1;602
0;0.0;CarryObject;(14, 8);;(8, 18);1;603
0;0.0;CarryObject;(14, 8);;(8, 18);1;604
0;0.0;CarryObject;(14, 8);MoveEast;(9, 18);1;605
0;0.0;CarryObject;(14, 8);;(9, 18);1;606
0;0.0;CarryObject;(14, 8);;(9, 18);1;607
0;0.0;CarryObject;(14, 8);;(9, 18);1;608
0;0.0;CarryObject;(14, 8);;(9, 18);1;609
0;0.0;CarryObject;(14, 8);;(9, 18);1;610
0;0.0;CarryObject;(14, 8);;(9, 18);1;611
0;0.0;CarryObject;(14, 8);RemoveObject;(9, 18);1;612
0;0.0;CarryObject;(14, 8);RemoveObject;(9, 18);1;613
0;0.0;CarryObject;(14, 8);RemoveObject;(9, 18);1;614
0;0.0;CarryObject;(14, 8);RemoveObject;(9, 18);1;615
0;0.0;CarryObject;(14, 8);RemoveObject;(9, 18);1;616
0;0.0;CarryObject;(14, 8);RemoveObject;(9, 18);1;617
0;0.0;CarryObject;(14, 8);RemoveObject;(9, 18);1;618
0;0.0;CarryObject;(14, 8);RemoveObject;(9, 18);1;619
0;0.0;CarryObject;(14, 8);RemoveObject;(9, 18);1;620
0;0.0;CarryObject;(14, 8);RemoveObject;(9, 18);1;621
0;0.0;CarryObject;(14, 8);RemoveObject;(9, 18);1;622
0;0.0;CarryObject;(14, 8);RemoveObject;(9, 18);1;623
0;0.0;CarryObject;(14, 8);RemoveObject;(9, 18);1;624
0;0.0;CarryObject;(14, 8);RemoveObject;(9, 18);1;625
0;0.0;CarryObject;(14, 8);RemoveObject;(9, 18);1;626
0;0.0;CarryObject;(14, 8);RemoveObject;(9, 18);1;627
0;0.0;CarryObject;(14, 8);RemoveObject;(9, 18);1;628
0;0.0;CarryObject;(14, 8);RemoveObject;(9, 18);1;629
0;0.0;CarryObject;(14, 8);RemoveObject;(9, 18);1;630
0;0.0;CarryObject;(14, 8);RemoveObject;(9, 18);1;631
0;0.0;CarryObject;(14, 8);RemoveObject;(9, 18);1;632
0;0.0;CarryObject;(14, 8);RemoveObject;(9, 18);1;633
0;0.0;CarryObject;(14, 8);RemoveObject;(9, 18);1;634
0;0.0;CarryObject;(14, 8);RemoveObject;(9, 18);1;635
0;0.0;CarryObject;(14, 8);RemoveObject;(9, 18);1;636
0;0.0;CarryObject;(14, 8);RemoveObject;(9, 18);1;637
0;0.0;CarryObject;(14, 8);RemoveObject;(9, 18);1;638
0;0.0;CarryObject;(14, 8);RemoveObject;(9, 18);1;639
0;0.0;CarryObject;(14, 8);RemoveObject;(9, 18);1;640
0;0.0;CarryObject;(14, 8);RemoveObject;(9, 18);1;641
0;0.0;CarryObject;(14, 8);RemoveObject;(9, 18);1;642
0;0.0;CarryObject;(14, 8);RemoveObject;(9, 18);1;643
0;0.0;CarryObject;(14, 8);RemoveObject;(9, 18);1;644
0;0.0;CarryObject;(14, 8);RemoveObject;(9, 18);1;645
0;0.0;CarryObject;(14, 8);RemoveObject;(9, 18);1;646
0;0.0;CarryObject;(14, 8);RemoveObject;(9, 18);1;647
0;0.0;CarryObject;(14, 8);RemoveObject;(9, 18);1;648
0;0.0;CarryObject;(14, 8);RemoveObject;(9, 18);1;649
0;0.0;CarryObject;(14, 8);RemoveObject;(9, 18);1;650
0;0.0;CarryObject;(14, 8);RemoveObject;(9, 18);1;651
0;0.0;CarryObject;(14, 8);RemoveObject;(9, 18);1;652
0;0.0;CarryObject;(14, 8);RemoveObject;(9, 18);1;653
0;0.0;CarryObject;(14, 8);RemoveObject;(9, 18);1;654
0;0.0;CarryObject;(14, 8);RemoveObject;(9, 18);1;655
0;0.0;CarryObject;(14, 8);RemoveObject;(9, 18);1;656
0;0.0;CarryObject;(14, 8);RemoveObject;(9, 18);1;657
0;0.0;CarryObject;(14, 8);RemoveObject;(9, 18);1;658
0;0.0;CarryObject;(14, 8);RemoveObject;(9, 18);1;659
0;0.0;CarryObject;(14, 8);RemoveObject;(9, 18);1;660
0;0.0;CarryObject;(14, 8);RemoveObject;(9, 18);1;661
0;0.0;CarryObject;(14, 8);RemoveObject;(9, 18);1;662
0;0.0;CarryObject;(14, 8);RemoveObject;(9, 18);1;663
0;0.0;CarryObject;(14, 8);RemoveObject;(9, 18);1;664
0;0.0;CarryObject;(14, 8);RemoveObject;(9, 18);1;665
0;0.0;CarryObject;(14, 8);RemoveObject;(9, 18);1;666
0;0.0;CarryObject;(14, 8);RemoveObject;(9, 18);1;667
0;0.0;CarryObject;(14, 8);RemoveObject;(9, 18);1;668
0;0.0;CarryObject;(14, 8);RemoveObject;(9, 18);1;669
0;0.0;CarryObject;(14, 8);RemoveObject;(9, 18);1;670
0;0.0;CarryObject;(14, 8);RemoveObject;(9, 18);1;671
0;0.0;CarryObject;(14, 8);RemoveObject;(9, 18);1;672
0;0.0;CarryObject;(14, 8);RemoveObject;(9, 18);1;673
0;0.0;CarryObject;(14, 8);RemoveObject;(9, 18);1;674
0;0.0;CarryObject;(14, 8);RemoveObject;(9, 18);1;675
0;0.0;CarryObject;(14, 8);RemoveObject;(9, 18);1;676
0;0.0;CarryObject;(14, 8);RemoveObject;(9, 18);1;677
0;0.0;CarryObject;(14, 8);RemoveObject;(9, 18);1;678
0;0.0;CarryObject;(14, 8);RemoveObject;(9, 18);1;679
0;0.0;CarryObject;(14, 8);RemoveObject;(9, 18);1;680
0;0.0;CarryObject;(14, 8);RemoveObject;(9, 18);1;681
0;0.0;CarryObject;(14, 8);RemoveObject;(9, 18);1;682
0;0.0;CarryObject;(14, 8);RemoveObject;(9, 18);1;683
0;0.0;CarryObject;(14, 8);RemoveObject;(9, 18);1;684
0;0.0;CarryObject;(14, 8);RemoveObject;(9, 18);1;685
0;0.0;CarryObject;(14, 8);RemoveObject;(9, 18);1;686
0;0.0;CarryObject;(14, 8);RemoveObject;(9, 18);1;687
0;0.0;CarryObject;(14, 8);RemoveObject;(9, 18);1;688
0;0.0;CarryObject;(14, 8);RemoveObject;(9, 18);1;689
0;0.0;CarryObject;(14, 8);RemoveObject;(9, 18);1;690
0;0.0;CarryObject;(14, 8);RemoveObject;(9, 18);1;691
0;0.0;CarryObject;(14, 8);RemoveObject;(9, 18);1;692
0;0.0;CarryObject;(14, 8);RemoveObject;(9, 18);1;693
0;0.0;CarryObject;(14, 8);RemoveObject;(9, 18);1;694
0;0.0;CarryObject;(14, 8);RemoveObject;(9, 18);1;695
0;0.0;CarryObject;(14, 8);RemoveObject;(9, 18);1;696
0;0.0;CarryObject;(14, 8);RemoveObject;(9, 18);1;697
0;0.0;CarryObject;(14, 8);RemoveObject;(9, 18);1;698
0;0.0;CarryObject;(14, 8);RemoveObject;(9, 18);1;699
0;0.0;CarryObject;(14, 8);RemoveObject;(9, 18);1;700
0;0.0;CarryObject;(14, 8);RemoveObject;(9, 18);1;701
0;0.0;CarryObject;(14, 8);RemoveObject;(9, 18);1;702
0;0.0;CarryObject;(14, 8);RemoveObject;(9, 18);1;703
0;0.0;CarryObject;(14, 8);RemoveObject;(9, 18);1;704
0;0.0;CarryObject;(14, 8);RemoveObject;(9, 18);1;705
0;0.0;CarryObject;(14, 8);RemoveObject;(9, 18);1;706
0;0.0;CarryObject;(14, 8);RemoveObject;(9, 18);1;707
0;0.0;CarryObject;(14, 8);RemoveObject;(9, 18);1;708
0;0.0;CarryObject;(14, 8);RemoveObject;(9, 18);1;709
0;0.0;CarryObject;(14, 8);RemoveObject;(9, 18);1;710
0;0.0;CarryObject;(14, 8);RemoveObject;(9, 18);1;711
0;0.0;CarryObject;(14, 8);RemoveObject;(9, 18);1;712
0;0.0;CarryObject;(14, 8);RemoveObject;(9, 18);1;713
0;0.0;CarryObject;(14, 8);RemoveObject;(9, 18);1;714
0;0.0;CarryObject;(14, 8);RemoveObject;(9, 18);1;715
0;0.0;CarryObject;(14, 8);RemoveObject;(9, 18);1;716
0;0.0;CarryObject;(14, 8);RemoveObject;(9, 18);1;717
0;0.0;CarryObject;(14, 8);RemoveObject;(9, 18);1;718
0;0.0;CarryObject;(14, 8);RemoveObject;(9, 18);1;719
0;0.0;CarryObject;(14, 8);RemoveObject;(9, 18);1;720
0;0.0;CarryObject;(14, 8);RemoveObject;(9, 18);1;721
0;0.0;CarryObject;(14, 8);RemoveObject;(9, 18);1;722
0;0.0;CarryObject;(14, 8);RemoveObject;(9, 18);1;723
0;0.0;CarryObject;(14, 8);RemoveObject;(9, 18);1;724
0;0.0;MoveNorthEast;(14, 8);RemoveObject;(9, 18);1;725
0;0.0;MoveNorthEast;(14, 8);RemoveObject;(9, 18);1;726
0;0.0;MoveNorthEast;(14, 8);RemoveObject;(9, 18);1;727
0;0.0;MoveNorthEast;(14, 8);RemoveObject;(9, 18);1;728
0;0.0;MoveNorthEast;(14, 8);RemoveObject;(9, 18);1;729
0;0.0;MoveNorthEast;(14, 8);RemoveObject;(9, 18);1;730
0;0.0;MoveNorthEast;(14, 8);RemoveObject;(9, 18);1;731
0;0.0;MoveNorthEast;(14, 8);RemoveObject;(9, 18);1;732
0;0.0;MoveNorthEast;(15, 7);RemoveObject;(9, 18);1;733
0;0.0;MoveNorthEast;(15, 7);RemoveObject;(9, 18);1;734
0;0.0;MoveNorthEast;(15, 7);RemoveObject;(9, 18);1;735
0;0.0;MoveNorthEast;(15, 7);RemoveObject;(9, 18);1;736
0;0.0;MoveNorthEast;(15, 7);RemoveObject;(9, 18);1;737
0;0.0;MoveNorthEast;(15, 7);RemoveObject;(9, 18);1;738
0;0.0;MoveNorthEast;(15, 7);RemoveObject;(9, 18);1;739
0;0.0;MoveNorthEast;(15, 7);RemoveObject;(9, 18);1;740
0;0.0;MoveNorthEast;(15, 7);RemoveObject;(9, 18);1;741
0;0.0;MoveNorthEast;(16, 6);RemoveObject;(9, 18);1;742
0;0.0;MoveEast;(16, 6);RemoveObject;(9, 18);1;743
0;0.0;MoveEast;(16, 6);RemoveObject;(9, 18);1;744
0;0.0;MoveEast;(16, 6);RemoveObject;(9, 18);1;745
0;0.0;MoveEast;(16, 6);RemoveObject;(9, 18);1;746
0;0.0;MoveEast;(16, 6);RemoveObject;(9, 18);1;747
0;0.0;MoveEast;(16, 6);RemoveObject;(9, 18);1;748
0;0.0;MoveEast;(16, 6);RemoveObject;(9, 18);1;749
0;0.0;MoveEast;(16, 6);RemoveObject;(9, 18);1;750
0;0.0;MoveEast;(17, 6);RemoveObject;(9, 18);1;751
0;0.0;MoveSouthEast;(17, 6);RemoveObject;(9, 18);1;752
0;0.0;MoveSouthEast;(17, 6);RemoveObject;(9, 18);1;753
0;0.0;MoveSouthEast;(17, 6);RemoveObject;(9, 18);1;754
0;0.0;MoveSouthEast;(17, 6);RemoveObject;(9, 18);1;755
0;0.0;MoveSouthEast;(17, 6);RemoveObject;(9, 18);1;756
0;0.0;MoveSouthEast;(17, 6);RemoveObject;(9, 18);1;757
0;0.0;MoveSouthEast;(17, 6);RemoveObject;(9, 18);1;758
0;0.0;MoveSouthEast;(17, 6);RemoveObject;(9, 18);1;759
0;0.0;MoveSouthEast;(18, 7);RemoveObject;(9, 18);1;760
0;0.0;MoveSouthEast;(18, 7);RemoveObject;(9, 18);1;761
0;0.0;MoveSouthEast;(18, 7);RemoveObject;(9, 18);1;762
0;0.0;MoveSouthEast;(18, 7);RemoveObject;(9, 18);1;763
0;0.0;MoveSouthEast;(18, 7);RemoveObject;(9, 18);1;764
0;0.0;MoveSouthEast;(18, 7);RemoveObject;(9, 18);1;765
0;0.0;MoveSouthEast;(18, 7);RemoveObject;(9, 18);1;766
0;0.0;MoveSouthEast;(18, 7);RemoveObject;(9, 18);1;767
0;0.0;MoveSouthEast;(18, 7);RemoveObject;(9, 18);1;768
0;0.0;MoveSouthEast;(19, 8);RemoveObject;(9, 18);1;769
0;0.0;MoveSouthEast;(19, 8);RemoveObject;(9, 18);1;770
0;0.0;MoveSouthEast;(19, 8);RemoveObject;(9, 18);1;771
0;0.0;MoveSouthEast;(19, 8);RemoveObject;(9, 18);1;772
0;0.0;MoveSouthEast;(19, 8);RemoveObject;(9, 18);1;773
0;0.0;MoveSouthEast;(19, 8);RemoveObject;(9, 18);1;774
0;0.0;MoveSouthEast;(19, 8);RemoveObject;(9, 18);1;775
0;0.0;MoveSouthEast;(19, 8);RemoveObject;(9, 18);1;776
0;0.0;MoveSouthEast;(19, 8);RemoveObject;(9, 18);1;777
0;0.0;MoveSouthEast;(19, 8);RemoveObject;(9, 18);1;778
0;0.0;MoveSouthEast;(19, 8);RemoveObject;(9, 18);1;779
0;0.0;MoveSouthEast;(19, 8);RemoveObject;(9, 18);1;780
0;0.0;MoveSouthEast;(19, 8);RemoveObject;(9, 18);1;781
0;0.0;MoveSouthEast;(19, 8);RemoveObject;(9, 18);1;782
0;0.0;MoveSouthEast;(20, 9);RemoveObject;(9, 18);1;783
0;0.0;MoveSouthEast;(20, 9);RemoveObject;(9, 18);1;784
0;0.0;MoveSouthEast;(20, 9);RemoveObject;(9, 18);1;785
0;0.0;MoveSouthEast;(20, 9);RemoveObject;(9, 18);1;786
0;0.0;MoveSouthEast;(20, 9);RemoveObject;(9, 18);1;787
0;0.0;MoveSouthEast;(20, 9);RemoveObject;(9, 18);1;788
0;0.0;MoveSouthEast;(20, 9);RemoveObject;(9, 18);1;789
0;0.0;MoveSouthEast;(20, 9);RemoveObject;(9, 18);1;790
0;0.0;MoveSouthEast;(20, 9);RemoveObject;(9, 18);1;791
0;0.0;MoveSouthEast;(21, 10);RemoveObject;(9, 18);1;792
0;0.0;MoveSouthEast;(21, 10);RemoveObject;(9, 18);1;793
0;0.0;MoveSouthEast;(21, 10);RemoveObject;(9, 18);1;794
0;0.0;MoveSouthEast;(21, 10);RemoveObject;(9, 18);1;795
0;0.0;MoveSouthEast;(21, 10);RemoveObject;(9, 18);1;796
0;0.0;MoveSouthEast;(21, 10);RemoveObject;(9, 18);1;797
0;0.0;MoveSouthEast;(21, 10);RemoveObject;(9, 18);1;798
0;0.0;MoveSouthEast;(21, 10);RemoveObject;(9, 18);1;799
0;0.0;MoveSouthEast;(21, 10);RemoveObject;(9, 18);1;800
0;0.0;MoveSouthEast;(22, 11);RemoveObject;(9, 18);1;801
0;0.0;MoveSouth;(22, 11);RemoveObject;(9, 18);1;802
0;0.0;MoveSouth;(22, 11);RemoveObject;(9, 18);1;803
0;0.0;MoveSouth;(22, 11);RemoveObject;(9, 18);1;804
0;0.0;MoveSouth;(22, 11);RemoveObject;(9, 18);1;805
0;0.0;MoveSouth;(22, 11);RemoveObject;(9, 18);1;806
0;0.0;MoveSouth;(22, 11);RemoveObject;(9, 18);1;807
0;0.0;MoveSouth;(22, 11);RemoveObject;(9, 18);1;808
0;0.0;MoveSouth;(22, 11);RemoveObject;(9, 18);1;809
0;0.0;MoveSouth;(22, 12);RemoveObject;(9, 18);1;810
0;0.0;MoveSouth;(22, 12);RemoveObject;(9, 18);1;811
0;0.0;MoveSouth;(22, 12);RemoveObject;(9, 18);1;812
0;0.0;MoveSouth;(22, 12);;(9, 18);1;813
0;0.0;MoveSouth;(22, 12);;(9, 18);1;814
0;0.0;MoveSouth;(22, 12);;(9, 18);1;815
0;0.0;MoveSouth;(22, 12);;(9, 18);1;816
0;0.0;MoveSouth;(22, 12);;(9, 18);1;817
0;0.0;MoveSouth;(22, 12);;(9, 18);1;818
0;0.0;MoveSouth;(22, 13);;(9, 18);1;819
0;0.0;MoveSouthEast;(22, 13);;(9, 18);1;820
0;0.0;MoveSouthEast;(22, 13);;(9, 18);1;821
0;0.0;MoveSouthEast;(22, 13);;(9, 18);1;822
0;0.0;MoveSouthEast;(22, 13);;(9, 18);1;823
0;0.0;MoveSouthEast;(22, 13);;(9, 18);1;824
0;0.0;MoveSouthEast;(22, 13);;(9, 18);1;825
0;0.0;MoveSouthEast;(22, 13);;(9, 18);1;826
0;0.0;MoveSouthEast;(22, 13);;(9, 18);1;827
0;0.0;MoveSouthEast;(23, 14);;(9, 18);1;828
0;0.0;Drop;(23, 14);;(9, 18);1;829
0;0.0;Drop;(23, 14);;(9, 18);1;830
0;0.0;Drop;(23, 14);;(9, 18);1;831
0;0.0;Drop;(23, 14);;(9, 18);1;832
0;0.0;Drop;(23, 14);;(9, 18);1;833
0;0.0;Drop;(23, 14);;(9, 18);1;834
0;0.0;Drop;(23, 14);;(9, 18);1;835
0;0.0;Drop;(23, 14);;(9, 18);1;836
3;0.125;Drop;(23, 14);;(9, 18);1;837
3;0.125;MoveSouthWest;(23, 14);;(9, 18);1;838
3;0.125;MoveSouthWest;(23, 14);;(9, 18);1;839
3;0.125;MoveSouthWest;(23, 14);;(9, 18);1;840
3;0.125;MoveSouthWest;(23, 14);;(9, 18);1;841
3;0.125;MoveSouthWest;(23, 14);MoveSouth;(9, 19);1;842
3;0.125;MoveSouthWest;(23, 14);;(9, 19);1;843
3;0.125;MoveSouthWest;(23, 14);MoveSouth;(9, 20);1;844
3;0.125;MoveSouthWest;(23, 14);;(9, 20);1;845
3;0.125;MoveSouthWest;(22, 15);;(9, 20);1;846
3;0.125;MoveSouth;(22, 15);;(9, 20);1;847
3;0.125;MoveSouth;(22, 15);;(9, 20);1;848
3;0.125;MoveSouth;(22, 15);;(9, 20);1;849
3;0.125;MoveSouth;(22, 15);;(9, 20);1;850
3;0.125;MoveSouth;(22, 15);MoveSouth;(9, 21);1;851
3;0.125;MoveSouth;(22, 15);;(9, 21);1;852
3;0.125;MoveSouth;(22, 15);;(9, 21);1;853
3;0.125;MoveSouth;(22, 15);;(9, 21);1;854
3;0.125;MoveSouth;(22, 16);;(9, 21);1;855
3;0.125;MoveSouthWest;(22, 16);;(9, 21);1;856
3;0.125;MoveSouthWest;(22, 16);;(9, 21);1;857
3;0.125;MoveSouthWest;(22, 16);;(9, 21);1;858
3;0.125;MoveSouthWest;(22, 16);;(9, 21);1;859
3;0.125;MoveSouthWest;(22, 16);;(9, 21);1;860
3;0.125;MoveSouthWest;(22, 16);MoveNorth;(9, 20);1;861
3;0.125;MoveSouthWest;(22, 16);;(9, 20);1;862
3;0.125;MoveSouthWest;(22, 16);;(9, 20);1;863
3;0.125;MoveSouthWest;(21, 17);;(9, 20);1;864
3;0.125;MoveSouth;(21, 17);;(9, 20);1;865
3;0.125;MoveSouth;(21, 17);;(9, 20);1;866
3;0.125;MoveSouth;(21, 17);;(9, 20);1;867
3;0.125;MoveSouth;(21, 17);;(9, 20);1;868
3;0.125;MoveSouth;(21, 17);;(9, 20);1;869
3;0.125;MoveSouth;(21, 17);;(9, 20);1;870
3;0.125;MoveSouth;(21, 17);;(9, 20);1;871
3;0.125;MoveSouth;(21, 17);;(9, 20);1;872
3;0.125;MoveSouth;(21, 18);;(9, 20);1;873
3;0.125;MoveSouth;(21, 18);;(9, 20);1;874
3;0.125;MoveSouth;(21, 18);;(9, 20);1;875
3;0.125;MoveSouth;(21, 18);;(9, 20);1;876
3;0.125;MoveSouth;(21, 18);;(9, 20);1;877
3;0.125;MoveSouth;(21, 18);MoveNorth;(9, 19);1;878
3;0.125;MoveSouth;(21, 18);;(9, 19);1;879
3;0.125;MoveSouth;(21, 18);;(9, 19);1;880
3;0.125;MoveSouth;(21, 18);;(9, 19);1;881
3;0.125;MoveSouth;(21, 19);;(9, 19);1;882
3;0.125;MoveSouthWest;(21, 19);;(9, 19);1;883
3;0.125;MoveSouthWest;(21, 19);;(9, 19);1;884
3;0.125;MoveSouthWest;(21, 19);;(9, 19);1;885
3;0.125;MoveSouthWest;(21, 19);;(9, 19);1;886
3;0.125;MoveSouthWest;(21, 19);;(9, 19);1;887
3;0.125;MoveSouthWest;(21, 19);;(9, 19);1;888
3;0.125;MoveSouthWest;(21, 19);;(9, 19);1;889
3;0.125;MoveSouthWest;(21, 19);;(9, 19);1;890
3;0.125;MoveSouthWest;(20, 20);;(9, 19);1;891
3;0.125;MoveSouthEast;(20, 20);;(9, 19);1;892
3;0.125;MoveSouthEast;(20, 20);;(9, 19);1;893
3;0.125;MoveSouthEast;(20, 20);;(9, 19);1;894
3;0.125;MoveSouthEast;(20, 20);;(9, 19);1;895
3;0.125;MoveSouthEast;(20, 20);;(9, 19);1;896
3;0.125;MoveSouthEast;(20, 20);;(9, 19);1;897
3;0.125;MoveSouthEast;(20, 20);;(9, 19);1;898
3;0.125;MoveSouthEast;(20, 20);;(9, 19);1;899
3;0.125;MoveSouthEast;(21, 21);;(9, 19);1;900
3;0.125;MoveNorthEast;(21, 21);;(9, 19);1;901
3;0.125;MoveNorthEast;(21, 21);;(9, 19);1;902
3;0.125;MoveNorthEast;(21, 21);;(9, 19);1;903
3;0.125;MoveNorthEast;(21, 21);;(9, 19);1;904
3;0.125;MoveNorthEast;(21, 21);;(9, 19);1;905
3;0.125;MoveNorthEast;(21, 21);;(9, 19);1;906
3;0.125;MoveNorthEast;(21, 21);;(9, 19);1;907
3;0.125;MoveNorthEast;(21, 21);;(9, 19);1;908
3;0.125;MoveNorthEast;(22, 20);;(9, 19);1;909
3;0.125;Idle;(22, 20);;(9, 19);1;910
3;0.125;Idle;(22, 20);;(9, 19);1;911
3;0.125;Idle;(22, 20);;(9, 19);1;912
3;0.125;Idle;(22, 20);;(9, 19);1;913
3;0.125;Idle;(22, 20);;(9, 19);1;914
3;0.125;Idle;(22, 20);MoveNorth;(9, 18);1;915
3;0.125;Idle;(22, 20);;(9, 18);1;916
3;0.125;Idle;(22, 20);;(9, 18);1;917
3;0.125;Idle;(22, 20);;(9, 18);1;918
3;0.125;Idle;(22, 20);;(9, 18);1;919
3;0.125;Idle;(22, 20);;(9, 18);1;920
3;0.125;Idle;(22, 20);;(9, 18);1;921
3;0.125;Idle;(22, 20);MoveWest;(8, 18);1;922
3;0.125;Idle;(22, 20);MoveWest;(7, 18);1;923
3;0.125;Idle;(22, 20);MoveWest;(6, 18);1;924
3;0.125;Idle;(22, 20);;(6, 18);1;925
3;0.125;Idle;(22, 20);MoveWest;(5, 18);1;926
3;0.125;Idle;(22, 20);MoveWest;(4, 18);1;927
3;0.125;Idle;(22, 20);MoveWest;(3, 18);1;928
3;0.125;Idle;(22, 20);;(3, 18);1;929
3;0.125;Idle;(22, 20);;(3, 18);1;930
3;0.125;Idle;(22, 20);MoveWest;(2, 18);1;931
3;0.125;Idle;(22, 20);;(2, 18);1;932
3;0.125;Idle;(22, 20);;(2, 18);1;933
3;0.125;Idle;(22, 20);;(2, 18);1;934
3;0.125;Idle;(22, 20);;(2, 18);1;935
3;0.125;MoveNorthWest;(22, 20);;(2, 18);1;936
3;0.125;MoveNorthWest;(22, 20);;(2, 18);1;937
3;0.125;MoveNorthWest;(22, 20);;(2, 18);1;938
3;0.125;MoveNorthWest;(22, 20);MoveEast;(3, 18);1;939
3;0.125;MoveNorthWest;(22, 20);;(3, 18);1;940
3;0.125;MoveNorthWest;(22, 20);;(3, 18);1;941
3;0.125;MoveNorthWest;(22, 20);;(3, 18);1;942
3;0.125;MoveNorthWest;(22, 20);;(3, 18);1;943
3;0.125;MoveNorthWest;(21, 19);;(3, 18);1;944
3;0.125;MoveNorthWest;(21, 19);MoveSouth;(3, 19);1;945
3;0.125;MoveNorthWest;(21, 19);MoveSouth;(3, 20);1;946
3;0.125;MoveNorthWest;(21, 19);;(3, 20);1;947
3;0.125;MoveNorthWest;(21, 19);;(3, 20);1;948
3;0.125;MoveNorthWest;(21, 19);MoveSouth;(3, 21);1;949
3;0.125;MoveNorthWest;(21, 19);MoveSouth;(3, 21);1;950
3;0.125;MoveNorthWest;(21, 19);;(3, 21);1;951
3;0.125;MoveNorthWest;(21, 19);;(3, 21);1;952
3;0.125;MoveNorthWest;(20, 18);;(3, 21);1;953
3;0.125;MoveWest;(20, 18);;(3, 21);1;954
3;0.125;MoveWest;(20, 18);;(3, 21);1;955
3;0.125;MoveWest;(20, 18);;(3, 21);1;956
3;0.125;MoveWest;(20, 18);;(3, 21);1;957
3;0.125;MoveWest;(20, 18);;(3, 21);1;958
3;0.125;MoveWest;(20, 18);;(3, 21);1;959
3;0.125;MoveWest;(20, 18);;(3, 21);1;960
3;0.125;MoveWest;(20, 18);;(3, 21);1;961
3;0.125;MoveWest;(20, 18);;(3, 21);1;962
3;0.125;MoveWest;(20, 18);;(3, 21);1;963
3;0.125;MoveWest;(20, 18);;(3, 21);1;964
3;0.125;MoveWest;(20, 18);;(3, 21);1;965
3;0.125;MoveWest;(20, 18);;(3, 21);1;966
3;0.125;MoveWest;(19, 18);;(3, 21);1;967
3;0.125;MoveWest;(19, 18);;(3, 21);1;968
3;0.125;MoveWest;(19, 18);;(3, 21);1;969
3;0.125;MoveWest;(19, 18);;(3, 21);1;970
3;0.125;MoveWest;(19, 18);;(3, 21);1;971
3;0.125;MoveWest;(19, 18);;(3, 21);1;972
3;0.125;MoveWest;(19, 18);;(3, 21);1;973
3;0.125;MoveWest;(19, 18);;(3, 21);1;974
3;0.125;MoveWest;(19, 18);;(3, 21);1;975
3;0.125;MoveWest;(18, 18);;(3, 21);1;976
3;0.125;MoveWest;(18, 18);;(3, 21);1;977
3;0.125;MoveWest;(18, 18);;(3, 21);1;978
3;0.125;MoveWest;(18, 18);;(3, 21);1;979
3;0.125;MoveWest;(18, 18);;(3, 21);1;980
3;0.125;MoveWest;(18, 18);;(3, 21);1;981
3;0.125;MoveWest;(18, 18);;(3, 21);1;982
3;0.125;MoveWest;(18, 18);;(3, 21);1;983
3;0.125;MoveWest;(18, 18);;(3, 21);1;984
3;0.125;MoveWest;(17, 18);;(3, 21);1;985
3;0.125;MoveWest;(17, 18);;(3, 21);1;986
3;0.125;MoveWest;(17, 18);;(3, 21);1;987
3;0.125;MoveWest;(17, 18);;(3, 21);1;988
3;0.125;MoveWest;(17, 18);;(3, 21);1;989
3;0.125;MoveWest;(17, 18);;(3, 21);1;990
3;0.125;MoveWest;(17, 18);;(3, 21);1;991
3;0.125;MoveWest;(17, 18);;(3, 21);1;992
3;0.125;MoveWest;(17, 18);;(3, 21);1;993
3;0.125;MoveWest;(16, 18);;(3, 21);1;994
3;0.125;MoveWest;(16, 18);;(3, 21);1;995
3;0.125;MoveWest;(16, 18);;(3, 21);1;996
3;0.125;MoveWest;(16, 18);;(3, 21);1;997
3;0.125;MoveWest;(16, 18);;(3, 21);1;998
3;0.125;MoveWest;(16, 18);;(3, 21);1;999
3;0.125;MoveWest;(16, 18);;(3, 21);1;1000
3;0.125;MoveWest;(16, 18);;(3, 21);1;1001
3;0.125;MoveWest;(16, 18);;(3, 21);1;1002
3;0.125;MoveWest;(15, 18);;(3, 21);1;1003
3;0.125;RemoveObject;(15, 18);;(3, 21);1;1004
3;0.125;RemoveObject;(15, 18);;(3, 21);1;1005
3;0.125;RemoveObject;(15, 18);;(3, 21);1;1006
3;0.125;RemoveObject;(15, 18);;(3, 21);1;1007
3;0.125;RemoveObject;(15, 18);;(3, 21);1;1008
3;0.125;RemoveObject;(15, 18);;(3, 21);1;1009
3;0.125;RemoveObject;(15, 18);;(3, 21);1;1010
3;0.125;RemoveObject;(15, 18);CarryObject;(3, 21);1;1011
3;0.125;RemoveObject;(15, 18);;(3, 21);1;1012
3;0.125;RemoveObject;(15, 18);;(3, 21);1;1013
3;0.125;RemoveObject;(15, 18);;(3, 21);1;1014
3;0.125;RemoveObject;(15, 18);;(3, 21);1;1015
3;0.125;RemoveObject;(15, 18);;(3, 21);1;1016
3;0.125;RemoveObject;(15, 18);;(3, 21);1;1017
3;0.125;RemoveObject;(15, 18);;(3, 21);1;1018
3;0.125;RemoveObject;(15, 18);;(3, 21);1;1019
3;0.125;RemoveObject;(15, 18);;(3, 21);1;1020
3;0.125;RemoveObject;(15, 18);;(3, 21);1;1021
3;0.125;RemoveObject;(15, 18);;(3, 21);1;1022
3;0.125;RemoveObject;(15, 18);;(3, 21);1;1023
3;0.125;RemoveObject;(15, 18);MoveNorth;(3, 20);1;1024
3;0.125;RemoveObject;(15, 18);;(3, 20);1;1025
3;0.125;RemoveObject;(15, 18);;(3, 20);1;1026
3;0.125;RemoveObject;(15, 18);MoveNorth;(3, 19);1;1027
3;0.125;RemoveObject;(15, 18);;(3, 19);1;1028
3;0.125;RemoveObject;(15, 18);;(3, 19);1;1029
3;0.125;RemoveObject;(15, 18);;(3, 19);1;1030
3;0.125;RemoveObject;(15, 18);;(3, 19);1;1031
3;0.125;RemoveObject;(15, 18);;(3, 19);1;1032
3;0.125;RemoveObject;(15, 18);;(3, 19);1;1033
3;0.125;RemoveObject;(15, 18);;(3, 19);1;1034
3;0.125;RemoveObject;(15, 18);;(3, 19);1;1035
3;0.125;RemoveObject;(15, 18);;(3, 19);1;1036
3;0.125;RemoveObject;(15, 18);;(3, 19);1;1037
3;0.125;RemoveObject;(15, 18);MoveNorth;(3, 18);1;1038
3;0.125;RemoveObject;(15, 18);;(3, 18);1;1039
3;0.125;RemoveObject;(15, 18);;(3, 18);1;1040
3;0.125;RemoveObject;(15, 18);;(3, 18);1;1041
3;0.125;RemoveObject;(15, 18);;(3, 18);1;1042
3;0.125;RemoveObject;(15, 18);;(3, 18);1;1043
3;0.125;RemoveObject;(15, 18);;(3, 18);1;1044
3;0.125;RemoveObject;(15, 18);MoveEast;(4, 18);1;1045
3;0.125;RemoveObject;(15, 18);;(4, 18);1;1046
3;0.125;RemoveObject;(15, 18);MoveEast;(5, 18);1;1047
3;0.125;RemoveObject;(15, 18);MoveEast;(6, 18);1;1048
3;0.125;RemoveObject;(15, 18);;(6, 18);1;1049
3;0.125;RemoveObject;(15, 18);MoveEast;(7, 18);1;1050
3;0.125;RemoveObject;(15, 18);;(7, 18);1;1051
3;0.125;RemoveObject;(15, 18);;(7, 18);1;1052
3;0.125;RemoveObject;(15, 18);;(7, 18);1;1053
3;0.125;RemoveObject;(15, 18);MoveEast;(8, 18);1;1054
3;0.125;RemoveObject;(15, 18);MoveEast;(9, 18);1;1055
3;0.125;RemoveObject;(15, 18);;(9, 18);1;1056
3;0.125;RemoveObject;(15, 18);;(9, 18);1;1057
3;0.125;RemoveObject;(15, 18);;(9, 18);1;1058
3;0.125;RemoveObject;(15, 18);;(9, 18);1;1059
3;0.125;RemoveObject;(15, 18);;(9, 18);1;1060
3;0.125;RemoveObject;(15, 18);;(9, 18);1;1061
3;0.125;RemoveObject;(15, 18);MoveEast;(10, 18);1;1062
3;0.125;RemoveObject;(15, 18);MoveEast;(10, 18);1;1063
3;0.125;RemoveObject;(15, 18);MoveEast;(10, 18);1;1064
3;0.125;RemoveObject;(15, 18);MoveEast;(10, 18);1;1065
3;0.125;RemoveObject;(15, 18);MoveEast;(10, 18);1;1066
3;0.125;RemoveObject;(15, 18);MoveEast;(10, 18);1;1067
3;0.125;RemoveObject;(15, 18);MoveEast;(11, 18);1;1068
3;0.125;RemoveObject;(15, 18);MoveNorth;(11, 18);1;1069
3;0.125;RemoveObject;(15, 18);MoveNorth;(11, 18);1;1070
3;0.125;RemoveObject;(15, 18);MoveNorth;(11, 18);1;1071
3;0.125;RemoveObject;(15, 18);MoveNorth;(11, 18);1;1072
3;0.125;RemoveObject;(15, 18);MoveNorth;(11, 18);1;1073
3;0.125;RemoveObject;(15, 18);MoveNorth;(11, 17);1;1074
3;0.125;RemoveObject;(15, 18);MoveEast;(12, 17);1;1075
3;0.125;RemoveObject;(15, 18);;(12, 17);1;1076
3;0.125;RemoveObject;(15, 18);MoveEast;(13, 17);1;1077
3;0.125;RemoveObject;(15, 18);MoveEast;(14, 17);1;1078
3;0.125;RemoveObject;(15, 18);;(14, 17);1;1079
3;0.125;RemoveObject;(15, 18);;(14, 17);1;1080
3;0.125;RemoveObject;(15, 18);MoveEast;(14, 17);1;1081
3;0.125;RemoveObject;(15, 18);MoveEast;(14, 17);1;1082
3;0.125;RemoveObject;(15, 18);MoveEast;(14, 17);1;1083
3;0.125;RemoveObject;(15, 18);MoveEast;(14, 17);1;1084
3;0.125;RemoveObject;(15, 18);MoveEast;(14, 17);1;1085
3;0.125;RemoveObject;(15, 18);MoveEast;(15, 17);1;1086
3;0.125;RemoveObject;(15, 18);;(15, 17);1;1087
3;0.125;RemoveObject;(15, 18);;(15, 17);1;1088
3;0.125;RemoveObject;(15, 18);MoveSouth;(15, 18);1;1089
3;0.125;RemoveObject;(15, 18);;(15, 18);1;1090
3;0.125;RemoveObject;(15, 18);;(15, 18);1;1091
3;0.125;RemoveObject;(15, 18);;(15, 18);1;1092
3;0.125;RemoveObject;(15, 18);;(15, 18);1;1093
3;0.125;RemoveObject;(15, 18);;(15, 18);1;1094
3;0.125;RemoveObject;(15, 18);;(15, 18);1;1095
3;0.125;RemoveObject;(15, 18);;(15, 18);1;1096
3;0.125;RemoveObject;(15, 18);;(15, 18);1;1097
3;0.125;RemoveObject;(15, 18);MoveEast;(16, 18);1;1098
3;0.125;RemoveObject;(15, 18);MoveEast;(17, 18);1;1099
3;0.125;RemoveObject;(15, 18);;(17, 18);1;1100
3;0.125;RemoveObject;(15, 18);MoveEast;(18, 18);1;1101
3;0.125;RemoveObject;(15, 18);MoveEast;(19, 18);1;1102
3;0.125;RemoveObject;(15, 18);;(19, 18);1;1103
3;0.125;RemoveObject;(15, 18);MoveEast;(20, 18);1;1104
3;0.125;MoveSouth;(15, 18);;(20, 18);1;1105
3;0.125;MoveSouth;(15, 18);MoveEast;(20, 18);1;1106
3;0.125;MoveSouth;(15, 18);MoveEast;(20, 18);1;1107
3;0.125;MoveSouth;(15, 18);MoveEast;(20, 18);1;1108
3;0.125;MoveSouth;(15, 18);MoveEast;(20, 18);1;1109
3;0.125;MoveSouth;(15, 18);MoveEast;(20, 18);1;1110
3;0.125;MoveSouth;(15, 18);MoveEast;(21, 18);1;1111
3;0.125;MoveSouth;(15, 18);MoveEast;(22, 18);1;1112
3;0.125;MoveSouth;(15, 19);MoveEast;(23, 18);1;1113
3;0.125;MoveSouthWest;(15, 19);;(23, 18);1;1114
3;0.125;MoveSouthWest;(15, 19);MoveEast;(23, 18);1;1115
3;0.125;MoveSouthWest;(15, 19);;(23, 18);1;1116
3;0.125;MoveSouthWest;(15, 19);MoveEast;(23, 18);1;1117
3;0.125;MoveSouthWest;(15, 19);;(23, 18);1;1118
3;0.125;MoveSouthWest;(15, 19);;(23, 18);1;1119
3;0.125;MoveSouthWest;(15, 19);;(23, 18);1;1120
3;0.125;MoveSouthWest;(15, 19);;(23, 18);1;1121
3;0.125;MoveSouthWest;(14, 20);MoveNorth;(23, 17);1;1122
3;0.125;MoveSouthEast;(14, 20);;(23, 17);1;1123
3;0.125;MoveSouthEast;(14, 20);MoveNorth;(23, 16);1;1124
3;0.125;MoveSouthEast;(14, 20);;(23, 16);1;1125
3;0.125;MoveSouthEast;(14, 20);;(23, 16);1;1126
3;0.125;MoveSouthEast;(14, 20);;(23, 16);1;1127
3;0.125;MoveSouthEast;(14, 20);;(23, 16);1;1128
3;0.125;MoveSouthEast;(14, 20);;(23, 16);1;1129
3;0.125;MoveSouthEast;(14, 20);;(23, 16);1;1130
3;0.125;MoveSouthEast;(15, 21);;(23, 16);1;1131
3;0.125;MoveNorthEast;(15, 21);;(23, 16);1;1132
3;0.125;MoveNorthEast;(15, 21);;(23, 16);1;1133
3;0.125;MoveNorthEast;(15, 21);;(23, 16);1;1134
3;0.125;MoveNorthEast;(15, 21);;(23, 16);1;1135
3;0.125;MoveNorthEast;(15, 21);;(23, 16);1;1136
3;0.125;MoveNorthEast;(15, 21);;(23, 16);1;1137
3;0.125;MoveNorthEast;(15, 21);MoveNorth;(23, 15);1;1138
3;0.125;MoveNorthEast;(15, 21);;(23, 15);1;1139
3;0.125;MoveNorthEast;(16, 20);;(23, 15);1;1140
3;0.125;Idle;(16, 20);;(23, 15);1;1141
3;0.125;Idle;(16, 20);;(23, 15);1;1142
3;0.125;Idle;(16, 20);;(23, 15);1;1143
3;0.125;Idle;(16, 20);;(23, 15);1;1144
3;0.125;Idle;(16, 20);;(23, 15);1;1145
3;0.125;Idle;(16, 20);;(23, 15);1;1146
3;0.125;Idle;(16, 20);;(23, 15);1;1147
3;0.125;Idle;(16, 20);;(23, 15);1;1148
3;0.125;Idle;(16, 20);;(23, 15);1;1149
3;0.125;Idle;(16, 20);;(23, 15);1;1150
3;0.125;Idle;(16, 20);;(23, 15);1;1151
3;0.125;Idle;(16, 20);;(23, 15);1;1152
3;0.125;Idle;(16, 20);;(23, 15);1;1153
3;0.125;Idle;(16, 20);;(23, 15);1;1154
3;0.125;Idle;(16, 20);;(23, 15);1;1155
3;0.125;Idle;(16, 20);;(23, 15);1;1156
3;0.125;Idle;(16, 20);;(23, 15);1;1157
3;0.125;Idle;(16, 20);;(23, 15);1;1158
3;0.125;Idle;(16, 20);;(23, 15);1;1159
3;0.125;Idle;(16, 20);;(23, 15);1;1160
3;0.125;Idle;(16, 20);;(23, 15);1;1161
3;0.125;Idle;(16, 20);;(23, 15);1;1162
3;0.125;Idle;(16, 20);;(23, 15);1;1163
3;0.125;Idle;(16, 20);;(23, 15);1;1164
3;0.125;Idle;(16, 20);;(23, 15);1;1165
3;0.125;Idle;(16, 20);;(23, 15);1;1166
3;0.125;MoveWest;(16, 20);;(23, 15);1;1167
3;0.125;MoveWest;(16, 20);;(23, 15);1;1168
3;0.125;MoveWest;(16, 20);;(23, 15);1;1169
3;0.125;MoveWest;(16, 20);;(23, 15);1;1170
3;0.125;MoveWest;(16, 20);;(23, 15);1;1171
3;0.125;MoveWest;(16, 20);;(23, 15);1;1172
3;0.125;MoveWest;(16, 20);;(23, 15);1;1173
3;0.125;MoveWest;(16, 20);;(23, 15);1;1174
3;0.125;MoveWest;(15, 20);;(23, 15);1;1175
3;0.125;MoveWest;(15, 20);;(23, 15);1;1176
3;0.125;MoveWest;(15, 20);;(23, 15);1;1177
3;0.125;MoveWest;(15, 20);;(23, 15);1;1178
3;0.125;MoveWest;(15, 20);;(23, 15);1;1179
3;0.125;MoveWest;(15, 20);;(23, 15);1;1180
3;0.125;MoveWest;(15, 20);;(23, 15);1;1181
3;0.125;MoveWest;(15, 20);;(23, 15);1;1182
3;0.125;MoveWest;(15, 20);;(23, 15);1;1183
3;0.125;MoveWest;(14, 20);;(23, 15);1;1184
3;0.125;CarryObject;(14, 20);;(23, 15);1;1185
3;0.125;CarryObject;(14, 20);;(23, 15);1;1186
3;0.125;CarryObject;(14, 20);;(23, 15);1;1187
3;0.125;CarryObject;(14, 20);;(23, 15);1;1188
3;0.125;CarryObject;(14, 20);;(23, 15);1;1189
3;0.125;CarryObject;(14, 20);;(23, 15);1;1190
3;0.125;CarryObject;(14, 20);;(23, 15);1;1191
3;0.125;CarryObject;(14, 20);;(23, 15);1;1192
3;0.125;CarryObject;(14, 20);;(23, 15);1;1193
3;0.125;CarryObject;(14, 20);;(23, 15);1;1194
3;0.125;CarryObject;(14, 20);;(23, 15);1;1195
3;0.125;CarryObject;(14, 20);;(23, 15);1;1196
6;0.25;CarryObject;(14, 20);Drop;(23, 15);1;1197
6;0.25;CarryObject;(14, 20);;(23, 15);1;1198
6;0.25;CarryObject;(14, 20);;(23, 15);1;1199
6;0.25;CarryObject;(14, 20);;(23, 15);1;1200
6;0.25;CarryObject;(14, 20);;(23, 15);1;1201
6;0.25;CarryObject;(14, 20);;(23, 15);1;1202
6;0.25;CarryObject;(14, 20);;(23, 15);1;1203
6;0.25;CarryObject;(14, 20);;(23, 15);1;1204
6;0.25;CarryObject;(14, 20);MoveWest;(22, 15);1;1205
6;0.25;CarryObject;(14, 20);;(22, 15);1;1206
6;0.25;CarryObject;(14, 20);MoveWest;(21, 15);1;1207
6;0.25;CarryObject;(14, 20);;(21, 15);1;1208
6;0.25;CarryObject;(14, 20);;(21, 15);1;1209
6;0.25;CarryObject;(14, 20);;(21, 15);1;1210
6;0.25;CarryObject;(14, 20);;(21, 15);1;1211
6;0.25;CarryObject;(14, 20);;(21, 15);1;1212
6;0.25;CarryObject;(14, 20);;(21, 15);1;1213
6;0.25;CarryObject;(14, 20);;(21, 15);1;1214
6;0.25;CarryObject;(14, 20);;(21, 15);1;1215
6;0.25;CarryObject;(14, 20);;(21, 15);1;1216
6;0.25;CarryObject;(14, 20);;(21, 15);1;1217
6;0.25;CarryObject;(14, 20);;(21, 15);1;1218
6;0.25;CarryObject;(14, 20);;(21, 15);1;1219
6;0.25;CarryObject;(14, 20);;(21, 15);1;1220
6;0.25;CarryObject;(14, 20);;(21, 15);1;1221
6;0.25;CarryObject;(14, 20);;(21, 15);1;1222
6;0.25;CarryObject;(14, 20);;(21, 15);1;1223
6;0.25;CarryObject;(14, 20);;(21, 15);1;1224
6;0.25;CarryObject;(14, 20);;(21, 15);1;1225
6;0.25;CarryObject;(14, 20);;(21, 15);1;1226
6;0.25;CarryObject;(14, 20);;(21, 15);1;1227
6;0.25;CarryObject;(14, 20);;(21, 15);1;1228
6;0.25;CarryObject;(14, 20);;(21, 15);1;1229
6;0.25;CarryObject;(14, 20);;(21, 15);1;1230
6;0.25;CarryObject;(14, 20);;(21, 15);1;1231
6;0.25;CarryObject;(14, 20);;(21, 15);1;1232
6;0.25;CarryObject;(14, 20);;(21, 15);1;1233
6;0.25;CarryObject;(14, 20);;(21, 15);1;1234
6;0.25;CarryObject;(14, 20);;(21, 15);1;1235
6;0.25;CarryObject;(14, 20);;(21, 15);1;1236
6;0.25;CarryObject;(14, 20);;(21, 15);1;1237
6;0.25;CarryObject;(14, 20);;(21, 15);1;1238
6;0.25;CarryObject;(14, 20);;(21, 15);1;1239
6;0.25;CarryObject;(14, 20);;(21, 15);1;1240
6;0.25;CarryObject;(14, 20);;(21, 15);1;1241
6;0.25;CarryObject;(14, 20);MoveNorth;(21, 14);1;1242
6;0.25;CarryObject;(14, 20);;(21, 14);1;1243
6;0.25;CarryObject;(14, 20);;(21, 14);1;1244
6;0.25;CarryObject;(14, 20);MoveNorth;(21, 13);1;1245
6;0.25;CarryObject;(14, 20);;(21, 13);1;1246
6;0.25;CarryObject;(14, 20);MoveNorth;(21, 12);1;1247
6;0.25;CarryObject;(14, 20);MoveNorth;(21, 11);1;1248
6;0.25;CarryObject;(14, 20);;(21, 11);1;1249
6;0.25;CarryObject;(14, 20);;(21, 11);1;1250
6;0.25;CarryObject;(14, 20);;(21, 11);1;1251
6;0.25;CarryObject;(14, 20);MoveNorth;(21, 10);1;1252
6;0.25;CarryObject;(14, 20);MoveNorth;(21, 9);1;1253
6;0.25;CarryObject;(14, 20);;(21, 9);1;1254
6;0.25;CarryObject;(14, 20);MoveNorth;(21, 8);1;1255
6;0.25;CarryObject;(14, 20);MoveNorth;(21, 8);1;1256
6;0.25;CarryObject;(14, 20);;(21, 8);1;1257
6;0.25;CarryObject;(14, 20);MoveNorth;(21, 8);1;1258
6;0.25;CarryObject;(14, 20);;(21, 8);1;1259
6;0.25;CarryObject;(14, 20);;(21, 8);1;1260
6;0.25;CarryObject;(14, 20);;(21, 8);1;1261
6;0.25;CarryObject;(14, 20);;(21, 8);1;1262
6;0.25;CarryObject;(14, 20);;(21, 8);1;1263
6;0.25;CarryObject;(14, 20);;(21, 8);1;1264
6;0.25;CarryObject;(14, 20);;(21, 8);1;1265
6;0.25;CarryObject;(14, 20);;(21, 8);1;1266
6;0.25;CarryObject;(14, 20);;(21, 8);1;1267
6;0.25;CarryObject;(14, 20);;(21, 8);1;1268
6;0.25;CarryObject;(14, 20);;(21, 8);1;1269
6;0.25;CarryObject;(14, 20);MoveEast;(22, 8);1;1270
6;0.25;CarryObject;(14, 20);;(22, 8);1;1271
6;0.25;CarryObject;(14, 20);;(22, 8);1;1272
6;0.25;CarryObject;(14, 20);;(22, 8);1;1273
6;0.25;CarryObject;(14, 20);;(22, 8);1;1274
6;0.25;CarryObject;(14, 20);;(22, 8);1;1275
6;0.25;CarryObject;(14, 20);;(22, 8);1;1276
6;0.25;CarryObject;(14, 20);MoveNorth;(22, 7);1;1277
6;0.25;CarryObject;(14, 20);;(22, 7);1;1278
6;0.25;CarryObject;(14, 20);;(22, 7);1;1279
6;0.25;CarryObject;(14, 20);;(22, 7);1;1280
6;0.25;CarryObject;(14, 20);;(22, 7);1;1281
6;0.25;CarryObject;(14, 20);MoveNorth;(22, 6);1;1282
6;0.25;CarryObject;(14, 20);;(22, 6);1;1283
6;0.25;CarryObject;(14, 20);;(22, 6);1;1284
6;0.25;CarryObject;(14, 20);;(22, 6);1;1285
6;0.25;CarryObject;(14, 20);MoveWest;(21, 6);1;1286
6;0.25;CarryObject;(14, 20);;(21, 6);1;1287
6;0.25;CarryObject;(14, 20);;(21, 6);1;1288
6;0.25;CarryObject;(14, 20);MoveWest;(20, 6);1;1289
6;0.25;CarryObject;(14, 20);;(20, 6);1;1290
6;0.25;CarryObject;(14, 20);MoveWest;(19, 6);1;1291
6;0.25;CarryObject;(14, 20);;(19, 6);1;1292
6;0.25;CarryObject;(14, 20);;(19, 6);1;1293
6;0.25;CarryObject;(14, 20);;(19, 6);1;1294
6;0.25;CarryObject;(14, 20);MoveWest;(19, 6);1;1295
6;0.25;CarryObject;(14, 20);MoveWest;(19, 6);1;1296
6;0.25;CarryObject;(14, 20);MoveWest;(19, 6);1;1297
6;0.25;CarryObject;(14, 20);MoveWest;(19, 6);1;1298
6;0.25;CarryObject;(14, 20);MoveWest;(19, 6);1;1299
6;0.25;CarryObject;(14, 20);MoveWest;(18, 6);1;1300
6;0.25;CarryObject;(14, 20);MoveWest;(17, 6);1;1301
6;0.25;CarryObject;(14, 20);MoveWest;(16, 6);1;1302
6;0.25;CarryObject;(14, 20);MoveWest;(15, 6);1;1303
6;0.25;CarryObject;(14, 20);MoveWest;(14, 6);1;1304
6;0.25;CarryObject;(14, 20);MoveWest;(13, 6);1;1305
6;0.25;CarryObject;(14, 20);;(13, 6);1;1306
6;0.25;CarryObject;(14, 20);MoveWest;(12, 6);1;1307
6;0.25;CarryObject;(14, 20);;(12, 6);1;1308
6;0.25;CarryObject;(14, 20);;(12, 6);1;1309
6;0.25;CarryObject;(14, 20);MoveWest;(12, 6);1;1310
6;0.25;CarryObject;(14, 20);MoveWest;(12, 6);1;1311
6;0.25;CarryObject;(14, 20);MoveWest;(12, 6);1;1312
6;0.25;CarryObject;(14, 20);MoveWest;(12, 6);1;1313
6;0.25;CarryObject;(14, 20);MoveWest;(12, 6);1;1314
6;0.25;CarryObject;(14, 20);MoveWest;(11, 6);1;1315
6;0.25;CarryObject;(14, 20);MoveWest;(11, 6);1;1316
6;0.25;CarryObject;(14, 20);MoveWest;(11, 6);1;1317
6;0.25;CarryObject;(14, 20);MoveWest;(11, 6);1;1318
6;0.25;CarryObject;(14, 20);MoveWest;(11, 6);1;1319
6;0.25;CarryObject;(14, 20);MoveWest;(11, 6);1;1320
6;0.25;CarryObject;(14, 20);MoveWest;(10, 6);1;1321
6;0.25;CarryObject;(14, 20);;(10, 6);1;1322
6;0.25;CarryObject;(14, 20);;(10, 6);1;1323
6;0.25;CarryObject;(14, 20);;(10, 6);1;1324
6;0.25;CarryObject;(14, 20);;(10, 6);1;1325
6;0.25;CarryObject;(14, 20);MoveWest;(10, 6);1;1326
6;0.25;CarryObject;(14, 20);MoveWest;(10, 6);1;1327
6;0.25;CarryObject;(14, 20);MoveWest;(10, 6);1;1328
6;0.25;CarryObject;(14, 20);MoveWest;(10, 6);1;1329
6;0.25;CarryObject;(14, 20);MoveWest;(10, 6);1;1330
6;0.25;CarryObject;(14, 20);MoveWest;(9, 6);1;1331
6;0.25;CarryObject;(14, 20);MoveWest;(8, 6);1;1332
6;0.25;CarryObject;(14, 20);;(8, 6);1;1333
6;0.25;CarryObject;(14, 20);;(8, 6);1;1334
6;0.25;CarryObject;(14, 20);;(8, 6);1;1335
6;0.25;MoveNorthEast;(14, 20);;(8, 6);1;1336
6;0.25;MoveNorthEast;(14, 20);;(8, 6);1;1337
6;0.25;MoveNorthEast;(14, 20);;(8, 6);1;1338
6;0.25;MoveNorthEast;(14, 20);MoveEast;(9, 6);1;1339
6;0.25;MoveNorthEast;(14, 20);;(9, 6);1;1340
6;0.25;MoveNorthEast;(14, 20);;(9, 6);1;1341
6;0.25;MoveNorthEast;(14, 20);;(9, 6);1;1342
6;0.25;MoveNorthEast;(14, 20);;(9, 6);1;1343
6;0.25;MoveNorthEast;(15, 19);;(9, 6);1;1344
6;0.25;MoveNorthEast;(15, 19);;(9, 6);1;1345
6;0.25;MoveNorthEast;(15, 19);;(9, 6);1;1346
6;0.25;MoveNorthEast;(15, 19);;(9, 6);1;1347
6;0.25;MoveNorthEast;(15, 19);;(9, 6);1;1348
6;0.25;MoveNorthEast;(15, 19);RemoveObject;(9, 6);1;1349
6;0.25;MoveNorthEast;(15, 19);RemoveObject;(9, 6);1;1350
6;0.25;MoveNorthEast;(15, 19);RemoveObject;(9, 6);1;1351
6;0.25;MoveNorthEast;(15, 19);RemoveObject;(9, 6);1;1352
6;0.25;MoveNorthEast;(16, 18);RemoveObject;(9, 6);1;1353
6;0.25;MoveNorthEast;(16, 18);RemoveObject;(9, 6);1;1354
6;0.25;MoveNorthEast;(16, 18);RemoveObject;(9, 6);1;1355
6;0.25;MoveNorthEast;(16, 18);RemoveObject;(9, 6);1;1356
6;0.25;MoveNorthEast;(16, 18);RemoveObject;(9, 6);1;1357
6;0.25;MoveNorthEast;(16, 18);RemoveObject;(9, 6);1;1358
6;0.25;MoveNorthEast;(16, 18);RemoveObject;(9, 6);1;1359
6;0.25;MoveNorthEast;(16, 18);RemoveObject;(9, 6);1;1360
6;0.25;MoveNorthEast;(16, 18);RemoveObject;(9, 6);1;1361
6;0.25;MoveNorthEast;(17, 17);RemoveObject;(9, 6);1;1362
6;0.25;MoveNorthEast;(17, 17);RemoveObject;(9, 6);1;1363
6;0.25;MoveNorthEast;(17, 17);RemoveObject;(9, 6);1;1364
6;0.25;MoveNorthEast;(17, 17);RemoveObject;(9, 6);1;1365
6;0.25;MoveNorthEast;(17, 17);RemoveObject;(9, 6);1;1366
6;0.25;MoveNorthEast;(17, 17);RemoveObject;(9, 6);1;1367
6;0.25;MoveNorthEast;(17, 17);RemoveObject;(9, 6);1;1368
6;0.25;MoveNorthEast;(17, 17);RemoveObject;(9, 6);1;1369
6;0.25;MoveNorthEast;(17, 17);RemoveObject;(9, 6);1;1370
6;0.25;MoveNorthEast;(17, 17);RemoveObject;(9, 6);1;1371
6;0.25;MoveNorthEast;(17, 17);RemoveObject;(9, 6);1;1372
6;0.25;MoveNorthEast;(17, 17);RemoveObject;(9, 6);1;1373
6;0.25;MoveNorthEast;(17, 17);RemoveObject;(9, 6);1;1374
6;0.25;MoveNorthEast;(17, 17);RemoveObject;(9, 6);1;1375
6;0.25;MoveNorthEast;(18, 16);RemoveObject;(9, 6);1;1376
6;0.25;MoveNorthEast;(18, 16);RemoveObject;(9, 6);1;1377
6;0.25;MoveNorthEast;(18, 16);RemoveObject;(9, 6);1;1378
6;0.25;MoveNorthEast;(18, 16);RemoveObject;(9, 6);1;1379
6;0.25;MoveNorthEast;(18, 16);RemoveObject;(9, 6);1;1380
6;0.25;MoveNorthEast;(18, 16);RemoveObject;(9, 6);1;1381
6;0.25;MoveNorthEast;(18, 16);RemoveObject;(9, 6);1;1382
6;0.25;MoveNorthEast;(18, 16);RemoveObject;(9, 6);1;1383
6;0.25;MoveNorthEast;(18, 16);RemoveObject;(9, 6);1;1384
6;0.25;MoveNorthEast;(18, 16);RemoveObject;(9, 6);1;1385
6;0.25;MoveNorthEast;(18, 16);RemoveObject;(9, 6);1;1386
6;0.25;MoveNorthEast;(18, 16);RemoveObject;(9, 6);1;1387
6;0.25;MoveNorthEast;(18, 16);RemoveObject;(9, 6);1;1388
6;0.25;MoveNorthEast;(18, 16);RemoveObject;(9, 6);1;1389
6;0.25;MoveNorthEast;(19, 15);RemoveObject;(9, 6);1;1390
6;0.25;MoveNorthEast;(19, 15);RemoveObject;(9, 6);1;1391
6;0.25;MoveNorthEast;(19, 15);RemoveObject;(9, 6);1;1392
6;0.25;MoveNorthEast;(19, 15);RemoveObject;(9, 6);1;1393
6;0.25;MoveNorthEast;(19, 15);RemoveObject;(9, 6);1;1394
6;0.25;MoveNorthEast;(19, 15);RemoveObject;(9, 6);1;1395
6;0.25;MoveNorthEast;(19, 15);RemoveObject;(9, 6);1;1396
6;0.25;MoveNorthEast;(19, 15);RemoveObject;(9, 6);1;1397
6;0.25;MoveNorthEast;(19, 15);RemoveObject;(9, 6);1;1398
6;0.25;MoveNorthEast;(20, 14);RemoveObject;(9, 6);1;1399
6;0.25;MoveEast;(20, 14);RemoveObject;(9, 6);1;1400
6;0.25;MoveEast;(20, 14);RemoveObject;(9, 6);1;1401
6;0.25;MoveEast;(20, 14);RemoveObject;(9, 6);1;1402
6;0.25;MoveEast;(20, 14);RemoveObject;(9, 6);1;1403
6;0.25;MoveEast;(20, 14);RemoveObject;(9, 6);1;1404
6;0.25;MoveEast;(20, 14);RemoveObject;(9, 6);1;1405
6;0.25;MoveEast;(20, 14);RemoveObject;(9, 6);1;1406
6;0.25;MoveEast;(20, 14);RemoveObject;(9, 6);1;1407
6;0.25;MoveEast;(21, 14);RemoveObject;(9, 6);1;1408
6;0.25;MoveNorthEast;(21, 14);RemoveObject;(9, 6);1;1409
6;0.25;MoveNorthEast;(21, 14);RemoveObject;(9, 6);1;1410
6;0.25;MoveNorthEast;(21, 14);RemoveObject;(9, 6);1;1411
6;0.25;MoveNorthEast;(21, 14);RemoveObject;(9, 6);1;1412
6;0.25;MoveNorthEast;(21, 14);RemoveObject;(9, 6);1;1413
6;0.25;MoveNorthEast;(21, 14);RemoveObject;(9, 6);1;1414
6;0.25;MoveNorthEast;(21, 14);RemoveObject;(9, 6);1;1415
6;0.25;MoveNorthEast;(21, 14);RemoveObject;(9, 6);1;1416
6;0.25;MoveNorthEast;(22, 13);RemoveObject;(9, 6);1;1417
6;0.25;MoveEast;(22, 13);RemoveObject;(9, 6);1;1418
6;0.25;MoveEast;(22, 13);RemoveObject;(9, 6);1;1419
6;0.25;MoveEast;(22, 13);RemoveObject;(9, 6);1;1420
6;0.25;MoveEast;(22, 13);RemoveObject;(9, 6);1;1421
6;0.25;MoveEast;(22, 13);RemoveObject;(9, 6);1;1422
6;0.25;MoveEast;(22, 13);RemoveObject;(9, 6);1;1423
6;0.25;MoveEast;(22, 13);RemoveObject;(9, 6);1;1424
6;0.25;MoveEast;(22, 13);RemoveObject;(9, 6);1;1425
6;0.25;MoveEast;(23, 13);RemoveObject;(9, 6);1;1426
6;0.25;Drop;(23, 13);RemoveObject;(9, 6);1;1427
6;0.25;Drop;(23, 13);RemoveObject;(9, 6);1;1428
6;0.25;Drop;(23, 13);RemoveObject;(9, 6);1;1429
6;0.25;Drop;(23, 13);RemoveObject;(9, 6);1;1430
6;0.25;Drop;(23, 13);RemoveObject;(9, 6);1;1431
6;0.25;Drop;(23, 13);RemoveObject;(9, 6);1;1432
6;0.25;Drop;(23, 13);RemoveObject;(9, 6);1;1433
6;0.25;Drop;(23, 13);RemoveObject;(9, 6);1;1434
9;0.375;Drop;(23, 13);RemoveObject;(9, 6);1;1435
9;0.375;MoveSouthWest;(23, 13);RemoveObject;(9, 6);1;1436
9;0.375;MoveSouthWest;(23, 13);RemoveObject;(9, 6);1;1437
9;0.375;MoveSouthWest;(23, 13);RemoveObject;(9, 6);1;1438
9;0.375;MoveSouthWest;(23, 13);RemoveObject;(9, 6);1;1439
9;0.375;MoveSouthWest;(23, 13);RemoveObject;(9, 6);1;1440
9;0.375;MoveSouthWest;(23, 13);RemoveObject;(9, 6);1;1441
9;0.375;MoveSouthWest;(23, 13);RemoveObject;(9, 6);1;1442
9;0.375;MoveSouthWest;(23, 13);RemoveObject;(9, 6);1;1443
9;0.375;MoveSouthWest;(22, 14);RemoveObject;(9, 6);1;1444
9;0.375;MoveWest;(22, 14);RemoveObject;(9, 6);1;1445
9;0.375;MoveWest;(22, 14);RemoveObject;(9, 6);1;1446
9;0.375;MoveWest;(22, 14);RemoveObject;(9, 6);1;1447
9;0.375;MoveWest;(22, 14);RemoveObject;(9, 6);1;1448
9;0.375;MoveWest;(22, 14);RemoveObject;(9, 6);1;1449
9;0.375;MoveWest;(22, 14);RemoveObject;(9, 6);1;1450
9;0.375;MoveWest;(22, 14);RemoveObject;(9, 6);1;1451
9;0.375;MoveWest;(22, 14);RemoveObject;(9, 6);1;1452
9;0.375;MoveWest;(21, 14);RemoveObject;(9, 6);1;1453
9;0.375;MoveSouthWest;(21, 14);RemoveObject;(9, 6);1;1454
9;0.375;MoveSouthWest;(21, 14);RemoveObject;(9, 6);1;1455
9;0.375;MoveSouthWest;(21, 14);RemoveObject;(9, 6);1;1456
9;0.375;MoveSouthWest;(21, 14);RemoveObject;(9, 6);1;1457
9;0.375;MoveSouthWest;(21, 14);RemoveObject;(9, 6);1;1458
9;0.375;MoveSouthWest;(21, 14);RemoveObject;(9, 6);1;1459
9;0.375;MoveSouthWest;(21, 14);RemoveObject;(9, 6);1;1460
9;0.375;MoveSouthWest;(21, 14);RemoveObject;(9, 6);1;1461
9;0.375;MoveSouthWest;(20, 15);RemoveObject;(9, 6);1;1462
9;0.375;MoveWest;(20, 15);RemoveObject;(9, 6);1;1463
9;0.375;MoveWest;(20, 15);RemoveObject;(9, 6);1;1464
9;0.375;MoveWest;(20, 15);RemoveObject;(9, 6);1;1465
9;0.375;MoveWest;(20, 15);RemoveObject;(9, 6);1;1466
9;0.375;MoveWest;(20, 15);RemoveObject;(9, 6);1;1467
9;0.375;MoveWest;(20, 15);RemoveObject;(9, 6);1;1468
9;0.375;MoveWest;(20, 15);RemoveObject;(9, 6);1;1469
9;0.375;MoveWest;(20, 15);RemoveObject;(9, 6);1;1470
9;0.375;MoveWest;(19, 15);RemoveObject;(9, 6);1;1471
9;0.375;MoveSouthWest;(19, 15);RemoveObject;(9, 6);1;1472
9;0.375;MoveSouthWest;(19, 15);RemoveObject;(9, 6);1;1473
9;0.375;MoveSouthWest;(19, 15);RemoveObject;(9, 6);1;1474
9;0.375;MoveSouthWest;(19, 15);RemoveObject;(9, 6);1;1475
9;0.375;MoveSouthWest;(19, 15);RemoveObject;(9, 6);1;1476
9;0.375;MoveSouthWest;(19, 15);RemoveObject;(9, 6);1;1477
9;0.375;MoveSouthWest;(19, 15);RemoveObject;(9, 6);1;1478
9;0.375;MoveSouthWest;(19, 15);RemoveObject;(9, 6);1;1479
9;0.375;MoveSouthWest;(18, 16);RemoveObject;(9, 6);1;1480
9;0.375;MoveSouthWest;(18, 16);RemoveObject;(9, 6);1;1481
9;0.375;MoveSouthWest;(18, 16);RemoveObject;(9, 6);1;1482
9;0.375;MoveSouthWest;(18, 16);RemoveObject;(9, 6);1;1483
9;0.375;MoveSouthWest;(18, 16);RemoveObject;(9, 6);1;1484
9;0.375;MoveSouthWest;(18, 16);RemoveObject;(9, 6);1;1485
9;0.375;MoveSouthWest;(18, 16);RemoveObject;(9, 6);1;1486
9;0.375;MoveSouthWest;(18, 16);RemoveObject;(9, 6);1;1487
9;0.375;MoveSouthWest;(18, 16);RemoveObject;(9, 6);1;1488
9;0.375;MoveSouthWest;(18, 16);RemoveObject;(9, 6);1;1489
9;0.375;MoveSouthWest;(18, 16);RemoveObject;(9, 6);1;1490
9;0.375;MoveSouthWest;(18, 16);RemoveObject;(9, 6);1;1491
9;0.375;MoveSouthWest;(18, 16);RemoveObject;(9, 6);1;1492
9;0.375;MoveSouthWest;(18, 16);RemoveObject;(9, 6);1;1493
9;0.375;MoveSouthWest;(17, 17);RemoveObject;(9, 6);1;1494
9;0.375;MoveWest;(17, 17);RemoveObject;(9, 6);1;1495
9;0.375;MoveWest;(17, 17);RemoveObject;(9, 6);1;1496
9;0.375;MoveWest;(17, 17);RemoveObject;(9, 6);1;1497
9;0.375;MoveWest;(17, 17);RemoveObject;(9, 6);1;1498
9;0.375;MoveWest;(17, 17);RemoveObject;(9, 6);1;1499
9;0.375;MoveWest;(17, 17);RemoveObject;(9, 6);1;1500
9;0.375;MoveWest;(17, 17);RemoveObject;(9, 6);1;1501
9;0.375;MoveWest;(17, 17);RemoveObject;(9, 6);1;1502
9;0.375;MoveWest;(17, 17);RemoveObject;(9, 6);1;1503
9;0.375;MoveWest;(17, 17);RemoveObject;(9, 6);1;1504
9;0.375;MoveWest;(17, 17);RemoveObject;(9, 6);1;1505
9;0.375;MoveWest;(17, 17);RemoveObject;(9, 6);1;1506
9;0.375;MoveWest;(17, 17);RemoveObject;(9, 6);1;1507
9;0.375;MoveWest;(16, 17);RemoveObject;(9, 6);1;1508
9;0.375;MoveWest;(16, 17);RemoveObject;(9, 6);1;1509
9;0.375;MoveWest;(16, 17);RemoveObject;(9, 6);1;1510
9;0.375;MoveWest;(16, 17);RemoveObject;(9, 6);1;1511
9;0.375;MoveWest;(16, 17);RemoveObject;(9, 6);1;1512
9;0.375;MoveWest;(16, 17);RemoveObject;(9, 6);1;1513
9;0.375;MoveWest;(16, 17);RemoveObject;(9, 6);1;1514
9;0.375;MoveWest;(16, 17);RemoveObject;(9, 6);1;1515
9;0.375;MoveWest;(16, 17);RemoveObject;(9, 6);1;1516
9;0.375;MoveWest;(16, 17);RemoveObject;(9, 6);1;1517
9;0.375;MoveWest;(16, 17);RemoveObject;(9, 6);1;1518
9;0.375;MoveWest;(16, 17);RemoveObject;(9, 6);1;1519
9;0.375;MoveWest;(16, 17);RemoveObject;(9, 6);1;1520
9;0.375;MoveWest;(16, 17);RemoveObject;(9, 6);1;1521
9;0.375;MoveWest;(15, 17);RemoveObject;(9, 6);1;1522
9;0.375;MoveNorth;(15, 17);RemoveObject;(9, 6);1;1523
9;0.375;MoveNorth;(15, 17);RemoveObject;(9, 6);1;1524
9;0.375;MoveNorth;(15, 17);RemoveObject;(9, 6);1;1525
9;0.375;MoveNorth;(15, 17);RemoveObject;(9, 6);1;1526
9;0.375;MoveNorth;(15, 17);RemoveObject;(9, 6);1;1527
9;0.375;MoveNorth;(15, 17);RemoveObject;(9, 6);1;1528
9;0.375;MoveNorth;(15, 17);RemoveObject;(9, 6);1;1529
9;0.375;MoveNorth;(15, 17);RemoveObject;(9, 6);1;1530
9;0.375;MoveNorth;(15, 16);RemoveObject;(9, 6);1;1531
9;0.375;MoveNorthWest;(15, 16);RemoveObject;(9, 6);1;1532
9;0.375;MoveNorthWest;(15, 16);RemoveObject;(9, 6);1;1533
9;0.375;MoveNorthWest;(15, 16);RemoveObject;(9, 6);1;1534
9;0.375;MoveNorthWest;(15, 16);RemoveObject;(9, 6);1;1535
9;0.375;MoveNorthWest;(15, 16);RemoveObject;(9, 6);1;1536
9;0.375;MoveNorthWest;(15, 16);RemoveObject;(9, 6);1;1537
9;0.375;MoveNorthWest;(15, 16);RemoveObject;(9, 6);1;1538
9;0.375;MoveNorthWest;(15, 16);RemoveObject;(9, 6);1;1539
9;0.375;MoveNorthWest;(14, 15);RemoveObject;(9, 6);1;1540
9;0.375;MoveNorth;(14, 15);RemoveObject;(9, 6);1;1541
9;0.375;MoveNorth;(14, 15);RemoveObject;(9, 6);1;1542
9;0.375;MoveNorth;(14, 15);RemoveObject;(9, 6);1;1543
9;0.375;MoveNorth;(14, 15);RemoveObject;(9, 6);1;1544
9;0.375;MoveNorth;(14, 15);RemoveObject;(9, 6);1;1545
9;0.375;MoveNorth;(14, 15);RemoveObject;(9, 6);1;1546
9;0.375;MoveNorth;(14, 15);RemoveObject;(9, 6);1;1547
9;0.375;MoveNorth;(14, 15);RemoveObject;(9, 6);1;1548
9;0.375;MoveNorth;(14, 14);RemoveObject;(9, 6);1;1549
9;0.375;MoveSouthEast;(14, 14);;(9, 6);1;1550
9;0.375;MoveSouthEast;(14, 14);;(9, 6);1;1551
9;0.375;MoveSouthEast;(14, 14);;(9, 6);1;1552
9;0.375;MoveSouthEast;(14, 14);;(9, 6);1;1553
9;0.375;MoveSouthEast;(14, 14);;(9, 6);1;1554
9;0.375;MoveSouthEast;(14, 14);;(9, 6);1;1555
9;0.375;MoveSouthEast;(14, 14);;(9, 6);1;1556
9;0.375;MoveSouthEast;(14, 14);;(9, 6);1;1557
9;0.375;MoveSouthEast;(15, 15);;(9, 6);1;1558
9;0.375;MoveNorthEast;(15, 15);;(9, 6);1;1559
9;0.375;MoveNorthEast;(15, 15);;(9, 6);1;1560
9;0.375;MoveNorthEast;(15, 15);;(9, 6);1;1561
9;0.375;MoveNorthEast;(15, 15);;(9, 6);1;1562
9;0.375;MoveNorthEast;(15, 15);;(9, 6);1;1563
9;0.375;MoveNorthEast;(15, 15);;(9, 6);1;1564
9;0.375;MoveNorthEast;(15, 15);;(9, 6);1;1565
9;0.375;MoveNorthEast;(15, 15);;(9, 6);1;1566
9;0.375;MoveNorthEast;(16, 14);;(9, 6);1;1567
9;0.375;Idle;(16, 14);;(9, 6);1;1568
9;0.375;Idle;(16, 14);;(9, 6);1;1569
9;0.375;Idle;(16, 14);;(9, 6);1;1570
9;0.375;Idle;(16, 14);;(9, 6);1;1571
9;0.375;Idle;(16, 14);;(9, 6);1;1572
9;0.375;Idle;(16, 14);;(9, 6);1;1573
9;0.375;Idle;(16, 14);;(9, 6);1;1574
9;0.375;Idle;(16, 14);;(9, 6);1;1575
9;0.375;Idle;(16, 14);;(9, 6);1;1576
9;0.375;Idle;(16, 14);;(9, 6);1;1577
9;0.375;Idle;(16, 14);;(9, 6);1;1578
9;0.375;Idle;(16, 14);;(9, 6);1;1579
9;0.375;Idle;(16, 14);;(9, 6);1;1580
9;0.375;Idle;(16, 14);;(9, 6);1;1581
9;0.375;Idle;(16, 14);;(9, 6);1;1582
9;0.375;Idle;(16, 14);;(9, 6);1;1583
9;0.375;Idle;(16, 14);;(9, 6);1;1584
9;0.375;Idle;(16, 14);;(9, 6);1;1585
9;0.375;Idle;(16, 14);;(9, 6);1;1586
9;0.375;Idle;(16, 14);;(9, 6);1;1587
9;0.375;Idle;(16, 14);;(9, 6);1;1588
9;0.375;Idle;(16, 14);;(9, 6);1;1589
9;0.375;Idle;(16, 14);;(9, 6);1;1590
9;0.375;Idle;(16, 14);;(9, 6);1;1591
9;0.375;Idle;(16, 14);;(9, 6);1;1592
9;0.375;Idle;(16, 14);;(9, 6);1;1593
9;0.375;MoveSouthWest;(16, 14);;(9, 6);1;1594
9;0.375;MoveSouthWest;(16, 14);;(9, 6);1;1595
9;0.375;MoveSouthWest;(16, 14);;(9, 6);1;1596
9;0.375;MoveSouthWest;(16, 14);;(9, 6);1;1597
9;0.375;MoveSouthWest;(16, 14);;(9, 6);1;1598
9;0.375;MoveSouthWest;(16, 14);;(9, 6);1;1599
9;0.375;MoveSouthWest;(16, 14);;(9, 6);1;1600
9;0.375;MoveSouthWest;(16, 14);;(9, 6);1;1601
9;0.375;MoveSouthWest;(15, 15);;(9, 6);1;1602
9;0.375;MoveSouth;(15, 15);;(9, 6);1;1603
9;0.375;MoveSouth;(15, 15);;(9, 6);1;1604
9;0.375;MoveSouth;(15, 15);MoveSouth;(9, 7);1;1605
9;0.375;MoveSouth;(15, 15);MoveSouth;(9, 8);1;1606
9;0.375;MoveSouth;(15, 15);;(9, 8);1;1607
9;0.375;MoveSouth;(15, 15);;(9, 8);1;1608
9;0.375;MoveSouth;(15, 15);;(9, 8);1;1609
9;0.375;MoveSouth;(15, 15);;(9, 8);1;1610
9;0.375;MoveSouth;(15, 16);;(9, 8);1;1611
9;0.375;MoveSouthWest;(15, 16);;(9, 8);1;1612
9;0.375;MoveSouthWest;(15, 16);;(9, 8);1;1613
9;0.375;MoveSouthWest;(15, 16);MoveSouth;(9, 9);1;1614
9;0.375;MoveSouthWest;(15, 16);;(9, 9);1;1615
9;0.375;MoveSouthWest;(15, 16);;(9, 9);1;1616
9;0.375;MoveSouthWest;(15, 16);;(9, 9);1;1617
9;0.375;MoveSouthWest;(15, 16);;(9, 9);1;1618
9;0.375;MoveSouthWest;(15, 16);;(9, 9);1;1619
9;0.375;MoveSouthWest;(14, 17);;(9, 9);1;1620
9;0.375;MoveWest;(14, 17);;(9, 9);1;1621
9;0.375;MoveWest;(14, 17);;(9, 9);1;1622
9;0.375;MoveWest;(14, 17);;(9, 9);1;1623
9;0.375;MoveWest;(14, 17);;(9, 9);1;1624
9;0.375;MoveWest;(14, 17);;(9, 9);1;1625
9;0.375;MoveWest;(14, 17);;(9, 9);1;1626
9;0.375;MoveWest;(14, 17);;(9, 9);1;1627
9;0.375;MoveWest;(14, 17);;(9, 9);1;1628
9;0.375;MoveWest;(14, 17);;(9, 9);1;1629
9;0.375;MoveWest;(14, 17);;(9, 9);1;1630
9;0.375;MoveWest;(14, 17);;(9, 9);1;1631
9;0.375;MoveWest;(14, 17);;(9, 9);1;1632
9;0.375;MoveWest;(14, 17);;(9, 9);1;1633
9;0.375;MoveWest;(13, 17);;(9, 9);1;1634
9;0.375;MoveWest;(13, 17);;(9, 9);1;1635
9;0.375;MoveWest;(13, 17);;(9, 9);1;1636
9;0.375;MoveWest;(13, 17);;(9, 9);1;1637
9;0.375;MoveWest;(13, 17);;(9, 9);1;1638
9;0.375;MoveWest;(13, 17);;(9, 9);1;1639
9;0.375;MoveWest;(13, 17);;(9, 9);1;1640
9;0.375;MoveWest;(13, 17);;(9, 9);1;1641
9;0.375;MoveWest;(13, 17);;(9, 9);1;1642
9;0.375;MoveWest;(12, 17);;(9, 9);1;1643
9;0.375;MoveWest;(12, 17);;(9, 9);1;1644
9;0.375;MoveWest;(12, 17);;(9, 9);1;1645
9;0.375;MoveWest;(12, 17);;(9, 9);1;1646
9;0.375;MoveWest;(12, 17);;(9, 9);1;1647
9;0.375;MoveWest;(12, 17);;(9, 9);1;1648
9;0.375;MoveWest;(12, 17);;(9, 9);1;1649
9;0.375;MoveWest;(12, 17);;(9, 9);1;1650
9;0.375;MoveWest;(12, 17);;(9, 9);1;1651
9;0.375;MoveWest;(11, 17);;(9, 9);1;1652
9;0.375;MoveWest;(11, 17);;(9, 9);1;1653
9;0.375;MoveWest;(11, 17);;(9, 9);1;1654
9;0.375;MoveWest;(11, 17);;(9, 9);1;1655
9;0.375;MoveWest;(11, 17);;(9, 9);1;1656
9;0.375;MoveWest;(11, 17);;(9, 9);1;1657
9;0.375;MoveWest;(11, 17);;(9, 9);1;1658
9;0.375;MoveWest;(11, 17);;(9, 9);1;1659
9;0.375;MoveWest;(11, 17);;(9, 9);1;1660
9;0.375;MoveWest;(10, 17);;(9, 9);1;1661
9;0.375;MoveWest;(10, 17);;(9, 9);1;1662
9;0.375;MoveWest;(10, 17);;(9, 9);1;1663
9;0.375;MoveWest;(10, 17);;(9, 9);1;1664
9;0.375;MoveWest;(10, 17);;(9, 9);1;1665
9;0.375;MoveWest;(10, 17);;(9, 9);1;1666
9;0.375;MoveWest;(10, 17);;(9, 9);1;1667
9;0.375;MoveWest;(10, 17);;(9, 9);1;1668
9;0.375;MoveWest;(10, 17);;(9, 9);1;1669
9;0.375;MoveWest;(9, 17);;(9, 9);1;1670
9;0.375;RemoveObject;(9, 17);;(9, 9);1;1671
9;0.375;RemoveObject;(9, 17);;(9, 9);1;1672
9;0.375;RemoveObject;(9, 17);;(9, 9);1;1673
9;0.375;RemoveObject;(9, 17);;(9, 9);1;1674
9;0.375;RemoveObject;(9, 17);;(9, 9);1;1675
9;0.375;RemoveObject;(9, 17);;(9, 9);1;1676
9;0.375;RemoveObject;(9, 17);;(9, 9);1;1677
9;0.375;RemoveObject;(9, 17);;(9, 9);1;1678
9;0.375;RemoveObject;(9, 17);;(9, 9);1;1679
9;0.375;RemoveObject;(9, 17);;(9, 9);1;1680
9;0.375;RemoveObject;(9, 17);;(9, 9);1;1681
9;0.375;RemoveObject;(9, 17);;(9, 9);1;1682
9;0.375;RemoveObject;(9, 17);;(9, 9);1;1683
9;0.375;RemoveObject;(9, 17);;(9, 9);1;1684
9;0.375;RemoveObject;(9, 17);;(9, 9);1;1685
9;0.375;RemoveObject;(9, 17);;(9, 9);1;1686
9;0.375;RemoveObject;(9, 17);;(9, 9);1;1687
9;0.375;RemoveObject;(9, 17);;(9, 9);1;1688
9;0.375;RemoveObject;(9, 17);;(9, 9);1;1689
9;0.375;RemoveObject;(9, 17);;(9, 9);1;1690
9;0.375;RemoveObject;(9, 17);MoveNorth;(9, 8);1;1691
9;0.375;RemoveObject;(9, 17);;(9, 8);1;1692
9;0.375;RemoveObject;(9, 17);MoveNorth;(9, 7);1;1693
9;0.375;RemoveObject;(9, 17);;(9, 7);1;1694
9;0.375;RemoveObject;(9, 17);;(9, 7);1;1695
9;0.375;RemoveObject;(9, 17);MoveNorth;(9, 6);1;1696
9;0.375;RemoveObject;(9, 17);;(9, 6);1;1697
9;0.375;RemoveObject;(9, 17);MoveNorth;(9, 5);1;1698
9;0.375;RemoveObject;(9, 17);;(9, 5);1;1699
9;0.375;RemoveObject;(9, 17);MoveNorth;(9, 5);1;1700
9;0.375;RemoveObject;(9, 17);;(9, 5);1;1701
9;0.375;RemoveObject;(9, 17);;(9, 5);1;1702
9;0.375;RemoveObject;(9, 17);;(9, 5);1;1703
9;0.375;RemoveObject;(9, 17);MoveNorth;(9, 5);1;1704
9;0.375;RemoveObject;(9, 17);;(9, 5);1;1705
9;0.375;RemoveObject;(9, 17);;(9, 5);1;1706
9;0.375;RemoveObject;(9, 17);;(9, 5);1;1707
9;0.375;RemoveObject;(9, 17);;(9, 5);1;1708
9;0.375;RemoveObject;(9, 17);;(9, 5);1;1709
9;0.375;RemoveObject;(9, 17);RemoveObject;(9, 5);1;1710
9;0.375;RemoveObject;(9, 17);RemoveObject;(9, 5);1;1711
9;0.375;RemoveObject;(9, 17);RemoveObject;(9, 5);1;1712
9;0.375;RemoveObject;(9, 17);RemoveObject;(9, 5);1;1713
9;0.375;RemoveObject;(9, 17);RemoveObject;(9, 5);1;1714
9;0.375;RemoveObject;(9, 17);RemoveObject;(9, 5);1;1715
9;0.375;RemoveObject;(9, 17);RemoveObject;(9, 5);1;1716
9;0.375;RemoveObject;(9, 17);RemoveObject;(9, 5);1;1717
9;0.375;RemoveObject;(9, 17);RemoveObject;(9, 5);1;1718
9;0.375;RemoveObject;(9, 17);RemoveObject;(9, 5);1;1719
9;0.375;RemoveObject;(9, 17);RemoveObject;(9, 5);1;1720
9;0.375;RemoveObject;(9, 17);RemoveObject;(9, 5);1;1721
9;0.375;RemoveObject;(9, 17);RemoveObject;(9, 5);1;1722
9;0.375;RemoveObject;(9, 17);RemoveObject;(9, 5);1;1723
9;0.375;RemoveObject;(9, 17);RemoveObject;(9, 5);1;1724
9;0.375;RemoveObject;(9, 17);RemoveObject;(9, 5);1;1725
9;0.375;RemoveObject;(9, 17);RemoveObject;(9, 5);1;1726
9;0.375;RemoveObject;(9, 17);RemoveObject;(9, 5);1;1727
9;0.375;RemoveObject;(9, 17);RemoveObject;(9, 5);1;1728
9;0.375;RemoveObject;(9, 17);RemoveObject;(9, 5);1;1729
9;0.375;RemoveObject;(9, 17);RemoveObject;(9, 5);1;1730
9;0.375;RemoveObject;(9, 17);RemoveObject;(9, 5);1;1731
9;0.375;RemoveObject;(9, 17);RemoveObject;(9, 5);1;1732
9;0.375;RemoveObject;(9, 17);RemoveObject;(9, 5);1;1733
9;0.375;RemoveObject;(9, 17);RemoveObject;(9, 5);1;1734
9;0.375;RemoveObject;(9, 17);RemoveObject;(9, 5);1;1735
9;0.375;RemoveObject;(9, 17);RemoveObject;(9, 5);1;1736
9;0.375;RemoveObject;(9, 17);RemoveObject;(9, 5);1;1737
9;0.375;RemoveObject;(9, 17);RemoveObject;(9, 5);1;1738
9;0.375;RemoveObject;(9, 17);RemoveObject;(9, 5);1;1739
9;0.375;RemoveObject;(9, 17);RemoveObject;(9, 5);1;1740
9;0.375;RemoveObject;(9, 17);RemoveObject;(9, 5);1;1741
9;0.375;RemoveObject;(9, 17);RemoveObject;(9, 5);1;1742
9;0.375;RemoveObject;(9, 17);RemoveObject;(9, 5);1;1743
9;0.375;RemoveObject;(9, 17);RemoveObject;(9, 5);1;1744
9;0.375;RemoveObject;(9, 17);RemoveObject;(9, 5);1;1745
9;0.375;RemoveObject;(9, 17);RemoveObject;(9, 5);1;1746
9;0.375;RemoveObject;(9, 17);RemoveObject;(9, 5);1;1747
9;0.375;RemoveObject;(9, 17);RemoveObject;(9, 5);1;1748
9;0.375;RemoveObject;(9, 17);RemoveObject;(9, 5);1;1749
9;0.375;RemoveObject;(9, 17);RemoveObject;(9, 5);1;1750
9;0.375;RemoveObject;(9, 17);RemoveObject;(9, 5);1;1751
9;0.375;RemoveObject;(9, 17);RemoveObject;(9, 5);1;1752
9;0.375;RemoveObject;(9, 17);RemoveObject;(9, 5);1;1753
9;0.375;RemoveObject;(9, 17);RemoveObject;(9, 5);1;1754
9;0.375;RemoveObject;(9, 17);RemoveObject;(9, 5);1;1755
9;0.375;RemoveObject;(9, 17);RemoveObject;(9, 5);1;1756
9;0.375;RemoveObject;(9, 17);RemoveObject;(9, 5);1;1757
9;0.375;RemoveObject;(9, 17);RemoveObject;(9, 5);1;1758
9;0.375;RemoveObject;(9, 17);RemoveObject;(9, 5);1;1759
9;0.375;RemoveObject;(9, 17);RemoveObject;(9, 5);1;1760
9;0.375;RemoveObject;(9, 17);RemoveObject;(9, 5);1;1761
9;0.375;RemoveObject;(9, 17);RemoveObject;(9, 5);1;1762
9;0.375;RemoveObject;(9, 17);RemoveObject;(9, 5);1;1763
9;0.375;RemoveObject;(9, 17);RemoveObject;(9, 5);1;1764
9;0.375;RemoveObject;(9, 17);RemoveObject;(9, 5);1;1765
9;0.375;RemoveObject;(9, 17);RemoveObject;(9, 5);1;1766
9;0.375;RemoveObject;(9, 17);RemoveObject;(9, 5);1;1767
9;0.375;RemoveObject;(9, 17);RemoveObject;(9, 5);1;1768
9;0.375;RemoveObject;(9, 17);RemoveObject;(9, 5);1;1769
9;0.375;RemoveObject;(9, 17);RemoveObject;(9, 5);1;1770
9;0.375;RemoveObject;(9, 17);RemoveObject;(9, 5);1;1771
9;0.375;MoveNorth;(9, 17);RemoveObject;(9, 5);1;1772
9;0.375;MoveNorth;(9, 17);RemoveObject;(9, 5);1;1773
9;0.375;MoveNorth;(9, 17);RemoveObject;(9, 5);1;1774
9;0.375;MoveNorth;(9, 17);RemoveObject;(9, 5);1;1775
9;0.375;MoveNorth;(9, 17);RemoveObject;(9, 5);1;1776
9;0.375;MoveNorth;(9, 17);RemoveObject;(9, 5);1;1777
9;0.375;MoveNorth;(9, 17);RemoveObject;(9, 5);1;1778
9;0.375;MoveNorth;(9, 17);RemoveObject;(9, 5);1;1779
9;0.375;MoveNorth;(9, 16);RemoveObject;(9, 5);1;1780
9;0.375;MoveNorthWest;(9, 16);RemoveObject;(9, 5);1;1781
9;0.375;MoveNorthWest;(9, 16);RemoveObject;(9, 5);1;1782
9;0.375;MoveNorthWest;(9, 16);RemoveObject;(9, 5);1;1783
9;0.375;MoveNorthWest;(9, 16);RemoveObject;(9, 5);1;1784
9;0.375;MoveNorthWest;(9, 16);RemoveObject;(9, 5);1;1785
9;0.375;MoveNorthWest;(9, 16);RemoveObject;(9, 5);1;1786
9;0.375;MoveNorthWest;(9, 16);RemoveObject;(9, 5);1;1787
9;0.375;MoveNorthWest;(9, 16);RemoveObject;(9, 5);1;1788
9;0.375;MoveNorthWest;(8, 15);RemoveObject;(9, 5);1;1789
9;0.375;MoveNorth;(8, 15);RemoveObject;(9, 5);1;1790
9;0.375;MoveNorth;(8, 15);RemoveObject;(9, 5);1;1791
9;0.375;MoveNorth;(8, 15);RemoveObject;(9, 5);1;1792
9;0.375;MoveNorth;(8, 15);RemoveObject;(9, 5);1;1793
9;0.375;MoveNorth;(8, 15);RemoveObject;(9, 5);1;1794
9;0.375;MoveNorth;(8, 15);RemoveObject;(9, 5);1;1795
9;0.375;MoveNorth;(8, 15);RemoveObject;(9, 5);1;1796
9;0.375;MoveNorth;(8, 15);RemoveObject;(9, 5);1;1797
9;0.375;MoveNorth;(8, 14);RemoveObject;(9, 5);1;1798
9;0.375;MoveSouthEast;(8, 14);RemoveObject;(9, 5);1;1799
9;0.375;MoveSouthEast;(8, 14);RemoveObject;(9, 5);1;1800
9;0.375;MoveSouthEast;(8, 14);RemoveObject;(9, 5);1;1801
9;0.375;MoveSouthEast;(8, 14);RemoveObject;(9, 5);1;1802
9;0.375;MoveSouthEast;(8, 14);RemoveObject;(9, 5);1;1803
9;0.375;MoveSouthEast;(8, 14);RemoveObject;(9, 5);1;1804
9;0.375;MoveSouthEast;(8, 14);RemoveObject;(9, 5);1;1805
9;0.375;MoveSouthEast;(8, 14);RemoveObject;(9, 5);1;1806
9;0.375;MoveSouthEast;(9, 15);RemoveObject;(9, 5);1;1807
9;0.375;MoveNorthEast;(9, 15);RemoveObject;(9, 5);1;1808
9;0.375;MoveNorthEast;(9, 15);RemoveObject;(9, 5);1;1809
9;0.375;MoveNorthEast;(9, 15);RemoveObject;(9, 5);1;1810
9;0.375;MoveNorthEast;(9, 15);RemoveObject;(9, 5);1;1811
9;0.375;MoveNorthEast;(9, 15);RemoveObject;(9, 5);1;1812
9;0.375;MoveNorthEast;(9, 15);RemoveObject;(9, 5);1;1813
9;0.375;MoveNorthEast;(9, 15);RemoveObject;(9, 5);1;1814
9;0.375;MoveNorthEast;(9, 15);RemoveObject;(9, 5);1;1815
9;0.375;MoveNorthEast;(10, 14);RemoveObject;(9, 5);1;1816
9;0.375;Idle;(10, 14);RemoveObject;(9, 5);1;1817
9;0.375;Idle;(10, 14);RemoveObject;(9, 5);1;1818
9;0.375;Idle;(10, 14);RemoveObject;(9, 5);1;1819
9;0.375;Idle;(10, 14);RemoveObject;(9, 5);1;1820
9;0.375;Idle;(10, 14);RemoveObject;(9, 5);1;1821
9;0.375;Idle;(10, 14);RemoveObject;(9, 5);1;1822
9;0.375;Idle;(10, 14);RemoveObject;(9, 5);1;1823
9;0.375;Idle;(10, 14);RemoveObject;(9, 5);1;1824
9;0.375;Idle;(10, 14);RemoveObject;(9, 5);1;1825
9;0.375;Idle;(10, 14);RemoveObject;(9, 5);1;1826
9;0.375;Idle;(10, 14);RemoveObject;(9, 5);1;1827
9;0.375;Idle;(10, 14);RemoveObject;(9, 5);1;1828
9;0.375;Idle;(10, 14);RemoveObject;(9, 5);1;1829
9;0.375;Idle;(10, 14);RemoveObject;(9, 5);1;1830
9;0.375;Idle;(10, 14);RemoveObject;(9, 5);1;1831
9;0.375;Idle;(10, 14);RemoveObject;(9, 5);1;1832
9;0.375;Idle;(10, 14);RemoveObject;(9, 5);1;1833
9;0.375;Idle;(10, 14);RemoveObject;(9, 5);1;1834
9;0.375;Idle;(10, 14);RemoveObject;(9, 5);1;1835
9;0.375;Idle;(10, 14);RemoveObject;(9, 5);1;1836
9;0.375;Idle;(10, 14);RemoveObject;(9, 5);1;1837
9;0.375;Idle;(10, 14);RemoveObject;(9, 5);1;1838
9;0.375;Idle;(10, 14);RemoveObject;(9, 5);1;1839
9;0.375;Idle;(10, 14);RemoveObject;(9, 5);1;1840
9;0.375;Idle;(10, 14);RemoveObject;(9, 5);1;1841
9;0.375;Idle;(10, 14);RemoveObject;(9, 5);1;1842
9;0.375;Idle;(10, 14);RemoveObject;(9, 5);1;1843
9;0.375;Idle;(10, 14);RemoveObject;(9, 5);1;1844
9;0.375;Idle;(10, 14);RemoveObject;(9, 5);1;1845
9;0.375;Idle;(10, 14);RemoveObject;(9, 5);1;1846
9;0.375;Idle;(10, 14);RemoveObject;(9, 5);1;1847
9;0.375;Idle;(10, 14);RemoveObject;(9, 5);1;1848
9;0.375;Idle;(10, 14);RemoveObject;(9, 5);1;1849
9;0.375;Idle;(10, 14);RemoveObject;(9, 5);1;1850
9;0.375;Idle;(10, 14);RemoveObject;(9, 5);1;1851
9;0.375;Idle;(10, 14);RemoveObject;(9, 5);1;1852
9;0.375;Idle;(10, 14);RemoveObject;(9, 5);1;1853
9;0.375;Idle;(10, 14);RemoveObject;(9, 5);1;1854
9;0.375;Idle;(10, 14);RemoveObject;(9, 5);1;1855
9;0.375;Idle;(10, 14);RemoveObject;(9, 5);1;1856
9;0.375;Idle;(10, 14);RemoveObject;(9, 5);1;1857
9;0.375;Idle;(10, 14);RemoveObject;(9, 5);1;1858
9;0.375;Idle;(10, 14);RemoveObject;(9, 5);1;1859
9;0.375;Idle;(10, 14);RemoveObject;(9, 5);1;1860
9;0.375;Idle;(10, 14);RemoveObject;(9, 5);1;1861
9;0.375;Idle;(10, 14);RemoveObject;(9, 5);1;1862
9;0.375;Idle;(10, 14);RemoveObject;(9, 5);1;1863
9;0.375;Idle;(10, 14);RemoveObject;(9, 5);1;1864
9;0.375;Idle;(10, 14);RemoveObject;(9, 5);1;1865
9;0.375;Idle;(10, 14);RemoveObject;(9, 5);1;1866
9;0.375;Idle;(10, 14);RemoveObject;(9, 5);1;1867
9;0.375;Idle;(10, 14);RemoveObject;(9, 5);1;1868
9;0.375;MoveSouth;(10, 14);RemoveObject;(9, 5);1;1869
9;0.375;MoveSouth;(10, 14);RemoveObject;(9, 5);1;1870
9;0.375;MoveSouth;(10, 14);RemoveObject;(9, 5);1;1871
9;0.375;MoveSouth;(10, 14);RemoveObject;(9, 5);1;1872
9;0.375;MoveSouth;(10, 14);RemoveObject;(9, 5);1;1873
9;0.375;MoveSouth;(10, 14);RemoveObject;(9, 5);1;1874
9;0.375;MoveSouth;(10, 14);RemoveObject;(9, 5);1;1875
9;0.375;MoveSouth;(10, 14);RemoveObject;(9, 5);1;1876
9;0.375;MoveSouth;(10, 15);RemoveObject;(9, 5);1;1877
9;0.375;;(10, 15);RemoveObject;(9, 5);1;1878
9;0.375;;(10, 15);RemoveObject;(9, 5);1;1879
9;0.375;;(10, 15);RemoveObject;(9, 5);1;1880
9;0.375;;(10, 15);RemoveObject;(9, 5);1;1881
9;0.375;;(10, 15);RemoveObject;(9, 5);1;1882
9;0.375;;(10, 15);RemoveObject;(9, 5);1;1883
9;0.375;;(10, 15);RemoveObject;(9, 5);1;1884
9;0.375;;(10, 15);RemoveObject;(9, 5);1;1885
9;0.375;;(10, 15);RemoveObject;(9, 5);1;1886
9;0.375;;(10, 15);RemoveObject;(9, 5);1;1887
9;0.375;;(10, 15);RemoveObject;(9, 5);1;1888
9;0.375;;(10, 15);RemoveObject;(9, 5);1;1889
9;0.375;;(10, 15);RemoveObject;(9, 5);1;1890
9;0.375;;(10, 15);RemoveObject;(9, 5);1;1891
9;0.375;;(10, 15);RemoveObject;(9, 5);1;1892
9;0.375;;(10, 15);RemoveObject;(9, 5);1;1893
9;0.375;;(10, 15);RemoveObject;(9, 5);1;1894
9;0.375;;(10, 15);RemoveObject;(9, 5);1;1895
9;0.375;;(10, 15);RemoveObject;(9, 5);1;1896
9;0.375;;(10, 15);RemoveObject;(9, 5);1;1897
9;0.375;;(10, 15);RemoveObject;(9, 5);1;1898
9;0.375;;(10, 15);RemoveObject;(9, 5);1;1899
9;0.375;;(10, 15);RemoveObject;(9, 5);1;1900
9;0.375;;(10, 15);RemoveObject;(9, 5);1;1901
9;0.375;;(10, 15);RemoveObject;(9, 5);1;1902
9;0.375;;(10, 15);RemoveObject;(9, 5);1;1903
9;0.375;;(10, 15);RemoveObject;(9, 5);1;1904
9;0.375;;(10, 15);RemoveObject;(9, 5);1;1905
9;0.375;;(10, 15);RemoveObject;(9, 5);1;1906
9;0.375;;(10, 15);RemoveObject;(9, 5);1;1907
9;0.375;;(10, 15);RemoveObject;(9, 5);1;1908
9;0.375;;(10, 15);RemoveObject;(9, 5);1;1909
9;0.375;;(10, 15);RemoveObject;(9, 5);1;1910
9;0.375;;(10, 15);;(9, 5);1;1911
9;0.375;;(10, 15);;(9, 5);1;1912
9;0.375;;(10, 15);;(9, 5);1;1913
9;0.375;;(10, 15);;(9, 5);1;1914
9;0.375;;(10, 15);;(9, 5);1;1915
9;0.375;;(10, 15);;(9, 5);1;1916
9;0.375;;(10, 15);;(9, 5);1;1917
9;0.375;;(10, 15);;(9, 5);1;1918
9;0.375;;(10, 15);;(9, 5);1;1919
9;0.375;;(10, 15);;(9, 5);1;1920
9;0.375;;(10, 15);MoveNorth;(9, 4);1;1921
9;0.375;;(10, 15);MoveNorth;(9, 3);1;1922
9;0.375;;(10, 15);;(9, 3);1;1923
9;0.375;;(10, 15);;(9, 3);1;1924
9;0.375;;(10, 15);;(9, 3);1;1925
9;0.375;;(10, 15);;(9, 3);1;1926
9;0.375;;(10, 15);;(9, 3);1;1927
9;0.375;;(10, 15);;(9, 3);1;1928
9;0.375;;(10, 15);;(9, 3);1;1929
9;0.375;;(10, 15);;(9, 3);1;1930
9;0.375;;(10, 15);;(9, 3);1;1931
9;0.375;;(10, 15);;(9, 3);1;1932
9;0.375;;(10, 15);;(9, 3);1;1933
9;0.375;;(10, 15);;(9, 3);1;1934
9;0.375;;(10, 15);;(9, 3);1;1935
9;0.375;;(10, 15);;(9, 3);1;1936
9;0.375;;(10, 15);;(9, 3);1;1937
9;0.375;;(10, 15);;(9, 3);1;1938
9;0.375;;(10, 15);;(9, 3);1;1939
9;0.375;;(10, 15);;(9, 3);1;1940
9;0.375;;(10, 15);;(9, 3);1;1941
9;0.375;;(10, 15);;(9, 3);1;1942
9;0.375;;(10, 15);;(9, 3);1;1943
9;0.375;;(10, 15);;(9, 3);1;1944
9;0.375;;(10, 15);;(9, 3);1;1945
9;0.375;;(10, 15);;(9, 3);1;1946
9;0.375;;(10, 15);;(9, 3);1;1947
9;0.375;;(10, 15);;(9, 3);1;1948
9;0.375;;(10, 15);;(9, 3);1;1949
9;0.375;;(10, 15);;(9, 3);1;1950
9;0.375;;(10, 15);;(9, 3);1;1951
9;0.375;;(10, 15);;(9, 3);1;1952
9;0.375;;(10, 15);;(9, 3);1;1953
9;0.375;;(10, 15);;(9, 3);1;1954
9;0.375;;(10, 15);;(9, 3);1;1955
9;0.375;;(10, 15);;(9, 3);1;1956
9;0.375;;(10, 15);;(9, 3);1;1957
9;0.375;;(10, 15);;(9, 3);1;1958
9;0.375;;(10, 15);;(9, 3);1;1959
9;0.375;;(10, 15);;(9, 3);1;1960
9;0.375;;(10, 15);;(9, 3);1;1961
9;0.375;;(10, 15);;(9, 3);1;1962
9;0.375;;(10, 15);;(9, 3);1;1963
9;0.375;;(10, 15);;(9, 3);1;1964
9;0.375;;(10, 15);;(9, 3);1;1965
9;0.375;;(10, 15);;(9, 3);1;1966
9;0.375;;(10, 15);;(9, 3);1;1967
9;0.375;;(10, 15);;(9, 3);1;1968
9;0.375;;(10, 15);;(9, 3);1;1969
9;0.375;;(10, 15);;(9, 3);1;1970
9;0.375;;(10, 15);;(9, 3);1;1971
9;0.375;;(10, 15);;(9, 3);1;1972
9;0.375;;(10, 15);;(9, 3);1;1973
9;0.375;;(10, 15);;(9, 3);1;1974
9;0.375;;(10, 15);;(9, 3);1;1975
9;0.375;;(10, 15);;(9, 3);1;1976
9;0.375;;(10, 15);;(9, 3);1;1977
9;0.375;;(10, 15);;(9, 3);1;1978
9;0.375;;(10, 15);;(9, 3);1;1979
9;0.375;;(10, 15);;(9, 3);1;1980
9;0.375;;(10, 15);;(9, 3);1;1981
9;0.375;;(10, 15);;(9, 3);1;1982
9;0.375;;(10, 15);;(9, 3);1;1983
9;0.375;;(10, 15);;(9, 3);1;1984
9;0.375;;(10, 15);;(9, 3);1;1985
9;0.375;;(10, 15);;(9, 3);1;1986
9;0.375;;(10, 15);;(9, 3);1;1987
9;0.375;;(10, 15);;(9, 3);1;1988
9;0.375;;(10, 15);;(9, 3);1;1989
9;0.375;;(10, 15);;(9, 3);1;1990
9;0.375;;(10, 15);;(9, 3);1;1991
9;0.375;;(10, 15);;(9, 3);1;1992
9;0.375;;(10, 15);;(9, 3);1;1993
9;0.375;;(10, 15);;(9, 3);1;1994
9;0.375;;(10, 15);;(9, 3);1;1995
9;0.375;;(10, 15);;(9, 3);1;1996
9;0.375;;(10, 15);;(9, 3);1;1997
9;0.375;;(10, 15);;(9, 3);1;1998
9;0.375;;(10, 15);;(9, 3);1;1999
9;0.375;;(10, 15);;(9, 3);1;2000
9;0.375;;(10, 15);;(9, 3);1;2001
9;0.375;;(10, 15);;(9, 3);1;2002
9;0.375;;(10, 15);;(9, 3);1;2003
9;0.375;;(10, 15);;(9, 3);1;2004
9;0.375;;(10, 15);;(9, 3);1;2005
9;0.375;;(10, 15);;(9, 3);1;2006
9;0.375;;(10, 15);;(9, 3);1;2007
9;0.375;;(10, 15);;(9, 3);1;2008
9;0.375;;(10, 15);;(9, 3);1;2009
9;0.375;;(10, 15);;(9, 3);1;2010
9;0.375;;(10, 15);;(9, 3);1;2011
9;0.375;;(10, 15);;(9, 3);1;2012
9;0.375;;(10, 15);;(9, 3);1;2013
9;0.375;;(10, 15);;(9, 3);1;2014
9;0.375;;(10, 15);;(9, 3);1;2015
9;0.375;;(10, 15);;(9, 3);1;2016
9;0.375;;(10, 15);;(9, 3);1;2017
9;0.375;;(10, 15);;(9, 3);1;2018
9;0.375;;(10, 15);;(9, 3);1;2019
9;0.375;;(10, 15);;(9, 3);1;2020
9;0.375;;(10, 15);;(9, 3);1;2021
9;0.375;;(10, 15);;(9, 3);1;2022
9;0.375;;(10, 15);;(9, 3);1;2023
9;0.375;;(10, 15);;(9, 3);1;2024
9;0.375;;(10, 15);;(9, 3);1;2025
9;0.375;;(10, 15);;(9, 3);1;2026
9;0.375;;(10, 15);;(9, 3);1;2027
9;0.375;;(10, 15);;(9, 3);1;2028
9;0.375;;(10, 15);;(9, 3);1;2029
9;0.375;;(10, 15);;(9, 3);1;2030
9;0.375;;(10, 15);;(9, 3);1;2031
9;0.375;;(10, 15);;(9, 3);1;2032
9;0.375;;(10, 15);;(9, 3);1;2033
9;0.375;;(10, 15);;(9, 3);1;2034
9;0.375;;(10, 15);;(9, 3);1;2035
9;0.375;;(10, 15);;(9, 3);1;2036
9;0.375;;(10, 15);;(9, 3);1;2037
9;0.375;;(10, 15);;(9, 3);1;2038
9;0.375;;(10, 15);;(9, 3);1;2039
9;0.375;;(10, 15);;(9, 3);1;2040
9;0.375;;(10, 15);;(9, 3);1;2041
9;0.375;;(10, 15);;(9, 3);1;2042
9;0.375;;(10, 15);;(9, 3);1;2043
9;0.375;;(10, 15);;(9, 3);1;2044
9;0.375;;(10, 15);;(9, 3);1;2045
9;0.375;;(10, 15);;(9, 3);1;2046
9;0.375;;(10, 15);;(9, 3);1;2047
9;0.375;;(10, 15);;(9, 3);1;2048
9;0.375;;(10, 15);;(9, 3);1;2049
9;0.375;;(10, 15);;(9, 3);1;2050
9;0.375;;(10, 15);;(9, 3);1;2051
9;0.375;;(10, 15);;(9, 3);1;2052
9;0.375;;(10, 15);;(9, 3);1;2053
9;0.375;;(10, 15);;(9, 3);1;2054
9;0.375;;(10, 15);;(9, 3);1;2055
9;0.375;;(10, 15);;(9, 3);1;2056
9;0.375;;(10, 15);;(9, 3);1;2057
9;0.375;;(10, 15);;(9, 3);1;2058
9;0.375;;(10, 15);;(9, 3);1;2059
9;0.375;;(10, 15);;(9, 3);1;2060
9;0.375;;(10, 15);;(9, 3);1;2061
9;0.375;;(10, 15);;(9, 3);1;2062
9;0.375;;(10, 15);;(9, 3);1;2063
9;0.375;;(10, 15);;(9, 3);1;2064
9;0.375;;(10, 15);;(9, 3);1;2065
9;0.375;;(10, 15);;(9, 3);1;2066
9;0.375;;(10, 15);;(9, 3);1;2067
9;0.375;;(10, 15);;(9, 3);1;2068
9;0.375;;(10, 15);;(9, 3);1;2069
9;0.375;;(10, 15);;(9, 3);1;2070
9;0.375;;(10, 15);;(9, 3);1;2071
9;0.375;;(10, 15);;(9, 3);1;2072
9;0.375;;(10, 15);;(9, 3);1;2073
9;0.375;;(10, 15);;(9, 3);1;2074
9;0.375;;(10, 15);;(9, 3);1;2075
9;0.375;;(10, 15);;(9, 3);1;2076
9;0.375;;(10, 15);;(9, 3);1;2077
9;0.375;;(10, 15);;(9, 3);1;2078
9;0.375;;(10, 15);;(9, 3);1;2079
9;0.375;;(10, 15);;(9, 3);1;2080
9;0.375;;(10, 15);;(9, 3);1;2081
9;0.375;;(10, 15);;(9, 3);1;2082
9;0.375;;(10, 15);;(9, 3);1;2083
9;0.375;;(10, 15);;(9, 3);1;2084
9;0.375;;(10, 15);;(9, 3);1;2085
9;0.375;;(10, 15);;(9, 3);1;2086
9;0.375;;(10, 15);;(9, 3);1;2087
9;0.375;;(10, 15);;(9, 3);1;2088
9;0.375;;(10, 15);;(9, 3);1;2089
9;0.375;;(10, 15);;(9, 3);1;2090
9;0.375;;(10, 15);;(9, 3);1;2091
9;0.375;;(10, 15);;(9, 3);1;2092
9;0.375;;(10, 15);;(9, 3);1;2093
9;0.375;;(10, 15);;(9, 3);1;2094
9;0.375;;(10, 15);;(9, 3);1;2095
9;0.375;;(10, 15);;(9, 3);1;2096
9;0.375;;(10, 15);;(9, 3);1;2097
9;0.375;;(10, 15);;(9, 3);1;2098
9;0.375;;(10, 15);;(9, 3);1;2099
9;0.375;;(10, 15);;(9, 3);1;2100
9;0.375;;(10, 15);;(9, 3);1;2101
9;0.375;;(10, 15);;(9, 3);1;2102
9;0.375;;(10, 15);;(9, 3);1;2103
9;0.375;;(10, 15);;(9, 3);1;2104
9;0.375;;(10, 15);;(9, 3);1;2105
9;0.375;;(10, 15);;(9, 3);1;2106
9;0.375;;(10, 15);;(9, 3);1;2107
9;0.375;;(10, 15);;(9, 3);1;2108
9;0.375;;(10, 15);;(9, 3);1;2109
9;0.375;;(10, 15);;(9, 3);1;2110
9;0.375;;(10, 15);;(9, 3);1;2111
9;0.375;;(10, 15);;(9, 3);1;2112
9;0.375;;(10, 15);;(9, 3);1;2113
9;0.375;;(10, 15);;(9, 3);1;2114
9;0.375;;(10, 15);;(9, 3);1;2115
9;0.375;;(10, 15);;(9, 3);1;2116
9;0.375;;(10, 15);;(9, 3);1;2117
9;0.375;;(10, 15);;(9, 3);1;2118
9;0.375;;(10, 15);;(9, 3);1;2119
9;0.375;;(10, 15);;(9, 3);1;2120
9;0.375;;(10, 15);;(9, 3);1;2121
9;0.375;;(10, 15);;(9, 3);1;2122
9;0.375;;(10, 15);;(9, 3);1;2123
9;0.375;;(10, 15);;(9, 3);1;2124
9;0.375;;(10, 15);;(9, 3);1;2125
9;0.375;;(10, 15);;(9, 3);1;2126
9;0.375;;(10, 15);MoveSouth;(9, 4);1;2127
9;0.375;;(10, 15);MoveSouth;(9, 5);1;2128
9;0.375;;(10, 15);;(9, 5);1;2129
9;0.375;;(10, 15);;(9, 5);1;2130
9;0.375;;(10, 15);;(9, 5);1;2131
9;0.375;;(10, 15);;(9, 5);1;2132
9;0.375;;(10, 15);;(9, 5);1;2133
9;0.375;;(10, 15);;(9, 5);1;2134
9;0.375;;(10, 15);;(9, 5);1;2135
9;0.375;;(10, 15);;(9, 5);1;2136
9;0.375;;(10, 15);;(9, 5);1;2137
9;0.375;;(10, 15);;(9, 5);1;2138
9;0.375;;(10, 15);MoveSouth;(9, 6);1;2139
9;0.375;;(10, 15);;(9, 6);1;2140
9;0.375;;(10, 15);;(9, 6);1;2141
9;0.375;;(10, 15);;(9, 6);1;2142
9;0.375;;(10, 15);;(9, 6);1;2143
9;0.375;;(10, 15);;(9, 6);1;2144
9;0.375;;(10, 15);;(9, 6);1;2145
9;0.375;;(10, 15);;(9, 6);1;2146
9;0.375;;(10, 15);;(9, 6);1;2147
9;0.375;;(10, 15);;(9, 6);1;2148
9;0.375;;(10, 15);;(9, 6);1;2149
9;0.375;;(10, 15);;(9, 6);1;2150
9;0.375;;(10, 15);;(9, 6);1;2151
9;0.375;;(10, 15);;(9, 6);1;2152
9;0.375;;(10, 15);;(9, 6);1;2153
9;0.375;;(10, 15);;(9, 6);1;2154
9;0.375;;(10, 15);MoveWest;(8, 6);1;2155
9;0.375;;(10, 15);;(8, 6);1;2156
9;0.375;;(10, 15);;(8, 6);1;2157
9;0.375;;(10, 15);;(8, 6);1;2158
9;0.375;;(10, 15);;(8, 6);1;2159
9;0.375;;(10, 15);;(8, 6);1;2160
9;0.375;;(10, 15);;(8, 6);1;2161
9;0.375;;(10, 15);;(8, 6);1;2162
9;0.375;;(10, 15);;(8, 6);1;2163
9;0.375;;(10, 15);;(8, 6);1;2164
9;0.375;;(10, 15);MoveWest;(7, 6);1;2165
9;0.375;;(10, 15);;(7, 6);1;2166
9;0.375;;(10, 15);;(7, 6);1;2167
9;0.375;;(10, 15);;(7, 6);1;2168
9;0.375;;(10, 15);;(7, 6);1;2169
9;0.375;;(10, 15);;(7, 6);1;2170
9;0.375;;(10, 15);;(7, 6);1;2171
9;0.375;;(10, 15);;(7, 6);1;2172
9;0.375;;(10, 15);;(7, 6);1;2173
9;0.375;;(10, 15);;(7, 6);1;2174
9;0.375;;(10, 15);;(7, 6);1;2175
9;0.375;;(10, 15);;(7, 6);1;2176
9;0.375;;(10, 15);;(7, 6);1;2177
9;0.375;;(10, 15);;(7, 6);1;2178
9;0.375;;(10, 15);;(7, 6);1;2179
9;0.375;;(10, 15);;(7, 6);1;2180
9;0.375;;(10, 15);;(7, 6);1;2181
9;0.375;;(10, 15);;(7, 6);1;2182
9;0.375;;(10, 15);;(7, 6);1;2183
9;0.375;;(10, 15);;(7, 6);1;2184
9;0.375;;(10, 15);;(7, 6);1;2185
9;0.375;;(10, 15);;(7, 6);1;2186
9;0.375;;(10, 15);;(7, 6);1;2187
9;0.375;;(10, 15);;(7, 6);1;2188
9;0.375;;(10, 15);;(7, 6);1;2189
9;0.375;;(10, 15);;(7, 6);1;2190
9;0.375;;(10, 15);;(7, 6);1;2191
9;0.375;;(10, 15);;(7, 6);1;2192
9;0.375;;(10, 15);;(7, 6);1;2193
9;0.375;;(10, 15);;(7, 6);1;2194
9;0.375;;(10, 15);;(7, 6);1;2195
9;0.375;;(10, 15);;(7, 6);1;2196
9;0.375;;(10, 15);;(7, 6);1;2197
9;0.375;;(10, 15);;(7, 6);1;2198
9;0.375;;(10, 15);;(7, 6);1;2199
9;0.375;;(10, 15);;(7, 6);1;2200
9;0.375;;(10, 15);;(7, 6);1;2201
9;0.375;;(10, 15);;(7, 6);1;2202
9;0.375;;(10, 15);;(7, 6);1;2203
9;0.375;;(10, 15);;(7, 6);1;2204
9;0.375;;(10, 15);;(7, 6);1;2205
9;0.375;;(10, 15);;(7, 6);1;2206
9;0.375;;(10, 15);;(7, 6);1;2207
9;0.375;;(10, 15);;(7, 6);1;2208
9;0.375;;(10, 15);;(7, 6);1;2209
9;0.375;;(10, 15);;(7, 6);1;2210
9;0.375;;(10, 15);;(7, 6);1;2211
9;0.375;;(10, 15);;(7, 6);1;2212
9;0.375;;(10, 15);;(7, 6);1;2213
9;0.375;;(10, 15);;(7, 6);1;2214
9;0.375;;(10, 15);;(7, 6);1;2215
9;0.375;;(10, 15);;(7, 6);1;2216
9;0.375;;(10, 15);;(7, 6);1;2217
9;0.375;;(10, 15);;(7, 6);1;2218
9;0.375;;(10, 15);;(7, 6);1;2219
9;0.375;;(10, 15);;(7, 6);1;2220
9;0.375;;(10, 15);;(7, 6);1;2221
9;0.375;;(10, 15);;(7, 6);1;2222
9;0.375;;(10, 15);;(7, 6);1;2223
9;0.375;;(10, 15);;(7, 6);1;2224
9;0.375;;(10, 15);;(7, 6);1;2225
9;0.375;;(10, 15);;(7, 6);1;2226
9;0.375;;(10, 15);;(7, 6);1;2227
9;0.375;;(10, 15);;(7, 6);1;2228
9;0.375;;(10, 15);;(7, 6);1;2229
9;0.375;;(10, 15);;(7, 6);1;2230
9;0.375;;(10, 15);;(7, 6);1;2231
9;0.375;;(10, 15);;(7, 6);1;2232
9;0.375;;(10, 15);;(7, 6);1;2233
9;0.375;;(10, 15);;(7, 6);1;2234
9;0.375;;(10, 15);;(7, 6);1;2235
9;0.375;;(10, 15);;(7, 6);1;2236
9;0.375;;(10, 15);;(7, 6);1;2237
9;0.375;;(10, 15);;(7, 6);1;2238
9;0.375;;(10, 15);;(7, 6);1;2239
9;0.375;;(10, 15);;(7, 6);1;2240
9;0.375;;(10, 15);;(7, 6);1;2241
9;0.375;;(10, 15);;(7, 6);1;2242
9;0.375;;(10, 15);;(7, 6);1;2243
9;0.375;;(10, 15);;(7, 6);1;2244
9;0.375;;(10, 15);;(7, 6);1;2245
9;0.375;;(10, 15);;(7, 6);1;2246
9;0.375;;(10, 15);;(7, 6);1;2247
9;0.375;;(10, 15);;(7, 6);1;2248
9;0.375;;(10, 15);;(7, 6);1;2249
9;0.375;;(10, 15);;(7, 6);1;2250
9;0.375;;(10, 15);;(7, 6);1;2251
9;0.375;;(10, 15);;(7, 6);1;2252
9;0.375;;(10, 15);;(7, 6);1;2253
9;0.375;;(10, 15);;(7, 6);1;2254
9;0.375;;(10, 15);;(7, 6);1;2255
9;0.375;;(10, 15);;(7, 6);1;2256
9;0.375;;(10, 15);;(7, 6);1;2257
9;0.375;;(10, 15);;(7, 6);1;2258
9;0.375;;(10, 15);;(7, 6);1;2259
9;0.375;;(10, 15);;(7, 6);1;2260
9;0.375;;(10, 15);;(7, 6);1;2261
9;0.375;;(10, 15);;(7, 6);1;2262
9;0.375;;(10, 15);;(7, 6);1;2263
9;0.375;;(10, 15);;(7, 6);1;2264
9;0.375;;(10, 15);;(7, 6);1;2265
9;0.375;;(10, 15);;(7, 6);1;2266
9;0.375;;(10, 15);;(7, 6);1;2267
9;0.375;;(10, 15);;(7, 6);1;2268
9;0.375;;(10, 15);;(7, 6);1;2269
9;0.375;;(10, 15);;(7, 6);1;2270
9;0.375;;(10, 15);;(7, 6);1;2271
9;0.375;;(10, 15);;(7, 6);1;2272
9;0.375;;(10, 15);;(7, 6);1;2273
9;0.375;;(10, 15);;(7, 6);1;2274
9;0.375;;(10, 15);;(7, 6);1;2275
9;0.375;;(10, 15);;(7, 6);1;2276
9;0.375;;(10, 15);MoveWest;(6, 6);1;2277
9;0.375;;(10, 15);;(6, 6);1;2278
9;0.375;;(10, 15);;(6, 6);1;2279
9;0.375;;(10, 15);;(6, 6);1;2280
9;0.375;;(10, 15);;(6, 6);1;2281
9;0.375;;(10, 15);;(6, 6);1;2282
9;0.375;;(10, 15);;(6, 6);1;2283
9;0.375;;(10, 15);;(6, 6);1;2284
9;0.375;;(10, 15);;(6, 6);1;2285
9;0.375;;(10, 15);;(6, 6);1;2286
9;0.375;;(10, 15);;(6, 6);1;2287
9;0.375;;(10, 15);;(6, 6);1;2288
9;0.375;;(10, 15);;(6, 6);1;2289
9;0.375;;(10, 15);;(6, 6);1;2290
9;0.375;;(10, 15);;(6, 6);1;2291
9;0.375;;(10, 15);;(6, 6);1;2292
9;0.375;;(10, 15);;(6, 6);1;2293
9;0.375;;(10, 15);;(6, 6);1;2294
9;0.375;;(10, 15);;(6, 6);1;2295
9;0.375;;(10, 15);;(6, 6);1;2296
9;0.375;;(10, 15);;(6, 6);1;2297
9;0.375;;(10, 15);;(6, 6);1;2298
9;0.375;;(10, 15);;(6, 6);1;2299
9;0.375;;(10, 15);;(6, 6);1;2300
9;0.375;;(10, 15);;(6, 6);1;2301
9;0.375;;(10, 15);;(6, 6);1;2302
9;0.375;;(10, 15);;(6, 6);1;2303
9;0.375;;(10, 15);;(6, 6);1;2304
9;0.375;;(10, 15);MoveSouth;(6, 7);1;2305
9;0.375;;(10, 15);;(6, 7);1;2306
9;0.375;;(10, 15);MoveSouth;(6, 8);1;2307
9;0.375;;(10, 15);;(6, 8);1;2308
9;0.375;;(10, 15);MoveSouth;(6, 9);1;2309
9;0.375;;(10, 15);;(6, 9);1;2310
9;0.375;;(10, 15);;(6, 9);1;2311
9;0.375;;(10, 15);;(6, 9);1;2312
9;0.375;;(10, 15);MoveSouth;(6, 10);1;2313
9;0.375;;(10, 15);MoveSouth;(6, 11);1;2314
9;0.375;;(10, 15);;(6, 11);1;2315
9;0.375;;(10, 15);;(6, 11);1;2316
9;0.375;;(10, 15);;(6, 11);1;2317
9;0.375;;(10, 15);;(6, 11);1;2318
9;0.375;;(10, 15);;(6, 11);1;2319
9;0.375;;(10, 15);;(6, 11);1;2320
9;0.375;;(10, 15);;(6, 11);1;2321
9;0.375;;(10, 15);MoveEast;(7, 11);1;2322
9;0.375;;(10, 15);;(7, 11);1;2323
9;0.375;;(10, 15);;(7, 11);1;2324
9;0.375;;(10, 15);;(7, 11);1;2325
9;0.375;;(10, 15);MoveEast;(8, 11);1;2326
9;0.375;;(10, 15);MoveEast;(9, 11);1;2327
9;0.375;;(10, 15);;(9, 11);1;2328
9;0.375;;(10, 15);MoveEast;(10, 11);1;2329
9;0.375;;(10, 15);MoveEast;(11, 11);1;2330
9;0.375;;(10, 15);;(11, 11);1;2331
9;0.375;;(10, 15);;(11, 11);1;2332
9;0.375;;(10, 15);;(11, 11);1;2333
9;0.375;;(10, 15);;(11, 11);1;2334
9;0.375;;(10, 15);;(11, 11);1;2335
9;0.375;;(10, 15);;(11, 11);1;2336
9;0.375;;(10, 15);;(11, 11);1;2337
9;0.375;;(10, 15);MoveEast;(11, 11);1;2338
9;0.375;;(10, 15);MoveEast;(11, 11);1;2339
9;0.375;;(10, 15);MoveEast;(11, 11);1;2340
9;0.375;;(10, 15);MoveEast;(11, 11);1;2341
9;0.375;;(10, 15);MoveEast;(11, 11);1;2342
9;0.375;;(10, 15);MoveEast;(12, 11);1;2343
9;0.375;;(10, 15);MoveSouth;(12, 11);1;2344
9;0.375;;(10, 15);MoveSouth;(12, 11);1;2345
9;0.375;;(10, 15);MoveSouth;(12, 11);1;2346
9;0.375;;(10, 15);MoveSouth;(12, 11);1;2347
9;0.375;;(10, 15);MoveSouth;(12, 11);1;2348
9;0.375;;(10, 15);MoveSouth;(12, 12);1;2349
9;0.375;;(10, 15);MoveSouth;(12, 13);1;2350
9;0.375;;(10, 15);;(12, 13);1;2351
9;0.375;;(10, 15);MoveSouth;(12, 14);1;2352
9;0.375;;(10, 15);;(12, 14);1;2353
9;0.375;;(10, 15);;(12, 14);1;2354
9;0.375;;(10, 15);MoveSouth;(12, 15);1;2355
9;0.375;;(10, 15);MoveSouth;(12, 16);1;2356
9;0.375;;(10, 15);MoveSouth;(12, 17);1;2357
9;0.375;;(10, 15);;(12, 17);1;2358
9;0.375;;(10, 15);;(12, 17);1;2359
9;0.375;;(10, 15);;(12, 17);1;2360
9;0.375;;(10, 15);;(12, 17);1;2361
9;0.375;;(10, 15);;(12, 17);1;2362
9;0.375;;(10, 15);;(12, 17);1;2363
9;0.375;;(10, 15);;(12, 17);1;2364
9;0.375;;(10, 15);;(12, 17);1;2365
9;0.375;;(10, 15);;(12, 17);1;2366
9;0.375;;(10, 15);MoveWest;(11, 17);1;2367
9;0.375;;(10, 15);;(11, 17);1;2368
9;0.375;;(10, 15);;(11, 17);1;2369
9;0.375;;(10, 15);;(11, 17);1;2370
9;0.375;;(10, 15);;(11, 17);1;2371
9;0.375;;(10, 15);;(11, 17);1;2372
9;0.375;;(10, 15);;(11, 17);1;2373
9;0.375;;(10, 15);;(11, 17);1;2374
9;0.375;;(10, 15);;(11, 17);1;2375
9;0.375;;(10, 15);;(11, 17);1;2376
9;0.375;;(10, 15);;(11, 17);1;2377
9;0.375;;(10, 15);MoveWest;(10, 17);1;2378
9;0.375;;(10, 15);;(10, 17);1;2379
9;0.375;;(10, 15);;(10, 17);1;2380
9;0.375;;(10, 15);;(10, 17);1;2381
9;0.375;;(10, 15);;(10, 17);1;2382
9;0.375;;(10, 15);MoveNorth;(10, 17);1;2383
9;0.375;;(10, 15);;(10, 17);1;2384
9;0.375;;(10, 15);;(10, 17);1;2385
9;0.375;;(10, 15);;(10, 17);1;2386
9;0.375;;(10, 15);;(10, 17);1;2387
9;0.375;;(10, 15);;(10, 17);1;2388
9;0.375;;(10, 15);;(10, 17);1;2389
9;0.375;;(10, 15);;(10, 17);1;2390
9;0.375;;(10, 15);;(10, 17);1;2391
9;0.375;;(10, 15);;(10, 17);1;2392
9;0.375;;(10, 15);;(10, 17);1;2393
9;0.375;;(10, 15);;(10, 17);1;2394
9;0.375;;(10, 15);;(10, 17);1;2395
9;0.375;;(10, 15);;(10, 17);1;2396
9;0.375;;(10, 15);MoveWest;(9, 17);1;2397
9;0.375;;(10, 15);;(9, 17);1;2398
9;0.375;;(10, 15);;(9, 17);1;2399
9;0.375;;(10, 15);;(9, 17);1;2400
9;0.375;;(10, 15);;(9, 17);1;2401
9;0.375;;(10, 15);;(9, 17);1;2402
9;0.375;;(10, 15);;(9, 17);1;2403
9;0.375;;(10, 15);MoveNorth;(9, 16);1;2404
9;0.375;;(10, 15);;(9, 16);1;2405
9;0.375;;(10, 15);;(9, 16);1;2406
9;0.375;;(10, 15);;(9, 16);1;2407
9;0.375;;(10, 15);;(9, 16);1;2408
9;0.375;;(10, 15);;(9, 16);1;2409
9;0.375;;(10, 15);;(9, 16);1;2410
9;0.375;;(10, 15);MoveNorth;(9, 15);1;2411
9;0.375;;(10, 15);;(9, 15);1;2412
9;0.375;;(10, 15);;(9, 15);1;2413
9;0.375;;(10, 15);;(9, 15);1;2414
9;0.375;;(10, 15);;(9, 15);1;2415
9;0.375;;(10, 15);;(9, 15);1;2416
9;0.375;;(10, 15);;(9, 15);1;2417
9;0.375;;(10, 15);;(9, 15);1;2418
9;0.375;;(10, 15);;(9, 15);1;2419
9;0.375;;(10, 15);;(9, 15);1;2420
9;0.375;;(10, 15);;(9, 15);1;2421
9;0.375;;(10, 15);;(9, 15);1;2422
9;0.375;;(10, 15);;(9, 15);1;2423
9;0.375;;(10, 15);;(9, 15);1;2424
9;0.375;;(10, 15);;(9, 15);1;2425
9;0.375;;(10, 15);;(9, 15);1;2426
9;0.375;;(10, 15);;(9, 15);1;2427
9;0.375;;(10, 15);;(9, 15);1;2428
9;0.375;;(10, 15);;(9, 15);1;2429
9;0.375;;(10, 15);;(9, 15);1;2430
9;0.375;;(10, 15);;(9, 15);1;2431
9;0.375;;(10, 15);;(9, 15);1;2432
9;0.375;;(10, 15);;(9, 15);1;2433
9;0.375;;(10, 15);;(9, 15);1;2434
9;0.375;;(10, 15);;(9, 15);1;2435
9;0.375;;(10, 15);;(9, 15);1;2436
9;0.375;;(10, 15);;(9, 15);1;2437
9;0.375;;(10, 15);;(9, 15);1;2438
9;0.375;;(10, 15);;(9, 15);1;2439
9;0.375;;(10, 15);;(9, 15);1;2440
9;0.375;;(10, 15);;(9, 15);1;2441
9;0.375;;(10, 15);;(9, 15);1;2442
9;0.375;;(10, 15);;(9, 15);1;2443
9;0.375;;(10, 15);;(9, 15);1;2444
9;0.375;;(10, 15);;(9, 15);1;2445
9;0.375;;(10, 15);;(9, 15);1;2446
9;0.375;;(10, 15);;(9, 15);1;2447
9;0.375;;(10, 15);;(9, 15);1;2448
9;0.375;;(10, 15);;(9, 15);1;2449
9;0.375;;(10, 15);;(9, 15);1;2450
9;0.375;;(10, 15);;(9, 15);1;2451
9;0.375;;(10, 15);;(9, 15);1;2452
9;0.375;;(10, 15);;(9, 15);1;2453
9;0.375;;(10, 15);;(9, 15);1;2454
9;0.375;;(10, 15);;(9, 15);1;2455
9;0.375;;(10, 15);;(9, 15);1;2456
9;0.375;;(10, 15);;(9, 15);1;2457
9;0.375;;(10, 15);;(9, 15);1;2458
9;0.375;;(10, 15);;(9, 15);1;2459
9;0.375;;(10, 15);;(9, 15);1;2460
9;0.375;;(10, 15);;(9, 15);1;2461
9;0.375;;(10, 15);;(9, 15);1;2462
9;0.375;;(10, 15);;(9, 15);1;2463
9;0.375;;(10, 15);;(9, 15);1;2464
9;0.375;;(10, 15);;(9, 15);1;2465
9;0.375;;(10, 15);;(9, 15);1;2466
9;0.375;;(10, 15);;(9, 15);1;2467
9;0.375;;(10, 15);;(9, 15);1;2468
9;0.375;;(10, 15);;(9, 15);1;2469
9;0.375;;(10, 15);;(9, 15);1;2470
9;0.375;;(10, 15);;(9, 15);1;2471
9;0.375;;(10, 15);;(9, 15);1;2472
9;0.375;;(10, 15);;(9, 15);1;2473
9;0.375;;(10, 15);;(9, 15);1;2474
9;0.375;;(10, 15);;(9, 15);1;2475
9;0.375;;(10, 15);;(9, 15);1;2476
9;0.375;;(10, 15);;(9, 15);1;2477
9;0.375;;(10, 15);;(9, 15);1;2478
9;0.375;;(10, 15);;(9, 15);1;2479
9;0.375;;(10, 15);;(9, 15);1;2480
9;0.375;;(10, 15);;(9, 15);1;2481
9;0.375;;(10, 15);;(9, 15);1;2482
9;0.375;;(10, 15);;(9, 15);1;2483
9;0.375;;(10, 15);;(9, 15);1;2484
9;0.375;;(10, 15);;(9, 15);1;2485
9;0.375;;(10, 15);;(9, 15);1;2486
9;0.375;;(10, 15);;(9, 15);1;2487
9;0.375;;(10, 15);;(9, 15);1;2488
9;0.375;;(10, 15);;(9, 15);1;2489
9;0.375;;(10, 15);;(9, 15);1;2490
9;0.375;;(10, 15);;(9, 15);1;2491
9;0.375;;(10, 15);;(9, 15);1;2492
9;0.375;;(10, 15);;(9, 15);1;2493
9;0.375;;(10, 15);;(9, 15);1;2494
9;0.375;;(10, 15);;(9, 15);1;2495
9;0.375;;(10, 15);;(9, 15);1;2496
9;0.375;;(10, 15);;(9, 15);1;2497
9;0.375;;(10, 15);;(9, 15);1;2498
9;0.375;;(10, 15);;(9, 15);1;2499
9;0.375;;(10, 15);;(9, 15);1;2500
9;0.375;;(10, 15);;(9, 15);1;2501
9;0.375;;(10, 15);;(9, 15);1;2502
9;0.375;;(10, 15);;(9, 15);1;2503
9;0.375;;(10, 15);;(9, 15);1;2504
9;0.375;;(10, 15);;(9, 15);1;2505
9;0.375;;(10, 15);;(9, 15);1;2506
9;0.375;;(10, 15);;(9, 15);1;2507
9;0.375;;(10, 15);;(9, 15);1;2508
9;0.375;;(10, 15);;(9, 15);1;2509
9;0.375;;(10, 15);;(9, 15);1;2510
9;0.375;;(10, 15);;(9, 15);1;2511
9;0.375;;(10, 15);;(9, 15);1;2512
9;0.375;;(10, 15);;(9, 15);1;2513
9;0.375;;(10, 15);;(9, 15);1;2514
9;0.375;;(10, 15);;(9, 15);1;2515
9;0.375;;(10, 15);;(9, 15);1;2516
9;0.375;;(10, 15);;(9, 15);1;2517
9;0.375;;(10, 15);;(9, 15);1;2518
9;0.375;;(10, 15);;(9, 15);1;2519
9;0.375;;(10, 15);;(9, 15);1;2520
9;0.375;;(10, 15);;(9, 15);1;2521
9;0.375;;(10, 15);;(9, 15);1;2522
9;0.375;;(10, 15);;(9, 15);1;2523
9;0.375;;(10, 15);;(9, 15);1;2524
9;0.375;;(10, 15);;(9, 15);1;2525
9;0.375;;(10, 15);;(9, 15);1;2526
9;0.375;;(10, 15);;(9, 15);1;2527
9;0.375;;(10, 15);;(9, 15);1;2528
9;0.375;;(10, 15);;(9, 15);1;2529
9;0.375;;(10, 15);;(9, 15);1;2530
9;0.375;;(10, 15);;(9, 15);1;2531
9;0.375;;(10, 15);;(9, 15);1;2532
9;0.375;;(10, 15);;(9, 15);1;2533
9;0.375;;(10, 15);;(9, 15);1;2534
9;0.375;;(10, 15);;(9, 15);1;2535
9;0.375;;(10, 15);;(9, 15);1;2536
9;0.375;;(10, 15);;(9, 15);1;2537
9;0.375;;(10, 15);;(9, 15);1;2538
9;0.375;;(10, 15);;(9, 15);1;2539
9;0.375;;(10, 15);;(9, 15);1;2540
9;0.375;;(10, 15);;(9, 15);1;2541
9;0.375;;(10, 15);;(9, 15);1;2542
9;0.375;;(10, 15);;(9, 15);1;2543
9;0.375;;(10, 15);;(9, 15);1;2544
9;0.375;;(10, 15);;(9, 15);1;2545
9;0.375;;(10, 15);;(9, 15);1;2546
9;0.375;;(10, 15);;(9, 15);1;2547
9;0.375;;(10, 15);;(9, 15);1;2548
9;0.375;;(10, 15);;(9, 15);1;2549
9;0.375;;(10, 15);;(9, 15);1;2550
9;0.375;;(10, 15);;(9, 15);1;2551
9;0.375;;(10, 15);;(9, 15);1;2552
9;0.375;;(10, 15);;(9, 15);1;2553
9;0.375;;(10, 15);;(9, 15);1;2554
9;0.375;;(10, 15);;(9, 15);1;2555
9;0.375;;(10, 15);;(9, 15);1;2556
9;0.375;;(10, 15);;(9, 15);1;2557
9;0.375;;(10, 15);;(9, 15);1;2558
9;0.375;;(10, 15);;(9, 15);1;2559
9;0.375;;(10, 15);;(9, 15);1;2560
9;0.375;;(10, 15);;(9, 15);1;2561
9;0.375;;(10, 15);;(9, 15);1;2562
9;0.375;;(10, 15);;(9, 15);1;2563
9;0.375;;(10, 15);;(9, 15);1;2564
9;0.375;;(10, 15);;(9, 15);1;2565
9;0.375;;(10, 15);;(9, 15);1;2566
9;0.375;;(10, 15);;(9, 15);1;2567
9;0.375;;(10, 15);;(9, 15);1;2568
9;0.375;;(10, 15);;(9, 15);1;2569
9;0.375;;(10, 15);;(9, 15);1;2570
9;0.375;;(10, 15);;(9, 15);1;2571
9;0.375;;(10, 15);;(9, 15);1;2572
9;0.375;;(10, 15);;(9, 15);1;2573
9;0.375;;(10, 15);;(9, 15);1;2574
9;0.375;;(10, 15);;(9, 15);1;2575
9;0.375;;(10, 15);;(9, 15);1;2576
9;0.375;;(10, 15);;(9, 15);1;2577
9;0.375;;(10, 15);;(9, 15);1;2578
9;0.375;;(10, 15);;(9, 15);1;2579
9;0.375;;(10, 15);;(9, 15);1;2580
9;0.375;;(10, 15);;(9, 15);1;2581
9;0.375;;(10, 15);;(9, 15);1;2582
9;0.375;;(10, 15);;(9, 15);1;2583
9;0.375;;(10, 15);;(9, 15);1;2584
9;0.375;;(10, 15);;(9, 15);1;2585
9;0.375;;(10, 15);;(9, 15);1;2586
9;0.375;;(10, 15);;(9, 15);1;2587
9;0.375;;(10, 15);;(9, 15);1;2588
9;0.375;;(10, 15);;(9, 15);1;2589
9;0.375;;(10, 15);;(9, 15);1;2590
9;0.375;;(10, 15);;(9, 15);1;2591
9;0.375;;(10, 15);;(9, 15);1;2592
9;0.375;;(10, 15);;(9, 15);1;2593
9;0.375;;(10, 15);;(9, 15);1;2594
9;0.375;;(10, 15);;(9, 15);1;2595
9;0.375;;(10, 15);;(9, 15);1;2596
9;0.375;;(10, 15);;(9, 15);1;2597
9;0.375;;(10, 15);;(9, 15);1;2598
9;0.375;;(10, 15);;(9, 15);1;2599
9;0.375;;(10, 15);;(9, 15);1;2600
9;0.375;;(10, 15);;(9, 15);1;2601
9;0.375;;(10, 15);;(9, 15);1;2602
9;0.375;;(10, 15);;(9, 15);1;2603
9;0.375;;(10, 15);;(9, 15);1;2604
9;0.375;;(10, 15);;(9, 15);1;2605
9;0.375;;(10, 15);;(9, 15);1;2606
9;0.375;;(10, 15);;(9, 15);1;2607
9;0.375;;(10, 15);;(9, 15);1;2608
9;0.375;;(10, 15);;(9, 15);1;2609
9;0.375;;(10, 15);;(9, 15);1;2610
9;0.375;;(10, 15);;(9, 15);1;2611
9;0.375;;(10, 15);;(9, 15);1;2612
9;0.375;;(10, 15);;(9, 15);1;2613
9;0.375;;(10, 15);;(9, 15);1;2614
9;0.375;;(10, 15);;(9, 15);1;2615
9;0.375;;(10, 15);;(9, 15);1;2616
9;0.375;;(10, 15);;(9, 15);1;2617
9;0.375;;(10, 15);;(9, 15);1;2618
9;0.375;;(10, 15);;(9, 15);1;2619
9;0.375;;(10, 15);;(9, 15);1;2620
9;0.375;;(10, 15);;(9, 15);1;2621
9;0.375;;(10, 15);;(9, 15);1;2622
9;0.375;;(10, 15);;(9, 15);1;2623
9;0.375;;(10, 15);;(9, 15);1;2624
9;0.375;;(10, 15);;(9, 15);1;2625
9;0.375;;(10, 15);;(9, 15);1;2626
9;0.375;;(10, 15);;(9, 15);1;2627
9;0.375;;(10, 15);;(9, 15);1;2628
9;0.375;;(10, 15);;(9, 15);1;2629
9;0.375;;(10, 15);;(9, 15);1;2630
9;0.375;;(10, 15);;(9, 15);1;2631
9;0.375;;(10, 15);;(9, 15);1;2632
9;0.375;;(10, 15);;(9, 15);1;2633
9;0.375;;(10, 15);;(9, 15);1;2634
9;0.375;;(10, 15);;(9, 15);1;2635
9;0.375;;(10, 15);;(9, 15);1;2636
9;0.375;;(10, 15);;(9, 15);1;2637
9;0.375;;(10, 15);;(9, 15);1;2638
9;0.375;;(10, 15);;(9, 15);1;2639
9;0.375;;(10, 15);;(9, 15);1;2640
9;0.375;;(10, 15);;(9, 15);1;2641
9;0.375;;(10, 15);;(9, 15);1;2642
9;0.375;;(10, 15);;(9, 15);1;2643
9;0.375;;(10, 15);;(9, 15);1;2644
9;0.375;;(10, 15);;(9, 15);1;2645
9;0.375;;(10, 15);;(9, 15);1;2646
9;0.375;;(10, 15);;(9, 15);1;2647
9;0.375;;(10, 15);;(9, 15);1;2648
9;0.375;;(10, 15);;(9, 15);1;2649
9;0.375;;(10, 15);;(9, 15);1;2650
9;0.375;;(10, 15);;(9, 15);1;2651
9;0.375;;(10, 15);;(9, 15);1;2652
9;0.375;;(10, 15);;(9, 15);1;2653
9;0.375;;(10, 15);;(9, 15);1;2654
9;0.375;;(10, 15);;(9, 15);1;2655
9;0.375;;(10, 15);;(9, 15);1;2656
9;0.375;;(10, 15);;(9, 15);1;2657
9;0.375;;(10, 15);;(9, 15);1;2658
9;0.375;;(10, 15);;(9, 15);1;2659
9;0.375;;(10, 15);;(9, 15);1;2660
9;0.375;;(10, 15);;(9, 15);1;2661
9;0.375;;(10, 15);;(9, 15);1;2662
9;0.375;;(10, 15);;(9, 15);1;2663
9;0.375;;(10, 15);;(9, 15);1;2664
9;0.375;;(10, 15);;(9, 15);1;2665
9;0.375;;(10, 15);;(9, 15);1;2666
9;0.375;;(10, 15);;(9, 15);1;2667
9;0.375;;(10, 15);;(9, 15);1;2668
9;0.375;;(10, 15);;(9, 15);1;2669
