score;completeness;rescuebot_action;rescuebot_location;alice_action;alice_location;world_nr;tick_nr
0;0.0;;(22, 11);;(22, 12);1;0
0;0.0;;(22, 11);;(22, 12);1;1
0;0.0;;(22, 11);;(22, 12);1;2
0;0.0;;(22, 11);;(22, 12);1;3
0;0.0;;(22, 11);;(22, 12);1;4
0;0.0;;(22, 11);;(22, 12);1;5
0;0.0;;(22, 11);;(22, 12);1;6
0;0.0;;(22, 11);;(22, 12);1;7
0;0.0;;(22, 11);;(22, 12);1;8
0;0.0;;(22, 11);;(22, 12);1;9
0;0.0;;(22, 11);;(22, 12);1;10
0;0.0;;(22, 11);;(22, 12);1;11
0;0.0;;(22, 11);;(22, 12);1;12
0;0.0;;(22, 11);;(22, 12);1;13
0;0.0;;(22, 11);;(22, 12);1;14
0;0.0;;(22, 11);;(22, 12);1;15
0;0.0;;(22, 11);;(22, 12);1;16
0;0.0;;(22, 11);;(22, 12);1;17
0;0.0;;(22, 11);;(22, 12);1;18
0;0.0;;(22, 11);;(22, 12);1;19
0;0.0;;(22, 11);;(22, 12);1;20
0;0.0;;(22, 11);;(22, 12);1;21
0;0.0;;(22, 11);;(22, 12);1;22
0;0.0;;(22, 11);;(22, 12);1;23
0;0.0;;(22, 11);;(22, 12);1;24
0;0.0;;(22, 11);;(22, 12);1;25
0;0.0;;(22, 11);;(22, 12);1;26
0;0.0;;(22, 11);;(22, 12);1;27
0;0.0;;(22, 11);;(22, 12);1;28
0;0.0;;(22, 11);;(22, 12);1;29
0;0.0;;(22, 11);;(22, 12);1;30
0;0.0;;(22, 11);;(22, 12);1;31
0;0.0;;(22, 11);;(22, 12);1;32
0;0.0;;(22, 11);;(22, 12);1;33
0;0.0;;(22, 11);;(22, 12);1;34
0;0.0;;(22, 11);;(22, 12);1;35
0;0.0;;(22, 11);;(22, 12);1;36
0;0.0;;(22, 11);;(22, 12);1;37
0;0.0;;(22, 11);;(22, 12);1;38
0;0.0;;(22, 11);;(22, 12);1;39
0;0.0;;(22, 11);;(22, 12);1;40
0;0.0;;(22, 11);;(22, 12);1;41
0;0.0;;(22, 11);;(22, 12);1;42
0;0.0;;(22, 11);;(22, 12);1;43
0;0.0;;(22, 11);;(22, 12);1;44
0;0.0;;(22, 11);;(22, 12);1;45
0;0.0;;(22, 11);;(22, 12);1;46
0;0.0;;(22, 11);;(22, 12);1;47
0;0.0;;(22, 11);;(22, 12);1;48
0;0.0;;(22, 11);;(22, 12);1;49
0;0.0;;(22, 11);;(22, 12);1;50
0;0.0;;(22, 11);;(22, 12);1;51
0;0.0;;(22, 11);;(22, 12);1;52
0;0.0;;(22, 11);;(22, 12);1;53
0;0.0;;(22, 11);;(22, 12);1;54
0;0.0;;(22, 11);;(22, 12);1;55
0;0.0;;(22, 11);;(22, 12);1;56
0;0.0;;(22, 11);;(22, 12);1;57
0;0.0;;(22, 11);;(22, 12);1;58
0;0.0;;(22, 11);;(22, 12);1;59
0;0.0;;(22, 11);;(22, 12);1;60
0;0.0;;(22, 11);;(22, 12);1;61
0;0.0;;(22, 11);;(22, 12);1;62
0;0.0;;(22, 11);;(22, 12);1;63
0;0.0;;(22, 11);;(22, 12);1;64
0;0.0;;(22, 11);;(22, 12);1;65
0;0.0;;(22, 11);;(22, 12);1;66
0;0.0;;(22, 11);;(22, 12);1;67
0;0.0;;(22, 11);;(22, 12);1;68
0;0.0;;(22, 11);;(22, 12);1;69
0;0.0;;(22, 11);;(22, 12);1;70
0;0.0;;(22, 11);;(22, 12);1;71
0;0.0;;(22, 11);;(22, 12);1;72
0;0.0;;(22, 11);;(22, 12);1;73
0;0.0;;(22, 11);;(22, 12);1;74
0;0.0;;(22, 11);;(22, 12);1;75
0;0.0;;(22, 11);;(22, 12);1;76
0;0.0;;(22, 11);;(22, 12);1;77
0;0.0;;(22, 11);;(22, 12);1;78
0;0.0;;(22, 11);;(22, 12);1;79
0;0.0;;(22, 11);;(22, 12);1;80
0;0.0;;(22, 11);;(22, 12);1;81
0;0.0;;(22, 11);;(22, 12);1;82
0;0.0;;(22, 11);;(22, 12);1;83
0;0.0;;(22, 11);;(22, 12);1;84
0;0.0;;(22, 11);;(22, 12);1;85
0;0.0;;(22, 11);;(22, 12);1;86
0;0.0;;(22, 11);;(22, 12);1;87
0;0.0;;(22, 11);;(22, 12);1;88
0;0.0;;(22, 11);;(22, 12);1;89
0;0.0;;(22, 11);;(22, 12);1;90
0;0.0;;(22, 11);;(22, 12);1;91
0;0.0;;(22, 11);;(22, 12);1;92
0;0.0;;(22, 11);;(22, 12);1;93
0;0.0;;(22, 11);;(22, 12);1;94
0;0.0;;(22, 11);;(22, 12);1;95
0;0.0;;(22, 11);;(22, 12);1;96
0;0.0;;(22, 11);;(22, 12);1;97
0;0.0;;(22, 11);;(22, 12);1;98
0;0.0;;(22, 11);;(22, 12);1;99
0;0.0;;(22, 11);;(22, 12);1;100
0;0.0;;(22, 11);;(22, 12);1;101
0;0.0;;(22, 11);;(22, 12);1;102
0;0.0;;(22, 11);;(22, 12);1;103
0;0.0;;(22, 11);;(22, 12);1;104
0;0.0;;(22, 11);;(22, 12);1;105
0;0.0;;(22, 11);;(22, 12);1;106
0;0.0;;(22, 11);;(22, 12);1;107
0;0.0;;(22, 11);;(22, 12);1;108
0;0.0;;(22, 11);;(22, 12);1;109
0;0.0;;(22, 11);;(22, 12);1;110
0;0.0;;(22, 11);;(22, 12);1;111
0;0.0;;(22, 11);;(22, 12);1;112
0;0.0;;(22, 11);;(22, 12);1;113
0;0.0;;(22, 11);;(22, 12);1;114
0;0.0;;(22, 11);;(22, 12);1;115
0;0.0;;(22, 11);;(22, 12);1;116
0;0.0;;(22, 11);;(22, 12);1;117
0;0.0;;(22, 11);;(22, 12);1;118
0;0.0;;(22, 11);;(22, 12);1;119
0;0.0;;(22, 11);;(22, 12);1;120
0;0.0;;(22, 11);;(22, 12);1;121
0;0.0;;(22, 11);;(22, 12);1;122
0;0.0;;(22, 11);;(22, 12);1;123
0;0.0;;(22, 11);;(22, 12);1;124
0;0.0;;(22, 11);;(22, 12);1;125
0;0.0;;(22, 11);;(22, 12);1;126
0;0.0;;(22, 11);;(22, 12);1;127
0;0.0;;(22, 11);;(22, 12);1;128
0;0.0;;(22, 11);;(22, 12);1;129
0;0.0;;(22, 11);;(22, 12);1;130
0;0.0;;(22, 11);;(22, 12);1;131
0;0.0;;(22, 11);;(22, 12);1;132
0;0.0;;(22, 11);;(22, 12);1;133
0;0.0;;(22, 11);;(22, 12);1;134
0;0.0;;(22, 11);;(22, 12);1;135
0;0.0;;(22, 11);;(22, 12);1;136
0;0.0;;(22, 11);;(22, 12);1;137
0;0.0;;(22, 11);;(22, 12);1;138
0;0.0;;(22, 11);;(22, 12);1;139
0;0.0;;(22, 11);;(22, 12);1;140
0;0.0;;(22, 11);;(22, 12);1;141
0;0.0;;(22, 11);;(22, 12);1;142
0;0.0;;(22, 11);;(22, 12);1;143
0;0.0;;(22, 11);;(22, 12);1;144
0;0.0;;(22, 11);;(22, 12);1;145
0;0.0;;(22, 11);;(22, 12);1;146
0;0.0;;(22, 11);;(22, 12);1;147
0;0.0;;(22, 11);;(22, 12);1;148
0;0.0;;(22, 11);;(22, 12);1;149
0;0.0;;(22, 11);;(22, 12);1;150
0;0.0;;(22, 11);;(22, 12);1;151
0;0.0;;(22, 11);;(22, 12);1;152
0;0.0;;(22, 11);;(22, 12);1;153
0;0.0;;(22, 11);;(22, 12);1;154
0;0.0;;(22, 11);;(22, 12);1;155
0;0.0;;(22, 11);;(22, 12);1;156
0;0.0;;(22, 11);;(22, 12);1;157
0;0.0;;(22, 11);;(22, 12);1;158
0;0.0;;(22, 11);;(22, 12);1;159
0;0.0;;(22, 11);;(22, 12);1;160
0;0.0;;(22, 11);;(22, 12);1;161
0;0.0;;(22, 11);;(22, 12);1;162
0;0.0;;(22, 11);;(22, 12);1;163
0;0.0;;(22, 11);;(22, 12);1;164
0;0.0;;(22, 11);;(22, 12);1;165
0;0.0;;(22, 11);;(22, 12);1;166
0;0.0;;(22, 11);;(22, 12);1;167
0;0.0;;(22, 11);;(22, 12);1;168
0;0.0;;(22, 11);MoveNorth;(22, 11);1;169
0;0.0;;(22, 11);;(22, 11);1;170
0;0.0;;(22, 11);MoveSouth;(22, 12);1;171
0;0.0;;(22, 11);;(22, 12);1;172
0;0.0;;(22, 11);;(22, 12);1;173
0;0.0;;(22, 11);;(22, 12);1;174
0;0.0;;(22, 11);MoveSouth;(22, 13);1;175
0;0.0;;(22, 11);;(22, 13);1;176
0;0.0;;(22, 11);;(22, 13);1;177
0;0.0;;(22, 11);;(22, 13);1;178
0;0.0;;(22, 11);;(22, 13);1;179
0;0.0;;(22, 11);;(22, 13);1;180
0;0.0;;(22, 11);;(22, 13);1;181
0;0.0;;(22, 11);;(22, 13);1;182
0;0.0;;(22, 11);;(22, 13);1;183
0;0.0;;(22, 11);;(22, 13);1;184
0;0.0;;(22, 11);;(22, 13);1;185
0;0.0;;(22, 11);;(22, 13);1;186
0;0.0;;(22, 11);;(22, 13);1;187
0;0.0;;(22, 11);;(22, 13);1;188
0;0.0;;(22, 11);;(22, 13);1;189
0;0.0;;(22, 11);;(22, 13);1;190
0;0.0;;(22, 11);;(22, 13);1;191
0;0.0;;(22, 11);;(22, 13);1;192
0;0.0;;(22, 11);;(22, 13);1;193
0;0.0;;(22, 11);;(22, 13);1;194
0;0.0;;(22, 11);;(22, 13);1;195
0;0.0;;(22, 11);;(22, 13);1;196
0;0.0;;(22, 11);;(22, 13);1;197
0;0.0;;(22, 11);;(22, 13);1;198
0;0.0;;(22, 11);;(22, 13);1;199
0;0.0;;(22, 11);;(22, 13);1;200
0;0.0;;(22, 11);;(22, 13);1;201
0;0.0;;(22, 11);;(22, 13);1;202
0;0.0;;(22, 11);;(22, 13);1;203
0;0.0;;(22, 11);;(22, 13);1;204
0;0.0;;(22, 11);;(22, 13);1;205
0;0.0;;(22, 11);;(22, 13);1;206
0;0.0;;(22, 11);;(22, 13);1;207
0;0.0;;(22, 11);;(22, 13);1;208
0;0.0;;(22, 11);MoveSouth;(22, 14);1;209
0;0.0;MoveNorth;(22, 11);MoveWest;(21, 14);1;210
0;0.0;MoveNorth;(22, 11);;(21, 14);1;211
0;0.0;MoveNorth;(22, 11);;(21, 14);1;212
0;0.0;MoveNorth;(22, 11);;(21, 14);1;213
0;0.0;MoveNorth;(22, 11);;(21, 14);1;214
0;0.0;MoveNorth;(22, 11);;(21, 14);1;215
0;0.0;MoveNorth;(22, 11);MoveNorth;(21, 13);1;216
0;0.0;MoveNorth;(22, 11);;(21, 13);1;217
0;0.0;MoveNorth;(22, 10);;(21, 13);1;218
0;0.0;MoveNorth;(22, 10);MoveNorth;(21, 12);1;219
0;0.0;MoveNorth;(22, 10);MoveNorth;(21, 11);1;220
0;0.0;MoveNorth;(22, 10);;(21, 11);1;221
0;0.0;MoveNorth;(22, 10);MoveNorth;(21, 10);1;222
0;0.0;MoveNorth;(22, 10);;(21, 10);1;223
0;0.0;MoveNorth;(22, 10);;(21, 10);1;224
0;0.0;MoveNorth;(22, 10);;(21, 10);1;225
0;0.0;MoveNorth;(22, 10);;(21, 10);1;226
0;0.0;MoveNorth;(22, 9);;(21, 10);1;227
0;0.0;MoveNorth;(22, 9);;(21, 10);1;228
0;0.0;MoveNorth;(22, 9);;(21, 10);1;229
0;0.0;MoveNorth;(22, 9);;(21, 10);1;230
0;0.0;MoveNorth;(22, 9);;(21, 10);1;231
0;0.0;MoveNorth;(22, 9);;(21, 10);1;232
0;0.0;MoveNorth;(22, 9);;(21, 10);1;233
0;0.0;MoveNorth;(22, 9);;(21, 10);1;234
0;0.0;MoveNorth;(22, 9);;(21, 10);1;235
0;0.0;MoveNorth;(22, 8);;(21, 10);1;236
0;0.0;MoveNorth;(22, 8);;(21, 10);1;237
0;0.0;MoveNorth;(22, 8);;(21, 10);1;238
0;0.0;MoveNorth;(22, 8);;(21, 10);1;239
0;0.0;MoveNorth;(22, 8);;(21, 10);1;240
0;0.0;MoveNorth;(22, 8);;(21, 10);1;241
0;0.0;MoveNorth;(22, 8);;(21, 10);1;242
0;0.0;MoveNorth;(22, 8);;(21, 10);1;243
0;0.0;MoveNorth;(22, 8);;(21, 10);1;244
0;0.0;MoveNorth;(22, 7);;(21, 10);1;245
0;0.0;MoveNorthWest;(22, 7);;(21, 10);1;246
0;0.0;MoveNorthWest;(22, 7);;(21, 10);1;247
0;0.0;MoveNorthWest;(22, 7);;(21, 10);1;248
0;0.0;MoveNorthWest;(22, 7);;(21, 10);1;249
0;0.0;MoveNorthWest;(22, 7);;(21, 10);1;250
0;0.0;MoveNorthWest;(22, 7);;(21, 10);1;251
0;0.0;MoveNorthWest;(22, 7);;(21, 10);1;252
0;0.0;MoveNorthWest;(22, 7);;(21, 10);1;253
0;0.0;MoveNorthWest;(21, 6);;(21, 10);1;254
0;0.0;MoveWest;(21, 6);;(21, 10);1;255
0;0.0;MoveWest;(21, 6);;(21, 10);1;256
0;0.0;MoveWest;(21, 6);;(21, 10);1;257
0;0.0;MoveWest;(21, 6);;(21, 10);1;258
0;0.0;MoveWest;(21, 6);;(21, 10);1;259
0;0.0;MoveWest;(21, 6);;(21, 10);1;260
0;0.0;MoveWest;(21, 6);;(21, 10);1;261
0;0.0;MoveWest;(21, 6);;(21, 10);1;262
0;0.0;MoveWest;(20, 6);;(21, 10);1;263
0;0.0;MoveWest;(20, 6);;(21, 10);1;264
0;0.0;MoveWest;(20, 6);;(21, 10);1;265
0;0.0;MoveWest;(20, 6);;(21, 10);1;266
0;0.0;MoveWest;(20, 6);;(21, 10);1;267
0;0.0;MoveWest;(20, 6);;(21, 10);1;268
0;0.0;MoveWest;(20, 6);;(21, 10);1;269
0;0.0;MoveWest;(20, 6);;(21, 10);1;270
0;0.0;MoveWest;(20, 6);;(21, 10);1;271
0;0.0;MoveWest;(19, 6);MoveWest;(20, 10);1;272
0;0.0;MoveWest;(19, 6);;(20, 10);1;273
0;0.0;MoveWest;(19, 6);;(20, 10);1;274
0;0.0;MoveWest;(19, 6);MoveNorth;(20, 9);1;275
0;0.0;MoveWest;(19, 6);;(20, 9);1;276
0;0.0;MoveWest;(19, 6);MoveNorth;(20, 8);1;277
0;0.0;MoveWest;(19, 6);MoveNorth;(20, 7);1;278
0;0.0;MoveWest;(19, 6);;(20, 7);1;279
0;0.0;MoveWest;(19, 6);MoveNorth;(20, 6);1;280
0;0.0;MoveWest;(19, 6);;(20, 6);1;281
0;0.0;MoveWest;(19, 6);MoveWest;(19, 6);1;282
0;0.0;MoveWest;(19, 6);MoveWest;(19, 6);1;283
0;0.0;MoveWest;(19, 6);MoveWest;(19, 6);1;284
0;0.0;MoveWest;(19, 6);MoveWest;(19, 6);1;285
0;0.0;MoveWest;(18, 6);MoveWest;(19, 6);1;286
0;0.0;MoveWest;(18, 6);MoveWest;(19, 6);1;287
0;0.0;MoveWest;(18, 6);MoveWest;(18, 6);1;288
0;0.0;MoveWest;(18, 6);MoveWest;(17, 6);1;289
0;0.0;MoveWest;(18, 6);;(17, 6);1;290
0;0.0;MoveWest;(18, 6);;(17, 6);1;291
0;0.0;MoveWest;(18, 6);;(17, 6);1;292
0;0.0;MoveWest;(18, 6);;(17, 6);1;293
0;0.0;MoveWest;(18, 6);MoveWest;(16, 6);1;294
0;0.0;MoveWest;(17, 6);;(16, 6);1;295
0;0.0;MoveNorthWest;(17, 6);;(16, 6);1;296
0;0.0;MoveNorthWest;(17, 6);;(16, 6);1;297
0;0.0;MoveNorthWest;(17, 6);MoveWest;(15, 6);1;298
0;0.0;MoveNorthWest;(17, 6);;(15, 6);1;299
0;0.0;MoveNorthWest;(17, 6);;(15, 6);1;300
0;0.0;MoveNorthWest;(17, 6);MoveNorth;(15, 5);1;301
0;0.0;MoveNorthWest;(17, 6);;(15, 5);1;302
0;0.0;MoveNorthWest;(17, 6);MoveNorth;(15, 5);1;303
0;0.0;MoveNorthWest;(16, 5);;(15, 5);1;304
0;0.0;MoveWest;(16, 5);MoveNorth;(15, 5);1;305
0;0.0;MoveWest;(16, 5);;(15, 5);1;306
0;0.0;MoveWest;(16, 5);;(15, 5);1;307
0;0.0;MoveWest;(16, 5);;(15, 5);1;308
0;0.0;MoveWest;(16, 5);;(15, 5);1;309
0;0.0;MoveWest;(16, 5);;(15, 5);1;310
0;0.0;MoveWest;(16, 5);;(15, 5);1;311
0;0.0;MoveWest;(16, 5);;(15, 5);1;312
0;0.0;MoveWest;(15, 5);;(15, 5);1;313
0;0.0;;(15, 5);;(15, 5);1;314
0;0.0;;(15, 5);;(15, 5);1;315
0;0.0;;(15, 5);;(15, 5);1;316
0;0.0;;(15, 5);;(15, 5);1;317
0;0.0;;(15, 5);;(15, 5);1;318
0;0.0;;(15, 5);;(15, 5);1;319
0;0.0;;(15, 5);;(15, 5);1;320
0;0.0;;(15, 5);;(15, 5);1;321
0;0.0;;(15, 5);;(15, 5);1;322
0;0.0;;(15, 5);RemoveObjectTogether;(15, 5);1;323
0;0.0;;(15, 5);RemoveObjectTogether;(15, 5);1;324
0;0.0;;(15, 5);RemoveObjectTogether;(15, 5);1;325
0;0.0;;(15, 5);RemoveObjectTogether;(15, 5);1;326
0;0.0;;(15, 5);RemoveObjectTogether;(15, 5);1;327
0;0.0;;(15, 5);RemoveObjectTogether;(15, 5);1;328
0;0.0;;(15, 5);RemoveObjectTogether;(15, 5);1;329
0;0.0;;(15, 5);RemoveObjectTogether;(15, 5);1;330
0;0.0;;(15, 5);RemoveObjectTogether;(15, 5);1;331
0;0.0;;(15, 5);RemoveObjectTogether;(15, 5);1;332
0;0.0;;(15, 5);RemoveObjectTogether;(15, 5);1;333
0;0.0;;(15, 5);RemoveObjectTogether;(15, 5);1;334
0;0.0;;(15, 5);RemoveObjectTogether;(15, 5);1;335
0;0.0;;(15, 5);RemoveObjectTogether;(15, 5);1;336
0;0.0;;(15, 5);RemoveObjectTogether;(15, 5);1;337
0;0.0;;(15, 5);RemoveObjectTogether;(15, 5);1;338
0;0.0;;(15, 5);RemoveObjectTogether;(15, 5);1;339
0;0.0;;(15, 5);RemoveObjectTogether;(15, 5);1;340
0;0.0;;(15, 5);RemoveObjectTogether;(15, 5);1;341
0;0.0;;(15, 5);RemoveObjectTogether;(15, 5);1;342
0;0.0;;(15, 5);RemoveObjectTogether;(15, 5);1;343
0;0.0;;(15, 5);RemoveObjectTogether;(15, 5);1;344
0;0.0;;(15, 5);RemoveObjectTogether;(15, 5);1;345
0;0.0;;(15, 5);RemoveObjectTogether;(15, 5);1;346
0;0.0;;(15, 5);RemoveObjectTogether;(15, 5);1;347
0;0.0;;(15, 5);RemoveObjectTogether;(15, 5);1;348
0;0.0;;(15, 5);RemoveObjectTogether;(15, 5);1;349
0;0.0;;(15, 5);RemoveObjectTogether;(15, 5);1;350
0;0.0;;(15, 5);RemoveObjectTogether;(15, 5);1;351
0;0.0;;(15, 5);RemoveObjectTogether;(15, 5);1;352
0;0.0;;(15, 5);RemoveObjectTogether;(15, 5);1;353
0;0.0;;(15, 5);RemoveObjectTogether;(15, 5);1;354
0;0.0;;(15, 5);RemoveObjectTogether;(15, 5);1;355
0;0.0;;(15, 5);RemoveObjectTogether;(15, 5);1;356
0;0.0;;(15, 5);RemoveObjectTogether;(15, 5);1;357
0;0.0;;(15, 5);RemoveObjectTogether;(15, 5);1;358
0;0.0;;(15, 5);RemoveObjectTogether;(15, 5);1;359
0;0.0;;(15, 5);RemoveObjectTogether;(15, 5);1;360
0;0.0;;(15, 5);RemoveObjectTogether;(15, 5);1;361
0;0.0;;(15, 5);RemoveObjectTogether;(15, 5);1;362
0;0.0;;(15, 5);RemoveObjectTogether;(15, 5);1;363
0;0.0;;(15, 5);RemoveObjectTogether;(15, 5);1;364
0;0.0;;(15, 5);RemoveObjectTogether;(15, 5);1;365
0;0.0;;(15, 5);RemoveObjectTogether;(15, 5);1;366
0;0.0;;(15, 5);RemoveObjectTogether;(15, 5);1;367
0;0.0;;(15, 5);RemoveObjectTogether;(15, 5);1;368
0;0.0;;(15, 5);RemoveObjectTogether;(15, 5);1;369
0;0.0;;(15, 5);RemoveObjectTogether;(15, 5);1;370
0;0.0;;(15, 5);RemoveObjectTogether;(15, 5);1;371
0;0.0;;(15, 5);RemoveObjectTogether;(15, 5);1;372
0;0.0;;(15, 5);RemoveObjectTogether;(15, 5);1;373
0;0.0;MoveNorth;(15, 5);;(15, 5);1;374
0;0.0;MoveNorth;(15, 5);;(15, 5);1;375
0;0.0;MoveNorth;(15, 5);;(15, 5);1;376
0;0.0;MoveNorth;(15, 5);;(15, 5);1;377
0;0.0;MoveNorth;(15, 5);;(15, 5);1;378
0;0.0;MoveNorth;(15, 5);;(15, 5);1;379
0;0.0;MoveNorth;(15, 5);;(15, 5);1;380
0;0.0;MoveNorth;(15, 5);MoveNorth;(15, 4);1;381
0;0.0;MoveNorth;(15, 4);;(15, 4);1;382
0;0.0;MoveSouth;(15, 4);MoveNorth;(15, 3);1;383
0;0.0;MoveSouth;(15, 4);;(15, 3);1;384
0;0.0;MoveSouth;(15, 4);MoveNorth;(15, 2);1;385
0;0.0;MoveSouth;(15, 4);MoveNorth;(15, 2);1;386
0;0.0;MoveSouth;(15, 4);;(15, 2);1;387
0;0.0;MoveSouth;(15, 4);;(15, 2);1;388
0;0.0;MoveSouth;(15, 4);;(15, 2);1;389
0;0.0;MoveSouth;(15, 4);;(15, 2);1;390
0;0.0;MoveSouth;(15, 5);;(15, 2);1;391
0;0.0;MoveSouth;(15, 5);;(15, 2);1;392
0;0.0;MoveSouth;(15, 5);;(15, 2);1;393
0;0.0;MoveSouth;(15, 5);MoveSouth;(15, 3);1;394
0;0.0;MoveSouth;(15, 5);;(15, 3);1;395
0;0.0;MoveSouth;(15, 5);MoveSouth;(15, 4);1;396
0;0.0;MoveSouth;(15, 5);;(15, 4);1;397
0;0.0;MoveSouth;(15, 5);;(15, 4);1;398
0;0.0;MoveSouth;(15, 5);MoveSouth;(15, 5);1;399
0;0.0;MoveSouth;(15, 6);;(15, 5);1;400
0;0.0;RemoveObject;(15, 6);MoveSouth;(15, 6);1;401
0;0.0;RemoveObject;(15, 6);;(15, 6);1;402
0;0.0;RemoveObject;(15, 6);;(15, 6);1;403
0;0.0;RemoveObject;(15, 6);;(15, 6);1;404
0;0.0;RemoveObject;(15, 6);;(15, 6);1;405
0;0.0;RemoveObject;(15, 6);;(15, 6);1;406
0;0.0;RemoveObject;(15, 6);;(15, 6);1;407
0;0.0;RemoveObject;(15, 6);;(15, 6);1;408
0;0.0;RemoveObject;(15, 6);;(15, 6);1;409
0;0.0;RemoveObject;(15, 6);;(15, 6);1;410
0;0.0;RemoveObject;(15, 6);;(15, 6);1;411
0;0.0;RemoveObject;(15, 6);;(15, 6);1;412
0;0.0;RemoveObject;(15, 6);;(15, 6);1;413
0;0.0;RemoveObject;(15, 6);;(15, 6);1;414
0;0.0;RemoveObject;(15, 6);;(15, 6);1;415
0;0.0;RemoveObject;(15, 6);;(15, 6);1;416
0;0.0;RemoveObject;(15, 6);;(15, 6);1;417
0;0.0;RemoveObject;(15, 6);;(15, 6);1;418
0;0.0;RemoveObject;(15, 6);;(15, 6);1;419
0;0.0;RemoveObject;(15, 6);;(15, 6);1;420
0;0.0;RemoveObject;(15, 6);RemoveObjectTogether;(15, 6);1;421
0;0.0;RemoveObject;(15, 6);;(15, 6);1;422
0;0.0;RemoveObject;(15, 6);;(15, 6);1;423
0;0.0;RemoveObject;(15, 6);;(15, 6);1;424
0;0.0;RemoveObject;(15, 6);;(15, 6);1;425
0;0.0;RemoveObject;(15, 6);;(15, 6);1;426
0;0.0;RemoveObject;(15, 6);MoveNorth;(15, 5);1;427
0;0.0;RemoveObject;(15, 6);;(15, 5);1;428
0;0.0;RemoveObject;(15, 6);;(15, 5);1;429
0;0.0;RemoveObject;(15, 6);;(15, 5);1;430
0;0.0;RemoveObject;(15, 6);;(15, 5);1;431
0;0.0;RemoveObject;(15, 6);;(15, 5);1;432
0;0.0;RemoveObject;(15, 6);MoveWest;(14, 5);1;433
0;0.0;RemoveObject;(15, 6);;(14, 5);1;434
0;0.0;RemoveObject;(15, 6);;(14, 5);1;435
0;0.0;RemoveObject;(15, 6);;(14, 5);1;436
0;0.0;RemoveObject;(15, 6);;(14, 5);1;437
0;0.0;RemoveObject;(15, 6);MoveWest;(13, 5);1;438
0;0.0;RemoveObject;(15, 6);;(13, 5);1;439
0;0.0;RemoveObject;(15, 6);;(13, 5);1;440
0;0.0;RemoveObject;(15, 6);;(13, 5);1;441
0;0.0;RemoveObject;(15, 6);;(13, 5);1;442
0;0.0;RemoveObject;(15, 6);MoveWest;(12, 5);1;443
0;0.0;RemoveObject;(15, 6);;(12, 5);1;444
0;0.0;RemoveObject;(15, 6);;(12, 5);1;445
0;0.0;RemoveObject;(15, 6);;(12, 5);1;446
0;0.0;RemoveObject;(15, 6);MoveSouth;(12, 6);1;447
0;0.0;RemoveObject;(15, 6);;(12, 6);1;448
0;0.0;RemoveObject;(15, 6);;(12, 6);1;449
0;0.0;RemoveObject;(15, 6);;(12, 6);1;450
0;0.0;RemoveObject;(15, 6);;(12, 6);1;451
0;0.0;RemoveObject;(15, 6);;(12, 6);1;452
0;0.0;RemoveObject;(15, 6);;(12, 6);1;453
0;0.0;RemoveObject;(15, 6);MoveNorth;(12, 6);1;454
0;0.0;RemoveObject;(15, 6);MoveNorth;(12, 6);1;455
0;0.0;RemoveObject;(15, 6);MoveNorth;(12, 6);1;456
0;0.0;RemoveObject;(15, 6);MoveNorth;(12, 6);1;457
0;0.0;RemoveObject;(15, 6);MoveNorth;(12, 6);1;458
0;0.0;RemoveObject;(15, 6);MoveNorth;(12, 5);1;459
0;0.0;RemoveObject;(15, 6);MoveWest;(11, 5);1;460
0;0.0;RemoveObject;(15, 6);;(11, 5);1;461
0;0.0;RemoveObject;(15, 6);;(11, 5);1;462
0;0.0;RemoveObject;(15, 6);;(11, 5);1;463
0;0.0;RemoveObject;(15, 6);MoveWest;(10, 5);1;464
0;0.0;RemoveObject;(15, 6);;(10, 5);1;465
0;0.0;RemoveObject;(15, 6);MoveWest;(10, 5);1;466
0;0.0;RemoveObject;(15, 6);MoveWest;(10, 5);1;467
0;0.0;RemoveObject;(15, 6);MoveWest;(10, 5);1;468
0;0.0;RemoveObject;(15, 6);MoveWest;(10, 5);1;469
0;0.0;RemoveObject;(15, 6);MoveWest;(10, 5);1;470
0;0.0;RemoveObject;(15, 6);MoveWest;(9, 5);1;471
0;0.0;RemoveObject;(15, 6);;(9, 5);1;472
0;0.0;RemoveObject;(15, 6);;(9, 5);1;473
0;0.0;RemoveObject;(15, 6);;(9, 5);1;474
0;0.0;RemoveObject;(15, 6);;(9, 5);1;475
0;0.0;RemoveObject;(15, 6);;(9, 5);1;476
0;0.0;RemoveObject;(15, 6);;(9, 5);1;477
0;0.0;RemoveObject;(15, 6);;(9, 5);1;478
0;0.0;RemoveObject;(15, 6);;(9, 5);1;479
0;0.0;RemoveObject;(15, 6);;(9, 5);1;480
0;0.0;RemoveObject;(15, 6);;(9, 5);1;481
0;0.0;RemoveObject;(15, 6);;(9, 5);1;482
0;0.0;RemoveObject;(15, 6);;(9, 5);1;483
0;0.0;RemoveObject;(15, 6);;(9, 5);1;484
0;0.0;RemoveObject;(15, 6);;(9, 5);1;485
0;0.0;RemoveObject;(15, 6);;(9, 5);1;486
0;0.0;RemoveObject;(15, 6);;(9, 5);1;487
0;0.0;RemoveObject;(15, 6);;(9, 5);1;488
0;0.0;RemoveObject;(15, 6);;(9, 5);1;489
0;0.0;RemoveObject;(15, 6);;(9, 5);1;490
0;0.0;RemoveObject;(15, 6);;(9, 5);1;491
0;0.0;RemoveObject;(15, 6);;(9, 5);1;492
0;0.0;RemoveObject;(15, 6);;(9, 5);1;493
0;0.0;RemoveObject;(15, 6);;(9, 5);1;494
0;0.0;RemoveObject;(15, 6);RemoveObject;(9, 5);1;495
0;0.0;RemoveObject;(15, 6);RemoveObject;(9, 5);1;496
0;0.0;RemoveObject;(15, 6);RemoveObject;(9, 5);1;497
0;0.0;RemoveObject;(15, 6);RemoveObject;(9, 5);1;498
0;0.0;RemoveObject;(15, 6);RemoveObject;(9, 5);1;499
0;0.0;RemoveObject;(15, 6);RemoveObject;(9, 5);1;500
0;0.0;RemoveObject;(15, 6);RemoveObject;(9, 5);1;501
0;0.0;MoveSouth;(15, 6);RemoveObject;(9, 5);1;502
0;0.0;MoveSouth;(15, 6);RemoveObject;(9, 5);1;503
0;0.0;MoveSouth;(15, 6);RemoveObject;(9, 5);1;504
0;0.0;MoveSouth;(15, 6);RemoveObject;(9, 5);1;505
0;0.0;MoveSouth;(15, 6);RemoveObject;(9, 5);1;506
0;0.0;MoveSouth;(15, 6);RemoveObject;(9, 5);1;507
0;0.0;MoveSouth;(15, 6);RemoveObject;(9, 5);1;508
0;0.0;MoveSouth;(15, 6);RemoveObject;(9, 5);1;509
0;0.0;MoveSouth;(15, 7);RemoveObject;(9, 5);1;510
0;0.0;MoveSouthWest;(15, 7);RemoveObject;(9, 5);1;511
0;0.0;MoveSouthWest;(15, 7);RemoveObject;(9, 5);1;512
0;0.0;MoveSouthWest;(15, 7);RemoveObject;(9, 5);1;513
0;0.0;MoveSouthWest;(15, 7);RemoveObject;(9, 5);1;514
0;0.0;MoveSouthWest;(15, 7);RemoveObject;(9, 5);1;515
0;0.0;MoveSouthWest;(15, 7);RemoveObject;(9, 5);1;516
0;0.0;MoveSouthWest;(15, 7);RemoveObject;(9, 5);1;517
0;0.0;MoveSouthWest;(15, 7);RemoveObject;(9, 5);1;518
0;0.0;MoveSouthWest;(14, 8);RemoveObject;(9, 5);1;519
0;0.0;MoveSouthEast;(14, 8);RemoveObject;(9, 5);1;520
0;0.0;MoveSouthEast;(14, 8);RemoveObject;(9, 5);1;521
0;0.0;MoveSouthEast;(14, 8);RemoveObject;(9, 5);1;522
0;0.0;MoveSouthEast;(14, 8);RemoveObject;(9, 5);1;523
0;0.0;MoveSouthEast;(14, 8);RemoveObject;(9, 5);1;524
0;0.0;MoveSouthEast;(14, 8);RemoveObject;(9, 5);1;525
0;0.0;MoveSouthEast;(14, 8);RemoveObject;(9, 5);1;526
0;0.0;MoveSouthEast;(14, 8);RemoveObject;(9, 5);1;527
0;0.0;MoveSouthEast;(15, 9);RemoveObject;(9, 5);1;528
0;0.0;MoveNorthEast;(15, 9);RemoveObject;(9, 5);1;529
0;0.0;MoveNorthEast;(15, 9);RemoveObject;(9, 5);1;530
0;0.0;MoveNorthEast;(15, 9);RemoveObject;(9, 5);1;531
0;0.0;MoveNorthEast;(15, 9);RemoveObject;(9, 5);1;532
0;0.0;MoveNorthEast;(15, 9);RemoveObject;(9, 5);1;533
0;0.0;MoveNorthEast;(15, 9);RemoveObject;(9, 5);1;534
0;0.0;MoveNorthEast;(15, 9);RemoveObject;(9, 5);1;535
0;0.0;MoveNorthEast;(15, 9);RemoveObject;(9, 5);1;536
0;0.0;MoveNorthEast;(16, 8);RemoveObject;(9, 5);1;537
0;0.0;;(16, 8);RemoveObject;(9, 5);1;538
0;0.0;;(16, 8);RemoveObject;(9, 5);1;539
0;0.0;;(16, 8);RemoveObject;(9, 5);1;540
0;0.0;;(16, 8);RemoveObject;(9, 5);1;541
0;0.0;;(16, 8);RemoveObject;(9, 5);1;542
0;0.0;;(16, 8);RemoveObject;(9, 5);1;543
0;0.0;;(16, 8);RemoveObject;(9, 5);1;544
0;0.0;;(16, 8);RemoveObject;(9, 5);1;545
0;0.0;;(16, 8);RemoveObject;(9, 5);1;546
0;0.0;;(16, 8);RemoveObject;(9, 5);1;547
0;0.0;;(16, 8);RemoveObject;(9, 5);1;548
0;0.0;;(16, 8);RemoveObject;(9, 5);1;549
0;0.0;;(16, 8);RemoveObject;(9, 5);1;550
0;0.0;;(16, 8);RemoveObject;(9, 5);1;551
0;0.0;;(16, 8);RemoveObject;(9, 5);1;552
0;0.0;;(16, 8);RemoveObject;(9, 5);1;553
0;0.0;;(16, 8);RemoveObject;(9, 5);1;554
0;0.0;;(16, 8);RemoveObject;(9, 5);1;555
0;0.0;;(16, 8);RemoveObject;(9, 5);1;556
0;0.0;;(16, 8);RemoveObject;(9, 5);1;557
0;0.0;;(16, 8);RemoveObject;(9, 5);1;558
0;0.0;;(16, 8);RemoveObject;(9, 5);1;559
0;0.0;;(16, 8);RemoveObject;(9, 5);1;560
0;0.0;;(16, 8);RemoveObject;(9, 5);1;561
0;0.0;;(16, 8);RemoveObject;(9, 5);1;562
0;0.0;;(16, 8);RemoveObject;(9, 5);1;563
0;0.0;;(16, 8);RemoveObject;(9, 5);1;564
0;0.0;;(16, 8);RemoveObject;(9, 5);1;565
0;0.0;;(16, 8);RemoveObject;(9, 5);1;566
0;0.0;;(16, 8);RemoveObject;(9, 5);1;567
0;0.0;;(16, 8);RemoveObject;(9, 5);1;568
0;0.0;;(16, 8);RemoveObject;(9, 5);1;569
0;0.0;;(16, 8);RemoveObject;(9, 5);1;570
0;0.0;;(16, 8);RemoveObject;(9, 5);1;571
0;0.0;;(16, 8);RemoveObject;(9, 5);1;572
0;0.0;;(16, 8);RemoveObject;(9, 5);1;573
0;0.0;;(16, 8);RemoveObject;(9, 5);1;574
0;0.0;;(16, 8);RemoveObject;(9, 5);1;575
0;0.0;;(16, 8);RemoveObject;(9, 5);1;576
0;0.0;;(16, 8);RemoveObject;(9, 5);1;577
0;0.0;;(16, 8);RemoveObject;(9, 5);1;578
0;0.0;;(16, 8);RemoveObject;(9, 5);1;579
0;0.0;;(16, 8);RemoveObject;(9, 5);1;580
0;0.0;;(16, 8);RemoveObject;(9, 5);1;581
0;0.0;;(16, 8);RemoveObject;(9, 5);1;582
0;0.0;;(16, 8);RemoveObject;(9, 5);1;583
0;0.0;;(16, 8);RemoveObject;(9, 5);1;584
0;0.0;;(16, 8);RemoveObject;(9, 5);1;585
0;0.0;;(16, 8);RemoveObject;(9, 5);1;586
0;0.0;;(16, 8);RemoveObject;(9, 5);1;587
0;0.0;;(16, 8);RemoveObject;(9, 5);1;588
0;0.0;;(16, 8);RemoveObject;(9, 5);1;589
0;0.0;;(16, 8);RemoveObject;(9, 5);1;590
0;0.0;;(16, 8);RemoveObject;(9, 5);1;591
0;0.0;;(16, 8);RemoveObject;(9, 5);1;592
0;0.0;;(16, 8);RemoveObject;(9, 5);1;593
0;0.0;;(16, 8);RemoveObject;(9, 5);1;594
0;0.0;;(16, 8);RemoveObject;(9, 5);1;595
0;0.0;;(16, 8);RemoveObject;(9, 5);1;596
0;0.0;;(16, 8);RemoveObject;(9, 5);1;597
0;0.0;;(16, 8);RemoveObject;(9, 5);1;598
0;0.0;;(16, 8);RemoveObject;(9, 5);1;599
0;0.0;;(16, 8);RemoveObject;(9, 5);1;600
0;0.0;;(16, 8);RemoveObject;(9, 5);1;601
0;0.0;;(16, 8);RemoveObject;(9, 5);1;602
0;0.0;;(16, 8);RemoveObject;(9, 5);1;603
0;0.0;;(16, 8);RemoveObject;(9, 5);1;604
0;0.0;;(16, 8);RemoveObject;(9, 5);1;605
0;0.0;;(16, 8);RemoveObject;(9, 5);1;606
0;0.0;;(16, 8);RemoveObject;(9, 5);1;607
0;0.0;;(16, 8);RemoveObject;(9, 5);1;608
0;0.0;;(16, 8);RemoveObject;(9, 5);1;609
0;0.0;;(16, 8);RemoveObject;(9, 5);1;610
0;0.0;;(16, 8);RemoveObject;(9, 5);1;611
0;0.0;;(16, 8);RemoveObject;(9, 5);1;612
0;0.0;;(16, 8);RemoveObject;(9, 5);1;613
0;0.0;;(16, 8);RemoveObject;(9, 5);1;614
0;0.0;;(16, 8);RemoveObject;(9, 5);1;615
0;0.0;;(16, 8);RemoveObject;(9, 5);1;616
0;0.0;;(16, 8);RemoveObject;(9, 5);1;617
0;0.0;;(16, 8);RemoveObject;(9, 5);1;618
0;0.0;;(16, 8);RemoveObject;(9, 5);1;619
0;0.0;;(16, 8);RemoveObject;(9, 5);1;620
0;0.0;;(16, 8);RemoveObject;(9, 5);1;621
0;0.0;;(16, 8);RemoveObject;(9, 5);1;622
0;0.0;;(16, 8);RemoveObject;(9, 5);1;623
0;0.0;;(16, 8);RemoveObject;(9, 5);1;624
0;0.0;;(16, 8);RemoveObject;(9, 5);1;625
0;0.0;;(16, 8);RemoveObject;(9, 5);1;626
0;0.0;;(16, 8);RemoveObject;(9, 5);1;627
0;0.0;;(16, 8);RemoveObject;(9, 5);1;628
0;0.0;;(16, 8);RemoveObject;(9, 5);1;629
0;0.0;;(16, 8);RemoveObject;(9, 5);1;630
0;0.0;;(16, 8);RemoveObject;(9, 5);1;631
0;0.0;;(16, 8);RemoveObject;(9, 5);1;632
0;0.0;;(16, 8);RemoveObject;(9, 5);1;633
0;0.0;;(16, 8);RemoveObject;(9, 5);1;634
0;0.0;;(16, 8);RemoveObject;(9, 5);1;635
0;0.0;;(16, 8);RemoveObject;(9, 5);1;636
0;0.0;;(16, 8);RemoveObject;(9, 5);1;637
0;0.0;;(16, 8);RemoveObject;(9, 5);1;638
0;0.0;;(16, 8);RemoveObject;(9, 5);1;639
0;0.0;;(16, 8);RemoveObject;(9, 5);1;640
0;0.0;;(16, 8);RemoveObject;(9, 5);1;641
0;0.0;;(16, 8);RemoveObject;(9, 5);1;642
0;0.0;;(16, 8);RemoveObject;(9, 5);1;643
0;0.0;;(16, 8);RemoveObject;(9, 5);1;644
0;0.0;;(16, 8);RemoveObject;(9, 5);1;645
0;0.0;;(16, 8);RemoveObject;(9, 5);1;646
0;0.0;;(16, 8);RemoveObject;(9, 5);1;647
0;0.0;;(16, 8);RemoveObject;(9, 5);1;648
0;0.0;;(16, 8);RemoveObject;(9, 5);1;649
0;0.0;;(16, 8);RemoveObject;(9, 5);1;650
0;0.0;;(16, 8);RemoveObject;(9, 5);1;651
0;0.0;;(16, 8);RemoveObject;(9, 5);1;652
0;0.0;;(16, 8);RemoveObject;(9, 5);1;653
0;0.0;;(16, 8);RemoveObject;(9, 5);1;654
0;0.0;;(16, 8);RemoveObject;(9, 5);1;655
0;0.0;;(16, 8);RemoveObject;(9, 5);1;656
0;0.0;;(16, 8);RemoveObject;(9, 5);1;657
0;0.0;;(16, 8);RemoveObject;(9, 5);1;658
0;0.0;;(16, 8);RemoveObject;(9, 5);1;659
0;0.0;;(16, 8);RemoveObject;(9, 5);1;660
0;0.0;;(16, 8);RemoveObject;(9, 5);1;661
0;0.0;;(16, 8);RemoveObject;(9, 5);1;662
0;0.0;;(16, 8);RemoveObject;(9, 5);1;663
0;0.0;;(16, 8);RemoveObject;(9, 5);1;664
0;0.0;;(16, 8);RemoveObject;(9, 5);1;665
0;0.0;;(16, 8);RemoveObject;(9, 5);1;666
0;0.0;;(16, 8);RemoveObject;(9, 5);1;667
0;0.0;;(16, 8);RemoveObject;(9, 5);1;668
0;0.0;;(16, 8);RemoveObject;(9, 5);1;669
0;0.0;;(16, 8);RemoveObject;(9, 5);1;670
0;0.0;;(16, 8);RemoveObject;(9, 5);1;671
0;0.0;;(16, 8);RemoveObject;(9, 5);1;672
0;0.0;;(16, 8);RemoveObject;(9, 5);1;673
0;0.0;;(16, 8);RemoveObject;(9, 5);1;674
0;0.0;;(16, 8);RemoveObject;(9, 5);1;675
0;0.0;;(16, 8);RemoveObject;(9, 5);1;676
0;0.0;;(16, 8);RemoveObject;(9, 5);1;677
0;0.0;;(16, 8);RemoveObject;(9, 5);1;678
0;0.0;;(16, 8);RemoveObject;(9, 5);1;679
0;0.0;;(16, 8);RemoveObject;(9, 5);1;680
0;0.0;;(16, 8);RemoveObject;(9, 5);1;681
0;0.0;;(16, 8);RemoveObject;(9, 5);1;682
0;0.0;;(16, 8);RemoveObject;(9, 5);1;683
0;0.0;;(16, 8);RemoveObject;(9, 5);1;684
0;0.0;;(16, 8);RemoveObject;(9, 5);1;685
0;0.0;;(16, 8);RemoveObject;(9, 5);1;686
0;0.0;;(16, 8);RemoveObject;(9, 5);1;687
0;0.0;;(16, 8);RemoveObject;(9, 5);1;688
0;0.0;;(16, 8);RemoveObject;(9, 5);1;689
0;0.0;;(16, 8);RemoveObject;(9, 5);1;690
0;0.0;;(16, 8);RemoveObject;(9, 5);1;691
0;0.0;;(16, 8);RemoveObject;(9, 5);1;692
0;0.0;;(16, 8);RemoveObject;(9, 5);1;693
0;0.0;;(16, 8);RemoveObject;(9, 5);1;694
0;0.0;;(16, 8);RemoveObject;(9, 5);1;695
0;0.0;;(16, 8);;(9, 5);1;696
0;0.0;;(16, 8);;(9, 5);1;697
0;0.0;;(16, 8);;(9, 5);1;698
0;0.0;;(16, 8);;(9, 5);1;699
0;0.0;;(16, 8);;(9, 5);1;700
0;0.0;;(16, 8);;(9, 5);1;701
0;0.0;;(16, 8);;(9, 5);1;702
0;0.0;;(16, 8);;(9, 5);1;703
0;0.0;;(16, 8);;(9, 5);1;704
0;0.0;;(16, 8);;(9, 5);1;705
0;0.0;;(16, 8);;(9, 5);1;706
0;0.0;;(16, 8);;(9, 5);1;707
0;0.0;;(16, 8);;(9, 5);1;708
0;0.0;;(16, 8);;(9, 5);1;709
0;0.0;;(16, 8);;(9, 5);1;710
0;0.0;;(16, 8);;(9, 5);1;711
0;0.0;;(16, 8);;(9, 5);1;712
0;0.0;;(16, 8);;(9, 5);1;713
0;0.0;;(16, 8);;(9, 5);1;714
0;0.0;;(16, 8);;(9, 5);1;715
0;0.0;;(16, 8);;(9, 5);1;716
0;0.0;;(16, 8);;(9, 5);1;717
0;0.0;;(16, 8);;(9, 5);1;718
0;0.0;;(16, 8);;(9, 5);1;719
0;0.0;;(16, 8);;(9, 5);1;720
0;0.0;;(16, 8);;(9, 5);1;721
0;0.0;;(16, 8);;(9, 5);1;722
0;0.0;;(16, 8);;(9, 5);1;723
0;0.0;;(16, 8);;(9, 5);1;724
0;0.0;;(16, 8);;(9, 5);1;725
0;0.0;;(16, 8);;(9, 5);1;726
0;0.0;;(16, 8);;(9, 5);1;727
0;0.0;;(16, 8);;(9, 5);1;728
0;0.0;;(16, 8);;(9, 5);1;729
0;0.0;;(16, 8);;(9, 5);1;730
0;0.0;;(16, 8);;(9, 5);1;731
0;0.0;;(16, 8);;(9, 5);1;732
0;0.0;Idle;(16, 8);;(9, 5);1;733
0;0.0;Idle;(16, 8);;(9, 5);1;734
0;0.0;Idle;(16, 8);;(9, 5);1;735
0;0.0;Idle;(16, 8);;(9, 5);1;736
0;0.0;Idle;(16, 8);;(9, 5);1;737
0;0.0;Idle;(16, 8);;(9, 5);1;738
0;0.0;Idle;(16, 8);;(9, 5);1;739
0;0.0;Idle;(16, 8);;(9, 5);1;740
0;0.0;Idle;(16, 8);MoveEast;(10, 5);1;741
0;0.0;Idle;(16, 8);;(10, 5);1;742
0;0.0;Idle;(16, 8);;(10, 5);1;743
0;0.0;Idle;(16, 8);;(10, 5);1;744
0;0.0;Idle;(16, 8);MoveEast;(10, 5);1;745
0;0.0;Idle;(16, 8);MoveEast;(10, 5);1;746
0;0.0;Idle;(16, 8);MoveEast;(10, 5);1;747
0;0.0;Idle;(16, 8);MoveEast;(10, 5);1;748
0;0.0;Idle;(16, 8);MoveEast;(10, 5);1;749
0;0.0;Idle;(16, 8);MoveEast;(11, 5);1;750
0;0.0;Idle;(16, 8);MoveEast;(12, 5);1;751
0;0.0;Idle;(16, 8);;(12, 5);1;752
0;0.0;Idle;(16, 8);MoveEast;(13, 5);1;753
0;0.0;Idle;(16, 8);MoveEast;(14, 5);1;754
0;0.0;Idle;(16, 8);;(14, 5);1;755
0;0.0;Idle;(16, 8);MoveEast;(15, 5);1;756
0;0.0;Idle;(16, 8);;(15, 5);1;757
0;0.0;Idle;(16, 8);;(15, 5);1;758
0;0.0;MoveWest;(16, 8);MoveSouth;(15, 6);1;759
0;0.0;MoveWest;(16, 8);;(15, 6);1;760
0;0.0;MoveWest;(16, 8);;(15, 6);1;761
0;0.0;MoveWest;(16, 8);MoveSouth;(15, 7);1;762
0;0.0;MoveWest;(16, 8);MoveSouth;(15, 8);1;763
0;0.0;MoveWest;(16, 8);;(15, 8);1;764
0;0.0;MoveWest;(16, 8);MoveSouth;(15, 9);1;765
0;0.0;MoveWest;(16, 8);;(15, 9);1;766
0;0.0;MoveWest;(15, 8);;(15, 9);1;767
0;0.0;MoveWest;(15, 8);;(15, 9);1;768
0;0.0;MoveWest;(15, 8);;(15, 9);1;769
0;0.0;MoveWest;(15, 8);MoveWest;(14, 9);1;770
0;0.0;MoveWest;(15, 8);MoveNorth;(14, 8);1;771
0;0.0;MoveWest;(15, 8);;(14, 8);1;772
0;0.0;MoveWest;(15, 8);;(14, 8);1;773
0;0.0;MoveWest;(15, 8);;(14, 8);1;774
0;0.0;MoveWest;(15, 8);MoveNorth;(14, 8);1;775
0;0.0;MoveWest;(14, 8);;(14, 8);1;776
0;0.0;;(14, 8);;(14, 8);1;777
0;0.0;;(14, 8);;(14, 8);1;778
0;0.0;;(14, 8);;(14, 8);1;779
0;0.0;;(14, 8);;(14, 8);1;780
0;0.0;;(14, 8);;(14, 8);1;781
0;0.0;;(14, 8);;(14, 8);1;782
0;0.0;;(14, 8);;(14, 8);1;783
0;0.0;;(14, 8);;(14, 8);1;784
0;0.0;;(14, 8);;(14, 8);1;785
0;0.0;;(14, 8);;(14, 8);1;786
0;0.0;;(14, 8);;(14, 8);1;787
0;0.0;;(14, 8);;(14, 8);1;788
0;0.0;;(14, 8);;(14, 8);1;789
0;0.0;;(14, 8);;(14, 8);1;790
0;0.0;;(14, 8);CarryObjectTogether;(14, 8);1;791
0;0.0;;(14, 8);;(14, 8);1;792
0;0.0;;(14, 8);;(14, 8);1;793
0;0.0;;(14, 8);;(14, 8);1;794
0;0.0;;(14, 8);;(14, 8);1;795
0;0.0;;(14, 8);;(14, 8);1;796
0;0.0;;(14, 8);MoveEast;(15, 8);1;797
0;0.0;;(14, 8);;(15, 8);1;798
0;0.0;;(14, 8);;(15, 8);1;799
0;0.0;;(14, 8);;(15, 8);1;800
0;0.0;;(14, 8);MoveNorth;(15, 7);1;801
0;0.0;;(14, 8);;(15, 7);1;802
0;0.0;;(14, 8);MoveNorth;(15, 6);1;803
0;0.0;;(14, 8);;(15, 6);1;804
0;0.0;;(14, 8);;(15, 6);1;805
0;0.0;;(14, 8);;(15, 6);1;806
0;0.0;;(14, 8);;(15, 6);1;807
0;0.0;;(14, 8);;(15, 6);1;808
0;0.0;;(14, 8);MoveEast;(16, 6);1;809
0;0.0;;(14, 8);;(16, 6);1;810
0;0.0;;(14, 8);MoveEast;(17, 6);1;811
0;0.0;;(14, 8);;(17, 6);1;812
0;0.0;;(14, 8);MoveEast;(18, 6);1;813
0;0.0;;(14, 8);MoveEast;(19, 6);1;814
0;0.0;;(14, 8);;(19, 6);1;815
0;0.0;;(14, 8);MoveEast;(19, 6);1;816
0;0.0;;(14, 8);MoveEast;(19, 6);1;817
0;0.0;;(14, 8);MoveEast;(19, 6);1;818
0;0.0;;(14, 8);MoveEast;(19, 6);1;819
0;0.0;;(14, 8);MoveEast;(19, 6);1;820
0;0.0;;(14, 8);MoveEast;(20, 6);1;821
0;0.0;;(14, 8);MoveEast;(21, 6);1;822
0;0.0;;(14, 8);;(21, 6);1;823
0;0.0;;(14, 8);MoveEast;(22, 6);1;824
0;0.0;;(14, 8);MoveEast;(23, 6);1;825
0;0.0;;(14, 8);;(23, 6);1;826
0;0.0;;(14, 8);MoveEast;(23, 6);1;827
0;0.0;;(14, 8);;(23, 6);1;828
0;0.0;;(14, 8);MoveSouth;(23, 7);1;829
0;0.0;;(14, 8);;(23, 7);1;830
0;0.0;;(14, 8);MoveSouth;(23, 8);1;831
0;0.0;;(14, 8);;(23, 8);1;832
0;0.0;;(14, 8);MoveSouth;(23, 9);1;833
0;0.0;;(14, 8);MoveSouth;(23, 10);1;834
0;0.0;;(14, 8);;(23, 10);1;835
0;0.0;;(14, 8);MoveSouth;(23, 11);1;836
0;0.0;;(14, 8);MoveSouth;(23, 12);1;837
0;0.0;;(14, 8);;(23, 12);1;838
0;0.0;;(14, 8);MoveSouth;(23, 13);1;839
0;0.0;;(14, 8);;(23, 13);1;840
0;0.0;;(14, 8);MoveSouth;(23, 14);1;841
0;0.0;;(14, 8);;(23, 14);1;842
0;0.0;;(14, 8);;(23, 14);1;843
0;0.0;;(14, 8);;(23, 14);1;844
0;0.0;;(14, 8);;(23, 14);1;845
0;0.0;;(14, 8);;(23, 14);1;846
3;0.125;;(23, 14);DropObjectTogether;(23, 14);1;847
3;0.125;MoveNorthWest;(23, 14);;(23, 14);1;848
3;0.125;MoveNorthWest;(23, 14);;(23, 14);1;849
3;0.125;MoveNorthWest;(23, 14);;(23, 14);1;850
3;0.125;MoveNorthWest;(23, 14);;(23, 14);1;851
3;0.125;MoveNorthWest;(23, 14);;(23, 14);1;852
3;0.125;MoveNorthWest;(23, 14);;(23, 14);1;853
3;0.125;MoveNorthWest;(23, 14);;(23, 14);1;854
3;0.125;MoveNorthWest;(23, 14);;(23, 14);1;855
3;0.125;MoveNorthWest;(22, 13);;(23, 14);1;856
3;0.125;MoveNorthWest;(22, 13);;(23, 14);1;857
3;0.125;MoveNorthWest;(22, 13);;(23, 14);1;858
3;0.125;MoveNorthWest;(22, 13);;(23, 14);1;859
3;0.125;MoveNorthWest;(22, 13);;(23, 14);1;860
3;0.125;MoveNorthWest;(22, 13);;(23, 14);1;861
3;0.125;MoveNorthWest;(22, 13);;(23, 14);1;862
3;0.125;MoveNorthWest;(22, 13);;(23, 14);1;863
3;0.125;MoveNorthWest;(22, 13);;(23, 14);1;864
3;0.125;MoveNorthWest;(21, 12);;(23, 14);1;865
3;0.125;MoveNorthWest;(21, 12);;(23, 14);1;866
3;0.125;MoveNorthWest;(21, 12);;(23, 14);1;867
3;0.125;MoveNorthWest;(21, 12);;(23, 14);1;868
3;0.125;MoveNorthWest;(21, 12);;(23, 14);1;869
3;0.125;MoveNorthWest;(21, 12);;(23, 14);1;870
3;0.125;MoveNorthWest;(21, 12);MoveNorth;(23, 13);1;871
3;0.125;MoveNorthWest;(21, 12);;(23, 13);1;872
3;0.125;MoveNorthWest;(21, 12);;(23, 13);1;873
3;0.125;MoveNorthWest;(20, 11);MoveNorth;(23, 12);1;874
3;0.125;MoveNorthWest;(20, 11);;(23, 12);1;875
3;0.125;MoveNorthWest;(20, 11);MoveNorth;(23, 11);1;876
3;0.125;MoveNorthWest;(20, 11);;(23, 11);1;877
3;0.125;MoveNorthWest;(20, 11);MoveNorth;(23, 10);1;878
3;0.125;MoveNorthWest;(20, 11);;(23, 10);1;879
3;0.125;MoveNorthWest;(20, 11);MoveNorth;(23, 9);1;880
3;0.125;MoveNorthWest;(20, 11);;(23, 9);1;881
3;0.125;MoveNorthWest;(20, 11);;(23, 9);1;882
3;0.125;MoveNorthWest;(19, 10);MoveNorth;(23, 8);1;883
3;0.125;MoveNorthWest;(19, 10);MoveNorth;(23, 7);1;884
3;0.125;MoveNorthWest;(19, 10);;(23, 7);1;885
3;0.125;MoveNorthWest;(19, 10);MoveNorth;(23, 6);1;886
3;0.125;MoveNorthWest;(19, 10);MoveNorth;(23, 5);1;887
3;0.125;MoveNorthWest;(19, 10);;(23, 5);1;888
3;0.125;MoveNorthWest;(19, 10);;(23, 5);1;889
3;0.125;MoveNorthWest;(19, 10);MoveWest;(23, 5);1;890
3;0.125;MoveNorthWest;(19, 10);MoveWest;(23, 5);1;891
3;0.125;MoveNorthWest;(18, 9);MoveWest;(23, 5);1;892
3;0.125;MoveNorth;(18, 9);MoveWest;(23, 5);1;893
3;0.125;MoveNorth;(18, 9);MoveWest;(23, 5);1;894
3;0.125;MoveNorth;(18, 9);MoveWest;(22, 5);1;895
3;0.125;MoveNorth;(18, 9);MoveWest;(22, 5);1;896
3;0.125;MoveNorth;(18, 9);MoveWest;(22, 5);1;897
3;0.125;MoveNorth;(18, 9);MoveWest;(22, 5);1;898
3;0.125;MoveNorth;(18, 9);MoveWest;(22, 5);1;899
3;0.125;MoveNorth;(18, 9);MoveWest;(22, 5);1;900
3;0.125;MoveNorth;(18, 9);MoveWest;(21, 5);1;901
3;0.125;MoveNorth;(18, 9);MoveWest;(20, 5);1;902
3;0.125;MoveNorth;(18, 9);MoveWest;(20, 5);1;903
3;0.125;MoveNorth;(18, 9);MoveWest;(20, 5);1;904
3;0.125;MoveNorth;(18, 9);MoveWest;(20, 5);1;905
3;0.125;MoveNorth;(18, 8);MoveWest;(20, 5);1;906
3;0.125;MoveNorth;(18, 8);MoveWest;(20, 5);1;907
3;0.125;MoveNorth;(18, 8);MoveWest;(19, 5);1;908
3;0.125;MoveNorth;(18, 8);MoveWest;(19, 5);1;909
3;0.125;MoveNorth;(18, 8);MoveWest;(19, 5);1;910
3;0.125;MoveNorth;(18, 8);MoveWest;(19, 5);1;911
3;0.125;MoveNorth;(18, 8);MoveWest;(19, 5);1;912
3;0.125;MoveNorth;(18, 8);MoveWest;(19, 5);1;913
3;0.125;MoveNorth;(18, 8);MoveWest;(18, 5);1;914
3;0.125;MoveNorth;(18, 7);MoveWest;(17, 5);1;915
3;0.125;MoveNorthWest;(18, 7);MoveWest;(16, 5);1;916
3;0.125;MoveNorthWest;(18, 7);MoveWest;(15, 5);1;917
3;0.125;MoveNorthWest;(18, 7);;(15, 5);1;918
3;0.125;MoveNorthWest;(18, 7);MoveWest;(14, 5);1;919
3;0.125;MoveNorthWest;(18, 7);;(14, 5);1;920
3;0.125;MoveNorthWest;(18, 7);;(14, 5);1;921
3;0.125;MoveNorthWest;(18, 7);;(14, 5);1;922
3;0.125;MoveNorthWest;(18, 7);MoveEast;(15, 5);1;923
3;0.125;MoveNorthWest;(17, 6);;(15, 5);1;924
3;0.125;MoveNorthWest;(17, 6);;(15, 5);1;925
3;0.125;MoveNorthWest;(17, 6);MoveNorth;(15, 4);1;926
3;0.125;MoveNorthWest;(17, 6);;(15, 4);1;927
3;0.125;MoveNorthWest;(17, 6);MoveNorth;(15, 3);1;928
3;0.125;MoveNorthWest;(17, 6);MoveNorth;(15, 2);1;929
3;0.125;MoveNorthWest;(17, 6);;(15, 2);1;930
3;0.125;MoveNorthWest;(17, 6);MoveNorth;(15, 2);1;931
3;0.125;MoveNorthWest;(17, 6);;(15, 2);1;932
3;0.125;MoveNorthWest;(16, 5);;(15, 2);1;933
3;0.125;MoveWest;(16, 5);;(15, 2);1;934
3;0.125;MoveWest;(16, 5);;(15, 2);1;935
3;0.125;MoveWest;(16, 5);;(15, 2);1;936
3;0.125;MoveWest;(16, 5);;(15, 2);1;937
3;0.125;MoveWest;(16, 5);;(15, 2);1;938
3;0.125;MoveWest;(16, 5);;(15, 2);1;939
3;0.125;MoveWest;(16, 5);;(15, 2);1;940
3;0.125;MoveWest;(16, 5);;(15, 2);1;941
3;0.125;MoveWest;(15, 5);;(15, 2);1;942
3;0.125;MoveNorth;(15, 5);;(15, 2);1;943
3;0.125;MoveNorth;(15, 5);;(15, 2);1;944
3;0.125;MoveNorth;(15, 5);;(15, 2);1;945
3;0.125;MoveNorth;(15, 5);;(15, 2);1;946
3;0.125;MoveNorth;(15, 5);;(15, 2);1;947
3;0.125;MoveNorth;(15, 5);;(15, 2);1;948
3;0.125;MoveNorth;(15, 5);;(15, 2);1;949
3;0.125;MoveNorth;(15, 5);;(15, 2);1;950
3;0.125;MoveNorth;(15, 4);;(15, 2);1;951
3;0.125;MoveNorthWest;(15, 4);MoveSouth;(15, 3);1;952
3;0.125;MoveNorthWest;(15, 4);;(15, 3);1;953
3;0.125;MoveNorthWest;(15, 4);;(15, 3);1;954
3;0.125;MoveNorthWest;(15, 4);;(15, 3);1;955
3;0.125;MoveNorthWest;(15, 4);MoveSouth;(15, 4);1;956
3;0.125;MoveNorthWest;(15, 4);;(15, 4);1;957
3;0.125;MoveNorthWest;(15, 4);;(15, 4);1;958
3;0.125;MoveNorthWest;(15, 4);MoveSouth;(15, 5);1;959
3;0.125;MoveNorthWest;(14, 3);;(15, 5);1;960
3;0.125;MoveNorth;(14, 3);;(15, 5);1;961
3;0.125;MoveNorth;(14, 3);MoveWest;(14, 5);1;962
3;0.125;MoveNorth;(14, 3);;(14, 5);1;963
3;0.125;MoveNorth;(14, 3);MoveWest;(13, 5);1;964
3;0.125;MoveNorth;(14, 3);MoveWest;(12, 5);1;965
3;0.125;MoveNorth;(14, 3);;(12, 5);1;966
3;0.125;MoveNorth;(14, 3);MoveWest;(11, 5);1;967
3;0.125;MoveNorth;(14, 3);;(11, 5);1;968
3;0.125;MoveNorth;(14, 2);MoveWest;(10, 5);1;969
3;0.125;MoveSouthEast;(14, 2);MoveWest;(10, 5);1;970
3;0.125;MoveSouthEast;(14, 2);MoveWest;(10, 5);1;971
3;0.125;MoveSouthEast;(14, 2);MoveWest;(10, 5);1;972
3;0.125;MoveSouthEast;(14, 2);MoveWest;(10, 5);1;973
3;0.125;MoveSouthEast;(14, 2);MoveWest;(10, 5);1;974
3;0.125;MoveSouthEast;(14, 2);MoveWest;(9, 5);1;975
3;0.125;MoveSouthEast;(14, 2);MoveNorth;(9, 4);1;976
3;0.125;MoveSouthEast;(14, 2);MoveNorth;(9, 3);1;977
3;0.125;MoveSouthEast;(15, 3);;(9, 3);1;978
3;0.125;MoveNorthEast;(15, 3);MoveNorth;(9, 2);1;979
3;0.125;MoveNorthEast;(15, 3);MoveNorth;(9, 2);1;980
3;0.125;MoveNorthEast;(15, 3);;(9, 2);1;981
3;0.125;MoveNorthEast;(15, 3);MoveNorth;(9, 2);1;982
3;0.125;MoveNorthEast;(15, 3);;(9, 2);1;983
3;0.125;MoveNorthEast;(15, 3);;(9, 2);1;984
3;0.125;MoveNorthEast;(15, 3);MoveSouth;(9, 3);1;985
3;0.125;MoveNorthEast;(15, 3);;(9, 3);1;986
3;0.125;MoveNorthEast;(16, 2);;(9, 3);1;987
3;0.125;Idle;(16, 2);;(9, 3);1;988
3;0.125;Idle;(16, 2);;(9, 3);1;989
3;0.125;Idle;(16, 2);;(9, 3);1;990
3;0.125;Idle;(16, 2);;(9, 3);1;991
3;0.125;Idle;(16, 2);;(9, 3);1;992
3;0.125;Idle;(16, 2);;(9, 3);1;993
3;0.125;Idle;(16, 2);;(9, 3);1;994
3;0.125;Idle;(16, 2);;(9, 3);1;995
3;0.125;Idle;(16, 2);;(9, 3);1;996
3;0.125;Idle;(16, 2);;(9, 3);1;997
3;0.125;Idle;(16, 2);;(9, 3);1;998
3;0.125;Idle;(16, 2);;(9, 3);1;999
3;0.125;Idle;(16, 2);;(9, 3);1;1000
3;0.125;Idle;(16, 2);;(9, 3);1;1001
3;0.125;Idle;(16, 2);;(9, 3);1;1002
3;0.125;Idle;(16, 2);;(9, 3);1;1003
3;0.125;Idle;(16, 2);;(9, 3);1;1004
3;0.125;Idle;(16, 2);;(9, 3);1;1005
3;0.125;Idle;(16, 2);;(9, 3);1;1006
3;0.125;Idle;(16, 2);;(9, 3);1;1007
3;0.125;Idle;(16, 2);;(9, 3);1;1008
3;0.125;Idle;(16, 2);;(9, 3);1;1009
3;0.125;Idle;(16, 2);;(9, 3);1;1010
3;0.125;Idle;(16, 2);;(9, 3);1;1011
3;0.125;Idle;(16, 2);;(9, 3);1;1012
3;0.125;Idle;(16, 2);;(9, 3);1;1013
3;0.125;Idle;(16, 2);;(9, 3);1;1014
3;0.125;Idle;(16, 2);;(9, 3);1;1015
3;0.125;Idle;(16, 2);;(9, 3);1;1016
3;0.125;Idle;(16, 2);;(9, 3);1;1017
3;0.125;Idle;(16, 2);MoveEast;(10, 3);1;1018
3;0.125;Idle;(16, 2);;(10, 3);1;1019
3;0.125;Idle;(16, 2);;(10, 3);1;1020
3;0.125;Idle;(16, 2);;(10, 3);1;1021
3;0.125;Idle;(16, 2);;(10, 3);1;1022
3;0.125;Idle;(16, 2);;(10, 3);1;1023
3;0.125;Idle;(16, 2);;(10, 3);1;1024
3;0.125;Idle;(16, 2);;(10, 3);1;1025
3;0.125;Idle;(16, 2);;(10, 3);1;1026
3;0.125;Idle;(16, 2);;(10, 3);1;1027
3;0.125;Idle;(16, 2);;(10, 3);1;1028
3;0.125;Idle;(16, 2);;(10, 3);1;1029
3;0.125;Idle;(16, 2);;(10, 3);1;1030
3;0.125;Idle;(16, 2);;(10, 3);1;1031
3;0.125;Idle;(16, 2);;(10, 3);1;1032
3;0.125;Idle;(16, 2);;(10, 3);1;1033
3;0.125;Idle;(16, 2);;(10, 3);1;1034
3;0.125;Idle;(16, 2);;(10, 3);1;1035
3;0.125;Idle;(16, 2);;(10, 3);1;1036
3;0.125;Idle;(16, 2);;(10, 3);1;1037
3;0.125;Idle;(16, 2);;(10, 3);1;1038
3;0.125;Idle;(16, 2);;(10, 3);1;1039
3;0.125;MoveSouthWest;(16, 2);;(10, 3);1;1040
3;0.125;MoveSouthWest;(16, 2);;(10, 3);1;1041
3;0.125;MoveSouthWest;(16, 2);;(10, 3);1;1042
3;0.125;MoveSouthWest;(16, 2);;(10, 3);1;1043
3;0.125;MoveSouthWest;(16, 2);;(10, 3);1;1044
3;0.125;MoveSouthWest;(16, 2);;(10, 3);1;1045
3;0.125;MoveSouthWest;(16, 2);;(10, 3);1;1046
3;0.125;MoveSouthWest;(16, 2);;(10, 3);1;1047
3;0.125;MoveSouthWest;(15, 3);;(10, 3);1;1048
3;0.125;MoveSouth;(15, 3);;(10, 3);1;1049
3;0.125;MoveSouth;(15, 3);;(10, 3);1;1050
3;0.125;MoveSouth;(15, 3);;(10, 3);1;1051
3;0.125;MoveSouth;(15, 3);;(10, 3);1;1052
3;0.125;MoveSouth;(15, 3);;(10, 3);1;1053
3;0.125;MoveSouth;(15, 3);;(10, 3);1;1054
3;0.125;MoveSouth;(15, 3);;(10, 3);1;1055
3;0.125;MoveSouth;(15, 3);;(10, 3);1;1056
3;0.125;MoveSouth;(15, 4);;(10, 3);1;1057
3;0.125;MoveSouthWest;(15, 4);;(10, 3);1;1058
3;0.125;MoveSouthWest;(15, 4);;(10, 3);1;1059
3;0.125;MoveSouthWest;(15, 4);;(10, 3);1;1060
3;0.125;MoveSouthWest;(15, 4);;(10, 3);1;1061
3;0.125;MoveSouthWest;(15, 4);;(10, 3);1;1062
3;0.125;MoveSouthWest;(15, 4);;(10, 3);1;1063
3;0.125;MoveSouthWest;(15, 4);;(10, 3);1;1064
3;0.125;MoveSouthWest;(15, 4);;(10, 3);1;1065
3;0.125;MoveSouthWest;(14, 5);;(10, 3);1;1066
3;0.125;MoveWest;(14, 5);;(10, 3);1;1067
3;0.125;MoveWest;(14, 5);;(10, 3);1;1068
3;0.125;MoveWest;(14, 5);;(10, 3);1;1069
3;0.125;MoveWest;(14, 5);;(10, 3);1;1070
3;0.125;MoveWest;(14, 5);;(10, 3);1;1071
3;0.125;MoveWest;(14, 5);;(10, 3);1;1072
3;0.125;MoveWest;(14, 5);;(10, 3);1;1073
3;0.125;MoveWest;(14, 5);;(10, 3);1;1074
3;0.125;MoveWest;(13, 5);;(10, 3);1;1075
3;0.125;MoveWest;(13, 5);;(10, 3);1;1076
3;0.125;MoveWest;(13, 5);;(10, 3);1;1077
3;0.125;MoveWest;(13, 5);;(10, 3);1;1078
3;0.125;MoveWest;(13, 5);;(10, 3);1;1079
3;0.125;MoveWest;(13, 5);;(10, 3);1;1080
3;0.125;MoveWest;(13, 5);;(10, 3);1;1081
3;0.125;MoveWest;(13, 5);;(10, 3);1;1082
3;0.125;MoveWest;(13, 5);;(10, 3);1;1083
3;0.125;MoveWest;(12, 5);;(10, 3);1;1084
3;0.125;MoveWest;(12, 5);;(10, 3);1;1085
3;0.125;MoveWest;(12, 5);;(10, 3);1;1086
3;0.125;MoveWest;(12, 5);;(10, 3);1;1087
3;0.125;MoveWest;(12, 5);;(10, 3);1;1088
3;0.125;MoveWest;(12, 5);;(10, 3);1;1089
3;0.125;MoveWest;(12, 5);;(10, 3);1;1090
3;0.125;MoveWest;(12, 5);;(10, 3);1;1091
3;0.125;MoveWest;(12, 5);;(10, 3);1;1092
3;0.125;MoveWest;(11, 5);;(10, 3);1;1093
3;0.125;MoveWest;(11, 5);;(10, 3);1;1094
3;0.125;MoveWest;(11, 5);;(10, 3);1;1095
3;0.125;MoveWest;(11, 5);;(10, 3);1;1096
3;0.125;MoveWest;(11, 5);;(10, 3);1;1097
3;0.125;MoveWest;(11, 5);;(10, 3);1;1098
3;0.125;MoveWest;(11, 5);;(10, 3);1;1099
3;0.125;MoveWest;(11, 5);;(10, 3);1;1100
3;0.125;MoveWest;(11, 5);;(10, 3);1;1101
3;0.125;MoveWest;(10, 5);;(10, 3);1;1102
3;0.125;MoveWest;(10, 5);;(10, 3);1;1103
3;0.125;MoveWest;(10, 5);;(10, 3);1;1104
3;0.125;MoveWest;(10, 5);;(10, 3);1;1105
3;0.125;MoveWest;(10, 5);;(10, 3);1;1106
3;0.125;MoveWest;(10, 5);;(10, 3);1;1107
3;0.125;MoveWest;(10, 5);;(10, 3);1;1108
3;0.125;MoveWest;(10, 5);;(10, 3);1;1109
3;0.125;MoveWest;(10, 5);;(10, 3);1;1110
3;0.125;MoveWest;(10, 5);;(10, 3);1;1111
3;0.125;MoveWest;(10, 5);;(10, 3);1;1112
3;0.125;MoveWest;(10, 5);;(10, 3);1;1113
3;0.125;MoveWest;(10, 5);;(10, 3);1;1114
3;0.125;MoveWest;(10, 5);;(10, 3);1;1115
3;0.125;MoveWest;(9, 5);;(10, 3);1;1116
3;0.125;MoveNorth;(9, 5);;(10, 3);1;1117
3;0.125;MoveNorth;(9, 5);;(10, 3);1;1118
3;0.125;MoveNorth;(9, 5);;(10, 3);1;1119
3;0.125;MoveNorth;(9, 5);;(10, 3);1;1120
3;0.125;MoveNorth;(9, 5);;(10, 3);1;1121
3;0.125;MoveNorth;(9, 5);;(10, 3);1;1122
3;0.125;MoveNorth;(9, 5);;(10, 3);1;1123
3;0.125;MoveNorth;(9, 5);;(10, 3);1;1124
3;0.125;MoveNorth;(9, 4);;(10, 3);1;1125
3;0.125;MoveNorthWest;(9, 4);;(10, 3);1;1126
3;0.125;MoveNorthWest;(9, 4);;(10, 3);1;1127
3;0.125;MoveNorthWest;(9, 4);;(10, 3);1;1128
3;0.125;MoveNorthWest;(9, 4);;(10, 3);1;1129
3;0.125;MoveNorthWest;(9, 4);;(10, 3);1;1130
3;0.125;MoveNorthWest;(9, 4);;(10, 3);1;1131
3;0.125;MoveNorthWest;(9, 4);;(10, 3);1;1132
3;0.125;MoveNorthWest;(9, 4);;(10, 3);1;1133
3;0.125;MoveNorthWest;(8, 3);;(10, 3);1;1134
3;0.125;MoveNorth;(8, 3);;(10, 3);1;1135
3;0.125;MoveNorth;(8, 3);;(10, 3);1;1136
3;0.125;MoveNorth;(8, 3);;(10, 3);1;1137
3;0.125;MoveNorth;(8, 3);;(10, 3);1;1138
3;0.125;MoveNorth;(8, 3);;(10, 3);1;1139
3;0.125;MoveNorth;(8, 3);;(10, 3);1;1140
3;0.125;MoveNorth;(8, 3);;(10, 3);1;1141
3;0.125;MoveNorth;(8, 3);;(10, 3);1;1142
3;0.125;MoveNorth;(8, 2);;(10, 3);1;1143
3;0.125;MoveSouthEast;(8, 2);;(10, 3);1;1144
3;0.125;MoveSouthEast;(8, 2);;(10, 3);1;1145
3;0.125;MoveSouthEast;(8, 2);;(10, 3);1;1146
3;0.125;MoveSouthEast;(8, 2);;(10, 3);1;1147
3;0.125;MoveSouthEast;(8, 2);;(10, 3);1;1148
3;0.125;MoveSouthEast;(8, 2);;(10, 3);1;1149
3;0.125;MoveSouthEast;(8, 2);;(10, 3);1;1150
3;0.125;MoveSouthEast;(8, 2);;(10, 3);1;1151
3;0.125;MoveSouthEast;(9, 3);;(10, 3);1;1152
3;0.125;MoveNorthEast;(9, 3);;(10, 3);1;1153
3;0.125;MoveNorthEast;(9, 3);;(10, 3);1;1154
3;0.125;MoveNorthEast;(9, 3);;(10, 3);1;1155
3;0.125;MoveNorthEast;(9, 3);;(10, 3);1;1156
3;0.125;MoveNorthEast;(9, 3);;(10, 3);1;1157
3;0.125;MoveNorthEast;(9, 3);;(10, 3);1;1158
3;0.125;MoveNorthEast;(9, 3);;(10, 3);1;1159
3;0.125;MoveNorthEast;(9, 3);;(10, 3);1;1160
3;0.125;MoveNorthEast;(10, 2);;(10, 3);1;1161
3;0.125;Idle;(10, 2);;(10, 3);1;1162
3;0.125;Idle;(10, 2);;(10, 3);1;1163
3;0.125;Idle;(10, 2);;(10, 3);1;1164
3;0.125;Idle;(10, 2);;(10, 3);1;1165
3;0.125;Idle;(10, 2);;(10, 3);1;1166
3;0.125;Idle;(10, 2);;(10, 3);1;1167
3;0.125;Idle;(10, 2);;(10, 3);1;1168
3;0.125;Idle;(10, 2);;(10, 3);1;1169
3;0.125;Idle;(10, 2);;(10, 3);1;1170
3;0.125;Idle;(10, 2);;(10, 3);1;1171
3;0.125;Idle;(10, 2);;(10, 3);1;1172
3;0.125;Idle;(10, 2);;(10, 3);1;1173
3;0.125;Idle;(10, 2);;(10, 3);1;1174
3;0.125;Idle;(10, 2);;(10, 3);1;1175
3;0.125;Idle;(10, 2);;(10, 3);1;1176
3;0.125;Idle;(10, 2);;(10, 3);1;1177
3;0.125;Idle;(10, 2);;(10, 3);1;1178
3;0.125;Idle;(10, 2);;(10, 3);1;1179
3;0.125;Idle;(10, 2);;(10, 3);1;1180
3;0.125;Idle;(10, 2);;(10, 3);1;1181
3;0.125;Idle;(10, 2);;(10, 3);1;1182
3;0.125;Idle;(10, 2);;(10, 3);1;1183
3;0.125;Idle;(10, 2);;(10, 3);1;1184
3;0.125;Idle;(10, 2);;(10, 3);1;1185
3;0.125;Idle;(10, 2);;(10, 3);1;1186
3;0.125;Idle;(10, 2);;(10, 3);1;1187
3;0.125;MoveSouth;(10, 2);;(10, 3);1;1188
3;0.125;MoveSouth;(10, 2);;(10, 3);1;1189
3;0.125;MoveSouth;(10, 2);;(10, 3);1;1190
3;0.125;MoveSouth;(10, 2);;(10, 3);1;1191
3;0.125;MoveSouth;(10, 2);;(10, 3);1;1192
3;0.125;MoveSouth;(10, 2);;(10, 3);1;1193
3;0.125;MoveSouth;(10, 2);;(10, 3);1;1194
3;0.125;MoveSouth;(10, 2);;(10, 3);1;1195
3;0.125;MoveSouth;(10, 3);;(10, 3);1;1196
3;0.125;;(10, 3);;(10, 3);1;1197
3;0.125;;(10, 3);;(10, 3);1;1198
3;0.125;;(10, 3);;(10, 3);1;1199
3;0.125;;(10, 3);;(10, 3);1;1200
3;0.125;;(10, 3);;(10, 3);1;1201
3;0.125;;(10, 3);CarryObjectTogether;(10, 3);1;1202
3;0.125;;(10, 3);;(10, 3);1;1203
3;0.125;;(10, 3);;(10, 3);1;1204
3;0.125;;(10, 3);;(10, 3);1;1205
3;0.125;;(10, 3);;(10, 3);1;1206
3;0.125;;(10, 3);;(10, 3);1;1207
3;0.125;;(10, 3);MoveSouth;(10, 3);1;1208
3;0.125;;(10, 3);MoveWest;(9, 3);1;1209
3;0.125;;(10, 3);;(9, 3);1;1210
3;0.125;;(10, 3);;(9, 3);1;1211
3;0.125;;(10, 3);;(9, 3);1;1212
3;0.125;;(10, 3);;(9, 3);1;1213
3;0.125;;(10, 3);MoveSouth;(9, 4);1;1214
3;0.125;;(10, 3);;(9, 4);1;1215
3;0.125;;(10, 3);;(9, 4);1;1216
3;0.125;;(10, 3);MoveSouth;(9, 5);1;1217
3;0.125;;(10, 3);MoveSouth;(9, 6);1;1218
3;0.125;;(10, 3);;(9, 6);1;1219
3;0.125;;(10, 3);;(9, 6);1;1220
3;0.125;;(10, 3);;(9, 6);1;1221
3;0.125;;(10, 3);;(9, 6);1;1222
3;0.125;;(10, 3);MoveEast;(10, 6);1;1223
3;0.125;;(10, 3);;(10, 6);1;1224
3;0.125;;(10, 3);MoveEast;(10, 6);1;1225
3;0.125;;(10, 3);MoveEast;(10, 6);1;1226
3;0.125;;(10, 3);MoveEast;(10, 6);1;1227
3;0.125;;(10, 3);MoveEast;(10, 6);1;1228
3;0.125;;(10, 3);MoveEast;(10, 6);1;1229
3;0.125;;(10, 3);MoveEast;(11, 6);1;1230
3;0.125;;(10, 3);MoveEast;(11, 6);1;1231
3;0.125;;(10, 3);MoveEast;(11, 6);1;1232
3;0.125;;(10, 3);MoveEast;(11, 6);1;1233
3;0.125;;(10, 3);MoveEast;(11, 6);1;1234
3;0.125;;(10, 3);MoveEast;(11, 6);1;1235
3;0.125;;(10, 3);MoveEast;(12, 6);1;1236
3;0.125;;(10, 3);MoveEast;(12, 6);1;1237
3;0.125;;(10, 3);MoveEast;(12, 6);1;1238
3;0.125;;(10, 3);MoveEast;(12, 6);1;1239
3;0.125;;(10, 3);MoveEast;(12, 6);1;1240
3;0.125;;(10, 3);MoveEast;(12, 6);1;1241
3;0.125;;(10, 3);MoveEast;(13, 6);1;1242
3;0.125;;(10, 3);MoveEast;(14, 6);1;1243
3;0.125;;(10, 3);;(14, 6);1;1244
3;0.125;;(10, 3);MoveEast;(15, 6);1;1245
3;0.125;;(10, 3);MoveEast;(16, 6);1;1246
3;0.125;;(10, 3);;(16, 6);1;1247
3;0.125;;(10, 3);MoveEast;(17, 6);1;1248
3;0.125;;(10, 3);MoveEast;(18, 6);1;1249
3;0.125;;(10, 3);;(18, 6);1;1250
3;0.125;;(10, 3);MoveEast;(19, 6);1;1251
3;0.125;;(10, 3);MoveEast;(19, 6);1;1252
3;0.125;;(10, 3);MoveEast;(19, 6);1;1253
3;0.125;;(10, 3);MoveEast;(19, 6);1;1254
3;0.125;;(10, 3);MoveEast;(19, 6);1;1255
3;0.125;;(10, 3);MoveEast;(19, 6);1;1256
3;0.125;;(10, 3);MoveEast;(20, 6);1;1257
3;0.125;;(10, 3);MoveEast;(21, 6);1;1258
3;0.125;;(10, 3);MoveEast;(22, 6);1;1259
3;0.125;;(10, 3);;(22, 6);1;1260
3;0.125;;(10, 3);MoveEast;(23, 6);1;1261
3;0.125;;(10, 3);MoveEast;(23, 6);1;1262
3;0.125;;(10, 3);;(23, 6);1;1263
3;0.125;;(10, 3);;(23, 6);1;1264
3;0.125;;(10, 3);;(23, 6);1;1265
3;0.125;;(10, 3);MoveSouth;(23, 7);1;1266
3;0.125;;(10, 3);;(23, 7);1;1267
3;0.125;;(10, 3);;(23, 7);1;1268
3;0.125;;(10, 3);MoveSouth;(23, 8);1;1269
3;0.125;;(10, 3);;(23, 8);1;1270
3;0.125;;(10, 3);;(23, 8);1;1271
3;0.125;;(10, 3);;(23, 8);1;1272
3;0.125;;(10, 3);;(23, 8);1;1273
9;0.25;;(23, 8);DropObjectTogether;(23, 8);1;1274
9;0.25;MoveWest;(23, 8);;(23, 8);1;1275
9;0.25;MoveWest;(23, 8);;(23, 8);1;1276
9;0.25;MoveWest;(23, 8);;(23, 8);1;1277
9;0.25;MoveWest;(23, 8);;(23, 8);1;1278
9;0.25;MoveWest;(23, 8);;(23, 8);1;1279
9;0.25;MoveWest;(23, 8);MoveNorth;(23, 7);1;1280
9;0.25;MoveWest;(23, 8);;(23, 7);1;1281
9;0.25;MoveWest;(23, 8);;(23, 7);1;1282
9;0.25;MoveWest;(22, 8);;(23, 7);1;1283
9;0.25;MoveWest;(22, 8);;(23, 7);1;1284
9;0.25;MoveWest;(22, 8);;(23, 7);1;1285
9;0.25;MoveWest;(22, 8);;(23, 7);1;1286
9;0.25;MoveWest;(22, 8);;(23, 7);1;1287
9;0.25;MoveWest;(22, 8);;(23, 7);1;1288
9;0.25;MoveWest;(22, 8);;(23, 7);1;1289
9;0.25;MoveWest;(22, 8);MoveNorth;(23, 6);1;1290
9;0.25;MoveWest;(22, 8);;(23, 6);1;1291
9;0.25;MoveWest;(21, 8);;(23, 6);1;1292
9;0.25;MoveWest;(21, 8);;(23, 6);1;1293
9;0.25;MoveWest;(21, 8);;(23, 6);1;1294
9;0.25;MoveWest;(21, 8);MoveWest;(22, 6);1;1295
9;0.25;MoveWest;(21, 8);MoveWest;(21, 6);1;1296
9;0.25;MoveWest;(21, 8);;(21, 6);1;1297
9;0.25;MoveWest;(21, 8);MoveWest;(20, 6);1;1298
9;0.25;MoveWest;(21, 8);;(20, 6);1;1299
9;0.25;MoveWest;(21, 8);MoveWest;(19, 6);1;1300
9;0.25;MoveWest;(20, 8);MoveWest;(19, 6);1;1301
9;0.25;MoveWest;(20, 8);MoveWest;(19, 6);1;1302
9;0.25;MoveWest;(20, 8);MoveWest;(19, 6);1;1303
9;0.25;MoveWest;(20, 8);MoveWest;(19, 6);1;1304
9;0.25;MoveWest;(20, 8);MoveWest;(19, 6);1;1305
9;0.25;MoveWest;(20, 8);MoveWest;(18, 6);1;1306
9;0.25;MoveWest;(20, 8);MoveWest;(17, 6);1;1307
9;0.25;MoveWest;(20, 8);MoveWest;(16, 6);1;1308
9;0.25;MoveWest;(20, 8);;(16, 6);1;1309
9;0.25;MoveWest;(19, 8);MoveWest;(15, 6);1;1310
9;0.25;MoveNorthWest;(19, 8);MoveWest;(14, 6);1;1311
9;0.25;MoveNorthWest;(19, 8);;(14, 6);1;1312
9;0.25;MoveNorthWest;(19, 8);MoveNorth;(14, 5);1;1313
9;0.25;MoveNorthWest;(19, 8);;(14, 5);1;1314
9;0.25;MoveNorthWest;(19, 8);;(14, 5);1;1315
9;0.25;MoveNorthWest;(19, 8);;(14, 5);1;1316
9;0.25;MoveNorthWest;(19, 8);MoveWest;(13, 5);1;1317
9;0.25;MoveNorthWest;(19, 8);;(13, 5);1;1318
9;0.25;MoveNorthWest;(19, 8);MoveWest;(12, 5);1;1319
9;0.25;MoveNorthWest;(19, 8);;(12, 5);1;1320
9;0.25;MoveNorthWest;(19, 8);MoveWest;(11, 5);1;1321
9;0.25;MoveNorthWest;(19, 8);;(11, 5);1;1322
9;0.25;MoveNorthWest;(19, 8);MoveWest;(10, 5);1;1323
9;0.25;MoveNorthWest;(18, 7);MoveWest;(10, 5);1;1324
9;0.25;MoveNorthWest;(18, 7);MoveWest;(10, 5);1;1325
9;0.25;MoveNorthWest;(18, 7);MoveWest;(10, 5);1;1326
9;0.25;MoveNorthWest;(18, 7);MoveWest;(10, 5);1;1327
9;0.25;MoveNorthWest;(18, 7);MoveWest;(10, 5);1;1328
9;0.25;MoveNorthWest;(18, 7);MoveWest;(9, 5);1;1329
9;0.25;MoveNorthWest;(18, 7);MoveWest;(8, 5);1;1330
9;0.25;MoveNorthWest;(18, 7);MoveSouth;(8, 5);1;1331
9;0.25;MoveNorthWest;(18, 7);MoveSouth;(8, 5);1;1332
9;0.25;MoveNorthWest;(17, 6);MoveSouth;(8, 5);1;1333
9;0.25;MoveWest;(17, 6);MoveSouth;(8, 5);1;1334
9;0.25;MoveWest;(17, 6);MoveSouth;(8, 5);1;1335
9;0.25;MoveWest;(17, 6);MoveSouth;(8, 6);1;1336
9;0.25;MoveWest;(17, 6);MoveSouth;(8, 6);1;1337
9;0.25;MoveWest;(17, 6);;(8, 6);1;1338
9;0.25;MoveWest;(17, 6);;(8, 6);1;1339
9;0.25;MoveWest;(17, 6);MoveWest;(7, 6);1;1340
9;0.25;MoveWest;(17, 6);;(7, 6);1;1341
9;0.25;MoveWest;(16, 6);MoveWest;(6, 6);1;1342
9;0.25;MoveWest;(16, 6);;(6, 6);1;1343
9;0.25;MoveWest;(16, 6);MoveWest;(5, 6);1;1344
9;0.25;MoveWest;(16, 6);;(5, 6);1;1345
9;0.25;MoveWest;(16, 6);MoveWest;(4, 6);1;1346
9;0.25;MoveWest;(16, 6);MoveWest;(3, 6);1;1347
9;0.25;MoveWest;(16, 6);;(3, 6);1;1348
9;0.25;MoveWest;(16, 6);;(3, 6);1;1349
9;0.25;MoveWest;(16, 6);;(3, 6);1;1350
9;0.25;MoveWest;(15, 6);MoveSouth;(3, 7);1;1351
9;0.25;MoveWest;(15, 6);;(3, 7);1;1352
9;0.25;MoveWest;(15, 6);MoveSouth;(3, 8);1;1353
9;0.25;MoveWest;(15, 6);MoveSouth;(3, 9);1;1354
9;0.25;MoveWest;(15, 6);;(3, 9);1;1355
9;0.25;MoveWest;(15, 6);MoveSouth;(3, 9);1;1356
9;0.25;MoveWest;(15, 6);;(3, 9);1;1357
9;0.25;MoveWest;(15, 6);;(3, 9);1;1358
9;0.25;MoveWest;(15, 6);;(3, 9);1;1359
9;0.25;MoveWest;(14, 6);;(3, 9);1;1360
9;0.25;MoveWest;(14, 6);;(3, 9);1;1361
9;0.25;MoveWest;(14, 6);;(3, 9);1;1362
9;0.25;MoveWest;(14, 6);;(3, 9);1;1363
9;0.25;MoveWest;(14, 6);;(3, 9);1;1364
9;0.25;MoveWest;(14, 6);;(3, 9);1;1365
9;0.25;MoveWest;(14, 6);;(3, 9);1;1366
9;0.25;MoveWest;(14, 6);;(3, 9);1;1367
9;0.25;MoveWest;(14, 6);;(3, 9);1;1368
9;0.25;MoveWest;(13, 6);;(3, 9);1;1369
9;0.25;MoveWest;(13, 6);;(3, 9);1;1370
9;0.25;MoveWest;(13, 6);;(3, 9);1;1371
9;0.25;MoveWest;(13, 6);;(3, 9);1;1372
9;0.25;MoveWest;(13, 6);;(3, 9);1;1373
9;0.25;MoveWest;(13, 6);;(3, 9);1;1374
9;0.25;MoveWest;(13, 6);;(3, 9);1;1375
9;0.25;MoveWest;(13, 6);;(3, 9);1;1376
9;0.25;MoveWest;(13, 6);;(3, 9);1;1377
9;0.25;MoveWest;(12, 6);;(3, 9);1;1378
9;0.25;MoveWest;(12, 6);;(3, 9);1;1379
9;0.25;MoveWest;(12, 6);;(3, 9);1;1380
9;0.25;MoveWest;(12, 6);;(3, 9);1;1381
9;0.25;MoveWest;(12, 6);;(3, 9);1;1382
9;0.25;MoveWest;(12, 6);;(3, 9);1;1383
9;0.25;MoveWest;(12, 6);;(3, 9);1;1384
9;0.25;MoveWest;(12, 6);;(3, 9);1;1385
9;0.25;MoveWest;(12, 6);;(3, 9);1;1386
9;0.25;MoveWest;(12, 6);;(3, 9);1;1387
9;0.25;MoveWest;(12, 6);;(3, 9);1;1388
9;0.25;MoveWest;(12, 6);;(3, 9);1;1389
9;0.25;MoveWest;(12, 6);;(3, 9);1;1390
9;0.25;MoveWest;(12, 6);;(3, 9);1;1391
9;0.25;MoveWest;(11, 6);;(3, 9);1;1392
9;0.25;MoveWest;(11, 6);;(3, 9);1;1393
9;0.25;MoveWest;(11, 6);;(3, 9);1;1394
9;0.25;MoveWest;(11, 6);;(3, 9);1;1395
9;0.25;MoveWest;(11, 6);;(3, 9);1;1396
9;0.25;MoveWest;(11, 6);;(3, 9);1;1397
9;0.25;MoveWest;(11, 6);;(3, 9);1;1398
9;0.25;MoveWest;(11, 6);;(3, 9);1;1399
9;0.25;MoveWest;(11, 6);;(3, 9);1;1400
9;0.25;MoveWest;(11, 6);;(3, 9);1;1401
9;0.25;MoveWest;(11, 6);;(3, 9);1;1402
9;0.25;MoveWest;(11, 6);MoveNorth;(3, 8);1;1403
9;0.25;MoveWest;(11, 6);MoveNorth;(3, 7);1;1404
9;0.25;MoveWest;(11, 6);;(3, 7);1;1405
9;0.25;MoveWest;(10, 6);;(3, 7);1;1406
9;0.25;MoveWest;(10, 6);;(3, 7);1;1407
9;0.25;MoveWest;(10, 6);;(3, 7);1;1408
9;0.25;MoveWest;(10, 6);;(3, 7);1;1409
9;0.25;MoveWest;(10, 6);;(3, 7);1;1410
9;0.25;MoveWest;(10, 6);MoveNorth;(3, 6);1;1411
9;0.25;MoveWest;(10, 6);;(3, 6);1;1412
9;0.25;MoveWest;(10, 6);MoveNorth;(3, 5);1;1413
9;0.25;MoveWest;(10, 6);MoveNorth;(3, 5);1;1414
9;0.25;MoveWest;(10, 6);;(3, 5);1;1415
9;0.25;MoveWest;(10, 6);MoveNorth;(3, 5);1;1416
9;0.25;MoveWest;(10, 6);;(3, 5);1;1417
9;0.25;MoveWest;(10, 6);;(3, 5);1;1418
9;0.25;MoveWest;(10, 6);;(3, 5);1;1419
9;0.25;MoveWest;(9, 6);;(3, 5);1;1420
9;0.25;MoveWest;(9, 6);;(3, 5);1;1421
9;0.25;MoveWest;(9, 6);;(3, 5);1;1422
9;0.25;MoveWest;(9, 6);;(3, 5);1;1423
9;0.25;MoveWest;(9, 6);;(3, 5);1;1424
9;0.25;MoveWest;(9, 6);;(3, 5);1;1425
9;0.25;MoveWest;(9, 6);;(3, 5);1;1426
9;0.25;MoveWest;(9, 6);;(3, 5);1;1427
9;0.25;MoveWest;(9, 6);;(3, 5);1;1428
9;0.25;MoveWest;(8, 6);;(3, 5);1;1429
9;0.25;MoveWest;(8, 6);;(3, 5);1;1430
9;0.25;MoveWest;(8, 6);;(3, 5);1;1431
9;0.25;MoveWest;(8, 6);;(3, 5);1;1432
9;0.25;MoveWest;(8, 6);;(3, 5);1;1433
9;0.25;MoveWest;(8, 6);;(3, 5);1;1434
9;0.25;MoveWest;(8, 6);;(3, 5);1;1435
9;0.25;MoveWest;(8, 6);;(3, 5);1;1436
9;0.25;MoveWest;(8, 6);;(3, 5);1;1437
9;0.25;MoveWest;(7, 6);;(3, 5);1;1438
9;0.25;MoveWest;(7, 6);;(3, 5);1;1439
9;0.25;MoveWest;(7, 6);;(3, 5);1;1440
9;0.25;MoveWest;(7, 6);;(3, 5);1;1441
9;0.25;MoveWest;(7, 6);;(3, 5);1;1442
9;0.25;MoveWest;(7, 6);;(3, 5);1;1443
9;0.25;MoveWest;(7, 6);;(3, 5);1;1444
9;0.25;MoveWest;(7, 6);;(3, 5);1;1445
9;0.25;MoveWest;(7, 6);;(3, 5);1;1446
9;0.25;MoveWest;(6, 6);;(3, 5);1;1447
9;0.25;MoveWest;(6, 6);;(3, 5);1;1448
9;0.25;MoveWest;(6, 6);;(3, 5);1;1449
9;0.25;MoveWest;(6, 6);;(3, 5);1;1450
9;0.25;MoveWest;(6, 6);;(3, 5);1;1451
9;0.25;MoveWest;(6, 6);;(3, 5);1;1452
9;0.25;MoveWest;(6, 6);;(3, 5);1;1453
9;0.25;MoveWest;(6, 6);;(3, 5);1;1454
9;0.25;MoveWest;(6, 6);;(3, 5);1;1455
9;0.25;MoveWest;(5, 6);;(3, 5);1;1456
9;0.25;MoveNorthWest;(5, 6);;(3, 5);1;1457
9;0.25;MoveNorthWest;(5, 6);;(3, 5);1;1458
9;0.25;MoveNorthWest;(5, 6);;(3, 5);1;1459
9;0.25;MoveNorthWest;(5, 6);;(3, 5);1;1460
9;0.25;MoveNorthWest;(5, 6);;(3, 5);1;1461
9;0.25;MoveNorthWest;(5, 6);;(3, 5);1;1462
9;0.25;MoveNorthWest;(5, 6);;(3, 5);1;1463
9;0.25;MoveNorthWest;(5, 6);;(3, 5);1;1464
9;0.25;MoveNorthWest;(4, 5);;(3, 5);1;1465
9;0.25;MoveWest;(4, 5);;(3, 5);1;1466
9;0.25;MoveWest;(4, 5);;(3, 5);1;1467
9;0.25;MoveWest;(4, 5);;(3, 5);1;1468
9;0.25;MoveWest;(4, 5);;(3, 5);1;1469
9;0.25;MoveWest;(4, 5);;(3, 5);1;1470
9;0.25;MoveWest;(4, 5);;(3, 5);1;1471
9;0.25;MoveWest;(4, 5);;(3, 5);1;1472
9;0.25;MoveWest;(4, 5);RemoveObjectTogether;(3, 5);1;1473
9;0.25;MoveWest;(3, 5);RemoveObjectTogether;(3, 5);1;1474
9;0.25;;(3, 5);RemoveObjectTogether;(3, 5);1;1475
9;0.25;;(3, 5);RemoveObjectTogether;(3, 5);1;1476
9;0.25;;(3, 5);RemoveObjectTogether;(3, 5);1;1477
9;0.25;;(3, 5);RemoveObjectTogether;(3, 5);1;1478
9;0.25;;(3, 5);RemoveObjectTogether;(3, 5);1;1479
9;0.25;;(3, 5);RemoveObjectTogether;(3, 5);1;1480
9;0.25;;(3, 5);RemoveObjectTogether;(3, 5);1;1481
9;0.25;;(3, 5);RemoveObjectTogether;(3, 5);1;1482
9;0.25;;(3, 5);RemoveObjectTogether;(3, 5);1;1483
9;0.25;;(3, 5);RemoveObjectTogether;(3, 5);1;1484
9;0.25;;(3, 5);RemoveObjectTogether;(3, 5);1;1485
9;0.25;;(3, 5);RemoveObjectTogether;(3, 5);1;1486
9;0.25;;(3, 5);RemoveObjectTogether;(3, 5);1;1487
9;0.25;;(3, 5);RemoveObjectTogether;(3, 5);1;1488
9;0.25;;(3, 5);RemoveObjectTogether;(3, 5);1;1489
9;0.25;;(3, 5);RemoveObjectTogether;(3, 5);1;1490
9;0.25;;(3, 5);RemoveObjectTogether;(3, 5);1;1491
9;0.25;;(3, 5);RemoveObjectTogether;(3, 5);1;1492
9;0.25;;(3, 5);RemoveObjectTogether;(3, 5);1;1493
9;0.25;;(3, 5);RemoveObjectTogether;(3, 5);1;1494
9;0.25;;(3, 5);RemoveObjectTogether;(3, 5);1;1495
9;0.25;;(3, 5);RemoveObjectTogether;(3, 5);1;1496
9;0.25;;(3, 5);RemoveObjectTogether;(3, 5);1;1497
9;0.25;;(3, 5);RemoveObjectTogether;(3, 5);1;1498
9;0.25;;(3, 5);RemoveObjectTogether;(3, 5);1;1499
9;0.25;;(3, 5);RemoveObjectTogether;(3, 5);1;1500
9;0.25;;(3, 5);RemoveObjectTogether;(3, 5);1;1501
9;0.25;;(3, 5);RemoveObjectTogether;(3, 5);1;1502
9;0.25;;(3, 5);RemoveObjectTogether;(3, 5);1;1503
9;0.25;;(3, 5);RemoveObjectTogether;(3, 5);1;1504
9;0.25;;(3, 5);RemoveObjectTogether;(3, 5);1;1505
9;0.25;;(3, 5);RemoveObjectTogether;(3, 5);1;1506
9;0.25;;(3, 5);RemoveObjectTogether;(3, 5);1;1507
9;0.25;;(3, 5);RemoveObjectTogether;(3, 5);1;1508
9;0.25;;(3, 5);RemoveObjectTogether;(3, 5);1;1509
9;0.25;;(3, 5);RemoveObjectTogether;(3, 5);1;1510
9;0.25;;(3, 5);RemoveObjectTogether;(3, 5);1;1511
9;0.25;;(3, 5);RemoveObjectTogether;(3, 5);1;1512
9;0.25;;(3, 5);RemoveObjectTogether;(3, 5);1;1513
9;0.25;;(3, 5);RemoveObjectTogether;(3, 5);1;1514
9;0.25;;(3, 5);RemoveObjectTogether;(3, 5);1;1515
9;0.25;;(3, 5);RemoveObjectTogether;(3, 5);1;1516
9;0.25;;(3, 5);RemoveObjectTogether;(3, 5);1;1517
9;0.25;;(3, 5);RemoveObjectTogether;(3, 5);1;1518
9;0.25;;(3, 5);RemoveObjectTogether;(3, 5);1;1519
9;0.25;;(3, 5);RemoveObjectTogether;(3, 5);1;1520
9;0.25;;(3, 5);RemoveObjectTogether;(3, 5);1;1521
9;0.25;;(3, 5);RemoveObjectTogether;(3, 5);1;1522
9;0.25;;(3, 5);RemoveObjectTogether;(3, 5);1;1523
9;0.25;MoveNorth;(3, 5);;(3, 5);1;1524
9;0.25;MoveNorth;(3, 5);;(3, 5);1;1525
9;0.25;MoveNorth;(3, 5);;(3, 5);1;1526
9;0.25;MoveNorth;(3, 5);;(3, 5);1;1527
9;0.25;MoveNorth;(3, 5);;(3, 5);1;1528
9;0.25;MoveNorth;(3, 5);MoveNorth;(3, 4);1;1529
9;0.25;MoveNorth;(3, 5);;(3, 4);1;1530
9;0.25;MoveNorth;(3, 5);MoveNorth;(3, 3);1;1531
9;0.25;MoveNorth;(3, 4);;(3, 3);1;1532
9;0.25;MoveNorthWest;(3, 4);MoveNorth;(3, 2);1;1533
9;0.25;MoveNorthWest;(3, 4);MoveNorth;(3, 2);1;1534
9;0.25;MoveNorthWest;(3, 4);;(3, 2);1;1535
9;0.25;MoveNorthWest;(3, 4);;(3, 2);1;1536
9;0.25;MoveNorthWest;(3, 4);;(3, 2);1;1537
9;0.25;MoveNorthWest;(3, 4);;(3, 2);1;1538
9;0.25;MoveNorthWest;(3, 4);MoveSouth;(3, 3);1;1539
9;0.25;MoveNorthWest;(3, 4);;(3, 3);1;1540
9;0.25;MoveNorthWest;(2, 3);;(3, 3);1;1541
9;0.25;MoveNorth;(2, 3);;(3, 3);1;1542
9;0.25;MoveNorth;(2, 3);MoveNorth;(3, 2);1;1543
9;0.25;MoveNorth;(2, 3);;(3, 2);1;1544
9;0.25;MoveNorth;(2, 3);;(3, 2);1;1545
9;0.25;MoveNorth;(2, 3);;(3, 2);1;1546
9;0.25;MoveNorth;(2, 3);;(3, 2);1;1547
9;0.25;MoveNorth;(2, 3);;(3, 2);1;1548
9;0.25;MoveNorth;(2, 3);;(3, 2);1;1549
9;0.25;MoveNorth;(2, 2);;(3, 2);1;1550
9;0.25;MoveSouthEast;(2, 2);;(3, 2);1;1551
9;0.25;MoveSouthEast;(2, 2);;(3, 2);1;1552
9;0.25;MoveSouthEast;(2, 2);;(3, 2);1;1553
9;0.25;MoveSouthEast;(2, 2);;(3, 2);1;1554
9;0.25;MoveSouthEast;(2, 2);;(3, 2);1;1555
9;0.25;MoveSouthEast;(2, 2);;(3, 2);1;1556
9;0.25;MoveSouthEast;(2, 2);;(3, 2);1;1557
9;0.25;MoveSouthEast;(2, 2);;(3, 2);1;1558
9;0.25;MoveSouthEast;(3, 3);;(3, 2);1;1559
9;0.25;MoveNorthEast;(3, 3);;(3, 2);1;1560
9;0.25;MoveNorthEast;(3, 3);;(3, 2);1;1561
9;0.25;MoveNorthEast;(3, 3);;(3, 2);1;1562
9;0.25;MoveNorthEast;(3, 3);;(3, 2);1;1563
9;0.25;MoveNorthEast;(3, 3);;(3, 2);1;1564
9;0.25;MoveNorthEast;(3, 3);;(3, 2);1;1565
9;0.25;MoveNorthEast;(3, 3);;(3, 2);1;1566
9;0.25;MoveNorthEast;(3, 3);;(3, 2);1;1567
9;0.25;MoveNorthEast;(4, 2);;(3, 2);1;1568
9;0.25;Idle;(4, 2);;(3, 2);1;1569
9;0.25;Idle;(4, 2);;(3, 2);1;1570
9;0.25;Idle;(4, 2);;(3, 2);1;1571
9;0.25;Idle;(4, 2);;(3, 2);1;1572
9;0.25;Idle;(4, 2);;(3, 2);1;1573
9;0.25;Idle;(4, 2);MoveWest;(2, 2);1;1574
9;0.25;Idle;(4, 2);;(2, 2);1;1575
9;0.25;Idle;(4, 2);;(2, 2);1;1576
9;0.25;Idle;(4, 2);;(2, 2);1;1577
9;0.25;Idle;(4, 2);;(2, 2);1;1578
9;0.25;Idle;(4, 2);;(2, 2);1;1579
9;0.25;Idle;(4, 2);;(2, 2);1;1580
9;0.25;Idle;(4, 2);;(2, 2);1;1581
9;0.25;Idle;(4, 2);;(2, 2);1;1582
9;0.25;Idle;(4, 2);;(2, 2);1;1583
9;0.25;Idle;(4, 2);;(2, 2);1;1584
9;0.25;Idle;(4, 2);;(2, 2);1;1585
9;0.25;Idle;(4, 2);;(2, 2);1;1586
9;0.25;Idle;(4, 2);;(2, 2);1;1587
9;0.25;Idle;(4, 2);;(2, 2);1;1588
9;0.25;Idle;(4, 2);;(2, 2);1;1589
9;0.25;Idle;(4, 2);;(2, 2);1;1590
9;0.25;Idle;(4, 2);;(2, 2);1;1591
9;0.25;Idle;(4, 2);;(2, 2);1;1592
9;0.25;Idle;(4, 2);;(2, 2);1;1593
9;0.25;Idle;(4, 2);;(2, 2);1;1594
9;0.25;MoveWest;(4, 2);;(2, 2);1;1595
9;0.25;MoveWest;(4, 2);;(2, 2);1;1596
9;0.25;MoveWest;(4, 2);;(2, 2);1;1597
9;0.25;MoveWest;(4, 2);;(2, 2);1;1598
9;0.25;MoveWest;(4, 2);;(2, 2);1;1599
9;0.25;MoveWest;(4, 2);;(2, 2);1;1600
9;0.25;MoveWest;(4, 2);;(2, 2);1;1601
9;0.25;MoveWest;(4, 2);;(2, 2);1;1602
9;0.25;MoveWest;(3, 2);;(2, 2);1;1603
9;0.25;MoveWest;(3, 2);;(2, 2);1;1604
9;0.25;MoveWest;(3, 2);;(2, 2);1;1605
9;0.25;MoveWest;(3, 2);;(2, 2);1;1606
9;0.25;MoveWest;(3, 2);;(2, 2);1;1607
9;0.25;MoveWest;(3, 2);;(2, 2);1;1608
9;0.25;MoveWest;(3, 2);;(2, 2);1;1609
9;0.25;MoveWest;(3, 2);;(2, 2);1;1610
9;0.25;MoveWest;(3, 2);;(2, 2);1;1611
9;0.25;MoveWest;(2, 2);;(2, 2);1;1612
9;0.25;;(2, 2);;(2, 2);1;1613
9;0.25;;(2, 2);;(2, 2);1;1614
9;0.25;;(2, 2);;(2, 2);1;1615
9;0.25;;(2, 2);;(2, 2);1;1616
9;0.25;;(2, 2);CarryObjectTogether;(2, 2);1;1617
9;0.25;;(2, 2);;(2, 2);1;1618
9;0.25;;(2, 2);;(2, 2);1;1619
9;0.25;;(2, 2);;(2, 2);1;1620
9;0.25;;(2, 2);;(2, 2);1;1621
9;0.25;;(2, 2);;(2, 2);1;1622
9;0.25;;(2, 2);;(2, 2);1;1623
9;0.25;;(2, 2);;(2, 2);1;1624
9;0.25;;(2, 2);MoveEast;(3, 2);1;1625
9;0.25;;(2, 2);;(3, 2);1;1626
9;0.25;;(2, 2);;(3, 2);1;1627
9;0.25;;(2, 2);MoveSouth;(3, 3);1;1628
9;0.25;;(2, 2);;(3, 3);1;1629
9;0.25;;(2, 2);MoveSouth;(3, 4);1;1630
9;0.25;;(2, 2);;(3, 4);1;1631
9;0.25;;(2, 2);MoveSouth;(3, 5);1;1632
9;0.25;;(2, 2);;(3, 5);1;1633
9;0.25;;(2, 2);;(3, 5);1;1634
9;0.25;;(2, 2);;(3, 5);1;1635
9;0.25;;(2, 2);;(3, 5);1;1636
9;0.25;;(2, 2);MoveEast;(4, 5);1;1637
9;0.25;;(2, 2);;(4, 5);1;1638
9;0.25;;(2, 2);;(4, 5);1;1639
9;0.25;;(2, 2);;(4, 5);1;1640
9;0.25;;(2, 2);MoveSouth;(4, 6);1;1641
9;0.25;;(2, 2);;(4, 6);1;1642
9;0.25;;(2, 2);;(4, 6);1;1643
9;0.25;;(2, 2);MoveSouth;(4, 6);1;1644
9;0.25;;(2, 2);;(4, 6);1;1645
9;0.25;;(2, 2);MoveEast;(5, 6);1;1646
9;0.25;;(2, 2);;(5, 6);1;1647
9;0.25;;(2, 2);MoveEast;(6, 6);1;1648
9;0.25;;(2, 2);MoveEast;(7, 6);1;1649
9;0.25;;(2, 2);;(7, 6);1;1650
9;0.25;;(2, 2);MoveEast;(8, 6);1;1651
9;0.25;;(2, 2);;(8, 6);1;1652
9;0.25;;(2, 2);;(8, 6);1;1653
9;0.25;;(2, 2);;(8, 6);1;1654
9;0.25;;(2, 2);MoveEast;(9, 6);1;1655
9;0.25;;(2, 2);;(9, 6);1;1656
9;0.25;;(2, 2);RemoveObject;(9, 6);1;1657
9;0.25;;(2, 2);RemoveObject;(9, 6);1;1658
9;0.25;;(2, 2);RemoveObject;(9, 6);1;1659
9;0.25;;(2, 2);RemoveObject;(9, 6);1;1660
9;0.25;;(2, 2);RemoveObject;(9, 6);1;1661
9;0.25;;(2, 2);RemoveObject;(9, 6);1;1662
9;0.25;;(2, 2);RemoveObject;(9, 6);1;1663
9;0.25;;(2, 2);RemoveObject;(9, 6);1;1664
9;0.25;;(2, 2);RemoveObject;(9, 6);1;1665
9;0.25;;(2, 2);RemoveObject;(9, 6);1;1666
9;0.25;;(2, 2);RemoveObject;(9, 6);1;1667
9;0.25;;(2, 2);RemoveObject;(9, 6);1;1668
9;0.25;;(2, 2);RemoveObject;(9, 6);1;1669
9;0.25;;(2, 2);RemoveObject;(9, 6);1;1670
9;0.25;;(2, 2);RemoveObject;(9, 6);1;1671
9;0.25;;(2, 2);RemoveObject;(9, 6);1;1672
9;0.25;;(2, 2);RemoveObject;(9, 6);1;1673
9;0.25;;(2, 2);RemoveObject;(9, 6);1;1674
9;0.25;;(2, 2);RemoveObject;(9, 6);1;1675
9;0.25;;(2, 2);RemoveObject;(9, 6);1;1676
9;0.25;;(2, 2);RemoveObject;(9, 6);1;1677
9;0.25;;(2, 2);RemoveObject;(9, 6);1;1678
9;0.25;;(2, 2);RemoveObject;(9, 6);1;1679
9;0.25;;(2, 2);RemoveObject;(9, 6);1;1680
9;0.25;;(2, 2);RemoveObject;(9, 6);1;1681
9;0.25;;(2, 2);RemoveObject;(9, 6);1;1682
9;0.25;;(2, 2);RemoveObject;(9, 6);1;1683
9;0.25;;(2, 2);RemoveObject;(9, 6);1;1684
9;0.25;;(2, 2);RemoveObject;(9, 6);1;1685
9;0.25;;(2, 2);RemoveObject;(9, 6);1;1686
9;0.25;;(2, 2);RemoveObject;(9, 6);1;1687
9;0.25;;(2, 2);RemoveObject;(9, 6);1;1688
9;0.25;;(2, 2);RemoveObject;(9, 6);1;1689
9;0.25;;(2, 2);RemoveObject;(9, 6);1;1690
9;0.25;;(2, 2);RemoveObject;(9, 6);1;1691
9;0.25;;(2, 2);RemoveObject;(9, 6);1;1692
9;0.25;;(2, 2);RemoveObject;(9, 6);1;1693
9;0.25;;(2, 2);RemoveObject;(9, 6);1;1694
9;0.25;;(2, 2);RemoveObject;(9, 6);1;1695
9;0.25;;(2, 2);RemoveObject;(9, 6);1;1696
9;0.25;;(2, 2);RemoveObject;(9, 6);1;1697
9;0.25;;(2, 2);RemoveObject;(9, 6);1;1698
9;0.25;;(2, 2);RemoveObject;(9, 6);1;1699
9;0.25;;(2, 2);RemoveObject;(9, 6);1;1700
9;0.25;;(2, 2);RemoveObject;(9, 6);1;1701
9;0.25;;(2, 2);RemoveObject;(9, 6);1;1702
9;0.25;;(2, 2);RemoveObject;(9, 6);1;1703
9;0.25;;(2, 2);RemoveObject;(9, 6);1;1704
9;0.25;;(2, 2);RemoveObject;(9, 6);1;1705
9;0.25;;(2, 2);RemoveObject;(9, 6);1;1706
9;0.25;;(2, 2);RemoveObject;(9, 6);1;1707
9;0.25;;(2, 2);RemoveObject;(9, 6);1;1708
9;0.25;;(2, 2);RemoveObject;(9, 6);1;1709
9;0.25;;(2, 2);RemoveObject;(9, 6);1;1710
9;0.25;;(2, 2);RemoveObject;(9, 6);1;1711
9;0.25;;(2, 2);RemoveObject;(9, 6);1;1712
9;0.25;;(2, 2);RemoveObject;(9, 6);1;1713
9;0.25;;(2, 2);RemoveObject;(9, 6);1;1714
9;0.25;;(2, 2);RemoveObject;(9, 6);1;1715
9;0.25;;(2, 2);RemoveObject;(9, 6);1;1716
9;0.25;;(2, 2);RemoveObject;(9, 6);1;1717
9;0.25;;(2, 2);RemoveObject;(9, 6);1;1718
9;0.25;;(2, 2);RemoveObject;(9, 6);1;1719
9;0.25;;(2, 2);RemoveObject;(9, 6);1;1720
9;0.25;;(2, 2);RemoveObject;(9, 6);1;1721
9;0.25;;(2, 2);RemoveObject;(9, 6);1;1722
9;0.25;;(2, 2);RemoveObject;(9, 6);1;1723
9;0.25;;(2, 2);RemoveObject;(9, 6);1;1724
9;0.25;;(2, 2);RemoveObject;(9, 6);1;1725
9;0.25;;(2, 2);RemoveObject;(9, 6);1;1726
9;0.25;;(2, 2);RemoveObject;(9, 6);1;1727
9;0.25;;(2, 2);RemoveObject;(9, 6);1;1728
9;0.25;;(2, 2);RemoveObject;(9, 6);1;1729
9;0.25;;(2, 2);RemoveObject;(9, 6);1;1730
9;0.25;;(2, 2);RemoveObject;(9, 6);1;1731
9;0.25;;(2, 2);RemoveObject;(9, 6);1;1732
9;0.25;;(2, 2);RemoveObject;(9, 6);1;1733
9;0.25;;(2, 2);RemoveObject;(9, 6);1;1734
9;0.25;;(2, 2);RemoveObject;(9, 6);1;1735
9;0.25;;(2, 2);RemoveObject;(9, 6);1;1736
9;0.25;;(2, 2);RemoveObject;(9, 6);1;1737
9;0.25;;(2, 2);RemoveObject;(9, 6);1;1738
9;0.25;;(2, 2);RemoveObject;(9, 6);1;1739
9;0.25;;(2, 2);RemoveObject;(9, 6);1;1740
9;0.25;;(2, 2);RemoveObject;(9, 6);1;1741
9;0.25;;(2, 2);RemoveObject;(9, 6);1;1742
9;0.25;;(2, 2);RemoveObject;(9, 6);1;1743
9;0.25;;(2, 2);RemoveObject;(9, 6);1;1744
9;0.25;;(2, 2);RemoveObject;(9, 6);1;1745
9;0.25;;(2, 2);RemoveObject;(9, 6);1;1746
9;0.25;;(2, 2);RemoveObject;(9, 6);1;1747
9;0.25;;(2, 2);RemoveObject;(9, 6);1;1748
9;0.25;;(2, 2);RemoveObject;(9, 6);1;1749
9;0.25;;(2, 2);RemoveObject;(9, 6);1;1750
9;0.25;;(2, 2);RemoveObject;(9, 6);1;1751
9;0.25;;(2, 2);RemoveObject;(9, 6);1;1752
9;0.25;;(2, 2);RemoveObject;(9, 6);1;1753
9;0.25;;(2, 2);RemoveObject;(9, 6);1;1754
9;0.25;;(2, 2);RemoveObject;(9, 6);1;1755
9;0.25;;(2, 2);RemoveObject;(9, 6);1;1756
9;0.25;;(2, 2);RemoveObject;(9, 6);1;1757
9;0.25;;(2, 2);RemoveObject;(9, 6);1;1758
9;0.25;;(2, 2);RemoveObject;(9, 6);1;1759
9;0.25;;(2, 2);RemoveObject;(9, 6);1;1760
9;0.25;;(2, 2);RemoveObject;(9, 6);1;1761
9;0.25;;(2, 2);RemoveObject;(9, 6);1;1762
9;0.25;;(2, 2);RemoveObject;(9, 6);1;1763
9;0.25;;(2, 2);RemoveObject;(9, 6);1;1764
9;0.25;;(2, 2);RemoveObject;(9, 6);1;1765
9;0.25;;(2, 2);RemoveObject;(9, 6);1;1766
9;0.25;;(2, 2);RemoveObject;(9, 6);1;1767
9;0.25;;(2, 2);RemoveObject;(9, 6);1;1768
9;0.25;;(2, 2);RemoveObject;(9, 6);1;1769
9;0.25;;(2, 2);RemoveObject;(9, 6);1;1770
9;0.25;;(2, 2);RemoveObject;(9, 6);1;1771
9;0.25;;(2, 2);RemoveObject;(9, 6);1;1772
9;0.25;;(2, 2);RemoveObject;(9, 6);1;1773
9;0.25;;(2, 2);RemoveObject;(9, 6);1;1774
9;0.25;;(2, 2);RemoveObject;(9, 6);1;1775
9;0.25;;(2, 2);RemoveObject;(9, 6);1;1776
9;0.25;;(2, 2);RemoveObject;(9, 6);1;1777
9;0.25;;(2, 2);RemoveObject;(9, 6);1;1778
9;0.25;;(2, 2);RemoveObject;(9, 6);1;1779
9;0.25;;(2, 2);RemoveObject;(9, 6);1;1780
9;0.25;;(2, 2);RemoveObject;(9, 6);1;1781
9;0.25;;(2, 2);RemoveObject;(9, 6);1;1782
9;0.25;;(2, 2);RemoveObject;(9, 6);1;1783
9;0.25;;(2, 2);RemoveObject;(9, 6);1;1784
9;0.25;;(2, 2);RemoveObject;(9, 6);1;1785
9;0.25;;(2, 2);RemoveObject;(9, 6);1;1786
9;0.25;;(2, 2);RemoveObject;(9, 6);1;1787
9;0.25;;(2, 2);RemoveObject;(9, 6);1;1788
9;0.25;;(2, 2);RemoveObject;(9, 6);1;1789
9;0.25;;(2, 2);RemoveObject;(9, 6);1;1790
9;0.25;;(2, 2);RemoveObject;(9, 6);1;1791
9;0.25;;(2, 2);RemoveObject;(9, 6);1;1792
9;0.25;;(2, 2);RemoveObject;(9, 6);1;1793
9;0.25;;(2, 2);RemoveObject;(9, 6);1;1794
9;0.25;;(2, 2);RemoveObject;(9, 6);1;1795
9;0.25;;(2, 2);RemoveObject;(9, 6);1;1796
9;0.25;;(2, 2);RemoveObject;(9, 6);1;1797
9;0.25;;(2, 2);RemoveObject;(9, 6);1;1798
9;0.25;;(2, 2);RemoveObject;(9, 6);1;1799
9;0.25;;(2, 2);RemoveObject;(9, 6);1;1800
9;0.25;;(2, 2);RemoveObject;(9, 6);1;1801
9;0.25;;(2, 2);RemoveObject;(9, 6);1;1802
9;0.25;;(2, 2);RemoveObject;(9, 6);1;1803
9;0.25;;(2, 2);RemoveObject;(9, 6);1;1804
9;0.25;;(2, 2);RemoveObject;(9, 6);1;1805
9;0.25;;(2, 2);RemoveObject;(9, 6);1;1806
9;0.25;;(2, 2);RemoveObject;(9, 6);1;1807
9;0.25;;(2, 2);RemoveObject;(9, 6);1;1808
9;0.25;;(2, 2);RemoveObject;(9, 6);1;1809
9;0.25;;(2, 2);RemoveObject;(9, 6);1;1810
9;0.25;;(2, 2);RemoveObject;(9, 6);1;1811
9;0.25;;(2, 2);RemoveObject;(9, 6);1;1812
9;0.25;;(2, 2);RemoveObject;(9, 6);1;1813
9;0.25;;(2, 2);RemoveObject;(9, 6);1;1814
9;0.25;;(2, 2);RemoveObject;(9, 6);1;1815
9;0.25;;(2, 2);RemoveObject;(9, 6);1;1816
9;0.25;;(2, 2);RemoveObject;(9, 6);1;1817
9;0.25;;(2, 2);RemoveObject;(9, 6);1;1818
9;0.25;;(2, 2);RemoveObject;(9, 6);1;1819
9;0.25;;(2, 2);RemoveObject;(9, 6);1;1820
9;0.25;;(2, 2);RemoveObject;(9, 6);1;1821
9;0.25;;(2, 2);RemoveObject;(9, 6);1;1822
9;0.25;;(2, 2);RemoveObject;(9, 6);1;1823
9;0.25;;(2, 2);RemoveObject;(9, 6);1;1824
9;0.25;;(2, 2);RemoveObject;(9, 6);1;1825
9;0.25;;(2, 2);RemoveObject;(9, 6);1;1826
9;0.25;;(2, 2);RemoveObject;(9, 6);1;1827
9;0.25;;(2, 2);RemoveObject;(9, 6);1;1828
9;0.25;;(2, 2);RemoveObject;(9, 6);1;1829
9;0.25;;(2, 2);RemoveObject;(9, 6);1;1830
9;0.25;;(2, 2);RemoveObject;(9, 6);1;1831
9;0.25;;(2, 2);RemoveObject;(9, 6);1;1832
9;0.25;;(2, 2);RemoveObject;(9, 6);1;1833
9;0.25;;(2, 2);RemoveObject;(9, 6);1;1834
9;0.25;;(2, 2);RemoveObject;(9, 6);1;1835
9;0.25;;(2, 2);RemoveObject;(9, 6);1;1836
9;0.25;;(2, 2);RemoveObject;(9, 6);1;1837
9;0.25;;(2, 2);RemoveObject;(9, 6);1;1838
9;0.25;;(2, 2);RemoveObject;(9, 6);1;1839
9;0.25;;(2, 2);RemoveObject;(9, 6);1;1840
9;0.25;;(2, 2);RemoveObject;(9, 6);1;1841
9;0.25;;(2, 2);RemoveObject;(9, 6);1;1842
9;0.25;;(2, 2);RemoveObject;(9, 6);1;1843
9;0.25;;(2, 2);RemoveObject;(9, 6);1;1844
9;0.25;;(2, 2);RemoveObject;(9, 6);1;1845
9;0.25;;(2, 2);RemoveObject;(9, 6);1;1846
9;0.25;;(2, 2);RemoveObject;(9, 6);1;1847
9;0.25;;(2, 2);RemoveObject;(9, 6);1;1848
9;0.25;;(2, 2);RemoveObject;(9, 6);1;1849
9;0.25;;(2, 2);RemoveObject;(9, 6);1;1850
9;0.25;;(2, 2);RemoveObject;(9, 6);1;1851
9;0.25;;(2, 2);RemoveObject;(9, 6);1;1852
9;0.25;;(2, 2);RemoveObject;(9, 6);1;1853
9;0.25;;(2, 2);RemoveObject;(9, 6);1;1854
9;0.25;;(2, 2);RemoveObject;(9, 6);1;1855
9;0.25;;(2, 2);RemoveObject;(9, 6);1;1856
9;0.25;;(2, 2);RemoveObject;(9, 6);1;1857
9;0.25;;(2, 2);;(9, 6);1;1858
9;0.25;;(2, 2);;(9, 6);1;1859
9;0.25;;(2, 2);;(9, 6);1;1860
9;0.25;;(2, 2);;(9, 6);1;1861
9;0.25;;(2, 2);;(9, 6);1;1862
9;0.25;;(2, 2);MoveSouth;(9, 7);1;1863
9;0.25;;(2, 2);;(9, 7);1;1864
9;0.25;;(2, 2);MoveSouth;(9, 8);1;1865
9;0.25;;(2, 2);;(9, 8);1;1866
9;0.25;;(2, 2);MoveSouth;(9, 9);1;1867
9;0.25;;(2, 2);;(9, 9);1;1868
9;0.25;;(2, 2);MoveSouth;(9, 9);1;1869
9;0.25;;(2, 2);;(9, 9);1;1870
9;0.25;;(2, 2);MoveSouth;(9, 9);1;1871
9;0.25;;(2, 2);;(9, 9);1;1872
9;0.25;;(2, 2);;(9, 9);1;1873
9;0.25;;(2, 2);;(9, 9);1;1874
9;0.25;;(2, 2);;(9, 9);1;1875
9;0.25;;(2, 2);;(9, 9);1;1876
9;0.25;;(2, 2);;(9, 9);1;1877
9;0.25;;(2, 2);;(9, 9);1;1878
9;0.25;;(2, 2);;(9, 9);1;1879
9;0.25;;(2, 2);;(9, 9);1;1880
9;0.25;;(2, 2);;(9, 9);1;1881
9;0.25;;(2, 2);;(9, 9);1;1882
9;0.25;;(2, 2);;(9, 9);1;1883
9;0.25;;(2, 2);;(9, 9);1;1884
9;0.25;;(2, 2);;(9, 9);1;1885
9;0.25;;(2, 2);;(9, 9);1;1886
9;0.25;;(2, 2);;(9, 9);1;1887
9;0.25;;(2, 2);;(9, 9);1;1888
9;0.25;;(2, 2);;(9, 9);1;1889
9;0.25;;(2, 2);;(9, 9);1;1890
9;0.25;;(2, 2);;(9, 9);1;1891
9;0.25;;(2, 2);;(9, 9);1;1892
9;0.25;;(2, 2);;(9, 9);1;1893
9;0.25;;(2, 2);;(9, 9);1;1894
9;0.25;;(2, 2);;(9, 9);1;1895
9;0.25;;(2, 2);;(9, 9);1;1896
9;0.25;;(2, 2);;(9, 9);1;1897
9;0.25;;(2, 2);;(9, 9);1;1898
9;0.25;;(2, 2);;(9, 9);1;1899
9;0.25;;(2, 2);;(9, 9);1;1900
9;0.25;;(2, 2);;(9, 9);1;1901
9;0.25;;(2, 2);;(9, 9);1;1902
9;0.25;;(2, 2);;(9, 9);1;1903
9;0.25;;(2, 2);;(9, 9);1;1904
9;0.25;;(2, 2);;(9, 9);1;1905
9;0.25;;(2, 2);;(9, 9);1;1906
9;0.25;;(2, 2);;(9, 9);1;1907
9;0.25;;(2, 2);;(9, 9);1;1908
9;0.25;;(2, 2);;(9, 9);1;1909
9;0.25;;(2, 2);;(9, 9);1;1910
9;0.25;;(2, 2);;(9, 9);1;1911
9;0.25;;(2, 2);;(9, 9);1;1912
9;0.25;;(2, 2);MoveNorth;(9, 8);1;1913
9;0.25;;(2, 2);MoveNorth;(9, 7);1;1914
9;0.25;;(2, 2);;(9, 7);1;1915
9;0.25;;(2, 2);MoveNorth;(9, 6);1;1916
9;0.25;;(2, 2);MoveNorth;(9, 5);1;1917
9;0.25;;(2, 2);;(9, 5);1;1918
9;0.25;;(2, 2);;(9, 5);1;1919
9;0.25;;(2, 2);;(9, 5);1;1920
9;0.25;;(2, 2);MoveEast;(10, 5);1;1921
9;0.25;;(2, 2);;(10, 5);1;1922
9;0.25;;(2, 2);MoveEast;(10, 5);1;1923
9;0.25;;(2, 2);MoveEast;(10, 5);1;1924
9;0.25;;(2, 2);MoveEast;(10, 5);1;1925
9;0.25;;(2, 2);MoveEast;(10, 5);1;1926
9;0.25;;(2, 2);MoveEast;(10, 5);1;1927
9;0.25;;(2, 2);MoveEast;(11, 5);1;1928
9;0.25;;(2, 2);MoveEast;(12, 5);1;1929
9;0.25;;(2, 2);;(12, 5);1;1930
9;0.25;;(2, 2);MoveEast;(13, 5);1;1931
9;0.25;;(2, 2);MoveEast;(14, 5);1;1932
9;0.25;;(2, 2);;(14, 5);1;1933
9;0.25;;(2, 2);MoveEast;(15, 5);1;1934
9;0.25;;(2, 2);MoveEast;(16, 5);1;1935
9;0.25;;(2, 2);;(16, 5);1;1936
9;0.25;;(2, 2);MoveEast;(17, 5);1;1937
9;0.25;;(2, 2);;(17, 5);1;1938
9;0.25;;(2, 2);;(17, 5);1;1939
9;0.25;;(2, 2);;(17, 5);1;1940
9;0.25;;(2, 2);;(17, 5);1;1941
9;0.25;;(2, 2);;(17, 5);1;1942
9;0.25;;(2, 2);MoveSouth;(17, 6);1;1943
9;0.25;;(2, 2);;(17, 6);1;1944
9;0.25;;(2, 2);;(17, 6);1;1945
9;0.25;;(2, 2);;(17, 6);1;1946
9;0.25;;(2, 2);;(17, 6);1;1947
9;0.25;;(2, 2);;(17, 6);1;1948
9;0.25;;(2, 2);MoveEast;(18, 6);1;1949
9;0.25;;(2, 2);;(18, 6);1;1950
9;0.25;;(2, 2);MoveEast;(19, 6);1;1951
9;0.25;;(2, 2);MoveEast;(19, 6);1;1952
9;0.25;;(2, 2);MoveEast;(19, 6);1;1953
9;0.25;;(2, 2);MoveEast;(19, 6);1;1954
9;0.25;;(2, 2);MoveEast;(19, 6);1;1955
9;0.25;;(2, 2);MoveEast;(19, 6);1;1956
9;0.25;;(2, 2);MoveEast;(20, 6);1;1957
9;0.25;;(2, 2);MoveEast;(21, 6);1;1958
9;0.25;;(2, 2);MoveEast;(22, 6);1;1959
9;0.25;;(2, 2);MoveEast;(23, 6);1;1960
9;0.25;;(2, 2);;(23, 6);1;1961
9;0.25;;(2, 2);MoveEast;(23, 6);1;1962
9;0.25;;(2, 2);MoveEast;(23, 6);1;1963
9;0.25;;(2, 2);;(23, 6);1;1964
9;0.25;;(2, 2);MoveEast;(23, 6);1;1965
9;0.25;;(2, 2);;(23, 6);1;1966
9;0.25;;(2, 2);;(23, 6);1;1967
9;0.25;;(2, 2);;(23, 6);1;1968
9;0.25;;(2, 2);;(23, 6);1;1969
9;0.25;;(2, 2);;(23, 6);1;1970
9;0.25;;(2, 2);;(23, 6);1;1971
9;0.25;;(2, 2);;(23, 6);1;1972
9;0.25;;(2, 2);MoveSouth;(23, 7);1;1973
9;0.25;;(2, 2);MoveSouth;(23, 8);1;1974
9;0.25;;(2, 2);;(23, 8);1;1975
9;0.25;;(2, 2);MoveSouth;(23, 9);1;1976
9;0.25;;(2, 2);;(23, 9);1;1977
9;0.25;;(2, 2);MoveSouth;(23, 10);1;1978
9;0.25;;(2, 2);MoveSouth;(23, 11);1;1979
9;0.25;;(2, 2);;(23, 11);1;1980
9;0.25;;(2, 2);MoveSouth;(23, 12);1;1981
9;0.25;;(2, 2);;(23, 12);1;1982
9;0.25;;(2, 2);;(23, 12);1;1983
9;0.25;;(2, 2);;(23, 12);1;1984
9;0.25;;(2, 2);;(23, 12);1;1985
12;0.375;;(23, 12);DropObjectTogether;(23, 12);1;1986
12;0.375;Idle;(23, 12);;(23, 12);1;1987
12;0.375;Idle;(23, 12);;(23, 12);1;1988
12;0.375;Idle;(23, 12);;(23, 12);1;1989
12;0.375;Idle;(23, 12);;(23, 12);1;1990
12;0.375;Idle;(23, 12);;(23, 12);1;1991
12;0.375;Idle;(23, 12);MoveWest;(22, 12);1;1992
12;0.375;Idle;(23, 12);;(22, 12);1;1993
12;0.375;Idle;(23, 12);;(22, 12);1;1994
12;0.375;Idle;(23, 12);;(22, 12);1;1995
12;0.375;Idle;(23, 12);;(22, 12);1;1996
12;0.375;Idle;(23, 12);;(22, 12);1;1997
12;0.375;Idle;(23, 12);;(22, 12);1;1998
12;0.375;Idle;(23, 12);;(22, 12);1;1999
12;0.375;Idle;(23, 12);;(22, 12);1;2000
12;0.375;Idle;(23, 12);;(22, 12);1;2001
12;0.375;Idle;(23, 12);;(22, 12);1;2002
12;0.375;Idle;(23, 12);;(22, 12);1;2003
12;0.375;Idle;(23, 12);;(22, 12);1;2004
12;0.375;Idle;(23, 12);;(22, 12);1;2005
12;0.375;Idle;(23, 12);;(22, 12);1;2006
12;0.375;Idle;(23, 12);;(22, 12);1;2007
12;0.375;Idle;(23, 12);;(22, 12);1;2008
12;0.375;Idle;(23, 12);;(22, 12);1;2009
12;0.375;Idle;(23, 12);;(22, 12);1;2010
12;0.375;Idle;(23, 12);;(22, 12);1;2011
12;0.375;Idle;(23, 12);MoveEast;(23, 12);1;2012
12;0.375;MoveNorthWest;(23, 12);;(23, 12);1;2013
12;0.375;MoveNorthWest;(23, 12);;(23, 12);1;2014
12;0.375;MoveNorthWest;(23, 12);;(23, 12);1;2015
12;0.375;MoveNorthWest;(23, 12);MoveWest;(22, 12);1;2016
12;0.375;MoveNorthWest;(23, 12);;(22, 12);1;2017
12;0.375;MoveNorthWest;(23, 12);;(22, 12);1;2018
12;0.375;MoveNorthWest;(23, 12);;(22, 12);1;2019
12;0.375;MoveNorthWest;(23, 12);;(22, 12);1;2020
12;0.375;MoveNorthWest;(22, 11);MoveSouth;(22, 13);1;2021
12;0.375;MoveNorthWest;(22, 11);;(22, 13);1;2022
12;0.375;MoveNorthWest;(22, 11);MoveNorth;(22, 12);1;2023
12;0.375;MoveNorthWest;(22, 11);;(22, 12);1;2024
12;0.375;MoveNorthWest;(22, 11);;(22, 12);1;2025
12;0.375;MoveNorthWest;(22, 11);;(22, 12);1;2026
12;0.375;MoveNorthWest;(22, 11);;(22, 12);1;2027
12;0.375;MoveNorthWest;(22, 11);;(22, 12);1;2028
12;0.375;MoveNorthWest;(22, 11);;(22, 12);1;2029
12;0.375;MoveNorthWest;(21, 10);;(22, 12);1;2030
12;0.375;MoveNorthWest;(21, 10);MoveNorth;(22, 11);1;2031
12;0.375;MoveNorthWest;(21, 10);;(22, 11);1;2032
12;0.375;MoveNorthWest;(21, 10);MoveNorth;(22, 10);1;2033
12;0.375;MoveNorthWest;(21, 10);;(22, 10);1;2034
12;0.375;MoveNorthWest;(21, 10);MoveNorth;(22, 9);1;2035
12;0.375;MoveNorthWest;(21, 10);;(22, 9);1;2036
12;0.375;MoveNorthWest;(21, 10);MoveWest;(21, 9);1;2037
12;0.375;MoveNorthWest;(21, 10);;(21, 9);1;2038
12;0.375;MoveNorthWest;(20, 9);MoveWest;(20, 9);1;2039
12;0.375;MoveNorthWest;(20, 9);MoveWest;(19, 9);1;2040
12;0.375;MoveNorthWest;(20, 9);;(19, 9);1;2041
12;0.375;MoveNorthWest;(20, 9);MoveWest;(19, 9);1;2042
12;0.375;MoveNorthWest;(20, 9);MoveWest;(19, 9);1;2043
12;0.375;MoveNorthWest;(20, 9);MoveWest;(19, 9);1;2044
12;0.375;MoveNorthWest;(20, 9);MoveWest;(19, 9);1;2045
12;0.375;MoveNorthWest;(20, 9);MoveWest;(19, 9);1;2046
12;0.375;MoveNorthWest;(20, 9);MoveWest;(18, 9);1;2047
12;0.375;MoveNorthWest;(19, 8);MoveNorth;(18, 9);1;2048
12;0.375;MoveNorthWest;(19, 8);MoveNorth;(18, 9);1;2049
12;0.375;MoveNorthWest;(19, 8);MoveNorth;(18, 9);1;2050
12;0.375;MoveNorthWest;(19, 8);MoveNorth;(18, 9);1;2051
12;0.375;MoveNorthWest;(19, 8);MoveNorth;(18, 9);1;2052
12;0.375;MoveNorthWest;(19, 8);MoveNorth;(18, 8);1;2053
12;0.375;MoveNorthWest;(19, 8);MoveNorth;(18, 7);1;2054
12;0.375;MoveNorthWest;(19, 8);;(18, 7);1;2055
12;0.375;MoveNorthWest;(19, 8);MoveNorth;(18, 6);1;2056
12;0.375;MoveNorthWest;(19, 8);MoveNorth;(18, 5);1;2057
12;0.375;MoveNorthWest;(19, 8);;(18, 5);1;2058
12;0.375;MoveNorthWest;(19, 8);;(18, 5);1;2059
12;0.375;MoveNorthWest;(19, 8);MoveWest;(17, 5);1;2060
12;0.375;MoveNorthWest;(19, 8);;(17, 5);1;2061
12;0.375;MoveNorthWest;(18, 7);MoveWest;(16, 5);1;2062
12;0.375;MoveNorthWest;(18, 7);;(16, 5);1;2063
12;0.375;MoveNorthWest;(18, 7);MoveWest;(15, 5);1;2064
12;0.375;MoveNorthWest;(18, 7);MoveWest;(14, 5);1;2065
12;0.375;MoveNorthWest;(18, 7);;(14, 5);1;2066
12;0.375;MoveNorthWest;(18, 7);MoveWest;(13, 5);1;2067
12;0.375;MoveNorthWest;(18, 7);;(13, 5);1;2068
12;0.375;MoveNorthWest;(18, 7);MoveWest;(12, 5);1;2069
12;0.375;MoveNorthWest;(18, 7);MoveWest;(11, 5);1;2070
12;0.375;MoveNorthWest;(17, 6);;(11, 5);1;2071
12;0.375;MoveWest;(17, 6);MoveWest;(10, 5);1;2072
12;0.375;MoveWest;(17, 6);;(10, 5);1;2073
12;0.375;MoveWest;(17, 6);MoveWest;(10, 5);1;2074
12;0.375;MoveWest;(17, 6);MoveWest;(10, 5);1;2075
12;0.375;MoveWest;(17, 6);MoveWest;(10, 5);1;2076
12;0.375;MoveWest;(17, 6);MoveWest;(10, 5);1;2077
12;0.375;MoveWest;(17, 6);MoveWest;(10, 5);1;2078
12;0.375;MoveWest;(17, 6);MoveWest;(9, 5);1;2079
12;0.375;MoveWest;(16, 6);MoveSouth;(9, 6);1;2080
12;0.375;MoveWest;(16, 6);MoveSouth;(9, 7);1;2081
12;0.375;MoveWest;(16, 6);;(9, 7);1;2082
12;0.375;MoveWest;(16, 6);MoveSouth;(9, 8);1;2083
12;0.375;MoveWest;(16, 6);;(9, 8);1;2084
12;0.375;MoveWest;(16, 6);MoveSouth;(9, 9);1;2085
12;0.375;MoveWest;(16, 6);;(9, 9);1;2086
12;0.375;MoveWest;(16, 6);;(9, 9);1;2087
12;0.375;MoveWest;(16, 6);;(9, 9);1;2088
12;0.375;MoveWest;(15, 6);;(9, 9);1;2089
12;0.375;MoveWest;(15, 6);;(9, 9);1;2090
12;0.375;MoveWest;(15, 6);;(9, 9);1;2091
12;0.375;MoveWest;(15, 6);MoveWest;(8, 9);1;2092
12;0.375;MoveWest;(15, 6);;(8, 9);1;2093
12;0.375;MoveWest;(15, 6);;(8, 9);1;2094
12;0.375;MoveWest;(15, 6);;(8, 9);1;2095
12;0.375;MoveWest;(15, 6);;(8, 9);1;2096
12;0.375;MoveWest;(15, 6);;(8, 9);1;2097
12;0.375;MoveWest;(14, 6);;(8, 9);1;2098
12;0.375;MoveWest;(14, 6);;(8, 9);1;2099
12;0.375;MoveWest;(14, 6);;(8, 9);1;2100
12;0.375;MoveWest;(14, 6);;(8, 9);1;2101
12;0.375;MoveWest;(14, 6);;(8, 9);1;2102
12;0.375;MoveWest;(14, 6);;(8, 9);1;2103
12;0.375;MoveWest;(14, 6);;(8, 9);1;2104
12;0.375;MoveWest;(14, 6);;(8, 9);1;2105
12;0.375;MoveWest;(14, 6);;(8, 9);1;2106
12;0.375;MoveWest;(13, 6);;(8, 9);1;2107
12;0.375;MoveWest;(13, 6);;(8, 9);1;2108
12;0.375;MoveWest;(13, 6);;(8, 9);1;2109
12;0.375;MoveWest;(13, 6);;(8, 9);1;2110
12;0.375;MoveWest;(13, 6);;(8, 9);1;2111
12;0.375;MoveWest;(13, 6);;(8, 9);1;2112
12;0.375;MoveWest;(13, 6);;(8, 9);1;2113
12;0.375;MoveWest;(13, 6);;(8, 9);1;2114
12;0.375;MoveWest;(13, 6);;(8, 9);1;2115
12;0.375;MoveWest;(12, 6);;(8, 9);1;2116
12;0.375;MoveWest;(12, 6);;(8, 9);1;2117
12;0.375;MoveWest;(12, 6);;(8, 9);1;2118
12;0.375;MoveWest;(12, 6);;(8, 9);1;2119
12;0.375;MoveWest;(12, 6);;(8, 9);1;2120
12;0.375;MoveWest;(12, 6);;(8, 9);1;2121
12;0.375;MoveWest;(12, 6);;(8, 9);1;2122
12;0.375;MoveWest;(12, 6);;(8, 9);1;2123
12;0.375;MoveWest;(12, 6);;(8, 9);1;2124
12;0.375;MoveWest;(12, 6);;(8, 9);1;2125
12;0.375;MoveWest;(12, 6);;(8, 9);1;2126
12;0.375;MoveWest;(12, 6);;(8, 9);1;2127
12;0.375;MoveWest;(12, 6);;(8, 9);1;2128
12;0.375;MoveWest;(12, 6);;(8, 9);1;2129
12;0.375;MoveWest;(11, 6);;(8, 9);1;2130
12;0.375;MoveWest;(11, 6);;(8, 9);1;2131
12;0.375;MoveWest;(11, 6);;(8, 9);1;2132
12;0.375;MoveWest;(11, 6);;(8, 9);1;2133
12;0.375;MoveWest;(11, 6);;(8, 9);1;2134
12;0.375;MoveWest;(11, 6);;(8, 9);1;2135
12;0.375;MoveWest;(11, 6);;(8, 9);1;2136
12;0.375;MoveWest;(11, 6);;(8, 9);1;2137
12;0.375;MoveWest;(11, 6);;(8, 9);1;2138
12;0.375;MoveWest;(11, 6);;(8, 9);1;2139
12;0.375;MoveWest;(11, 6);;(8, 9);1;2140
12;0.375;MoveWest;(11, 6);;(8, 9);1;2141
12;0.375;MoveWest;(11, 6);;(8, 9);1;2142
12;0.375;MoveWest;(11, 6);;(8, 9);1;2143
12;0.375;MoveWest;(10, 6);;(8, 9);1;2144
12;0.375;MoveWest;(10, 6);;(8, 9);1;2145
12;0.375;MoveWest;(10, 6);;(8, 9);1;2146
12;0.375;MoveWest;(10, 6);;(8, 9);1;2147
12;0.375;MoveWest;(10, 6);;(8, 9);1;2148
12;0.375;MoveWest;(10, 6);;(8, 9);1;2149
12;0.375;MoveWest;(10, 6);;(8, 9);1;2150
12;0.375;MoveWest;(10, 6);;(8, 9);1;2151
12;0.375;MoveWest;(10, 6);;(8, 9);1;2152
12;0.375;MoveWest;(10, 6);;(8, 9);1;2153
12;0.375;MoveWest;(10, 6);;(8, 9);1;2154
12;0.375;MoveWest;(10, 6);;(8, 9);1;2155
12;0.375;MoveWest;(10, 6);;(8, 9);1;2156
12;0.375;MoveWest;(10, 6);;(8, 9);1;2157
12;0.375;MoveWest;(9, 6);;(8, 9);1;2158
12;0.375;MoveSouth;(9, 6);;(8, 9);1;2159
12;0.375;MoveSouth;(9, 6);;(8, 9);1;2160
12;0.375;MoveSouth;(9, 6);;(8, 9);1;2161
12;0.375;MoveSouth;(9, 6);;(8, 9);1;2162
12;0.375;MoveSouth;(9, 6);;(8, 9);1;2163
12;0.375;MoveSouth;(9, 6);;(8, 9);1;2164
12;0.375;MoveSouth;(9, 6);;(8, 9);1;2165
12;0.375;MoveSouth;(9, 6);;(8, 9);1;2166
12;0.375;MoveSouth;(9, 7);;(8, 9);1;2167
12;0.375;MoveSouthWest;(9, 7);;(8, 9);1;2168
12;0.375;MoveSouthWest;(9, 7);;(8, 9);1;2169
12;0.375;MoveSouthWest;(9, 7);;(8, 9);1;2170
12;0.375;MoveSouthWest;(9, 7);;(8, 9);1;2171
12;0.375;MoveSouthWest;(9, 7);;(8, 9);1;2172
12;0.375;MoveSouthWest;(9, 7);;(8, 9);1;2173
12;0.375;MoveSouthWest;(9, 7);;(8, 9);1;2174
12;0.375;MoveSouthWest;(9, 7);;(8, 9);1;2175
12;0.375;MoveSouthWest;(8, 8);;(8, 9);1;2176
12;0.375;MoveSouthEast;(8, 8);;(8, 9);1;2177
12;0.375;MoveSouthEast;(8, 8);;(8, 9);1;2178
12;0.375;MoveSouthEast;(8, 8);;(8, 9);1;2179
12;0.375;MoveSouthEast;(8, 8);;(8, 9);1;2180
12;0.375;MoveSouthEast;(8, 8);;(8, 9);1;2181
12;0.375;MoveSouthEast;(8, 8);;(8, 9);1;2182
12;0.375;MoveSouthEast;(8, 8);;(8, 9);1;2183
12;0.375;MoveSouthEast;(8, 8);;(8, 9);1;2184
12;0.375;MoveSouthEast;(9, 9);;(8, 9);1;2185
12;0.375;Idle;(9, 9);;(8, 9);1;2186
12;0.375;Idle;(9, 9);;(8, 9);1;2187
12;0.375;Idle;(9, 9);;(8, 9);1;2188
12;0.375;Idle;(9, 9);;(8, 9);1;2189
12;0.375;Idle;(9, 9);;(8, 9);1;2190
12;0.375;Idle;(9, 9);;(8, 9);1;2191
12;0.375;Idle;(9, 9);;(8, 9);1;2192
12;0.375;Idle;(9, 9);;(8, 9);1;2193
12;0.375;Idle;(9, 9);;(8, 9);1;2194
12;0.375;Idle;(9, 9);;(8, 9);1;2195
12;0.375;Idle;(9, 9);;(8, 9);1;2196
12;0.375;Idle;(9, 9);;(8, 9);1;2197
12;0.375;Idle;(9, 9);;(8, 9);1;2198
12;0.375;Idle;(9, 9);;(8, 9);1;2199
12;0.375;Idle;(9, 9);;(8, 9);1;2200
12;0.375;Idle;(9, 9);;(8, 9);1;2201
12;0.375;Idle;(9, 9);;(8, 9);1;2202
12;0.375;Idle;(9, 9);;(8, 9);1;2203
12;0.375;Idle;(9, 9);;(8, 9);1;2204
12;0.375;Idle;(9, 9);;(8, 9);1;2205
12;0.375;Idle;(9, 9);;(8, 9);1;2206
12;0.375;Idle;(9, 9);;(8, 9);1;2207
12;0.375;Idle;(9, 9);;(8, 9);1;2208
12;0.375;Idle;(9, 9);;(8, 9);1;2209
12;0.375;Idle;(9, 9);;(8, 9);1;2210
12;0.375;Idle;(9, 9);;(8, 9);1;2211
12;0.375;MoveWest;(9, 9);;(8, 9);1;2212
12;0.375;MoveWest;(9, 9);;(8, 9);1;2213
12;0.375;MoveWest;(9, 9);;(8, 9);1;2214
12;0.375;MoveWest;(9, 9);;(8, 9);1;2215
12;0.375;MoveWest;(9, 9);;(8, 9);1;2216
12;0.375;MoveWest;(9, 9);;(8, 9);1;2217
12;0.375;MoveWest;(9, 9);;(8, 9);1;2218
12;0.375;MoveWest;(9, 9);;(8, 9);1;2219
12;0.375;MoveWest;(8, 9);;(8, 9);1;2220
12;0.375;;(8, 9);;(8, 9);1;2221
12;0.375;;(8, 9);;(8, 9);1;2222
12;0.375;;(8, 9);;(8, 9);1;2223
12;0.375;;(8, 9);;(8, 9);1;2224
12;0.375;;(8, 9);CarryObjectTogether;(8, 9);1;2225
12;0.375;;(8, 9);;(8, 9);1;2226
12;0.375;;(8, 9);;(8, 9);1;2227
12;0.375;;(8, 9);;(8, 9);1;2228
12;0.375;;(8, 9);;(8, 9);1;2229
12;0.375;;(8, 9);;(8, 9);1;2230
12;0.375;;(8, 9);;(8, 9);1;2231
12;0.375;;(8, 9);;(8, 9);1;2232
12;0.375;;(8, 9);;(8, 9);1;2233
12;0.375;;(8, 9);;(8, 9);1;2234
12;0.375;;(8, 9);MoveEast;(9, 9);1;2235
12;0.375;;(8, 9);;(9, 9);1;2236
12;0.375;;(8, 9);;(9, 9);1;2237
12;0.375;;(8, 9);;(9, 9);1;2238
12;0.375;;(8, 9);MoveNorth;(9, 8);1;2239
12;0.375;;(8, 9);;(9, 8);1;2240
12;0.375;;(8, 9);;(9, 8);1;2241
12;0.375;;(8, 9);MoveNorth;(9, 7);1;2242
12;0.375;;(8, 9);;(9, 7);1;2243
12;0.375;;(8, 9);;(9, 7);1;2244
12;0.375;;(8, 9);;(9, 7);1;2245
12;0.375;;(8, 9);;(9, 7);1;2246
12;0.375;;(8, 9);;(9, 7);1;2247
12;0.375;;(8, 9);MoveNorth;(9, 6);1;2248
12;0.375;;(8, 9);;(9, 6);1;2249
12;0.375;;(8, 9);;(9, 6);1;2250
12;0.375;;(8, 9);;(9, 6);1;2251
12;0.375;;(8, 9);;(9, 6);1;2252
12;0.375;;(8, 9);;(9, 6);1;2253
12;0.375;;(8, 9);;(9, 6);1;2254
12;0.375;;(8, 9);;(9, 6);1;2255
12;0.375;;(8, 9);MoveEast;(10, 6);1;2256
12;0.375;;(8, 9);;(10, 6);1;2257
12;0.375;;(8, 9);;(10, 6);1;2258
12;0.375;;(8, 9);;(10, 6);1;2259
12;0.375;;(8, 9);;(10, 6);1;2260
12;0.375;;(8, 9);;(10, 6);1;2261
12;0.375;;(8, 9);MoveEast;(10, 6);1;2262
12;0.375;;(8, 9);MoveEast;(10, 6);1;2263
12;0.375;;(8, 9);MoveEast;(10, 6);1;2264
12;0.375;;(8, 9);MoveEast;(10, 6);1;2265
12;0.375;;(8, 9);MoveEast;(10, 6);1;2266
12;0.375;;(8, 9);MoveEast;(11, 6);1;2267
12;0.375;;(8, 9);MoveNorth;(11, 6);1;2268
12;0.375;;(8, 9);MoveNorth;(11, 6);1;2269
12;0.375;;(8, 9);MoveNorth;(11, 6);1;2270
12;0.375;;(8, 9);MoveNorth;(11, 6);1;2271
12;0.375;;(8, 9);MoveNorth;(11, 6);1;2272
12;0.375;;(8, 9);MoveNorth;(11, 5);1;2273
12;0.375;;(8, 9);;(11, 5);1;2274
12;0.375;;(8, 9);;(11, 5);1;2275
12;0.375;;(8, 9);;(11, 5);1;2276
12;0.375;;(8, 9);;(11, 5);1;2277
12;0.375;;(8, 9);MoveEast;(12, 5);1;2278
12;0.375;;(8, 9);;(12, 5);1;2279
12;0.375;;(8, 9);MoveEast;(13, 5);1;2280
12;0.375;;(8, 9);MoveEast;(14, 5);1;2281
12;0.375;;(8, 9);;(14, 5);1;2282
12;0.375;;(8, 9);MoveEast;(15, 5);1;2283
12;0.375;;(8, 9);;(15, 5);1;2284
12;0.375;;(8, 9);MoveEast;(16, 5);1;2285
12;0.375;;(8, 9);MoveEast;(17, 5);1;2286
12;0.375;;(8, 9);;(17, 5);1;2287
12;0.375;;(8, 9);;(17, 5);1;2288
12;0.375;;(8, 9);;(17, 5);1;2289
12;0.375;;(8, 9);MoveSouth;(17, 6);1;2290
12;0.375;;(8, 9);;(17, 6);1;2291
12;0.375;;(8, 9);;(17, 6);1;2292
12;0.375;;(8, 9);;(17, 6);1;2293
12;0.375;;(8, 9);MoveEast;(18, 6);1;2294
12;0.375;;(8, 9);;(18, 6);1;2295
12;0.375;;(8, 9);MoveEast;(19, 6);1;2296
12;0.375;;(8, 9);;(19, 6);1;2297
12;0.375;;(8, 9);MoveEast;(19, 6);1;2298
12;0.375;;(8, 9);MoveEast;(19, 6);1;2299
12;0.375;;(8, 9);MoveEast;(19, 6);1;2300
12;0.375;;(8, 9);MoveEast;(19, 6);1;2301
12;0.375;;(8, 9);MoveEast;(19, 6);1;2302
12;0.375;;(8, 9);MoveEast;(20, 6);1;2303
12;0.375;;(8, 9);MoveEast;(21, 6);1;2304
12;0.375;;(8, 9);MoveEast;(22, 6);1;2305
12;0.375;;(8, 9);MoveEast;(23, 6);1;2306
12;0.375;;(8, 9);;(23, 6);1;2307
12;0.375;;(8, 9);MoveEast;(23, 6);1;2308
12;0.375;;(8, 9);;(23, 6);1;2309
12;0.375;;(8, 9);;(23, 6);1;2310
12;0.375;;(8, 9);MoveSouth;(23, 7);1;2311
12;0.375;;(8, 9);;(23, 7);1;2312
12;0.375;;(8, 9);MoveSouth;(23, 8);1;2313
12;0.375;;(8, 9);;(23, 8);1;2314
12;0.375;;(8, 9);;(23, 8);1;2315
12;0.375;;(8, 9);;(23, 8);1;2316
12;0.375;;(8, 9);MoveSouth;(23, 9);1;2317
12;0.375;;(8, 9);;(23, 9);1;2318
12;0.375;;(8, 9);MoveSouth;(23, 10);1;2319
12;0.375;;(8, 9);;(23, 10);1;2320
12;0.375;;(8, 9);;(23, 10);1;2321
12;0.375;;(8, 9);MoveSouth;(23, 11);1;2322
12;0.375;;(8, 9);;(23, 11);1;2323
12;0.375;;(8, 9);;(23, 11);1;2324
12;0.375;;(8, 9);;(23, 11);1;2325
18;0.5;;(23, 11);DropObjectTogether;(23, 11);1;2326
18;0.5;MoveSouthWest;(23, 11);;(23, 11);1;2327
18;0.5;MoveSouthWest;(23, 11);;(23, 11);1;2328
18;0.5;MoveSouthWest;(23, 11);;(23, 11);1;2329
18;0.5;MoveSouthWest;(23, 11);;(23, 11);1;2330
18;0.5;MoveSouthWest;(23, 11);;(23, 11);1;2331
18;0.5;MoveSouthWest;(23, 11);;(23, 11);1;2332
18;0.5;MoveSouthWest;(23, 11);;(23, 11);1;2333
18;0.5;MoveSouthWest;(23, 11);;(23, 11);1;2334
18;0.5;MoveSouthWest;(22, 12);;(23, 11);1;2335
18;0.5;MoveSouthWest;(22, 12);;(23, 11);1;2336
18;0.5;MoveSouthWest;(22, 12);MoveSouth;(23, 12);1;2337
18;0.5;MoveSouthWest;(22, 12);;(23, 12);1;2338
18;0.5;MoveSouthWest;(22, 12);MoveSouth;(23, 13);1;2339
18;0.5;MoveSouthWest;(22, 12);;(23, 13);1;2340
18;0.5;MoveSouthWest;(22, 12);MoveSouth;(23, 14);1;2341
18;0.5;MoveSouthWest;(22, 12);MoveSouth;(23, 15);1;2342
18;0.5;MoveSouthWest;(22, 12);;(23, 15);1;2343
18;0.5;MoveSouthWest;(21, 13);MoveSouth;(23, 16);1;2344
18;0.5;MoveSouthWest;(21, 13);MoveSouth;(23, 17);1;2345
18;0.5;MoveSouthWest;(21, 13);;(23, 17);1;2346
18;0.5;MoveSouthWest;(21, 13);MoveSouth;(23, 18);1;2347
18;0.5;MoveSouthWest;(21, 13);MoveSouth;(23, 18);1;2348
18;0.5;MoveSouthWest;(21, 13);;(23, 18);1;2349
18;0.5;MoveSouthWest;(21, 13);;(23, 18);1;2350
18;0.5;MoveSouthWest;(21, 13);MoveWest;(22, 18);1;2351
18;0.5;MoveSouthWest;(21, 13);;(22, 18);1;2352
18;0.5;MoveSouthWest;(20, 14);;(22, 18);1;2353
18;0.5;MoveSouthWest;(20, 14);;(22, 18);1;2354
18;0.5;MoveSouthWest;(20, 14);MoveWest;(21, 18);1;2355
18;0.5;MoveSouthWest;(20, 14);;(21, 18);1;2356
18;0.5;MoveSouthWest;(20, 14);;(21, 18);1;2357
18;0.5;MoveSouthWest;(20, 14);MoveWest;(20, 18);1;2358
18;0.5;MoveSouthWest;(20, 14);MoveWest;(20, 18);1;2359
18;0.5;MoveSouthWest;(20, 14);MoveWest;(20, 18);1;2360
18;0.5;MoveSouthWest;(20, 14);MoveWest;(20, 18);1;2361
18;0.5;MoveSouthWest;(19, 15);MoveWest;(20, 18);1;2362
18;0.5;MoveSouthWest;(19, 15);MoveWest;(20, 18);1;2363
18;0.5;MoveSouthWest;(19, 15);MoveWest;(19, 18);1;2364
18;0.5;MoveSouthWest;(19, 15);MoveWest;(18, 18);1;2365
18;0.5;MoveSouthWest;(19, 15);;(18, 18);1;2366
18;0.5;MoveSouthWest;(19, 15);;(18, 18);1;2367
18;0.5;MoveSouthWest;(19, 15);;(18, 18);1;2368
18;0.5;MoveSouthWest;(19, 15);;(18, 18);1;2369
18;0.5;MoveSouthWest;(19, 15);;(18, 18);1;2370
18;0.5;MoveSouthWest;(18, 16);;(18, 18);1;2371
18;0.5;MoveSouthWest;(18, 16);;(18, 18);1;2372
18;0.5;MoveSouthWest;(18, 16);;(18, 18);1;2373
18;0.5;MoveSouthWest;(18, 16);;(18, 18);1;2374
18;0.5;MoveSouthWest;(18, 16);;(18, 18);1;2375
18;0.5;MoveSouthWest;(18, 16);;(18, 18);1;2376
18;0.5;MoveSouthWest;(18, 16);;(18, 18);1;2377
18;0.5;MoveSouthWest;(18, 16);;(18, 18);1;2378
18;0.5;MoveSouthWest;(18, 16);;(18, 18);1;2379
18;0.5;MoveSouthWest;(18, 16);;(18, 18);1;2380
18;0.5;MoveSouthWest;(18, 16);MoveWest;(17, 18);1;2381
18;0.5;MoveSouthWest;(18, 16);;(17, 18);1;2382
18;0.5;MoveSouthWest;(18, 16);MoveWest;(16, 18);1;2383
18;0.5;MoveSouthWest;(18, 16);;(16, 18);1;2384
18;0.5;MoveSouthWest;(17, 17);;(16, 18);1;2385
18;0.5;MoveWest;(17, 17);;(16, 18);1;2386
18;0.5;MoveWest;(17, 17);;(16, 18);1;2387
18;0.5;MoveWest;(17, 17);;(16, 18);1;2388
18;0.5;MoveWest;(17, 17);;(16, 18);1;2389
18;0.5;MoveWest;(17, 17);;(16, 18);1;2390
18;0.5;MoveWest;(17, 17);;(16, 18);1;2391
18;0.5;MoveWest;(17, 17);;(16, 18);1;2392
18;0.5;MoveWest;(17, 17);;(16, 18);1;2393
18;0.5;MoveWest;(17, 17);;(16, 18);1;2394
18;0.5;MoveWest;(17, 17);;(16, 18);1;2395
18;0.5;MoveWest;(17, 17);;(16, 18);1;2396
18;0.5;MoveWest;(17, 17);;(16, 18);1;2397
18;0.5;MoveWest;(17, 17);;(16, 18);1;2398
18;0.5;MoveWest;(16, 17);;(16, 18);1;2399
18;0.5;MoveWest;(16, 17);;(16, 18);1;2400
18;0.5;MoveWest;(16, 17);;(16, 18);1;2401
18;0.5;MoveWest;(16, 17);;(16, 18);1;2402
18;0.5;MoveWest;(16, 17);;(16, 18);1;2403
18;0.5;MoveWest;(16, 17);;(16, 18);1;2404
18;0.5;MoveWest;(16, 17);;(16, 18);1;2405
18;0.5;MoveWest;(16, 17);;(16, 18);1;2406
18;0.5;MoveWest;(16, 17);;(16, 18);1;2407
18;0.5;MoveWest;(16, 17);;(16, 18);1;2408
18;0.5;MoveWest;(16, 17);;(16, 18);1;2409
18;0.5;MoveWest;(16, 17);;(16, 18);1;2410
18;0.5;MoveWest;(16, 17);MoveWest;(15, 18);1;2411
18;0.5;MoveWest;(16, 17);;(15, 18);1;2412
18;0.5;MoveWest;(15, 17);;(15, 18);1;2413
18;0.5;MoveSouth;(15, 17);;(15, 18);1;2414
18;0.5;MoveSouth;(15, 17);;(15, 18);1;2415
18;0.5;MoveSouth;(15, 17);;(15, 18);1;2416
18;0.5;MoveSouth;(15, 17);;(15, 18);1;2417
18;0.5;MoveSouth;(15, 17);MoveNorth;(15, 17);1;2418
18;0.5;MoveSouth;(15, 17);;(15, 17);1;2419
18;0.5;MoveSouth;(15, 17);MoveNorth;(15, 16);1;2420
18;0.5;MoveSouth;(15, 17);;(15, 16);1;2421
18;0.5;MoveSouth;(15, 18);MoveNorth;(15, 15);1;2422
18;0.5;RemoveObject;(15, 18);MoveNorth;(15, 14);1;2423
18;0.5;RemoveObject;(15, 18);;(15, 14);1;2424
18;0.5;RemoveObject;(15, 18);MoveNorth;(15, 14);1;2425
18;0.5;RemoveObject;(15, 18);;(15, 14);1;2426
18;0.5;RemoveObject;(15, 18);;(15, 14);1;2427
18;0.5;RemoveObject;(15, 18);MoveSouth;(15, 15);1;2428
18;0.5;RemoveObject;(15, 18);;(15, 15);1;2429
18;0.5;RemoveObject;(15, 18);MoveSouth;(15, 16);1;2430
18;0.5;RemoveObject;(15, 18);;(15, 16);1;2431
18;0.5;RemoveObject;(15, 18);;(15, 16);1;2432
18;0.5;RemoveObject;(15, 18);;(15, 16);1;2433
18;0.5;RemoveObject;(15, 18);MoveSouth;(15, 17);1;2434
18;0.5;RemoveObject;(15, 18);MoveSouth;(15, 18);1;2435
18;0.5;RemoveObject;(15, 18);;(15, 18);1;2436
18;0.5;RemoveObject;(15, 18);;(15, 18);1;2437
18;0.5;RemoveObject;(15, 18);;(15, 18);1;2438
18;0.5;RemoveObject;(15, 18);;(15, 18);1;2439
18;0.5;RemoveObject;(15, 18);;(15, 18);1;2440
18;0.5;RemoveObject;(15, 18);;(15, 18);1;2441
18;0.5;RemoveObject;(15, 18);;(15, 18);1;2442
18;0.5;RemoveObject;(15, 18);;(15, 18);1;2443
18;0.5;RemoveObject;(15, 18);;(15, 18);1;2444
18;0.5;RemoveObject;(15, 18);;(15, 18);1;2445
18;0.5;RemoveObject;(15, 18);;(15, 18);1;2446
18;0.5;RemoveObject;(15, 18);;(15, 18);1;2447
18;0.5;RemoveObject;(15, 18);;(15, 18);1;2448
18;0.5;RemoveObject;(15, 18);;(15, 18);1;2449
18;0.5;RemoveObject;(15, 18);;(15, 18);1;2450
18;0.5;RemoveObject;(15, 18);;(15, 18);1;2451
18;0.5;RemoveObject;(15, 18);;(15, 18);1;2452
18;0.5;RemoveObject;(15, 18);;(15, 18);1;2453
18;0.5;RemoveObject;(15, 18);;(15, 18);1;2454
18;0.5;RemoveObject;(15, 18);;(15, 18);1;2455
18;0.5;RemoveObject;(15, 18);;(15, 18);1;2456
18;0.5;RemoveObject;(15, 18);;(15, 18);1;2457
18;0.5;RemoveObject;(15, 18);;(15, 18);1;2458
18;0.5;RemoveObject;(15, 18);;(15, 18);1;2459
18;0.5;RemoveObject;(15, 18);;(15, 18);1;2460
18;0.5;RemoveObject;(15, 18);;(15, 18);1;2461
18;0.5;RemoveObject;(15, 18);;(15, 18);1;2462
18;0.5;RemoveObject;(15, 18);;(15, 18);1;2463
18;0.5;RemoveObject;(15, 18);;(15, 18);1;2464
18;0.5;RemoveObject;(15, 18);;(15, 18);1;2465
18;0.5;RemoveObject;(15, 18);;(15, 18);1;2466
18;0.5;RemoveObject;(15, 18);;(15, 18);1;2467
18;0.5;RemoveObject;(15, 18);;(15, 18);1;2468
18;0.5;RemoveObject;(15, 18);;(15, 18);1;2469
18;0.5;RemoveObject;(15, 18);;(15, 18);1;2470
18;0.5;RemoveObject;(15, 18);;(15, 18);1;2471
18;0.5;RemoveObject;(15, 18);;(15, 18);1;2472
18;0.5;RemoveObject;(15, 18);;(15, 18);1;2473
18;0.5;RemoveObject;(15, 18);;(15, 18);1;2474
18;0.5;RemoveObject;(15, 18);;(15, 18);1;2475
18;0.5;RemoveObject;(15, 18);;(15, 18);1;2476
18;0.5;RemoveObject;(15, 18);;(15, 18);1;2477
18;0.5;RemoveObject;(15, 18);;(15, 18);1;2478
18;0.5;RemoveObject;(15, 18);;(15, 18);1;2479
18;0.5;RemoveObject;(15, 18);;(15, 18);1;2480
18;0.5;RemoveObject;(15, 18);;(15, 18);1;2481
18;0.5;RemoveObject;(15, 18);;(15, 18);1;2482
18;0.5;RemoveObject;(15, 18);;(15, 18);1;2483
18;0.5;RemoveObject;(15, 18);;(15, 18);1;2484
18;0.5;RemoveObject;(15, 18);;(15, 18);1;2485
18;0.5;RemoveObject;(15, 18);;(15, 18);1;2486
18;0.5;RemoveObject;(15, 18);;(15, 18);1;2487
18;0.5;RemoveObject;(15, 18);;(15, 18);1;2488
18;0.5;RemoveObject;(15, 18);;(15, 18);1;2489
18;0.5;RemoveObject;(15, 18);;(15, 18);1;2490
18;0.5;RemoveObject;(15, 18);;(15, 18);1;2491
18;0.5;RemoveObject;(15, 18);;(15, 18);1;2492
18;0.5;RemoveObject;(15, 18);;(15, 18);1;2493
18;0.5;RemoveObject;(15, 18);;(15, 18);1;2494
18;0.5;RemoveObject;(15, 18);;(15, 18);1;2495
18;0.5;RemoveObject;(15, 18);;(15, 18);1;2496
18;0.5;RemoveObject;(15, 18);;(15, 18);1;2497
18;0.5;RemoveObject;(15, 18);;(15, 18);1;2498
18;0.5;RemoveObject;(15, 18);;(15, 18);1;2499
18;0.5;RemoveObject;(15, 18);;(15, 18);1;2500
18;0.5;RemoveObject;(15, 18);;(15, 18);1;2501
18;0.5;RemoveObject;(15, 18);;(15, 18);1;2502
18;0.5;RemoveObject;(15, 18);;(15, 18);1;2503
18;0.5;RemoveObject;(15, 18);;(15, 18);1;2504
18;0.5;RemoveObject;(15, 18);;(15, 18);1;2505
18;0.5;RemoveObject;(15, 18);;(15, 18);1;2506
18;0.5;RemoveObject;(15, 18);;(15, 18);1;2507
18;0.5;RemoveObject;(15, 18);;(15, 18);1;2508
18;0.5;RemoveObject;(15, 18);;(15, 18);1;2509
18;0.5;RemoveObject;(15, 18);;(15, 18);1;2510
18;0.5;RemoveObject;(15, 18);;(15, 18);1;2511
18;0.5;RemoveObject;(15, 18);;(15, 18);1;2512
18;0.5;RemoveObject;(15, 18);;(15, 18);1;2513
18;0.5;RemoveObject;(15, 18);;(15, 18);1;2514
18;0.5;RemoveObject;(15, 18);;(15, 18);1;2515
18;0.5;RemoveObject;(15, 18);;(15, 18);1;2516
18;0.5;RemoveObject;(15, 18);;(15, 18);1;2517
18;0.5;RemoveObject;(15, 18);;(15, 18);1;2518
18;0.5;RemoveObject;(15, 18);;(15, 18);1;2519
18;0.5;RemoveObject;(15, 18);;(15, 18);1;2520
18;0.5;RemoveObject;(15, 18);;(15, 18);1;2521
18;0.5;RemoveObject;(15, 18);;(15, 18);1;2522
18;0.5;RemoveObject;(15, 18);;(15, 18);1;2523
18;0.5;MoveSouth;(15, 18);;(15, 18);1;2524
18;0.5;MoveSouth;(15, 18);;(15, 18);1;2525
18;0.5;MoveSouth;(15, 18);;(15, 18);1;2526
18;0.5;MoveSouth;(15, 18);;(15, 18);1;2527
18;0.5;MoveSouth;(15, 18);MoveWest;(14, 18);1;2528
18;0.5;MoveSouth;(15, 18);MoveWest;(14, 18);1;2529
18;0.5;MoveSouth;(15, 18);MoveWest;(14, 18);1;2530
18;0.5;MoveSouth;(15, 18);MoveWest;(14, 18);1;2531
18;0.5;MoveSouth;(15, 19);MoveWest;(14, 18);1;2532
18;0.5;MoveSouthWest;(15, 19);MoveWest;(14, 18);1;2533
18;0.5;MoveSouthWest;(15, 19);MoveWest;(13, 18);1;2534
18;0.5;MoveSouthWest;(15, 19);MoveWest;(13, 18);1;2535
18;0.5;MoveSouthWest;(15, 19);MoveWest;(13, 18);1;2536
18;0.5;MoveSouthWest;(15, 19);MoveWest;(13, 18);1;2537
18;0.5;MoveSouthWest;(15, 19);MoveWest;(13, 18);1;2538
18;0.5;MoveSouthWest;(15, 19);MoveWest;(13, 18);1;2539
18;0.5;MoveSouthWest;(15, 19);MoveWest;(12, 18);1;2540
18;0.5;MoveSouthWest;(14, 20);MoveWest;(12, 18);1;2541
18;0.5;MoveSouthEast;(14, 20);MoveWest;(12, 18);1;2542
18;0.5;MoveSouthEast;(14, 20);MoveWest;(12, 18);1;2543
18;0.5;MoveSouthEast;(14, 20);MoveWest;(12, 18);1;2544
18;0.5;MoveSouthEast;(14, 20);MoveWest;(12, 18);1;2545
18;0.5;MoveSouthEast;(14, 20);MoveWest;(11, 18);1;2546
18;0.5;MoveSouthEast;(14, 20);MoveWest;(11, 18);1;2547
18;0.5;MoveSouthEast;(14, 20);MoveWest;(11, 18);1;2548
18;0.5;MoveSouthEast;(14, 20);MoveWest;(11, 18);1;2549
18;0.5;MoveSouthEast;(15, 21);MoveWest;(11, 18);1;2550
18;0.5;MoveNorthEast;(15, 21);MoveWest;(11, 18);1;2551
18;0.5;MoveNorthEast;(15, 21);MoveWest;(10, 18);1;2552
18;0.5;MoveNorthEast;(15, 21);MoveWest;(10, 18);1;2553
18;0.5;MoveNorthEast;(15, 21);MoveWest;(10, 18);1;2554
18;0.5;MoveNorthEast;(15, 21);MoveWest;(10, 18);1;2555
18;0.5;MoveNorthEast;(15, 21);MoveWest;(10, 18);1;2556
18;0.5;MoveNorthEast;(15, 21);MoveWest;(10, 18);1;2557
18;0.5;MoveNorthEast;(15, 21);MoveWest;(9, 18);1;2558
18;0.5;MoveNorthEast;(16, 20);MoveWest;(8, 18);1;2559
18;0.5;;(16, 20);;(8, 18);1;2560
18;0.5;;(16, 20);;(8, 18);1;2561
18;0.5;;(16, 20);;(8, 18);1;2562
18;0.5;;(16, 20);;(8, 18);1;2563
18;0.5;;(16, 20);;(8, 18);1;2564
18;0.5;;(16, 20);;(8, 18);1;2565
18;0.5;;(16, 20);;(8, 18);1;2566
18;0.5;;(16, 20);;(8, 18);1;2567
18;0.5;;(16, 20);;(8, 18);1;2568
18;0.5;;(16, 20);;(8, 18);1;2569
18;0.5;;(16, 20);;(8, 18);1;2570
18;0.5;;(16, 20);;(8, 18);1;2571
18;0.5;;(16, 20);;(8, 18);1;2572
18;0.5;;(16, 20);;(8, 18);1;2573
18;0.5;;(16, 20);;(8, 18);1;2574
18;0.5;;(16, 20);;(8, 18);1;2575
18;0.5;;(16, 20);;(8, 18);1;2576
18;0.5;;(16, 20);;(8, 18);1;2577
18;0.5;;(16, 20);;(8, 18);1;2578
18;0.5;;(16, 20);;(8, 18);1;2579
18;0.5;;(16, 20);;(8, 18);1;2580
18;0.5;Idle;(16, 20);;(8, 18);1;2581
18;0.5;Idle;(16, 20);;(8, 18);1;2582
18;0.5;Idle;(16, 20);;(8, 18);1;2583
18;0.5;Idle;(16, 20);MoveWest;(7, 18);1;2584
18;0.5;Idle;(16, 20);MoveWest;(6, 18);1;2585
18;0.5;Idle;(16, 20);;(6, 18);1;2586
18;0.5;Idle;(16, 20);MoveWest;(5, 18);1;2587
18;0.5;Idle;(16, 20);MoveWest;(4, 18);1;2588
18;0.5;Idle;(16, 20);;(4, 18);1;2589
18;0.5;Idle;(16, 20);MoveWest;(3, 18);1;2590
18;0.5;Idle;(16, 20);;(3, 18);1;2591
18;0.5;Idle;(16, 20);;(3, 18);1;2592
18;0.5;Idle;(16, 20);;(3, 18);1;2593
18;0.5;Idle;(16, 20);MoveSouth;(3, 19);1;2594
18;0.5;Idle;(16, 20);;(3, 19);1;2595
18;0.5;Idle;(16, 20);MoveSouth;(3, 20);1;2596
18;0.5;Idle;(16, 20);MoveSouth;(3, 21);1;2597
18;0.5;Idle;(16, 20);;(3, 21);1;2598
18;0.5;Idle;(16, 20);MoveSouth;(3, 21);1;2599
18;0.5;Idle;(16, 20);;(3, 21);1;2600
18;0.5;Idle;(16, 20);MoveEast;(4, 21);1;2601
18;0.5;Idle;(16, 20);;(4, 21);1;2602
18;0.5;Idle;(16, 20);;(4, 21);1;2603
18;0.5;Idle;(16, 20);;(4, 21);1;2604
18;0.5;Idle;(16, 20);;(4, 21);1;2605
18;0.5;Idle;(16, 20);;(4, 21);1;2606
18;0.5;MoveWest;(16, 20);;(4, 21);1;2607
18;0.5;MoveWest;(16, 20);;(4, 21);1;2608
18;0.5;MoveWest;(16, 20);;(4, 21);1;2609
18;0.5;MoveWest;(16, 20);;(4, 21);1;2610
18;0.5;MoveWest;(16, 20);CarryObject;(4, 21);1;2611
18;0.5;MoveWest;(16, 20);;(4, 21);1;2612
18;0.5;MoveWest;(16, 20);;(4, 21);1;2613
18;0.5;MoveWest;(16, 20);;(4, 21);1;2614
18;0.5;MoveWest;(15, 20);;(4, 21);1;2615
18;0.5;MoveWest;(15, 20);;(4, 21);1;2616
18;0.5;MoveWest;(15, 20);;(4, 21);1;2617
18;0.5;MoveWest;(15, 20);;(4, 21);1;2618
18;0.5;MoveWest;(15, 20);;(4, 21);1;2619
18;0.5;MoveWest;(15, 20);;(4, 21);1;2620
18;0.5;MoveWest;(15, 20);MoveWest;(3, 21);1;2621
18;0.5;MoveWest;(15, 20);;(3, 21);1;2622
18;0.5;MoveWest;(15, 20);MoveNorth;(3, 20);1;2623
18;0.5;MoveWest;(14, 20);;(3, 20);1;2624
18;0.5;CarryObject;(14, 20);MoveNorth;(3, 19);1;2625
18;0.5;CarryObject;(14, 20);;(3, 19);1;2626
18;0.5;CarryObject;(14, 20);MoveNorth;(3, 18);1;2627
18;0.5;CarryObject;(14, 20);;(3, 18);1;2628
18;0.5;CarryObject;(14, 20);;(3, 18);1;2629
18;0.5;CarryObject;(14, 20);;(3, 18);1;2630
18;0.5;CarryObject;(14, 20);MoveEast;(4, 18);1;2631
18;0.5;CarryObject;(14, 20);;(4, 18);1;2632
18;0.5;CarryObject;(14, 20);MoveEast;(5, 18);1;2633
18;0.5;CarryObject;(14, 20);;(5, 18);1;2634
18;0.5;CarryObject;(14, 20);MoveEast;(6, 18);1;2635
18;0.5;CarryObject;(14, 20);;(6, 18);1;2636
18;0.5;CarryObject;(14, 20);MoveEast;(7, 18);1;2637
18;0.5;CarryObject;(14, 20);MoveEast;(8, 18);1;2638
18;0.5;CarryObject;(14, 20);;(8, 18);1;2639
18;0.5;CarryObject;(14, 20);MoveEast;(9, 18);1;2640
18;0.5;CarryObject;(14, 20);;(9, 18);1;2641
18;0.5;CarryObject;(14, 20);;(9, 18);1;2642
18;0.5;CarryObject;(14, 20);;(9, 18);1;2643
18;0.5;CarryObject;(14, 20);MoveEast;(10, 18);1;2644
18;0.5;CarryObject;(14, 20);;(10, 18);1;2645
18;0.5;CarryObject;(14, 20);;(10, 18);1;2646
18;0.5;CarryObject;(14, 20);MoveWest;(10, 18);1;2647
18;0.5;CarryObject;(14, 20);MoveWest;(10, 18);1;2648
18;0.5;CarryObject;(14, 20);MoveWest;(10, 18);1;2649
18;0.5;CarryObject;(14, 20);MoveWest;(10, 18);1;2650
18;0.5;CarryObject;(14, 20);MoveWest;(10, 18);1;2651
18;0.5;CarryObject;(14, 20);MoveWest;(9, 18);1;2652
18;0.5;CarryObject;(14, 20);RemoveObject;(9, 18);1;2653
18;0.5;CarryObject;(14, 20);RemoveObject;(9, 18);1;2654
18;0.5;CarryObject;(14, 20);RemoveObject;(9, 18);1;2655
18;0.5;CarryObject;(14, 20);RemoveObject;(9, 18);1;2656
18;0.5;CarryObject;(14, 20);RemoveObject;(9, 18);1;2657
18;0.5;CarryObject;(14, 20);RemoveObject;(9, 18);1;2658
18;0.5;CarryObject;(14, 20);RemoveObject;(9, 18);1;2659
18;0.5;CarryObject;(14, 20);RemoveObject;(9, 18);1;2660
18;0.5;CarryObject;(14, 20);RemoveObject;(9, 18);1;2661
18;0.5;CarryObject;(14, 20);RemoveObject;(9, 18);1;2662
18;0.5;CarryObject;(14, 20);RemoveObject;(9, 18);1;2663
18;0.5;CarryObject;(14, 20);RemoveObject;(9, 18);1;2664
18;0.5;CarryObject;(14, 20);RemoveObject;(9, 18);1;2665
18;0.5;CarryObject;(14, 20);RemoveObject;(9, 18);1;2666
18;0.5;CarryObject;(14, 20);RemoveObject;(9, 18);1;2667
18;0.5;CarryObject;(14, 20);RemoveObject;(9, 18);1;2668
18;0.5;CarryObject;(14, 20);RemoveObject;(9, 18);1;2669
18;0.5;CarryObject;(14, 20);RemoveObject;(9, 18);1;2670
18;0.5;CarryObject;(14, 20);RemoveObject;(9, 18);1;2671
18;0.5;CarryObject;(14, 20);RemoveObject;(9, 18);1;2672
18;0.5;CarryObject;(14, 20);RemoveObject;(9, 18);1;2673
18;0.5;CarryObject;(14, 20);RemoveObject;(9, 18);1;2674
18;0.5;CarryObject;(14, 20);RemoveObject;(9, 18);1;2675
18;0.5;CarryObject;(14, 20);RemoveObject;(9, 18);1;2676
18;0.5;CarryObject;(14, 20);RemoveObject;(9, 18);1;2677
18;0.5;CarryObject;(14, 20);RemoveObject;(9, 18);1;2678
18;0.5;CarryObject;(14, 20);RemoveObject;(9, 18);1;2679
18;0.5;CarryObject;(14, 20);RemoveObject;(9, 18);1;2680
18;0.5;CarryObject;(14, 20);RemoveObject;(9, 18);1;2681
18;0.5;CarryObject;(14, 20);RemoveObject;(9, 18);1;2682
18;0.5;CarryObject;(14, 20);RemoveObject;(9, 18);1;2683
18;0.5;CarryObject;(14, 20);RemoveObject;(9, 18);1;2684
18;0.5;CarryObject;(14, 20);RemoveObject;(9, 18);1;2685
18;0.5;CarryObject;(14, 20);RemoveObject;(9, 18);1;2686
18;0.5;CarryObject;(14, 20);RemoveObject;(9, 18);1;2687
18;0.5;CarryObject;(14, 20);RemoveObject;(9, 18);1;2688
18;0.5;CarryObject;(14, 20);RemoveObject;(9, 18);1;2689
18;0.5;CarryObject;(14, 20);RemoveObject;(9, 18);1;2690
18;0.5;CarryObject;(14, 20);RemoveObject;(9, 18);1;2691
18;0.5;CarryObject;(14, 20);RemoveObject;(9, 18);1;2692
18;0.5;CarryObject;(14, 20);RemoveObject;(9, 18);1;2693
18;0.5;CarryObject;(14, 20);RemoveObject;(9, 18);1;2694
18;0.5;CarryObject;(14, 20);RemoveObject;(9, 18);1;2695
18;0.5;CarryObject;(14, 20);RemoveObject;(9, 18);1;2696
18;0.5;CarryObject;(14, 20);RemoveObject;(9, 18);1;2697
18;0.5;CarryObject;(14, 20);RemoveObject;(9, 18);1;2698
18;0.5;CarryObject;(14, 20);RemoveObject;(9, 18);1;2699
18;0.5;CarryObject;(14, 20);RemoveObject;(9, 18);1;2700
18;0.5;CarryObject;(14, 20);RemoveObject;(9, 18);1;2701
18;0.5;CarryObject;(14, 20);RemoveObject;(9, 18);1;2702
18;0.5;CarryObject;(14, 20);RemoveObject;(9, 18);1;2703
18;0.5;CarryObject;(14, 20);RemoveObject;(9, 18);1;2704
18;0.5;CarryObject;(14, 20);RemoveObject;(9, 18);1;2705
18;0.5;CarryObject;(14, 20);RemoveObject;(9, 18);1;2706
18;0.5;CarryObject;(14, 20);RemoveObject;(9, 18);1;2707
18;0.5;CarryObject;(14, 20);RemoveObject;(9, 18);1;2708
18;0.5;CarryObject;(14, 20);RemoveObject;(9, 18);1;2709
18;0.5;CarryObject;(14, 20);RemoveObject;(9, 18);1;2710
18;0.5;CarryObject;(14, 20);RemoveObject;(9, 18);1;2711
18;0.5;CarryObject;(14, 20);RemoveObject;(9, 18);1;2712
18;0.5;CarryObject;(14, 20);RemoveObject;(9, 18);1;2713
18;0.5;CarryObject;(14, 20);RemoveObject;(9, 18);1;2714
18;0.5;CarryObject;(14, 20);RemoveObject;(9, 18);1;2715
18;0.5;CarryObject;(14, 20);RemoveObject;(9, 18);1;2716
18;0.5;CarryObject;(14, 20);RemoveObject;(9, 18);1;2717
18;0.5;CarryObject;(14, 20);RemoveObject;(9, 18);1;2718
18;0.5;CarryObject;(14, 20);RemoveObject;(9, 18);1;2719
18;0.5;CarryObject;(14, 20);RemoveObject;(9, 18);1;2720
18;0.5;CarryObject;(14, 20);RemoveObject;(9, 18);1;2721
18;0.5;CarryObject;(14, 20);RemoveObject;(9, 18);1;2722
18;0.5;CarryObject;(14, 20);RemoveObject;(9, 18);1;2723
18;0.5;CarryObject;(14, 20);RemoveObject;(9, 18);1;2724
18;0.5;CarryObject;(14, 20);RemoveObject;(9, 18);1;2725
18;0.5;CarryObject;(14, 20);RemoveObject;(9, 18);1;2726
18;0.5;CarryObject;(14, 20);RemoveObject;(9, 18);1;2727
18;0.5;CarryObject;(14, 20);RemoveObject;(9, 18);1;2728
18;0.5;CarryObject;(14, 20);RemoveObject;(9, 18);1;2729
18;0.5;CarryObject;(14, 20);RemoveObject;(9, 18);1;2730
18;0.5;CarryObject;(14, 20);RemoveObject;(9, 18);1;2731
18;0.5;CarryObject;(14, 20);RemoveObject;(9, 18);1;2732
18;0.5;CarryObject;(14, 20);RemoveObject;(9, 18);1;2733
18;0.5;CarryObject;(14, 20);RemoveObject;(9, 18);1;2734
18;0.5;CarryObject;(14, 20);RemoveObject;(9, 18);1;2735
18;0.5;CarryObject;(14, 20);RemoveObject;(9, 18);1;2736
18;0.5;CarryObject;(14, 20);RemoveObject;(9, 18);1;2737
18;0.5;CarryObject;(14, 20);RemoveObject;(9, 18);1;2738
18;0.5;CarryObject;(14, 20);RemoveObject;(9, 18);1;2739
18;0.5;CarryObject;(14, 20);RemoveObject;(9, 18);1;2740
18;0.5;CarryObject;(14, 20);RemoveObject;(9, 18);1;2741
18;0.5;CarryObject;(14, 20);RemoveObject;(9, 18);1;2742
18;0.5;CarryObject;(14, 20);RemoveObject;(9, 18);1;2743
18;0.5;CarryObject;(14, 20);RemoveObject;(9, 18);1;2744
18;0.5;CarryObject;(14, 20);RemoveObject;(9, 18);1;2745
18;0.5;CarryObject;(14, 20);RemoveObject;(9, 18);1;2746
18;0.5;CarryObject;(14, 20);RemoveObject;(9, 18);1;2747
18;0.5;CarryObject;(14, 20);RemoveObject;(9, 18);1;2748
18;0.5;CarryObject;(14, 20);RemoveObject;(9, 18);1;2749
18;0.5;CarryObject;(14, 20);RemoveObject;(9, 18);1;2750
18;0.5;CarryObject;(14, 20);RemoveObject;(9, 18);1;2751
18;0.5;CarryObject;(14, 20);RemoveObject;(9, 18);1;2752
18;0.5;CarryObject;(14, 20);RemoveObject;(9, 18);1;2753
18;0.5;CarryObject;(14, 20);RemoveObject;(9, 18);1;2754
18;0.5;CarryObject;(14, 20);RemoveObject;(9, 18);1;2755
18;0.5;CarryObject;(14, 20);RemoveObject;(9, 18);1;2756
18;0.5;CarryObject;(14, 20);RemoveObject;(9, 18);1;2757
18;0.5;CarryObject;(14, 20);RemoveObject;(9, 18);1;2758
18;0.5;CarryObject;(14, 20);RemoveObject;(9, 18);1;2759
18;0.5;CarryObject;(14, 20);RemoveObject;(9, 18);1;2760
18;0.5;CarryObject;(14, 20);RemoveObject;(9, 18);1;2761
18;0.5;CarryObject;(14, 20);RemoveObject;(9, 18);1;2762
18;0.5;CarryObject;(14, 20);RemoveObject;(9, 18);1;2763
18;0.5;CarryObject;(14, 20);RemoveObject;(9, 18);1;2764
18;0.5;CarryObject;(14, 20);RemoveObject;(9, 18);1;2765
18;0.5;CarryObject;(14, 20);RemoveObject;(9, 18);1;2766
18;0.5;CarryObject;(14, 20);RemoveObject;(9, 18);1;2767
18;0.5;CarryObject;(14, 20);RemoveObject;(9, 18);1;2768
18;0.5;CarryObject;(14, 20);RemoveObject;(9, 18);1;2769
18;0.5;CarryObject;(14, 20);RemoveObject;(9, 18);1;2770
18;0.5;CarryObject;(14, 20);RemoveObject;(9, 18);1;2771
18;0.5;CarryObject;(14, 20);RemoveObject;(9, 18);1;2772
18;0.5;CarryObject;(14, 20);RemoveObject;(9, 18);1;2773
18;0.5;CarryObject;(14, 20);RemoveObject;(9, 18);1;2774
18;0.5;CarryObject;(14, 20);RemoveObject;(9, 18);1;2775
18;0.5;MoveNorthEast;(14, 20);RemoveObject;(9, 18);1;2776
18;0.5;MoveNorthEast;(14, 20);RemoveObject;(9, 18);1;2777
18;0.5;MoveNorthEast;(14, 20);RemoveObject;(9, 18);1;2778
18;0.5;MoveNorthEast;(14, 20);RemoveObject;(9, 18);1;2779
18;0.5;MoveNorthEast;(14, 20);RemoveObject;(9, 18);1;2780
18;0.5;MoveNorthEast;(14, 20);RemoveObject;(9, 18);1;2781
18;0.5;MoveNorthEast;(14, 20);RemoveObject;(9, 18);1;2782
18;0.5;MoveNorthEast;(14, 20);RemoveObject;(9, 18);1;2783
18;0.5;MoveNorthEast;(15, 19);RemoveObject;(9, 18);1;2784
18;0.5;MoveNorthEast;(15, 19);RemoveObject;(9, 18);1;2785
18;0.5;MoveNorthEast;(15, 19);RemoveObject;(9, 18);1;2786
18;0.5;MoveNorthEast;(15, 19);RemoveObject;(9, 18);1;2787
18;0.5;MoveNorthEast;(15, 19);RemoveObject;(9, 18);1;2788
18;0.5;MoveNorthEast;(15, 19);RemoveObject;(9, 18);1;2789
18;0.5;MoveNorthEast;(15, 19);RemoveObject;(9, 18);1;2790
18;0.5;MoveNorthEast;(15, 19);RemoveObject;(9, 18);1;2791
18;0.5;MoveNorthEast;(15, 19);RemoveObject;(9, 18);1;2792
18;0.5;MoveNorthEast;(16, 18);RemoveObject;(9, 18);1;2793
18;0.5;MoveNorthEast;(16, 18);RemoveObject;(9, 18);1;2794
18;0.5;MoveNorthEast;(16, 18);RemoveObject;(9, 18);1;2795
18;0.5;MoveNorthEast;(16, 18);RemoveObject;(9, 18);1;2796
18;0.5;MoveNorthEast;(16, 18);RemoveObject;(9, 18);1;2797
18;0.5;MoveNorthEast;(16, 18);RemoveObject;(9, 18);1;2798
18;0.5;MoveNorthEast;(16, 18);RemoveObject;(9, 18);1;2799
18;0.5;MoveNorthEast;(16, 18);RemoveObject;(9, 18);1;2800
18;0.5;MoveNorthEast;(16, 18);RemoveObject;(9, 18);1;2801
18;0.5;MoveNorthEast;(17, 17);RemoveObject;(9, 18);1;2802
18;0.5;MoveNorthEast;(17, 17);RemoveObject;(9, 18);1;2803
18;0.5;MoveNorthEast;(17, 17);RemoveObject;(9, 18);1;2804
18;0.5;MoveNorthEast;(17, 17);RemoveObject;(9, 18);1;2805
18;0.5;MoveNorthEast;(17, 17);RemoveObject;(9, 18);1;2806
18;0.5;MoveNorthEast;(17, 17);RemoveObject;(9, 18);1;2807
18;0.5;MoveNorthEast;(17, 17);RemoveObject;(9, 18);1;2808
18;0.5;MoveNorthEast;(17, 17);RemoveObject;(9, 18);1;2809
18;0.5;MoveNorthEast;(17, 17);RemoveObject;(9, 18);1;2810
18;0.5;MoveNorthEast;(17, 17);RemoveObject;(9, 18);1;2811
18;0.5;MoveNorthEast;(17, 17);RemoveObject;(9, 18);1;2812
18;0.5;MoveNorthEast;(17, 17);RemoveObject;(9, 18);1;2813
18;0.5;MoveNorthEast;(17, 17);RemoveObject;(9, 18);1;2814
18;0.5;MoveNorthEast;(17, 17);RemoveObject;(9, 18);1;2815
18;0.5;MoveNorthEast;(18, 16);RemoveObject;(9, 18);1;2816
18;0.5;MoveNorthEast;(18, 16);RemoveObject;(9, 18);1;2817
18;0.5;MoveNorthEast;(18, 16);RemoveObject;(9, 18);1;2818
18;0.5;MoveNorthEast;(18, 16);RemoveObject;(9, 18);1;2819
18;0.5;MoveNorthEast;(18, 16);RemoveObject;(9, 18);1;2820
18;0.5;MoveNorthEast;(18, 16);RemoveObject;(9, 18);1;2821
18;0.5;MoveNorthEast;(18, 16);RemoveObject;(9, 18);1;2822
18;0.5;MoveNorthEast;(18, 16);RemoveObject;(9, 18);1;2823
18;0.5;MoveNorthEast;(18, 16);RemoveObject;(9, 18);1;2824
18;0.5;MoveNorthEast;(18, 16);RemoveObject;(9, 18);1;2825
18;0.5;MoveNorthEast;(18, 16);RemoveObject;(9, 18);1;2826
18;0.5;MoveNorthEast;(18, 16);RemoveObject;(9, 18);1;2827
18;0.5;MoveNorthEast;(18, 16);RemoveObject;(9, 18);1;2828
18;0.5;MoveNorthEast;(18, 16);RemoveObject;(9, 18);1;2829
18;0.5;MoveNorthEast;(19, 15);RemoveObject;(9, 18);1;2830
18;0.5;MoveNorthEast;(19, 15);RemoveObject;(9, 18);1;2831
18;0.5;MoveNorthEast;(19, 15);RemoveObject;(9, 18);1;2832
18;0.5;MoveNorthEast;(19, 15);RemoveObject;(9, 18);1;2833
18;0.5;MoveNorthEast;(19, 15);RemoveObject;(9, 18);1;2834
18;0.5;MoveNorthEast;(19, 15);RemoveObject;(9, 18);1;2835
18;0.5;MoveNorthEast;(19, 15);RemoveObject;(9, 18);1;2836
18;0.5;MoveNorthEast;(19, 15);RemoveObject;(9, 18);1;2837
18;0.5;MoveNorthEast;(19, 15);RemoveObject;(9, 18);1;2838
18;0.5;MoveNorthEast;(20, 14);RemoveObject;(9, 18);1;2839
18;0.5;MoveEast;(20, 14);RemoveObject;(9, 18);1;2840
18;0.5;MoveEast;(20, 14);RemoveObject;(9, 18);1;2841
18;0.5;MoveEast;(20, 14);RemoveObject;(9, 18);1;2842
18;0.5;MoveEast;(20, 14);RemoveObject;(9, 18);1;2843
18;0.5;MoveEast;(20, 14);RemoveObject;(9, 18);1;2844
18;0.5;MoveEast;(20, 14);RemoveObject;(9, 18);1;2845
18;0.5;MoveEast;(20, 14);RemoveObject;(9, 18);1;2846
18;0.5;MoveEast;(20, 14);RemoveObject;(9, 18);1;2847
18;0.5;MoveEast;(21, 14);RemoveObject;(9, 18);1;2848
18;0.5;MoveNorthEast;(21, 14);RemoveObject;(9, 18);1;2849
18;0.5;MoveNorthEast;(21, 14);RemoveObject;(9, 18);1;2850
18;0.5;MoveNorthEast;(21, 14);RemoveObject;(9, 18);1;2851
18;0.5;MoveNorthEast;(21, 14);RemoveObject;(9, 18);1;2852
18;0.5;MoveNorthEast;(21, 14);RemoveObject;(9, 18);1;2853
18;0.5;MoveNorthEast;(21, 14);;(9, 18);1;2854
18;0.5;MoveNorthEast;(21, 14);;(9, 18);1;2855
18;0.5;MoveNorthEast;(21, 14);;(9, 18);1;2856
18;0.5;MoveNorthEast;(22, 13);;(9, 18);1;2857
18;0.5;MoveEast;(22, 13);MoveSouth;(9, 19);1;2858
18;0.5;MoveEast;(22, 13);;(9, 19);1;2859
18;0.5;MoveEast;(22, 13);;(9, 19);1;2860
18;0.5;MoveEast;(22, 13);MoveSouth;(9, 20);1;2861
18;0.5;MoveEast;(22, 13);MoveSouth;(9, 21);1;2862
18;0.5;MoveEast;(22, 13);;(9, 21);1;2863
18;0.5;MoveEast;(22, 13);MoveSouth;(9, 21);1;2864
18;0.5;MoveEast;(22, 13);;(9, 21);1;2865
18;0.5;MoveEast;(23, 13);;(9, 21);1;2866
18;0.5;Drop;(23, 13);;(9, 21);1;2867
18;0.5;Drop;(23, 13);MoveNorth;(9, 20);1;2868
18;0.5;Drop;(23, 13);;(9, 20);1;2869
18;0.5;Drop;(23, 13);MoveNorth;(9, 19);1;2870
18;0.5;Drop;(23, 13);;(9, 19);1;2871
18;0.5;Drop;(23, 13);MoveNorth;(9, 18);1;2872
18;0.5;Drop;(23, 13);;(9, 18);1;2873
18;0.5;Drop;(23, 13);;(9, 18);1;2874
21;0.625;Drop;(23, 13);;(9, 18);1;2875
21;0.625;MoveWest;(23, 13);;(9, 18);1;2876
21;0.625;MoveWest;(23, 13);;(9, 18);1;2877
21;0.625;MoveWest;(23, 13);;(9, 18);1;2878
21;0.625;MoveWest;(23, 13);;(9, 18);1;2879
21;0.625;MoveWest;(23, 13);;(9, 18);1;2880
21;0.625;MoveWest;(23, 13);;(9, 18);1;2881
21;0.625;MoveWest;(23, 13);;(9, 18);1;2882
21;0.625;MoveWest;(23, 13);;(9, 18);1;2883
21;0.625;MoveWest;(22, 13);;(9, 18);1;2884
21;0.625;MoveWest;(22, 13);;(9, 18);1;2885
21;0.625;MoveWest;(22, 13);;(9, 18);1;2886
21;0.625;MoveWest;(22, 13);;(9, 18);1;2887
21;0.625;MoveWest;(22, 13);;(9, 18);1;2888
21;0.625;MoveWest;(22, 13);;(9, 18);1;2889
21;0.625;MoveWest;(22, 13);;(9, 18);1;2890
21;0.625;MoveWest;(22, 13);;(9, 18);1;2891
21;0.625;MoveWest;(22, 13);;(9, 18);1;2892
21;0.625;MoveWest;(21, 13);;(9, 18);1;2893
21;0.625;MoveSouthWest;(21, 13);;(9, 18);1;2894
21;0.625;MoveSouthWest;(21, 13);;(9, 18);1;2895
21;0.625;MoveSouthWest;(21, 13);;(9, 18);1;2896
21;0.625;MoveSouthWest;(21, 13);;(9, 18);1;2897
21;0.625;MoveSouthWest;(21, 13);;(9, 18);1;2898
21;0.625;MoveSouthWest;(21, 13);;(9, 18);1;2899
21;0.625;MoveSouthWest;(21, 13);;(9, 18);1;2900
21;0.625;MoveSouthWest;(21, 13);;(9, 18);1;2901
21;0.625;MoveSouthWest;(20, 14);MoveEast;(10, 18);1;2902
21;0.625;MoveSouthWest;(20, 14);;(10, 18);1;2903
21;0.625;MoveSouthWest;(20, 14);MoveEast;(10, 18);1;2904
21;0.625;MoveSouthWest;(20, 14);MoveEast;(10, 18);1;2905
21;0.625;MoveSouthWest;(20, 14);MoveEast;(10, 18);1;2906
21;0.625;MoveSouthWest;(20, 14);MoveEast;(10, 18);1;2907
21;0.625;MoveSouthWest;(20, 14);MoveEast;(10, 18);1;2908
21;0.625;MoveSouthWest;(20, 14);MoveEast;(11, 18);1;2909
21;0.625;MoveSouthWest;(20, 14);MoveEast;(11, 18);1;2910
21;0.625;MoveSouthWest;(19, 15);MoveEast;(11, 18);1;2911
21;0.625;MoveSouthWest;(19, 15);MoveEast;(11, 18);1;2912
21;0.625;MoveSouthWest;(19, 15);MoveEast;(11, 18);1;2913
21;0.625;MoveSouthWest;(19, 15);MoveEast;(11, 18);1;2914
21;0.625;MoveSouthWest;(19, 15);MoveEast;(12, 18);1;2915
21;0.625;MoveSouthWest;(19, 15);MoveEast;(12, 18);1;2916
21;0.625;MoveSouthWest;(19, 15);MoveEast;(12, 18);1;2917
21;0.625;MoveSouthWest;(19, 15);MoveEast;(12, 18);1;2918
21;0.625;MoveSouthWest;(19, 15);MoveEast;(12, 18);1;2919
21;0.625;MoveSouthWest;(18, 16);MoveEast;(12, 18);1;2920
21;0.625;MoveSouthWest;(18, 16);MoveEast;(13, 18);1;2921
21;0.625;MoveSouthWest;(18, 16);MoveEast;(13, 18);1;2922
21;0.625;MoveSouthWest;(18, 16);MoveEast;(13, 18);1;2923
21;0.625;MoveSouthWest;(18, 16);MoveEast;(13, 18);1;2924
21;0.625;MoveSouthWest;(18, 16);MoveEast;(13, 18);1;2925
21;0.625;MoveSouthWest;(18, 16);MoveEast;(13, 18);1;2926
21;0.625;MoveSouthWest;(18, 16);MoveEast;(14, 18);1;2927
21;0.625;MoveSouthWest;(18, 16);MoveEast;(14, 18);1;2928
21;0.625;MoveSouthWest;(18, 16);MoveEast;(14, 18);1;2929
21;0.625;MoveSouthWest;(18, 16);MoveEast;(14, 18);1;2930
21;0.625;MoveSouthWest;(18, 16);MoveEast;(14, 18);1;2931
21;0.625;MoveSouthWest;(18, 16);MoveEast;(14, 18);1;2932
21;0.625;MoveSouthWest;(18, 16);MoveEast;(15, 18);1;2933
21;0.625;MoveSouthWest;(17, 17);MoveEast;(16, 18);1;2934
21;0.625;MoveWest;(17, 17);;(16, 18);1;2935
21;0.625;MoveWest;(17, 17);MoveEast;(17, 18);1;2936
21;0.625;MoveWest;(17, 17);MoveEast;(18, 18);1;2937
21;0.625;MoveWest;(17, 17);;(18, 18);1;2938
21;0.625;MoveWest;(17, 17);MoveEast;(19, 18);1;2939
21;0.625;MoveWest;(17, 17);;(19, 18);1;2940
21;0.625;MoveWest;(17, 17);MoveEast;(20, 18);1;2941
21;0.625;MoveWest;(17, 17);MoveEast;(20, 18);1;2942
21;0.625;MoveWest;(17, 17);MoveEast;(20, 18);1;2943
21;0.625;MoveWest;(17, 17);MoveEast;(20, 18);1;2944
21;0.625;MoveWest;(17, 17);MoveEast;(20, 18);1;2945
21;0.625;MoveWest;(17, 17);MoveEast;(20, 18);1;2946
21;0.625;MoveWest;(17, 17);MoveEast;(21, 18);1;2947
21;0.625;MoveWest;(16, 17);MoveEast;(22, 18);1;2948
21;0.625;MoveWest;(16, 17);;(22, 18);1;2949
21;0.625;MoveWest;(16, 17);MoveEast;(23, 18);1;2950
21;0.625;MoveWest;(16, 17);;(23, 18);1;2951
21;0.625;MoveWest;(16, 17);MoveEast;(23, 18);1;2952
21;0.625;MoveWest;(16, 17);;(23, 18);1;2953
21;0.625;MoveWest;(16, 17);;(23, 18);1;2954
21;0.625;MoveWest;(16, 17);MoveNorth;(23, 17);1;2955
21;0.625;MoveWest;(16, 17);;(23, 17);1;2956
21;0.625;MoveWest;(16, 17);MoveNorth;(23, 16);1;2957
21;0.625;MoveWest;(16, 17);;(23, 16);1;2958
21;0.625;MoveWest;(16, 17);;(23, 16);1;2959
21;0.625;MoveWest;(16, 17);MoveNorth;(23, 15);1;2960
21;0.625;MoveWest;(16, 17);;(23, 15);1;2961
21;0.625;MoveWest;(15, 17);;(23, 15);1;2962
21;0.625;MoveWest;(15, 17);;(23, 15);1;2963
21;0.625;MoveWest;(15, 17);;(23, 15);1;2964
24;0.75;MoveWest;(15, 17);Drop;(23, 15);1;2965
24;0.75;MoveWest;(15, 17);;(23, 15);1;2966
24;0.75;MoveWest;(15, 17);;(23, 15);1;2967
24;0.75;MoveWest;(15, 17);;(23, 15);1;2968
24;0.75;MoveWest;(15, 17);;(23, 15);1;2969
24;0.75;MoveWest;(15, 17);MoveSouth;(23, 16);1;2970
24;0.75;MoveWest;(14, 17);;(23, 16);1;2971
24;0.75;MoveWest;(14, 17);;(23, 16);1;2972
24;0.75;MoveWest;(14, 17);MoveSouth;(23, 17);1;2973
24;0.75;MoveWest;(14, 17);;(23, 17);1;2974
24;0.75;MoveWest;(14, 17);MoveSouth;(23, 18);1;2975
24;0.75;MoveWest;(14, 17);;(23, 18);1;2976
24;0.75;MoveWest;(14, 17);MoveWest;(22, 18);1;2977
24;0.75;MoveWest;(14, 17);;(22, 18);1;2978
24;0.75;MoveWest;(14, 17);MoveWest;(21, 18);1;2979
24;0.75;MoveWest;(14, 17);;(21, 18);1;2980
24;0.75;MoveWest;(14, 17);MoveWest;(20, 18);1;2981
24;0.75;MoveWest;(14, 17);;(20, 18);1;2982
24;0.75;MoveWest;(14, 17);MoveWest;(20, 18);1;2983
24;0.75;MoveWest;(14, 17);MoveWest;(20, 18);1;2984
24;0.75;MoveWest;(13, 17);MoveWest;(20, 18);1;2985
24;0.75;MoveWest;(13, 17);MoveWest;(20, 18);1;2986
24;0.75;MoveWest;(13, 17);MoveWest;(20, 18);1;2987
24;0.75;MoveWest;(13, 17);MoveWest;(19, 18);1;2988
24;0.75;MoveWest;(13, 17);MoveWest;(18, 18);1;2989
24;0.75;MoveWest;(13, 17);;(18, 18);1;2990
24;0.75;MoveWest;(13, 17);MoveWest;(17, 18);1;2991
24;0.75;MoveWest;(13, 17);;(17, 18);1;2992
24;0.75;MoveWest;(13, 17);;(17, 18);1;2993
24;0.75;MoveWest;(12, 17);;(17, 18);1;2994
24;0.75;MoveWest;(12, 17);MoveWest;(16, 18);1;2995
24;0.75;MoveWest;(12, 17);;(16, 18);1;2996
24;0.75;MoveWest;(12, 17);MoveWest;(15, 18);1;2997
24;0.75;MoveWest;(12, 17);;(15, 18);1;2998
24;0.75;MoveWest;(12, 17);MoveNorth;(15, 17);1;2999
24;0.75;MoveWest;(12, 17);;(15, 17);1;3000
24;0.75;MoveWest;(12, 17);;(15, 17);1;3001
24;0.75;MoveWest;(12, 17);MoveWest;(14, 17);1;3002
24;0.75;MoveWest;(11, 17);;(14, 17);1;3003
24;0.75;MoveWest;(11, 17);MoveWest;(14, 17);1;3004
24;0.75;MoveWest;(11, 17);MoveWest;(14, 17);1;3005
24;0.75;MoveWest;(11, 17);MoveWest;(14, 17);1;3006
24;0.75;MoveWest;(11, 17);MoveWest;(14, 17);1;3007
24;0.75;MoveWest;(11, 17);MoveWest;(14, 17);1;3008
24;0.75;MoveWest;(11, 17);MoveWest;(13, 17);1;3009
24;0.75;MoveWest;(11, 17);MoveWest;(12, 17);1;3010
24;0.75;MoveWest;(11, 17);;(12, 17);1;3011
24;0.75;MoveWest;(10, 17);;(12, 17);1;3012
24;0.75;MoveWest;(10, 17);;(12, 17);1;3013
24;0.75;MoveWest;(10, 17);;(12, 17);1;3014
24;0.75;MoveWest;(10, 17);;(12, 17);1;3015
24;0.75;MoveWest;(10, 17);;(12, 17);1;3016
24;0.75;MoveWest;(10, 17);;(12, 17);1;3017
24;0.75;MoveWest;(10, 17);;(12, 17);1;3018
24;0.75;MoveWest;(10, 17);MoveWest;(11, 17);1;3019
24;0.75;MoveWest;(10, 17);;(11, 17);1;3020
24;0.75;MoveWest;(9, 17);;(11, 17);1;3021
24;0.75;;(9, 17);;(11, 17);1;3022
24;0.75;;(9, 17);;(11, 17);1;3023
24;0.75;;(9, 17);;(11, 17);1;3024
24;0.75;;(9, 17);;(11, 17);1;3025
24;0.75;;(9, 17);;(11, 17);1;3026
24;0.75;;(9, 17);;(11, 17);1;3027
24;0.75;;(9, 17);;(11, 17);1;3028
24;0.75;;(9, 17);;(11, 17);1;3029
24;0.75;;(9, 17);;(11, 17);1;3030
24;0.75;;(9, 17);;(11, 17);1;3031
24;0.75;;(9, 17);;(11, 17);1;3032
24;0.75;;(9, 17);;(11, 17);1;3033
24;0.75;;(9, 17);;(11, 17);1;3034
24;0.75;;(9, 17);;(11, 17);1;3035
24;0.75;;(9, 17);;(11, 17);1;3036
24;0.75;;(9, 17);;(11, 17);1;3037
24;0.75;;(9, 17);;(11, 17);1;3038
24;0.75;;(9, 17);;(11, 17);1;3039
24;0.75;;(9, 17);;(11, 17);1;3040
24;0.75;;(9, 17);;(11, 17);1;3041
24;0.75;;(9, 17);;(11, 17);1;3042
24;0.75;;(9, 17);;(11, 17);1;3043
24;0.75;;(9, 17);;(11, 17);1;3044
24;0.75;RemoveObject;(9, 17);;(11, 17);1;3045
24;0.75;RemoveObject;(9, 17);;(11, 17);1;3046
24;0.75;RemoveObject;(9, 17);;(11, 17);1;3047
24;0.75;RemoveObject;(9, 17);;(11, 17);1;3048
24;0.75;RemoveObject;(9, 17);;(11, 17);1;3049
24;0.75;RemoveObject;(9, 17);;(11, 17);1;3050
24;0.75;RemoveObject;(9, 17);;(11, 17);1;3051
24;0.75;RemoveObject;(9, 17);;(11, 17);1;3052
24;0.75;RemoveObject;(9, 17);;(11, 17);1;3053
24;0.75;RemoveObject;(9, 17);;(11, 17);1;3054
24;0.75;RemoveObject;(9, 17);;(11, 17);1;3055
24;0.75;RemoveObject;(9, 17);;(11, 17);1;3056
24;0.75;RemoveObject;(9, 17);;(11, 17);1;3057
24;0.75;RemoveObject;(9, 17);;(11, 17);1;3058
24;0.75;RemoveObject;(9, 17);;(11, 17);1;3059
24;0.75;RemoveObject;(9, 17);;(11, 17);1;3060
24;0.75;RemoveObject;(9, 17);;(11, 17);1;3061
24;0.75;RemoveObject;(9, 17);;(11, 17);1;3062
24;0.75;RemoveObject;(9, 17);;(11, 17);1;3063
24;0.75;RemoveObject;(9, 17);;(11, 17);1;3064
24;0.75;RemoveObject;(9, 17);;(11, 17);1;3065
24;0.75;RemoveObject;(9, 17);;(11, 17);1;3066
24;0.75;RemoveObject;(9, 17);;(11, 17);1;3067
24;0.75;RemoveObject;(9, 17);;(11, 17);1;3068
24;0.75;RemoveObject;(9, 17);;(11, 17);1;3069
24;0.75;RemoveObject;(9, 17);;(11, 17);1;3070
24;0.75;RemoveObject;(9, 17);;(11, 17);1;3071
24;0.75;RemoveObject;(9, 17);;(11, 17);1;3072
24;0.75;RemoveObject;(9, 17);;(11, 17);1;3073
24;0.75;RemoveObject;(9, 17);;(11, 17);1;3074
24;0.75;RemoveObject;(9, 17);;(11, 17);1;3075
24;0.75;RemoveObject;(9, 17);;(11, 17);1;3076
24;0.75;RemoveObject;(9, 17);;(11, 17);1;3077
24;0.75;RemoveObject;(9, 17);;(11, 17);1;3078
24;0.75;RemoveObject;(9, 17);;(11, 17);1;3079
24;0.75;RemoveObject;(9, 17);;(11, 17);1;3080
24;0.75;RemoveObject;(9, 17);;(11, 17);1;3081
24;0.75;RemoveObject;(9, 17);;(11, 17);1;3082
24;0.75;RemoveObject;(9, 17);;(11, 17);1;3083
24;0.75;RemoveObject;(9, 17);;(11, 17);1;3084
24;0.75;RemoveObject;(9, 17);;(11, 17);1;3085
24;0.75;RemoveObject;(9, 17);;(11, 17);1;3086
24;0.75;RemoveObject;(9, 17);;(11, 17);1;3087
24;0.75;RemoveObject;(9, 17);;(11, 17);1;3088
24;0.75;RemoveObject;(9, 17);;(11, 17);1;3089
24;0.75;RemoveObject;(9, 17);;(11, 17);1;3090
24;0.75;RemoveObject;(9, 17);;(11, 17);1;3091
24;0.75;RemoveObject;(9, 17);;(11, 17);1;3092
24;0.75;RemoveObject;(9, 17);;(11, 17);1;3093
24;0.75;RemoveObject;(9, 17);;(11, 17);1;3094
24;0.75;RemoveObject;(9, 17);;(11, 17);1;3095
24;0.75;RemoveObject;(9, 17);;(11, 17);1;3096
24;0.75;RemoveObject;(9, 17);;(11, 17);1;3097
24;0.75;RemoveObject;(9, 17);;(11, 17);1;3098
24;0.75;RemoveObject;(9, 17);;(11, 17);1;3099
24;0.75;RemoveObject;(9, 17);;(11, 17);1;3100
24;0.75;RemoveObject;(9, 17);;(11, 17);1;3101
24;0.75;RemoveObject;(9, 17);;(11, 17);1;3102
24;0.75;RemoveObject;(9, 17);;(11, 17);1;3103
24;0.75;RemoveObject;(9, 17);;(11, 17);1;3104
24;0.75;RemoveObject;(9, 17);;(11, 17);1;3105
24;0.75;RemoveObject;(9, 17);;(11, 17);1;3106
24;0.75;RemoveObject;(9, 17);;(11, 17);1;3107
24;0.75;RemoveObject;(9, 17);;(11, 17);1;3108
24;0.75;RemoveObject;(9, 17);;(11, 17);1;3109
24;0.75;RemoveObject;(9, 17);;(11, 17);1;3110
24;0.75;RemoveObject;(9, 17);;(11, 17);1;3111
24;0.75;RemoveObject;(9, 17);;(11, 17);1;3112
24;0.75;RemoveObject;(9, 17);;(11, 17);1;3113
24;0.75;RemoveObject;(9, 17);;(11, 17);1;3114
24;0.75;RemoveObject;(9, 17);;(11, 17);1;3115
24;0.75;RemoveObject;(9, 17);;(11, 17);1;3116
24;0.75;RemoveObject;(9, 17);;(11, 17);1;3117
24;0.75;RemoveObject;(9, 17);;(11, 17);1;3118
24;0.75;RemoveObject;(9, 17);;(11, 17);1;3119
24;0.75;RemoveObject;(9, 17);;(11, 17);1;3120
24;0.75;RemoveObject;(9, 17);;(11, 17);1;3121
24;0.75;RemoveObject;(9, 17);;(11, 17);1;3122
24;0.75;RemoveObject;(9, 17);;(11, 17);1;3123
24;0.75;RemoveObject;(9, 17);;(11, 17);1;3124
24;0.75;RemoveObject;(9, 17);;(11, 17);1;3125
24;0.75;RemoveObject;(9, 17);;(11, 17);1;3126
24;0.75;RemoveObject;(9, 17);;(11, 17);1;3127
24;0.75;RemoveObject;(9, 17);;(11, 17);1;3128
24;0.75;RemoveObject;(9, 17);;(11, 17);1;3129
24;0.75;RemoveObject;(9, 17);;(11, 17);1;3130
24;0.75;RemoveObject;(9, 17);;(11, 17);1;3131
24;0.75;RemoveObject;(9, 17);;(11, 17);1;3132
24;0.75;RemoveObject;(9, 17);;(11, 17);1;3133
24;0.75;RemoveObject;(9, 17);;(11, 17);1;3134
24;0.75;RemoveObject;(9, 17);;(11, 17);1;3135
24;0.75;RemoveObject;(9, 17);;(11, 17);1;3136
24;0.75;RemoveObject;(9, 17);;(11, 17);1;3137
24;0.75;RemoveObject;(9, 17);;(11, 17);1;3138
24;0.75;RemoveObject;(9, 17);;(11, 17);1;3139
24;0.75;RemoveObject;(9, 17);;(11, 17);1;3140
24;0.75;RemoveObject;(9, 17);;(11, 17);1;3141
24;0.75;RemoveObject;(9, 17);;(11, 17);1;3142
24;0.75;RemoveObject;(9, 17);;(11, 17);1;3143
24;0.75;RemoveObject;(9, 17);;(11, 17);1;3144
24;0.75;RemoveObject;(9, 17);;(11, 17);1;3145
24;0.75;MoveNorth;(9, 17);;(11, 17);1;3146
24;0.75;MoveNorth;(9, 17);;(11, 17);1;3147
24;0.75;MoveNorth;(9, 17);;(11, 17);1;3148
24;0.75;MoveNorth;(9, 17);;(11, 17);1;3149
24;0.75;MoveNorth;(9, 17);;(11, 17);1;3150
24;0.75;MoveNorth;(9, 17);;(11, 17);1;3151
24;0.75;MoveNorth;(9, 17);;(11, 17);1;3152
24;0.75;MoveNorth;(9, 17);;(11, 17);1;3153
24;0.75;MoveNorth;(9, 16);;(11, 17);1;3154
24;0.75;MoveSouthWest;(9, 16);;(11, 17);1;3155
24;0.75;MoveSouthWest;(9, 16);;(11, 17);1;3156
24;0.75;MoveSouthWest;(9, 16);;(11, 17);1;3157
24;0.75;MoveSouthWest;(9, 16);;(11, 17);1;3158
24;0.75;MoveSouthWest;(9, 16);MoveWest;(10, 17);1;3159
24;0.75;MoveSouthWest;(9, 16);;(10, 17);1;3160
24;0.75;MoveSouthWest;(9, 16);MoveWest;(9, 17);1;3161
24;0.75;MoveSouthWest;(9, 16);MoveWest;(8, 17);1;3162
24;0.75;MoveSouthWest;(8, 17);;(8, 17);1;3163
24;0.75;MoveWest;(8, 17);MoveWest;(8, 17);1;3164
24;0.75;MoveWest;(8, 17);MoveWest;(8, 17);1;3165
24;0.75;MoveWest;(8, 17);MoveWest;(8, 17);1;3166
24;0.75;MoveWest;(8, 17);MoveWest;(8, 17);1;3167
24;0.75;MoveWest;(8, 17);MoveWest;(8, 17);1;3168
24;0.75;MoveWest;(8, 17);MoveWest;(7, 17);1;3169
24;0.75;MoveWest;(8, 17);MoveWest;(7, 17);1;3170
24;0.75;MoveWest;(8, 17);MoveWest;(7, 17);1;3171
24;0.75;MoveWest;(8, 17);MoveWest;(7, 17);1;3172
24;0.75;MoveWest;(8, 17);MoveWest;(7, 17);1;3173
24;0.75;MoveWest;(8, 17);MoveWest;(7, 17);1;3174
24;0.75;MoveWest;(8, 17);MoveWest;(6, 17);1;3175
24;0.75;MoveWest;(8, 17);MoveWest;(6, 17);1;3176
24;0.75;MoveWest;(7, 17);MoveWest;(6, 17);1;3177
24;0.75;MoveWest;(7, 17);MoveWest;(6, 17);1;3178
24;0.75;MoveWest;(7, 17);MoveWest;(6, 17);1;3179
24;0.75;MoveWest;(7, 17);MoveWest;(6, 17);1;3180
24;0.75;MoveWest;(7, 17);MoveWest;(5, 17);1;3181
24;0.75;MoveWest;(7, 17);MoveWest;(5, 17);1;3182
24;0.75;MoveWest;(7, 17);MoveWest;(5, 17);1;3183
24;0.75;MoveWest;(7, 17);MoveWest;(5, 17);1;3184
24;0.75;MoveWest;(7, 17);MoveWest;(5, 17);1;3185
24;0.75;MoveWest;(7, 17);MoveWest;(5, 17);1;3186
24;0.75;MoveWest;(7, 17);MoveWest;(4, 17);1;3187
24;0.75;MoveWest;(7, 17);MoveWest;(4, 17);1;3188
24;0.75;MoveWest;(7, 17);MoveWest;(4, 17);1;3189
24;0.75;MoveWest;(7, 17);MoveWest;(4, 17);1;3190
24;0.75;MoveWest;(6, 17);MoveWest;(4, 17);1;3191
24;0.75;MoveWest;(6, 17);MoveWest;(4, 17);1;3192
24;0.75;MoveWest;(6, 17);MoveWest;(3, 17);1;3193
24;0.75;MoveWest;(6, 17);;(3, 17);1;3194
24;0.75;MoveWest;(6, 17);;(3, 17);1;3195
24;0.75;MoveWest;(6, 17);;(3, 17);1;3196
24;0.75;MoveWest;(6, 17);;(3, 17);1;3197
24;0.75;MoveWest;(6, 17);;(3, 17);1;3198
24;0.75;MoveWest;(6, 17);;(3, 17);1;3199
24;0.75;MoveWest;(6, 17);;(3, 17);1;3200
24;0.75;MoveWest;(6, 17);;(3, 17);1;3201
24;0.75;MoveWest;(6, 17);;(3, 17);1;3202
24;0.75;MoveWest;(6, 17);;(3, 17);1;3203
24;0.75;MoveWest;(6, 17);;(3, 17);1;3204
24;0.75;MoveWest;(5, 17);;(3, 17);1;3205
24;0.75;MoveWest;(5, 17);;(3, 17);1;3206
24;0.75;MoveWest;(5, 17);;(3, 17);1;3207
24;0.75;MoveWest;(5, 17);;(3, 17);1;3208
24;0.75;MoveWest;(5, 17);;(3, 17);1;3209
24;0.75;MoveWest;(5, 17);;(3, 17);1;3210
24;0.75;MoveWest;(5, 17);;(3, 17);1;3211
24;0.75;MoveWest;(5, 17);;(3, 17);1;3212
24;0.75;MoveWest;(5, 17);;(3, 17);1;3213
24;0.75;MoveWest;(5, 17);;(3, 17);1;3214
24;0.75;MoveWest;(5, 17);;(3, 17);1;3215
24;0.75;MoveWest;(5, 17);;(3, 17);1;3216
24;0.75;MoveWest;(5, 17);;(3, 17);1;3217
24;0.75;MoveWest;(5, 17);;(3, 17);1;3218
24;0.75;MoveWest;(4, 17);;(3, 17);1;3219
24;0.75;MoveWest;(4, 17);;(3, 17);1;3220
24;0.75;MoveWest;(4, 17);;(3, 17);1;3221
24;0.75;MoveWest;(4, 17);;(3, 17);1;3222
24;0.75;MoveWest;(4, 17);;(3, 17);1;3223
24;0.75;MoveWest;(4, 17);;(3, 17);1;3224
24;0.75;MoveWest;(4, 17);;(3, 17);1;3225
24;0.75;MoveWest;(4, 17);;(3, 17);1;3226
24;0.75;MoveWest;(4, 17);;(3, 17);1;3227
24;0.75;MoveWest;(4, 17);;(3, 17);1;3228
24;0.75;MoveWest;(4, 17);;(3, 17);1;3229
24;0.75;MoveWest;(4, 17);;(3, 17);1;3230
24;0.75;MoveWest;(4, 17);;(3, 17);1;3231
24;0.75;MoveWest;(4, 17);;(3, 17);1;3232
24;0.75;MoveWest;(3, 17);;(3, 17);1;3233
24;0.75;;(3, 17);;(3, 17);1;3234
24;0.75;;(3, 17);;(3, 17);1;3235
24;0.75;;(3, 17);;(3, 17);1;3236
24;0.75;;(3, 17);;(3, 17);1;3237
24;0.75;;(3, 17);RemoveObjectTogether;(3, 17);1;3238
24;0.75;;(3, 17);RemoveObjectTogether;(3, 17);1;3239
24;0.75;;(3, 17);RemoveObjectTogether;(3, 17);1;3240
24;0.75;;(3, 17);RemoveObjectTogether;(3, 17);1;3241
24;0.75;;(3, 17);RemoveObjectTogether;(3, 17);1;3242
24;0.75;;(3, 17);RemoveObjectTogether;(3, 17);1;3243
24;0.75;;(3, 17);RemoveObjectTogether;(3, 17);1;3244
24;0.75;;(3, 17);RemoveObjectTogether;(3, 17);1;3245
24;0.75;;(3, 17);RemoveObjectTogether;(3, 17);1;3246
24;0.75;;(3, 17);RemoveObjectTogether;(3, 17);1;3247
24;0.75;;(3, 17);RemoveObjectTogether;(3, 17);1;3248
24;0.75;;(3, 17);RemoveObjectTogether;(3, 17);1;3249
24;0.75;;(3, 17);RemoveObjectTogether;(3, 17);1;3250
24;0.75;;(3, 17);RemoveObjectTogether;(3, 17);1;3251
24;0.75;;(3, 17);RemoveObjectTogether;(3, 17);1;3252
24;0.75;;(3, 17);RemoveObjectTogether;(3, 17);1;3253
24;0.75;;(3, 17);RemoveObjectTogether;(3, 17);1;3254
24;0.75;;(3, 17);RemoveObjectTogether;(3, 17);1;3255
24;0.75;;(3, 17);RemoveObjectTogether;(3, 17);1;3256
24;0.75;;(3, 17);RemoveObjectTogether;(3, 17);1;3257
24;0.75;;(3, 17);RemoveObjectTogether;(3, 17);1;3258
24;0.75;;(3, 17);RemoveObjectTogether;(3, 17);1;3259
24;0.75;;(3, 17);RemoveObjectTogether;(3, 17);1;3260
24;0.75;;(3, 17);RemoveObjectTogether;(3, 17);1;3261
24;0.75;;(3, 17);RemoveObjectTogether;(3, 17);1;3262
24;0.75;;(3, 17);RemoveObjectTogether;(3, 17);1;3263
24;0.75;;(3, 17);RemoveObjectTogether;(3, 17);1;3264
24;0.75;;(3, 17);RemoveObjectTogether;(3, 17);1;3265
24;0.75;;(3, 17);RemoveObjectTogether;(3, 17);1;3266
24;0.75;;(3, 17);RemoveObjectTogether;(3, 17);1;3267
24;0.75;;(3, 17);RemoveObjectTogether;(3, 17);1;3268
24;0.75;;(3, 17);RemoveObjectTogether;(3, 17);1;3269
24;0.75;;(3, 17);RemoveObjectTogether;(3, 17);1;3270
24;0.75;;(3, 17);RemoveObjectTogether;(3, 17);1;3271
24;0.75;;(3, 17);RemoveObjectTogether;(3, 17);1;3272
24;0.75;;(3, 17);RemoveObjectTogether;(3, 17);1;3273
24;0.75;;(3, 17);RemoveObjectTogether;(3, 17);1;3274
24;0.75;;(3, 17);RemoveObjectTogether;(3, 17);1;3275
24;0.75;;(3, 17);RemoveObjectTogether;(3, 17);1;3276
24;0.75;;(3, 17);RemoveObjectTogether;(3, 17);1;3277
24;0.75;;(3, 17);RemoveObjectTogether;(3, 17);1;3278
24;0.75;;(3, 17);RemoveObjectTogether;(3, 17);1;3279
24;0.75;;(3, 17);RemoveObjectTogether;(3, 17);1;3280
24;0.75;;(3, 17);RemoveObjectTogether;(3, 17);1;3281
24;0.75;;(3, 17);RemoveObjectTogether;(3, 17);1;3282
24;0.75;;(3, 17);RemoveObjectTogether;(3, 17);1;3283
24;0.75;;(3, 17);RemoveObjectTogether;(3, 17);1;3284
24;0.75;;(3, 17);RemoveObjectTogether;(3, 17);1;3285
24;0.75;;(3, 17);RemoveObjectTogether;(3, 17);1;3286
24;0.75;;(3, 17);RemoveObjectTogether;(3, 17);1;3287
24;0.75;;(3, 17);RemoveObjectTogether;(3, 17);1;3288
24;0.75;MoveNorth;(3, 17);MoveEast;(4, 17);1;3289
24;0.75;MoveNorth;(3, 17);;(4, 17);1;3290
24;0.75;MoveNorth;(3, 17);;(4, 17);1;3291
24;0.75;MoveNorth;(3, 17);;(4, 17);1;3292
24;0.75;MoveNorth;(3, 17);;(4, 17);1;3293
24;0.75;MoveNorth;(3, 17);;(4, 17);1;3294
24;0.75;MoveNorth;(3, 17);;(4, 17);1;3295
24;0.75;MoveNorth;(3, 17);;(4, 17);1;3296
24;0.75;MoveNorth;(3, 16);;(4, 17);1;3297
24;0.75;MoveNorthWest;(3, 16);;(4, 17);1;3298
24;0.75;MoveNorthWest;(3, 16);MoveWest;(4, 17);1;3299
24;0.75;MoveNorthWest;(3, 16);MoveWest;(4, 17);1;3300
24;0.75;MoveNorthWest;(3, 16);MoveWest;(4, 17);1;3301
24;0.75;MoveNorthWest;(3, 16);MoveWest;(4, 17);1;3302
24;0.75;MoveNorthWest;(3, 16);MoveWest;(4, 17);1;3303
24;0.75;MoveNorthWest;(3, 16);MoveWest;(3, 17);1;3304
24;0.75;MoveNorthWest;(3, 16);;(3, 17);1;3305
24;0.75;MoveNorthWest;(2, 15);;(3, 17);1;3306
24;0.75;MoveNorth;(2, 15);;(3, 17);1;3307
24;0.75;MoveNorth;(2, 15);;(3, 17);1;3308
24;0.75;MoveNorth;(2, 15);;(3, 17);1;3309
24;0.75;MoveNorth;(2, 15);MoveNorth;(3, 16);1;3310
24;0.75;MoveNorth;(2, 15);;(3, 16);1;3311
24;0.75;MoveNorth;(2, 15);MoveNorth;(3, 15);1;3312
24;0.75;MoveNorth;(2, 15);MoveNorth;(3, 14);1;3313
24;0.75;MoveNorth;(2, 15);;(3, 14);1;3314
24;0.75;MoveNorth;(2, 14);;(3, 14);1;3315
24;0.75;MoveSouthEast;(2, 14);;(3, 14);1;3316
24;0.75;MoveSouthEast;(2, 14);;(3, 14);1;3317
24;0.75;MoveSouthEast;(2, 14);;(3, 14);1;3318
24;0.75;MoveSouthEast;(2, 14);MoveSouth;(3, 15);1;3319
24;0.75;MoveSouthEast;(2, 14);;(3, 15);1;3320
24;0.75;MoveSouthEast;(2, 14);;(3, 15);1;3321
24;0.75;MoveSouthEast;(2, 14);;(3, 15);1;3322
24;0.75;MoveSouthEast;(2, 14);;(3, 15);1;3323
24;0.75;MoveSouthEast;(3, 15);;(3, 15);1;3324
24;0.75;MoveNorthEast;(3, 15);MoveEast;(4, 15);1;3325
24;0.75;MoveNorthEast;(3, 15);;(4, 15);1;3326
24;0.75;MoveNorthEast;(3, 15);;(4, 15);1;3327
24;0.75;MoveNorthEast;(3, 15);;(4, 15);1;3328
24;0.75;MoveNorthEast;(3, 15);;(4, 15);1;3329
24;0.75;MoveNorthEast;(3, 15);;(4, 15);1;3330
24;0.75;MoveNorthEast;(3, 15);;(4, 15);1;3331
24;0.75;MoveNorthEast;(3, 15);;(4, 15);1;3332
24;0.75;MoveNorthEast;(4, 14);;(4, 15);1;3333
24;0.75;;(4, 14);;(4, 15);1;3334
24;0.75;;(4, 14);;(4, 15);1;3335
24;0.75;;(4, 14);;(4, 15);1;3336
24;0.75;;(4, 14);;(4, 15);1;3337
24;0.75;;(4, 14);;(4, 15);1;3338
24;0.75;;(4, 14);;(4, 15);1;3339
24;0.75;;(4, 14);;(4, 15);1;3340
24;0.75;;(4, 14);;(4, 15);1;3341
24;0.75;;(4, 14);;(4, 15);1;3342
24;0.75;;(4, 14);;(4, 15);1;3343
24;0.75;;(4, 14);;(4, 15);1;3344
24;0.75;;(4, 14);;(4, 15);1;3345
24;0.75;;(4, 14);;(4, 15);1;3346
24;0.75;;(4, 14);;(4, 15);1;3347
24;0.75;;(4, 14);;(4, 15);1;3348
24;0.75;;(4, 14);;(4, 15);1;3349
24;0.75;;(4, 14);;(4, 15);1;3350
24;0.75;;(4, 14);;(4, 15);1;3351
24;0.75;;(4, 14);;(4, 15);1;3352
24;0.75;;(4, 14);;(4, 15);1;3353
24;0.75;;(4, 14);;(4, 15);1;3354
24;0.75;;(4, 14);;(4, 15);1;3355
24;0.75;;(4, 14);;(4, 15);1;3356
24;0.75;;(4, 14);;(4, 15);1;3357
24;0.75;Idle;(4, 14);;(4, 15);1;3358
24;0.75;Idle;(4, 14);;(4, 15);1;3359
24;0.75;Idle;(4, 14);;(4, 15);1;3360
24;0.75;Idle;(4, 14);;(4, 15);1;3361
24;0.75;Idle;(4, 14);;(4, 15);1;3362
24;0.75;Idle;(4, 14);;(4, 15);1;3363
24;0.75;Idle;(4, 14);;(4, 15);1;3364
24;0.75;Idle;(4, 14);;(4, 15);1;3365
24;0.75;Idle;(4, 14);;(4, 15);1;3366
24;0.75;Idle;(4, 14);;(4, 15);1;3367
24;0.75;Idle;(4, 14);;(4, 15);1;3368
24;0.75;Idle;(4, 14);;(4, 15);1;3369
24;0.75;Idle;(4, 14);;(4, 15);1;3370
24;0.75;Idle;(4, 14);;(4, 15);1;3371
24;0.75;Idle;(4, 14);;(4, 15);1;3372
24;0.75;Idle;(4, 14);;(4, 15);1;3373
24;0.75;Idle;(4, 14);;(4, 15);1;3374
24;0.75;Idle;(4, 14);;(4, 15);1;3375
24;0.75;Idle;(4, 14);;(4, 15);1;3376
24;0.75;Idle;(4, 14);;(4, 15);1;3377
24;0.75;Idle;(4, 14);;(4, 15);1;3378
24;0.75;Idle;(4, 14);;(4, 15);1;3379
24;0.75;Idle;(4, 14);;(4, 15);1;3380
24;0.75;Idle;(4, 14);;(4, 15);1;3381
24;0.75;Idle;(4, 14);;(4, 15);1;3382
24;0.75;Idle;(4, 14);;(4, 15);1;3383
24;0.75;MoveSouth;(4, 14);;(4, 15);1;3384
24;0.75;MoveSouth;(4, 14);;(4, 15);1;3385
24;0.75;MoveSouth;(4, 14);;(4, 15);1;3386
24;0.75;MoveSouth;(4, 14);;(4, 15);1;3387
24;0.75;MoveSouth;(4, 14);;(4, 15);1;3388
24;0.75;MoveSouth;(4, 14);;(4, 15);1;3389
24;0.75;MoveSouth;(4, 14);;(4, 15);1;3390
24;0.75;MoveSouth;(4, 14);;(4, 15);1;3391
24;0.75;MoveSouth;(4, 15);;(4, 15);1;3392
24;0.75;;(4, 15);;(4, 15);1;3393
24;0.75;;(4, 15);;(4, 15);1;3394
24;0.75;;(4, 15);;(4, 15);1;3395
24;0.75;;(4, 15);;(4, 15);1;3396
24;0.75;;(4, 15);CarryObjectTogether;(4, 15);1;3397
24;0.75;;(4, 15);;(4, 15);1;3398
24;0.75;;(4, 15);;(4, 15);1;3399
24;0.75;;(4, 15);;(4, 15);1;3400
24;0.75;;(4, 15);;(4, 15);1;3401
24;0.75;;(4, 15);;(4, 15);1;3402
24;0.75;;(4, 15);;(4, 15);1;3403
24;0.75;;(4, 15);MoveWest;(3, 15);1;3404
24;0.75;;(4, 15);;(3, 15);1;3405
24;0.75;;(4, 15);;(3, 15);1;3406
24;0.75;;(4, 15);;(3, 15);1;3407
24;0.75;;(4, 15);MoveSouth;(3, 16);1;3408
24;0.75;;(4, 15);;(3, 16);1;3409
24;0.75;;(4, 15);MoveSouth;(3, 17);1;3410
24;0.75;;(4, 15);MoveSouth;(3, 18);1;3411
24;0.75;;(4, 15);;(3, 18);1;3412
24;0.75;;(4, 15);;(3, 18);1;3413
24;0.75;;(4, 15);;(3, 18);1;3414
24;0.75;;(4, 15);;(3, 18);1;3415
24;0.75;;(4, 15);MoveEast;(4, 18);1;3416
24;0.75;;(4, 15);MoveEast;(5, 18);1;3417
24;0.75;;(4, 15);;(5, 18);1;3418
24;0.75;;(4, 15);MoveEast;(6, 18);1;3419
24;0.75;;(4, 15);MoveEast;(7, 18);1;3420
24;0.75;;(4, 15);;(7, 18);1;3421
24;0.75;;(4, 15);MoveEast;(8, 18);1;3422
24;0.75;;(4, 15);MoveEast;(9, 18);1;3423
24;0.75;;(4, 15);;(9, 18);1;3424
24;0.75;;(4, 15);;(9, 18);1;3425
24;0.75;;(4, 15);MoveNorth;(9, 17);1;3426
24;0.75;;(4, 15);;(9, 17);1;3427
24;0.75;;(4, 15);MoveNorth;(9, 16);1;3428
24;0.75;;(4, 15);MoveNorth;(9, 15);1;3429
24;0.75;;(4, 15);;(9, 15);1;3430
24;0.75;;(4, 15);MoveNorth;(9, 14);1;3431
24;0.75;;(4, 15);;(9, 14);1;3432
24;0.75;;(4, 15);MoveNorth;(9, 14);1;3433
24;0.75;;(4, 15);;(9, 14);1;3434
24;0.75;;(4, 15);;(9, 14);1;3435
24;0.75;;(4, 15);;(9, 14);1;3436
24;0.75;;(4, 15);MoveSouth;(9, 15);1;3437
24;0.75;;(4, 15);;(9, 15);1;3438
24;0.75;;(4, 15);;(9, 15);1;3439
24;0.75;;(4, 15);;(9, 15);1;3440
24;0.75;;(4, 15);;(9, 15);1;3441
24;0.75;;(4, 15);;(9, 15);1;3442
24;0.75;;(4, 15);;(9, 15);1;3443
24;0.75;;(4, 15);;(9, 15);1;3444
24;0.75;;(4, 15);;(9, 15);1;3445
24;0.75;;(4, 15);;(9, 15);1;3446
24;0.75;;(4, 15);;(9, 15);1;3447
24;0.75;;(4, 15);;(9, 15);1;3448
24;0.75;;(4, 15);;(9, 15);1;3449
24;0.75;;(4, 15);;(9, 15);1;3450
24;0.75;;(4, 15);;(9, 15);1;3451
24;0.75;;(4, 15);;(9, 15);1;3452
24;0.75;;(4, 15);;(9, 15);1;3453
24;0.75;;(4, 15);;(9, 15);1;3454
24;0.75;;(4, 15);;(9, 15);1;3455
24;0.75;;(4, 15);;(9, 15);1;3456
24;0.75;;(4, 15);;(9, 15);1;3457
24;0.75;;(4, 15);;(9, 15);1;3458
24;0.75;;(4, 15);;(9, 15);1;3459
24;0.75;;(4, 15);;(9, 15);1;3460
24;0.75;;(4, 15);;(9, 15);1;3461
24;0.75;;(4, 15);;(9, 15);1;3462
24;0.75;;(4, 15);;(9, 15);1;3463
24;0.75;;(4, 15);;(9, 15);1;3464
24;0.75;;(4, 15);;(9, 15);1;3465
24;0.75;;(4, 15);;(9, 15);1;3466
24;0.75;;(4, 15);;(9, 15);1;3467
24;0.75;;(4, 15);;(9, 15);1;3468
24;0.75;;(4, 15);;(9, 15);1;3469
24;0.75;;(4, 15);;(9, 15);1;3470
24;0.75;;(4, 15);;(9, 15);1;3471
24;0.75;;(4, 15);;(9, 15);1;3472
24;0.75;;(4, 15);;(9, 15);1;3473
24;0.75;;(4, 15);;(9, 15);1;3474
24;0.75;;(4, 15);;(9, 15);1;3475
24;0.75;;(4, 15);;(9, 15);1;3476
24;0.75;;(4, 15);;(9, 15);1;3477
24;0.75;;(4, 15);;(9, 15);1;3478
24;0.75;;(4, 15);;(9, 15);1;3479
24;0.75;;(4, 15);;(9, 15);1;3480
24;0.75;;(4, 15);;(9, 15);1;3481
24;0.75;;(4, 15);;(9, 15);1;3482
24;0.75;;(4, 15);;(9, 15);1;3483
24;0.75;;(4, 15);;(9, 15);1;3484
24;0.75;;(4, 15);;(9, 15);1;3485
24;0.75;;(4, 15);;(9, 15);1;3486
24;0.75;;(4, 15);;(9, 15);1;3487
24;0.75;;(4, 15);;(9, 15);1;3488
24;0.75;;(4, 15);MoveEast;(10, 15);1;3489
24;0.75;;(4, 15);;(10, 15);1;3490
24;0.75;;(4, 15);;(10, 15);1;3491
24;0.75;;(4, 15);;(10, 15);1;3492
24;0.75;;(4, 15);;(10, 15);1;3493
24;0.75;;(4, 15);;(10, 15);1;3494
24;0.75;;(4, 15);;(10, 15);1;3495
24;0.75;;(4, 15);;(10, 15);1;3496
24;0.75;;(4, 15);CarryObjectTogether;(10, 15);1;3497
24;0.75;;(4, 15);;(10, 15);1;3498
24;0.75;;(4, 15);;(10, 15);1;3499
24;0.75;;(4, 15);;(10, 15);1;3500
24;0.75;;(4, 15);;(10, 15);1;3501
24;0.75;;(4, 15);;(10, 15);1;3502
24;0.75;;(4, 15);;(10, 15);1;3503
24;0.75;;(4, 15);;(10, 15);1;3504
24;0.75;;(4, 15);;(10, 15);1;3505
24;0.75;;(4, 15);MoveWest;(9, 15);1;3506
24;0.75;;(4, 15);;(9, 15);1;3507
24;0.75;;(4, 15);;(9, 15);1;3508
24;0.75;;(4, 15);;(9, 15);1;3509
24;0.75;;(4, 15);;(9, 15);1;3510
24;0.75;;(4, 15);;(9, 15);1;3511
24;0.75;;(4, 15);MoveSouth;(9, 16);1;3512
24;0.75;;(4, 15);;(9, 16);1;3513
24;0.75;;(4, 15);MoveSouth;(9, 17);1;3514
24;0.75;;(4, 15);;(9, 17);1;3515
24;0.75;;(4, 15);;(9, 17);1;3516
24;0.75;;(4, 15);;(9, 17);1;3517
24;0.75;;(4, 15);MoveEast;(10, 17);1;3518
24;0.75;;(4, 15);;(10, 17);1;3519
24;0.75;;(4, 15);MoveEast;(11, 17);1;3520
24;0.75;;(4, 15);MoveEast;(12, 17);1;3521
24;0.75;;(4, 15);;(12, 17);1;3522
24;0.75;;(4, 15);MoveEast;(13, 17);1;3523
24;0.75;;(4, 15);MoveEast;(14, 17);1;3524
24;0.75;;(4, 15);;(14, 17);1;3525
24;0.75;;(4, 15);MoveEast;(14, 17);1;3526
24;0.75;;(4, 15);MoveEast;(14, 17);1;3527
24;0.75;;(4, 15);MoveEast;(14, 17);1;3528
24;0.75;;(4, 15);MoveEast;(14, 17);1;3529
24;0.75;;(4, 15);MoveEast;(14, 17);1;3530
24;0.75;;(4, 15);MoveEast;(15, 17);1;3531
24;0.75;;(4, 15);MoveEast;(16, 17);1;3532
24;0.75;;(4, 15);;(16, 17);1;3533
24;0.75;;(4, 15);;(16, 17);1;3534
24;0.75;;(4, 15);;(16, 17);1;3535
24;0.75;;(4, 15);MoveSouth;(16, 17);1;3536
24;0.75;;(4, 15);MoveSouth;(16, 17);1;3537
24;0.75;;(4, 15);MoveSouth;(16, 17);1;3538
24;0.75;;(4, 15);MoveSouth;(16, 17);1;3539
24;0.75;;(4, 15);MoveSouth;(16, 17);1;3540
24;0.75;;(4, 15);MoveSouth;(16, 18);1;3541
24;0.75;;(4, 15);MoveEast;(17, 18);1;3542
24;0.75;;(4, 15);;(17, 18);1;3543
24;0.75;;(4, 15);MoveEast;(18, 18);1;3544
24;0.75;;(4, 15);MoveEast;(19, 18);1;3545
24;0.75;;(4, 15);;(19, 18);1;3546
24;0.75;;(4, 15);MoveEast;(20, 18);1;3547
24;0.75;;(4, 15);MoveEast;(20, 18);1;3548
24;0.75;;(4, 15);MoveEast;(20, 18);1;3549
24;0.75;;(4, 15);MoveEast;(20, 18);1;3550
24;0.75;;(4, 15);MoveEast;(20, 18);1;3551
24;0.75;;(4, 15);MoveEast;(20, 18);1;3552
24;0.75;;(4, 15);MoveEast;(21, 18);1;3553
24;0.75;;(4, 15);MoveEast;(22, 18);1;3554
24;0.75;;(4, 15);;(22, 18);1;3555
24;0.75;;(4, 15);MoveEast;(23, 18);1;3556
24;0.75;;(4, 15);;(23, 18);1;3557
24;0.75;;(4, 15);;(23, 18);1;3558
24;0.75;;(4, 15);MoveNorth;(23, 17);1;3559
24;0.75;;(4, 15);MoveNorth;(23, 16);1;3560
24;0.75;;(4, 15);MoveNorth;(23, 15);1;3561
24;0.75;;(4, 15);;(23, 15);1;3562
24;0.75;;(4, 15);MoveNorth;(23, 14);1;3563
24;0.75;;(4, 15);MoveNorth;(23, 13);1;3564
24;0.75;;(4, 15);;(23, 13);1;3565
24;0.75;;(4, 15);MoveNorth;(23, 12);1;3566
24;0.75;;(4, 15);MoveNorth;(23, 11);1;3567
24;0.75;;(4, 15);;(23, 11);1;3568
24;0.75;;(4, 15);MoveNorth;(23, 10);1;3569
24;0.75;;(4, 15);MoveNorth;(23, 9);1;3570
24;0.75;;(4, 15);;(23, 9);1;3571
24;0.75;;(4, 15);;(23, 9);1;3572
24;0.75;;(4, 15);;(23, 9);1;3573
24;0.75;;(4, 15);;(23, 9);1;3574
24;0.75;;(4, 15);;(23, 9);1;3575
24;0.75;;(23, 9);DropObjectTogether;(23, 9);1;3576
24;0.75;Idle;(23, 9);;(23, 9);1;3577
24;0.75;Idle;(23, 9);;(23, 9);1;3578
24;0.75;Idle;(23, 9);;(23, 9);1;3579
24;0.75;Idle;(23, 9);;(23, 9);1;3580
24;0.75;Idle;(23, 9);MoveSouth;(23, 10);1;3581
24;0.75;Idle;(23, 9);;(23, 10);1;3582
24;0.75;Idle;(23, 9);;(23, 10);1;3583
24;0.75;Idle;(23, 9);;(23, 10);1;3584
24;0.75;Idle;(23, 9);;(23, 10);1;3585
24;0.75;Idle;(23, 9);;(23, 10);1;3586
24;0.75;Idle;(23, 9);;(23, 10);1;3587
24;0.75;Idle;(23, 9);;(23, 10);1;3588
24;0.75;Idle;(23, 9);;(23, 10);1;3589
24;0.75;Idle;(23, 9);;(23, 10);1;3590
24;0.75;Idle;(23, 9);;(23, 10);1;3591
24;0.75;Idle;(23, 9);;(23, 10);1;3592
24;0.75;Idle;(23, 9);;(23, 10);1;3593
24;0.75;Idle;(23, 9);;(23, 10);1;3594
24;0.75;Idle;(23, 9);;(23, 10);1;3595
24;0.75;Idle;(23, 9);;(23, 10);1;3596
24;0.75;Idle;(23, 9);;(23, 10);1;3597
24;0.75;Idle;(23, 9);;(23, 10);1;3598
24;0.75;Idle;(23, 9);;(23, 10);1;3599
24;0.75;Idle;(23, 9);MoveWest;(22, 10);1;3600
24;0.75;Idle;(23, 9);MoveNorth;(22, 9);1;3601
24;0.75;Idle;(23, 9);;(22, 9);1;3602
24;0.75;MoveSouthWest;(23, 9);;(22, 9);1;3603
24;0.75;MoveSouthWest;(23, 9);;(22, 9);1;3604
24;0.75;MoveSouthWest;(23, 9);;(22, 9);1;3605
24;0.75;MoveSouthWest;(23, 9);;(22, 9);1;3606
24;0.75;MoveSouthWest;(23, 9);;(22, 9);1;3607
24;0.75;MoveSouthWest;(23, 9);;(22, 9);1;3608
24;0.75;MoveSouthWest;(23, 9);;(22, 9);1;3609
24;0.75;MoveSouthWest;(23, 9);;(22, 9);1;3610
24;0.75;MoveSouthWest;(22, 10);MoveSouth;(22, 10);1;3611
24;0.75;MoveSouthWest;(22, 10);;(22, 10);1;3612
24;0.75;MoveSouthWest;(22, 10);MoveSouth;(22, 11);1;3613
24;0.75;MoveSouthWest;(22, 10);;(22, 11);1;3614
24;0.75;MoveSouthWest;(22, 10);MoveSouth;(22, 12);1;3615
24;0.75;MoveSouthWest;(22, 10);MoveSouth;(22, 13);1;3616
24;0.75;MoveSouthWest;(22, 10);;(22, 13);1;3617
24;0.75;MoveSouthWest;(22, 10);MoveSouth;(22, 14);1;3618
24;0.75;MoveSouthWest;(22, 10);;(22, 14);1;3619
24;0.75;MoveSouthWest;(21, 11);MoveSouth;(22, 15);1;3620
24;0.75;MoveSouthWest;(21, 11);MoveSouth;(22, 16);1;3621
24;0.75;MoveSouthWest;(21, 11);;(22, 16);1;3622
24;0.75;MoveSouthWest;(21, 11);MoveSouth;(22, 17);1;3623
24;0.75;MoveSouthWest;(21, 11);MoveSouth;(22, 18);1;3624
24;0.75;MoveSouthWest;(21, 11);;(22, 18);1;3625
24;0.75;MoveSouthWest;(21, 11);;(22, 18);1;3626
24;0.75;MoveSouthWest;(21, 11);MoveWest;(21, 18);1;3627
24;0.75;MoveSouthWest;(21, 11);;(21, 18);1;3628
24;0.75;MoveSouthWest;(20, 12);MoveWest;(20, 18);1;3629
24;0.75;MoveSouthWest;(20, 12);;(20, 18);1;3630
24;0.75;MoveSouthWest;(20, 12);MoveWest;(20, 18);1;3631
24;0.75;MoveSouthWest;(20, 12);MoveWest;(20, 18);1;3632
24;0.75;MoveSouthWest;(20, 12);MoveWest;(20, 18);1;3633
24;0.75;MoveSouthWest;(20, 12);MoveWest;(20, 18);1;3634
24;0.75;MoveSouthWest;(20, 12);MoveWest;(20, 18);1;3635
24;0.75;MoveSouthWest;(20, 12);MoveWest;(19, 18);1;3636
24;0.75;MoveSouthWest;(20, 12);MoveWest;(18, 18);1;3637
24;0.75;MoveSouthWest;(19, 13);;(18, 18);1;3638
24;0.75;MoveSouthWest;(19, 13);MoveWest;(17, 18);1;3639
24;0.75;MoveSouthWest;(19, 13);;(17, 18);1;3640
24;0.75;MoveSouthWest;(19, 13);MoveWest;(16, 18);1;3641
24;0.75;MoveSouthWest;(19, 13);MoveWest;(15, 18);1;3642
24;0.75;MoveSouthWest;(19, 13);;(15, 18);1;3643
24;0.75;MoveSouthWest;(19, 13);MoveNorth;(15, 17);1;3644
24;0.75;MoveSouthWest;(19, 13);;(15, 17);1;3645
24;0.75;MoveSouthWest;(19, 13);;(15, 17);1;3646
24;0.75;MoveSouthWest;(18, 14);MoveWest;(14, 17);1;3647
24;0.75;MoveSouth;(18, 14);;(14, 17);1;3648
24;0.75;MoveSouth;(18, 14);MoveWest;(14, 17);1;3649
24;0.75;MoveSouth;(18, 14);MoveWest;(14, 17);1;3650
24;0.75;MoveSouth;(18, 14);MoveWest;(14, 17);1;3651
24;0.75;MoveSouth;(18, 14);MoveWest;(14, 17);1;3652
24;0.75;MoveSouth;(18, 14);MoveWest;(14, 17);1;3653
24;0.75;MoveSouth;(18, 14);MoveWest;(13, 17);1;3654
24;0.75;MoveSouth;(18, 14);MoveWest;(12, 17);1;3655
24;0.75;MoveSouth;(18, 14);MoveWest;(11, 17);1;3656
24;0.75;MoveSouth;(18, 14);;(11, 17);1;3657
24;0.75;MoveSouth;(18, 14);MoveWest;(10, 17);1;3658
24;0.75;MoveSouth;(18, 14);MoveWest;(9, 17);1;3659
24;0.75;MoveSouth;(18, 14);;(9, 17);1;3660
24;0.75;MoveSouth;(18, 15);MoveWest;(8, 17);1;3661
24;0.75;MoveSouth;(18, 15);;(8, 17);1;3662
24;0.75;MoveSouth;(18, 15);;(8, 17);1;3663
24;0.75;MoveSouth;(18, 15);;(8, 17);1;3664
24;0.75;MoveSouth;(18, 15);;(8, 17);1;3665
24;0.75;MoveSouth;(18, 15);MoveEast;(8, 17);1;3666
24;0.75;MoveSouth;(18, 15);MoveEast;(8, 17);1;3667
24;0.75;MoveSouth;(18, 15);MoveEast;(8, 17);1;3668
24;0.75;MoveSouth;(18, 15);MoveEast;(8, 17);1;3669
24;0.75;MoveSouth;(18, 15);MoveEast;(8, 17);1;3670
24;0.75;MoveSouth;(18, 15);MoveEast;(9, 17);1;3671
24;0.75;MoveSouth;(18, 15);MoveNorth;(9, 16);1;3672
24;0.75;MoveSouth;(18, 15);;(9, 16);1;3673
24;0.75;MoveSouth;(18, 15);;(9, 16);1;3674
24;0.75;MoveSouth;(18, 16);;(9, 16);1;3675
24;0.75;MoveSouthWest;(18, 16);;(9, 16);1;3676
24;0.75;MoveSouthWest;(18, 16);;(9, 16);1;3677
24;0.75;MoveSouthWest;(18, 16);MoveNorth;(9, 15);1;3678
24;0.75;MoveSouthWest;(18, 16);;(9, 15);1;3679
24;0.75;MoveSouthWest;(18, 16);;(9, 15);1;3680
24;0.75;MoveSouthWest;(18, 16);;(9, 15);1;3681
24;0.75;MoveSouthWest;(18, 16);;(9, 15);1;3682
24;0.75;MoveSouthWest;(18, 16);MoveEast;(10, 15);1;3683
24;0.75;MoveSouthWest;(18, 16);;(10, 15);1;3684
24;0.75;MoveSouthWest;(18, 16);;(10, 15);1;3685
24;0.75;MoveSouthWest;(18, 16);;(10, 15);1;3686
24;0.75;MoveSouthWest;(18, 16);;(10, 15);1;3687
24;0.75;MoveSouthWest;(18, 16);;(10, 15);1;3688
24;0.75;MoveSouthWest;(17, 17);;(10, 15);1;3689
24;0.75;MoveWest;(17, 17);;(10, 15);1;3690
24;0.75;MoveWest;(17, 17);;(10, 15);1;3691
24;0.75;MoveWest;(17, 17);;(10, 15);1;3692
24;0.75;MoveWest;(17, 17);;(10, 15);1;3693
24;0.75;MoveWest;(17, 17);;(10, 15);1;3694
24;0.75;MoveWest;(17, 17);;(10, 15);1;3695
24;0.75;MoveWest;(17, 17);;(10, 15);1;3696
24;0.75;MoveWest;(17, 17);;(10, 15);1;3697
24;0.75;MoveWest;(17, 17);;(10, 15);1;3698
24;0.75;MoveWest;(17, 17);;(10, 15);1;3699
24;0.75;MoveWest;(17, 17);;(10, 15);1;3700
24;0.75;MoveWest;(17, 17);;(10, 15);1;3701
24;0.75;MoveWest;(17, 17);;(10, 15);1;3702
24;0.75;MoveWest;(16, 17);;(10, 15);1;3703
24;0.75;MoveWest;(16, 17);;(10, 15);1;3704
24;0.75;MoveWest;(16, 17);;(10, 15);1;3705
24;0.75;MoveWest;(16, 17);;(10, 15);1;3706
24;0.75;MoveWest;(16, 17);;(10, 15);1;3707
24;0.75;MoveWest;(16, 17);;(10, 15);1;3708
24;0.75;MoveWest;(16, 17);;(10, 15);1;3709
24;0.75;MoveWest;(16, 17);;(10, 15);1;3710
24;0.75;MoveWest;(16, 17);;(10, 15);1;3711
24;0.75;MoveWest;(16, 17);;(10, 15);1;3712
24;0.75;MoveWest;(16, 17);;(10, 15);1;3713
24;0.75;MoveWest;(16, 17);;(10, 15);1;3714
24;0.75;MoveWest;(16, 17);;(10, 15);1;3715
24;0.75;MoveWest;(16, 17);;(10, 15);1;3716
24;0.75;MoveWest;(15, 17);;(10, 15);1;3717
24;0.75;MoveWest;(15, 17);;(10, 15);1;3718
24;0.75;MoveWest;(15, 17);;(10, 15);1;3719
24;0.75;MoveWest;(15, 17);;(10, 15);1;3720
24;0.75;MoveWest;(15, 17);;(10, 15);1;3721
24;0.75;MoveWest;(15, 17);;(10, 15);1;3722
24;0.75;MoveWest;(15, 17);;(10, 15);1;3723
24;0.75;MoveWest;(15, 17);;(10, 15);1;3724
24;0.75;MoveWest;(15, 17);;(10, 15);1;3725
24;0.75;MoveWest;(14, 17);;(10, 15);1;3726
24;0.75;MoveWest;(14, 17);;(10, 15);1;3727
24;0.75;MoveWest;(14, 17);;(10, 15);1;3728
24;0.75;MoveWest;(14, 17);;(10, 15);1;3729
24;0.75;MoveWest;(14, 17);;(10, 15);1;3730
24;0.75;MoveWest;(14, 17);;(10, 15);1;3731
24;0.75;MoveWest;(14, 17);;(10, 15);1;3732
24;0.75;MoveWest;(14, 17);;(10, 15);1;3733
24;0.75;MoveWest;(14, 17);;(10, 15);1;3734
24;0.75;MoveWest;(14, 17);;(10, 15);1;3735
24;0.75;MoveWest;(14, 17);;(10, 15);1;3736
24;0.75;MoveWest;(14, 17);;(10, 15);1;3737
24;0.75;MoveWest;(14, 17);;(10, 15);1;3738
24;0.75;MoveWest;(14, 17);;(10, 15);1;3739
24;0.75;MoveWest;(13, 17);;(10, 15);1;3740
24;0.75;MoveWest;(13, 17);;(10, 15);1;3741
24;0.75;MoveWest;(13, 17);;(10, 15);1;3742
24;0.75;MoveWest;(13, 17);;(10, 15);1;3743
24;0.75;MoveWest;(13, 17);;(10, 15);1;3744
24;0.75;MoveWest;(13, 17);;(10, 15);1;3745
24;0.75;MoveWest;(13, 17);;(10, 15);1;3746
24;0.75;MoveWest;(13, 17);;(10, 15);1;3747
24;0.75;MoveWest;(13, 17);;(10, 15);1;3748
24;0.75;MoveWest;(12, 17);;(10, 15);1;3749
24;0.75;MoveWest;(12, 17);;(10, 15);1;3750
24;0.75;MoveWest;(12, 17);;(10, 15);1;3751
24;0.75;MoveWest;(12, 17);;(10, 15);1;3752
24;0.75;MoveWest;(12, 17);;(10, 15);1;3753
24;0.75;MoveWest;(12, 17);;(10, 15);1;3754
24;0.75;MoveWest;(12, 17);;(10, 15);1;3755
24;0.75;MoveWest;(12, 17);;(10, 15);1;3756
24;0.75;MoveWest;(12, 17);;(10, 15);1;3757
24;0.75;MoveWest;(11, 17);;(10, 15);1;3758
24;0.75;MoveWest;(11, 17);;(10, 15);1;3759
24;0.75;MoveWest;(11, 17);;(10, 15);1;3760
24;0.75;MoveWest;(11, 17);;(10, 15);1;3761
24;0.75;MoveWest;(11, 17);;(10, 15);1;3762
24;0.75;MoveWest;(11, 17);;(10, 15);1;3763
24;0.75;MoveWest;(11, 17);;(10, 15);1;3764
24;0.75;MoveWest;(11, 17);;(10, 15);1;3765
24;0.75;MoveWest;(11, 17);;(10, 15);1;3766
24;0.75;MoveWest;(10, 17);;(10, 15);1;3767
24;0.75;MoveWest;(10, 17);;(10, 15);1;3768
24;0.75;MoveWest;(10, 17);;(10, 15);1;3769
24;0.75;MoveWest;(10, 17);;(10, 15);1;3770
24;0.75;MoveWest;(10, 17);;(10, 15);1;3771
24;0.75;MoveWest;(10, 17);;(10, 15);1;3772
24;0.75;MoveWest;(10, 17);;(10, 15);1;3773
24;0.75;MoveWest;(10, 17);;(10, 15);1;3774
24;0.75;MoveWest;(10, 17);;(10, 15);1;3775
24;0.75;MoveWest;(9, 17);;(10, 15);1;3776
24;0.75;MoveNorth;(9, 17);;(10, 15);1;3777
24;0.75;MoveNorth;(9, 17);;(10, 15);1;3778
24;0.75;MoveNorth;(9, 17);;(10, 15);1;3779
24;0.75;MoveNorth;(9, 17);;(10, 15);1;3780
24;0.75;MoveNorth;(9, 17);;(10, 15);1;3781
24;0.75;MoveNorth;(9, 17);;(10, 15);1;3782
24;0.75;MoveNorth;(9, 17);;(10, 15);1;3783
24;0.75;MoveNorth;(9, 17);;(10, 15);1;3784
24;0.75;MoveNorth;(9, 16);;(10, 15);1;3785
24;0.75;MoveNorthWest;(9, 16);;(10, 15);1;3786
24;0.75;MoveNorthWest;(9, 16);;(10, 15);1;3787
24;0.75;MoveNorthWest;(9, 16);;(10, 15);1;3788
24;0.75;MoveNorthWest;(9, 16);;(10, 15);1;3789
24;0.75;MoveNorthWest;(9, 16);;(10, 15);1;3790
24;0.75;MoveNorthWest;(9, 16);;(10, 15);1;3791
24;0.75;MoveNorthWest;(9, 16);;(10, 15);1;3792
24;0.75;MoveNorthWest;(9, 16);;(10, 15);1;3793
24;0.75;MoveNorthWest;(8, 15);;(10, 15);1;3794
24;0.75;MoveNorth;(8, 15);;(10, 15);1;3795
24;0.75;MoveNorth;(8, 15);;(10, 15);1;3796
24;0.75;MoveNorth;(8, 15);;(10, 15);1;3797
24;0.75;MoveNorth;(8, 15);;(10, 15);1;3798
24;0.75;MoveNorth;(8, 15);;(10, 15);1;3799
24;0.75;MoveNorth;(8, 15);;(10, 15);1;3800
24;0.75;MoveNorth;(8, 15);;(10, 15);1;3801
24;0.75;MoveNorth;(8, 15);;(10, 15);1;3802
24;0.75;MoveNorth;(8, 14);;(10, 15);1;3803
24;0.75;MoveSouthEast;(8, 14);;(10, 15);1;3804
24;0.75;MoveSouthEast;(8, 14);;(10, 15);1;3805
24;0.75;MoveSouthEast;(8, 14);;(10, 15);1;3806
24;0.75;MoveSouthEast;(8, 14);;(10, 15);1;3807
24;0.75;MoveSouthEast;(8, 14);;(10, 15);1;3808
24;0.75;MoveSouthEast;(8, 14);;(10, 15);1;3809
24;0.75;MoveSouthEast;(8, 14);;(10, 15);1;3810
24;0.75;MoveSouthEast;(8, 14);;(10, 15);1;3811
24;0.75;MoveSouthEast;(9, 15);;(10, 15);1;3812
24;0.75;MoveNorthEast;(9, 15);;(10, 15);1;3813
24;0.75;MoveNorthEast;(9, 15);;(10, 15);1;3814
24;0.75;MoveNorthEast;(9, 15);;(10, 15);1;3815
24;0.75;MoveNorthEast;(9, 15);;(10, 15);1;3816
24;0.75;MoveNorthEast;(9, 15);;(10, 15);1;3817
24;0.75;MoveNorthEast;(9, 15);;(10, 15);1;3818
24;0.75;MoveNorthEast;(9, 15);;(10, 15);1;3819
24;0.75;MoveNorthEast;(9, 15);;(10, 15);1;3820
24;0.75;MoveNorthEast;(10, 14);;(10, 15);1;3821
24;0.75;Idle;(10, 14);;(10, 15);1;3822
24;0.75;Idle;(10, 14);;(10, 15);1;3823
24;0.75;Idle;(10, 14);;(10, 15);1;3824
24;0.75;Idle;(10, 14);;(10, 15);1;3825
24;0.75;Idle;(10, 14);;(10, 15);1;3826
24;0.75;Idle;(10, 14);;(10, 15);1;3827
24;0.75;Idle;(10, 14);;(10, 15);1;3828
24;0.75;Idle;(10, 14);;(10, 15);1;3829
24;0.75;Idle;(10, 14);;(10, 15);1;3830
24;0.75;Idle;(10, 14);;(10, 15);1;3831
24;0.75;Idle;(10, 14);;(10, 15);1;3832
24;0.75;Idle;(10, 14);;(10, 15);1;3833
24;0.75;Idle;(10, 14);;(10, 15);1;3834
24;0.75;Idle;(10, 14);;(10, 15);1;3835
24;0.75;Idle;(10, 14);;(10, 15);1;3836
24;0.75;Idle;(10, 14);;(10, 15);1;3837
24;0.75;Idle;(10, 14);;(10, 15);1;3838
24;0.75;Idle;(10, 14);;(10, 15);1;3839
24;0.75;Idle;(10, 14);;(10, 15);1;3840
24;0.75;Idle;(10, 14);;(10, 15);1;3841
24;0.75;Idle;(10, 14);;(10, 15);1;3842
24;0.75;Idle;(10, 14);;(10, 15);1;3843
24;0.75;Idle;(10, 14);;(10, 15);1;3844
24;0.75;Idle;(10, 14);;(10, 15);1;3845
24;0.75;Idle;(10, 14);;(10, 15);1;3846
24;0.75;Idle;(10, 14);;(10, 15);1;3847
24;0.75;MoveSouth;(10, 14);;(10, 15);1;3848
24;0.75;MoveSouth;(10, 14);;(10, 15);1;3849
24;0.75;MoveSouth;(10, 14);;(10, 15);1;3850
24;0.75;MoveSouth;(10, 14);;(10, 15);1;3851
24;0.75;MoveSouth;(10, 14);;(10, 15);1;3852
24;0.75;MoveSouth;(10, 14);;(10, 15);1;3853
24;0.75;MoveSouth;(10, 14);;(10, 15);1;3854
24;0.75;MoveSouth;(10, 14);;(10, 15);1;3855
24;0.75;MoveSouth;(10, 15);;(10, 15);1;3856
24;0.75;;(10, 15);;(10, 15);1;3857
24;0.75;;(10, 15);;(10, 15);1;3858
24;0.75;;(10, 15);;(10, 15);1;3859
24;0.75;;(10, 15);;(10, 15);1;3860
24;0.75;;(10, 15);;(10, 15);1;3861
24;0.75;;(10, 15);CarryObjectTogether;(10, 15);1;3862
24;0.75;;(10, 15);;(10, 15);1;3863
24;0.75;;(10, 15);;(10, 15);1;3864
24;0.75;;(10, 15);;(10, 15);1;3865
24;0.75;;(10, 15);;(10, 15);1;3866
24;0.75;;(10, 15);;(10, 15);1;3867
24;0.75;;(10, 15);MoveWest;(9, 15);1;3868
24;0.75;;(10, 15);;(9, 15);1;3869
24;0.75;;(10, 15);;(9, 15);1;3870
24;0.75;;(10, 15);MoveSouth;(9, 16);1;3871
24;0.75;;(10, 15);;(9, 16);1;3872
24;0.75;;(10, 15);;(9, 16);1;3873
24;0.75;;(10, 15);MoveSouth;(9, 17);1;3874
24;0.75;;(10, 15);;(9, 17);1;3875
24;0.75;;(10, 15);;(9, 17);1;3876
24;0.75;;(10, 15);MoveEast;(10, 17);1;3877
24;0.75;;(10, 15);;(10, 17);1;3878
24;0.75;;(10, 15);MoveEast;(11, 17);1;3879
24;0.75;;(10, 15);;(11, 17);1;3880
24;0.75;;(10, 15);MoveEast;(12, 17);1;3881
24;0.75;;(10, 15);MoveEast;(13, 17);1;3882
24;0.75;;(10, 15);;(13, 17);1;3883
24;0.75;;(10, 15);MoveEast;(14, 17);1;3884
24;0.75;;(10, 15);MoveEast;(14, 17);1;3885
24;0.75;;(10, 15);MoveEast;(14, 17);1;3886
24;0.75;;(10, 15);MoveEast;(14, 17);1;3887
24;0.75;;(10, 15);MoveEast;(14, 17);1;3888
24;0.75;;(10, 15);MoveEast;(14, 17);1;3889
24;0.75;;(10, 15);MoveEast;(15, 17);1;3890
24;0.75;;(10, 15);MoveSouth;(15, 18);1;3891
24;0.75;;(10, 15);;(15, 18);1;3892
24;0.75;;(10, 15);;(15, 18);1;3893
24;0.75;;(10, 15);MoveEast;(16, 18);1;3894
24;0.75;;(10, 15);;(16, 18);1;3895
24;0.75;;(10, 15);;(16, 18);1;3896
24;0.75;;(10, 15);MoveEast;(17, 18);1;3897
24;0.75;;(10, 15);MoveEast;(18, 18);1;3898
24;0.75;;(10, 15);;(18, 18);1;3899
24;0.75;;(10, 15);MoveEast;(19, 18);1;3900
24;0.75;;(10, 15);MoveEast;(20, 18);1;3901
24;0.75;;(10, 15);;(20, 18);1;3902
24;0.75;;(10, 15);MoveEast;(20, 18);1;3903
24;0.75;;(10, 15);MoveEast;(20, 18);1;3904
24;0.75;;(10, 15);MoveEast;(20, 18);1;3905
24;0.75;;(10, 15);MoveEast;(20, 18);1;3906
24;0.75;;(10, 15);MoveEast;(20, 18);1;3907
24;0.75;;(10, 15);MoveEast;(21, 18);1;3908
24;0.75;;(10, 15);MoveEast;(22, 18);1;3909
24;0.75;;(10, 15);;(22, 18);1;3910
24;0.75;;(10, 15);MoveEast;(23, 18);1;3911
24;0.75;;(10, 15);;(23, 18);1;3912
24;0.75;;(10, 15);;(23, 18);1;3913
24;0.75;;(10, 15);MoveNorth;(23, 17);1;3914
24;0.75;;(10, 15);;(23, 17);1;3915
24;0.75;;(10, 15);MoveNorth;(23, 16);1;3916
24;0.75;;(10, 15);;(23, 16);1;3917
24;0.75;;(10, 15);MoveNorth;(23, 15);1;3918
24;0.75;;(10, 15);MoveNorth;(23, 14);1;3919
24;0.75;;(10, 15);;(23, 14);1;3920
24;0.75;;(10, 15);MoveNorth;(23, 13);1;3921
24;0.75;;(10, 15);MoveNorth;(23, 12);1;3922
24;0.75;;(10, 15);;(23, 12);1;3923
24;0.75;;(10, 15);MoveNorth;(23, 11);1;3924
24;0.75;;(10, 15);MoveNorth;(23, 10);1;3925
24;0.75;;(10, 15);;(23, 10);1;3926
24;0.75;;(10, 15);;(23, 10);1;3927
24;0.75;;(10, 15);;(23, 10);1;3928
24;0.75;;(10, 15);;(23, 10);1;3929
24;0.75;;(10, 15);;(23, 10);1;3930
24;0.75;;(10, 15);;(23, 10);1;3931
24;0.75;;(10, 15);MoveNorth;(23, 9);1;3932
24;0.75;;(10, 15);;(23, 9);1;3933
24;0.75;;(10, 15);;(23, 9);1;3934
24;0.75;;(10, 15);;(23, 9);1;3935
24;0.75;;(10, 15);;(23, 9);1;3936
24;0.75;;(10, 15);;(23, 9);1;3937
24;0.75;;(10, 15);;(23, 9);1;3938
24;0.75;;(10, 15);;(23, 9);1;3939
24;0.75;;(10, 15);;(23, 9);1;3940
24;0.75;;(23, 9);DropObjectTogether;(23, 9);1;3941
24;0.75;;(23, 9);;(23, 9);1;3942
24;0.75;;(23, 9);;(23, 9);1;3943
24;0.75;;(23, 9);;(23, 9);1;3944
24;0.75;;(23, 9);;(23, 9);1;3945
24;0.75;;(23, 9);;(23, 9);1;3946
24;0.75;;(23, 9);;(23, 9);1;3947
24;0.75;;(23, 9);MoveWest;(22, 9);1;3948
24;0.75;;(23, 9);;(22, 9);1;3949
24;0.75;;(23, 9);;(22, 9);1;3950
24;0.75;;(23, 9);;(22, 9);1;3951
24;0.75;;(23, 9);;(22, 9);1;3952
24;0.75;;(23, 9);;(22, 9);1;3953
24;0.75;;(23, 9);;(22, 9);1;3954
24;0.75;;(23, 9);;(22, 9);1;3955
24;0.75;;(23, 9);MoveEast;(23, 9);1;3956
24;0.75;;(23, 9);;(23, 9);1;3957
24;0.75;;(23, 9);;(23, 9);1;3958
24;0.75;;(23, 9);;(23, 9);1;3959
24;0.75;;(23, 9);;(23, 9);1;3960
24;0.75;;(23, 9);;(23, 9);1;3961
24;0.75;;(23, 9);;(23, 9);1;3962
24;0.75;;(23, 9);;(23, 9);1;3963
24;0.75;;(23, 9);;(23, 9);1;3964
24;0.75;;(23, 9);;(23, 9);1;3965
24;0.75;;(23, 9);;(23, 9);1;3966
24;0.75;;(23, 9);;(23, 9);1;3967
24;0.75;;(23, 9);;(23, 9);1;3968
24;0.75;;(23, 9);;(23, 9);1;3969
24;0.75;;(23, 9);MoveWest;(22, 9);1;3970
24;0.75;;(23, 9);;(22, 9);1;3971
24;0.75;;(23, 9);;(22, 9);1;3972
24;0.75;;(23, 9);;(22, 9);1;3973
24;0.75;;(23, 9);;(22, 9);1;3974
24;0.75;;(23, 9);;(22, 9);1;3975
24;0.75;;(23, 9);MoveEast;(23, 9);1;3976
24;0.75;;(23, 9);;(23, 9);1;3977
24;0.75;;(23, 9);;(23, 9);1;3978
24;0.75;;(23, 9);;(23, 9);1;3979
24;0.75;;(23, 9);;(23, 9);1;3980
24;0.75;;(23, 9);;(23, 9);1;3981
24;0.75;;(23, 9);;(23, 9);1;3982
24;0.75;;(23, 9);;(23, 9);1;3983
24;0.75;;(23, 9);;(23, 9);1;3984
24;0.75;;(23, 9);;(23, 9);1;3985
24;0.75;;(23, 9);DropObjectTogether;(23, 9);1;3986
24;0.75;;(23, 9);;(23, 9);1;3987
24;0.75;;(23, 9);;(23, 9);1;3988
24;0.75;;(23, 9);;(23, 9);1;3989
24;0.75;;(23, 9);;(23, 9);1;3990
24;0.75;;(23, 9);;(23, 9);1;3991
24;0.75;;(23, 9);;(23, 9);1;3992
24;0.75;;(23, 9);;(23, 9);1;3993
24;0.75;;(23, 9);;(23, 9);1;3994
24;0.75;;(23, 9);;(23, 9);1;3995
24;0.75;;(23, 9);;(23, 9);1;3996
24;0.75;;(23, 9);;(23, 9);1;3997
24;0.75;;(23, 9);;(23, 9);1;3998
24;0.75;;(23, 9);;(23, 9);1;3999
24;0.75;;(23, 9);;(23, 9);1;4000
24;0.75;;(23, 9);;(23, 9);1;4001
24;0.75;;(23, 9);;(23, 9);1;4002
30;0.875;;(23, 9);CarryObjectTogether;(23, 9);1;4003
30;0.875;;(23, 9);;(23, 9);1;4004
30;0.875;;(23, 9);;(23, 9);1;4005
30;0.875;;(23, 9);;(23, 9);1;4006
30;0.875;;(23, 9);;(23, 9);1;4007
30;0.875;;(23, 9);;(23, 9);1;4008
30;0.875;;(23, 9);MoveSouth;(23, 10);1;4009
30;0.875;;(23, 9);;(23, 10);1;4010
30;0.875;;(23, 9);;(23, 10);1;4011
30;0.875;;(23, 9);;(23, 10);1;4012
30;0.875;;(23, 9);;(23, 10);1;4013
30;0.875;;(23, 9);;(23, 10);1;4014
30;0.875;;(23, 9);;(23, 10);1;4015
30;0.875;;(23, 9);;(23, 10);1;4016
30;0.875;;(23, 9);;(23, 10);1;4017
30;0.875;;(23, 9);;(23, 10);1;4018
30;0.875;;(23, 9);;(23, 10);1;4019
30;0.875;;(23, 9);MoveWest;(22, 10);1;4020
30;0.875;;(23, 9);;(22, 10);1;4021
30;0.875;;(23, 9);;(22, 10);1;4022
30;0.875;;(23, 9);;(22, 10);1;4023
30;0.875;;(23, 9);;(22, 10);1;4024
30;0.875;;(23, 9);;(22, 10);1;4025
30;0.875;;(23, 9);MoveEast;(23, 10);1;4026
30;0.875;;(23, 9);;(23, 10);1;4027
30;0.875;;(23, 9);;(23, 10);1;4028
30;0.875;;(23, 9);;(23, 10);1;4029
30;0.875;;(23, 9);;(23, 10);1;4030
30;0.875;;(23, 9);;(23, 10);1;4031
36;1.0;;(23, 10);DropObjectTogether;(23, 10);1;4032
