score;completeness;rescuebot_action;rescuebot_location;mat_action;mat_location;world_nr;tick_nr
0;0.0;;(22, 11);;(22, 12);1;0
0;0.0;;(22, 11);;(22, 12);1;1
0;0.0;;(22, 11);;(22, 12);1;2
0;0.0;;(22, 11);;(22, 12);1;3
0;0.0;;(22, 11);;(22, 12);1;4
0;0.0;;(22, 11);;(22, 12);1;5
0;0.0;;(22, 11);;(22, 12);1;6
0;0.0;;(22, 11);;(22, 12);1;7
0;0.0;;(22, 11);;(22, 12);1;8
0;0.0;;(22, 11);;(22, 12);1;9
0;0.0;;(22, 11);;(22, 12);1;10
0;0.0;;(22, 11);;(22, 12);1;11
0;0.0;;(22, 11);;(22, 12);1;12
0;0.0;;(22, 11);;(22, 12);1;13
0;0.0;;(22, 11);;(22, 12);1;14
0;0.0;;(22, 11);;(22, 12);1;15
0;0.0;;(22, 11);;(22, 12);1;16
0;0.0;;(22, 11);;(22, 12);1;17
0;0.0;;(22, 11);;(22, 12);1;18
0;0.0;;(22, 11);;(22, 12);1;19
0;0.0;;(22, 11);;(22, 12);1;20
0;0.0;;(22, 11);;(22, 12);1;21
0;0.0;;(22, 11);;(22, 12);1;22
0;0.0;;(22, 11);;(22, 12);1;23
0;0.0;;(22, 11);;(22, 12);1;24
0;0.0;;(22, 11);;(22, 12);1;25
0;0.0;;(22, 11);;(22, 12);1;26
0;0.0;;(22, 11);;(22, 12);1;27
0;0.0;;(22, 11);;(22, 12);1;28
0;0.0;;(22, 11);;(22, 12);1;29
0;0.0;;(22, 11);;(22, 12);1;30
0;0.0;;(22, 11);;(22, 12);1;31
0;0.0;;(22, 11);;(22, 12);1;32
0;0.0;;(22, 11);;(22, 12);1;33
0;0.0;;(22, 11);;(22, 12);1;34
0;0.0;;(22, 11);;(22, 12);1;35
0;0.0;;(22, 11);;(22, 12);1;36
0;0.0;;(22, 11);;(22, 12);1;37
0;0.0;;(22, 11);;(22, 12);1;38
0;0.0;;(22, 11);;(22, 12);1;39
0;0.0;;(22, 11);;(22, 12);1;40
0;0.0;;(22, 11);;(22, 12);1;41
0;0.0;;(22, 11);;(22, 12);1;42
0;0.0;;(22, 11);;(22, 12);1;43
0;0.0;;(22, 11);;(22, 12);1;44
0;0.0;;(22, 11);;(22, 12);1;45
0;0.0;;(22, 11);;(22, 12);1;46
0;0.0;;(22, 11);;(22, 12);1;47
0;0.0;;(22, 11);;(22, 12);1;48
0;0.0;;(22, 11);;(22, 12);1;49
0;0.0;;(22, 11);;(22, 12);1;50
0;0.0;;(22, 11);;(22, 12);1;51
0;0.0;;(22, 11);;(22, 12);1;52
0;0.0;;(22, 11);;(22, 12);1;53
0;0.0;;(22, 11);;(22, 12);1;54
0;0.0;;(22, 11);;(22, 12);1;55
0;0.0;;(22, 11);;(22, 12);1;56
0;0.0;;(22, 11);;(22, 12);1;57
0;0.0;;(22, 11);;(22, 12);1;58
0;0.0;;(22, 11);;(22, 12);1;59
0;0.0;;(22, 11);;(22, 12);1;60
0;0.0;;(22, 11);;(22, 12);1;61
0;0.0;;(22, 11);;(22, 12);1;62
0;0.0;;(22, 11);;(22, 12);1;63
0;0.0;;(22, 11);;(22, 12);1;64
0;0.0;;(22, 11);;(22, 12);1;65
0;0.0;;(22, 11);;(22, 12);1;66
0;0.0;;(22, 11);;(22, 12);1;67
0;0.0;;(22, 11);;(22, 12);1;68
0;0.0;;(22, 11);;(22, 12);1;69
0;0.0;;(22, 11);;(22, 12);1;70
0;0.0;;(22, 11);;(22, 12);1;71
0;0.0;;(22, 11);;(22, 12);1;72
0;0.0;;(22, 11);;(22, 12);1;73
0;0.0;;(22, 11);;(22, 12);1;74
0;0.0;;(22, 11);;(22, 12);1;75
0;0.0;;(22, 11);;(22, 12);1;76
0;0.0;;(22, 11);;(22, 12);1;77
0;0.0;;(22, 11);;(22, 12);1;78
0;0.0;;(22, 11);;(22, 12);1;79
0;0.0;;(22, 11);;(22, 12);1;80
0;0.0;;(22, 11);;(22, 12);1;81
0;0.0;;(22, 11);;(22, 12);1;82
0;0.0;;(22, 11);;(22, 12);1;83
0;0.0;;(22, 11);;(22, 12);1;84
0;0.0;;(22, 11);;(22, 12);1;85
0;0.0;;(22, 11);;(22, 12);1;86
0;0.0;;(22, 11);;(22, 12);1;87
0;0.0;;(22, 11);;(22, 12);1;88
0;0.0;;(22, 11);;(22, 12);1;89
0;0.0;;(22, 11);;(22, 12);1;90
0;0.0;;(22, 11);;(22, 12);1;91
0;0.0;;(22, 11);;(22, 12);1;92
0;0.0;;(22, 11);;(22, 12);1;93
0;0.0;;(22, 11);;(22, 12);1;94
0;0.0;;(22, 11);;(22, 12);1;95
0;0.0;;(22, 11);;(22, 12);1;96
0;0.0;;(22, 11);;(22, 12);1;97
0;0.0;;(22, 11);;(22, 12);1;98
0;0.0;;(22, 11);;(22, 12);1;99
0;0.0;;(22, 11);;(22, 12);1;100
0;0.0;;(22, 11);;(22, 12);1;101
0;0.0;;(22, 11);;(22, 12);1;102
0;0.0;;(22, 11);;(22, 12);1;103
0;0.0;;(22, 11);;(22, 12);1;104
0;0.0;;(22, 11);;(22, 12);1;105
0;0.0;;(22, 11);;(22, 12);1;106
0;0.0;;(22, 11);;(22, 12);1;107
0;0.0;;(22, 11);;(22, 12);1;108
0;0.0;;(22, 11);;(22, 12);1;109
0;0.0;;(22, 11);;(22, 12);1;110
0;0.0;;(22, 11);;(22, 12);1;111
0;0.0;;(22, 11);;(22, 12);1;112
0;0.0;;(22, 11);;(22, 12);1;113
0;0.0;;(22, 11);;(22, 12);1;114
0;0.0;;(22, 11);;(22, 12);1;115
0;0.0;;(22, 11);;(22, 12);1;116
0;0.0;;(22, 11);;(22, 12);1;117
0;0.0;;(22, 11);;(22, 12);1;118
0;0.0;;(22, 11);;(22, 12);1;119
0;0.0;;(22, 11);;(22, 12);1;120
0;0.0;;(22, 11);;(22, 12);1;121
0;0.0;;(22, 11);;(22, 12);1;122
0;0.0;;(22, 11);;(22, 12);1;123
0;0.0;;(22, 11);;(22, 12);1;124
0;0.0;;(22, 11);;(22, 12);1;125
0;0.0;;(22, 11);;(22, 12);1;126
0;0.0;;(22, 11);;(22, 12);1;127
0;0.0;;(22, 11);;(22, 12);1;128
0;0.0;;(22, 11);;(22, 12);1;129
0;0.0;;(22, 11);;(22, 12);1;130
0;0.0;;(22, 11);;(22, 12);1;131
0;0.0;;(22, 11);;(22, 12);1;132
0;0.0;;(22, 11);;(22, 12);1;133
0;0.0;;(22, 11);;(22, 12);1;134
0;0.0;;(22, 11);;(22, 12);1;135
0;0.0;;(22, 11);;(22, 12);1;136
0;0.0;;(22, 11);;(22, 12);1;137
0;0.0;;(22, 11);;(22, 12);1;138
0;0.0;;(22, 11);;(22, 12);1;139
0;0.0;;(22, 11);;(22, 12);1;140
0;0.0;;(22, 11);;(22, 12);1;141
0;0.0;;(22, 11);;(22, 12);1;142
0;0.0;;(22, 11);;(22, 12);1;143
0;0.0;;(22, 11);;(22, 12);1;144
0;0.0;;(22, 11);;(22, 12);1;145
0;0.0;;(22, 11);MoveSouth;(22, 13);1;146
0;0.0;;(22, 11);;(22, 13);1;147
0;0.0;;(22, 11);MoveSouth;(22, 14);1;148
0;0.0;MoveNorth;(22, 11);;(22, 14);1;149
0;0.0;MoveNorth;(22, 11);;(22, 14);1;150
0;0.0;MoveNorth;(22, 11);;(22, 14);1;151
0;0.0;MoveNorth;(22, 11);;(22, 14);1;152
0;0.0;MoveNorth;(22, 11);;(22, 14);1;153
0;0.0;MoveNorth;(22, 11);;(22, 14);1;154
0;0.0;MoveNorth;(22, 11);;(22, 14);1;155
0;0.0;MoveNorth;(22, 11);;(22, 14);1;156
0;0.0;MoveNorth;(22, 10);;(22, 14);1;157
0;0.0;MoveNorth;(22, 10);;(22, 14);1;158
0;0.0;MoveNorth;(22, 10);;(22, 14);1;159
0;0.0;MoveNorth;(22, 10);;(22, 14);1;160
0;0.0;MoveNorth;(22, 10);;(22, 14);1;161
0;0.0;MoveNorth;(22, 10);;(22, 14);1;162
0;0.0;MoveNorth;(22, 10);;(22, 14);1;163
0;0.0;MoveNorth;(22, 10);;(22, 14);1;164
0;0.0;MoveNorth;(22, 10);;(22, 14);1;165
0;0.0;MoveNorth;(22, 9);;(22, 14);1;166
0;0.0;MoveNorth;(22, 9);;(22, 14);1;167
0;0.0;MoveNorth;(22, 9);;(22, 14);1;168
0;0.0;MoveNorth;(22, 9);;(22, 14);1;169
0;0.0;MoveNorth;(22, 9);;(22, 14);1;170
0;0.0;MoveNorth;(22, 9);;(22, 14);1;171
0;0.0;MoveNorth;(22, 9);;(22, 14);1;172
0;0.0;MoveNorth;(22, 9);;(22, 14);1;173
0;0.0;MoveNorth;(22, 9);;(22, 14);1;174
0;0.0;MoveNorth;(22, 8);;(22, 14);1;175
0;0.0;MoveNorth;(22, 8);;(22, 14);1;176
0;0.0;MoveNorth;(22, 8);;(22, 14);1;177
0;0.0;MoveNorth;(22, 8);;(22, 14);1;178
0;0.0;MoveNorth;(22, 8);;(22, 14);1;179
0;0.0;MoveNorth;(22, 8);;(22, 14);1;180
0;0.0;MoveNorth;(22, 8);;(22, 14);1;181
0;0.0;MoveNorth;(22, 8);;(22, 14);1;182
0;0.0;MoveNorth;(22, 8);;(22, 14);1;183
0;0.0;MoveNorth;(22, 7);;(22, 14);1;184
0;0.0;MoveNorthWest;(22, 7);;(22, 14);1;185
0;0.0;MoveNorthWest;(22, 7);;(22, 14);1;186
0;0.0;MoveNorthWest;(22, 7);;(22, 14);1;187
0;0.0;MoveNorthWest;(22, 7);;(22, 14);1;188
0;0.0;MoveNorthWest;(22, 7);;(22, 14);1;189
0;0.0;MoveNorthWest;(22, 7);;(22, 14);1;190
0;0.0;MoveNorthWest;(22, 7);;(22, 14);1;191
0;0.0;MoveNorthWest;(22, 7);;(22, 14);1;192
0;0.0;MoveNorthWest;(21, 6);;(22, 14);1;193
0;0.0;MoveNorth;(21, 6);;(22, 14);1;194
0;0.0;MoveNorth;(21, 6);;(22, 14);1;195
0;0.0;MoveNorth;(21, 6);;(22, 14);1;196
0;0.0;MoveNorth;(21, 6);;(22, 14);1;197
0;0.0;MoveNorth;(21, 6);;(22, 14);1;198
0;0.0;MoveNorth;(21, 6);;(22, 14);1;199
0;0.0;MoveNorth;(21, 6);;(22, 14);1;200
0;0.0;MoveNorth;(21, 6);;(22, 14);1;201
0;0.0;MoveNorth;(21, 5);;(22, 14);1;202
0;0.0;MoveNorth;(21, 5);;(22, 14);1;203
0;0.0;MoveNorth;(21, 5);;(22, 14);1;204
0;0.0;MoveNorth;(21, 5);;(22, 14);1;205
0;0.0;MoveNorth;(21, 5);;(22, 14);1;206
0;0.0;MoveNorth;(21, 5);;(22, 14);1;207
0;0.0;MoveNorth;(21, 5);;(22, 14);1;208
0;0.0;MoveNorth;(21, 5);;(22, 14);1;209
0;0.0;MoveNorth;(21, 5);;(22, 14);1;210
0;0.0;MoveNorth;(21, 4);;(22, 14);1;211
0;0.0;MoveNorthWest;(21, 4);;(22, 14);1;212
0;0.0;MoveNorthWest;(21, 4);;(22, 14);1;213
0;0.0;MoveNorthWest;(21, 4);;(22, 14);1;214
0;0.0;MoveNorthWest;(21, 4);;(22, 14);1;215
0;0.0;MoveNorthWest;(21, 4);;(22, 14);1;216
0;0.0;MoveNorthWest;(21, 4);;(22, 14);1;217
0;0.0;MoveNorthWest;(21, 4);;(22, 14);1;218
0;0.0;MoveNorthWest;(21, 4);;(22, 14);1;219
0;0.0;MoveNorthWest;(20, 3);;(22, 14);1;220
0;0.0;MoveNorth;(20, 3);;(22, 14);1;221
0;0.0;MoveNorth;(20, 3);;(22, 14);1;222
0;0.0;MoveNorth;(20, 3);;(22, 14);1;223
0;0.0;MoveNorth;(20, 3);;(22, 14);1;224
0;0.0;MoveNorth;(20, 3);;(22, 14);1;225
0;0.0;MoveNorth;(20, 3);;(22, 14);1;226
0;0.0;MoveNorth;(20, 3);;(22, 14);1;227
0;0.0;MoveNorth;(20, 3);;(22, 14);1;228
0;0.0;MoveNorth;(20, 2);;(22, 14);1;229
0;0.0;MoveSouthEast;(20, 2);;(22, 14);1;230
0;0.0;MoveSouthEast;(20, 2);;(22, 14);1;231
0;0.0;MoveSouthEast;(20, 2);;(22, 14);1;232
0;0.0;MoveSouthEast;(20, 2);;(22, 14);1;233
0;0.0;MoveSouthEast;(20, 2);;(22, 14);1;234
0;0.0;MoveSouthEast;(20, 2);;(22, 14);1;235
0;0.0;MoveSouthEast;(20, 2);;(22, 14);1;236
0;0.0;MoveSouthEast;(20, 2);;(22, 14);1;237
0;0.0;MoveSouthEast;(21, 3);;(22, 14);1;238
0;0.0;MoveNorthEast;(21, 3);;(22, 14);1;239
0;0.0;MoveNorthEast;(21, 3);;(22, 14);1;240
0;0.0;MoveNorthEast;(21, 3);;(22, 14);1;241
0;0.0;MoveNorthEast;(21, 3);;(22, 14);1;242
0;0.0;MoveNorthEast;(21, 3);;(22, 14);1;243
0;0.0;MoveNorthEast;(21, 3);;(22, 14);1;244
0;0.0;MoveNorthEast;(21, 3);;(22, 14);1;245
0;0.0;MoveNorthEast;(21, 3);;(22, 14);1;246
0;0.0;MoveNorthEast;(22, 2);;(22, 14);1;247
0;0.0;Idle;(22, 2);;(22, 14);1;248
0;0.0;Idle;(22, 2);;(22, 14);1;249
0;0.0;Idle;(22, 2);;(22, 14);1;250
0;0.0;Idle;(22, 2);;(22, 14);1;251
0;0.0;Idle;(22, 2);;(22, 14);1;252
0;0.0;Idle;(22, 2);;(22, 14);1;253
0;0.0;Idle;(22, 2);;(22, 14);1;254
0;0.0;Idle;(22, 2);;(22, 14);1;255
0;0.0;Idle;(22, 2);;(22, 14);1;256
0;0.0;Idle;(22, 2);;(22, 14);1;257
0;0.0;Idle;(22, 2);;(22, 14);1;258
0;0.0;Idle;(22, 2);;(22, 14);1;259
0;0.0;Idle;(22, 2);;(22, 14);1;260
0;0.0;Idle;(22, 2);;(22, 14);1;261
0;0.0;Idle;(22, 2);;(22, 14);1;262
0;0.0;Idle;(22, 2);;(22, 14);1;263
0;0.0;Idle;(22, 2);;(22, 14);1;264
0;0.0;Idle;(22, 2);;(22, 14);1;265
0;0.0;Idle;(22, 2);;(22, 14);1;266
0;0.0;Idle;(22, 2);;(22, 14);1;267
0;0.0;Idle;(22, 2);;(22, 14);1;268
0;0.0;Idle;(22, 2);;(22, 14);1;269
0;0.0;Idle;(22, 2);;(22, 14);1;270
0;0.0;Idle;(22, 2);;(22, 14);1;271
0;0.0;Idle;(22, 2);;(22, 14);1;272
0;0.0;Idle;(22, 2);;(22, 14);1;273
0;0.0;MoveSouthWest;(22, 2);;(22, 14);1;274
0;0.0;MoveSouthWest;(22, 2);;(22, 14);1;275
0;0.0;MoveSouthWest;(22, 2);;(22, 14);1;276
0;0.0;MoveSouthWest;(22, 2);;(22, 14);1;277
0;0.0;MoveSouthWest;(22, 2);;(22, 14);1;278
0;0.0;MoveSouthWest;(22, 2);;(22, 14);1;279
0;0.0;MoveSouthWest;(22, 2);;(22, 14);1;280
0;0.0;MoveSouthWest;(22, 2);;(22, 14);1;281
0;0.0;MoveSouthWest;(21, 3);;(22, 14);1;282
0;0.0;MoveSouth;(21, 3);;(22, 14);1;283
0;0.0;MoveSouth;(21, 3);;(22, 14);1;284
0;0.0;MoveSouth;(21, 3);;(22, 14);1;285
0;0.0;MoveSouth;(21, 3);;(22, 14);1;286
0;0.0;MoveSouth;(21, 3);;(22, 14);1;287
0;0.0;MoveSouth;(21, 3);;(22, 14);1;288
0;0.0;MoveSouth;(21, 3);;(22, 14);1;289
0;0.0;MoveSouth;(21, 3);;(22, 14);1;290
0;0.0;MoveSouth;(21, 4);;(22, 14);1;291
0;0.0;MoveSouthWest;(21, 4);;(22, 14);1;292
0;0.0;MoveSouthWest;(21, 4);;(22, 14);1;293
0;0.0;MoveSouthWest;(21, 4);;(22, 14);1;294
0;0.0;MoveSouthWest;(21, 4);;(22, 14);1;295
0;0.0;MoveSouthWest;(21, 4);;(22, 14);1;296
0;0.0;MoveSouthWest;(21, 4);;(22, 14);1;297
0;0.0;MoveSouthWest;(21, 4);;(22, 14);1;298
0;0.0;MoveSouthWest;(21, 4);;(22, 14);1;299
0;0.0;MoveSouthWest;(20, 5);;(22, 14);1;300
0;0.0;MoveWest;(20, 5);;(22, 14);1;301
0;0.0;MoveWest;(20, 5);;(22, 14);1;302
0;0.0;MoveWest;(20, 5);;(22, 14);1;303
0;0.0;MoveWest;(20, 5);;(22, 14);1;304
0;0.0;MoveWest;(20, 5);;(22, 14);1;305
0;0.0;MoveWest;(20, 5);;(22, 14);1;306
0;0.0;MoveWest;(20, 5);;(22, 14);1;307
0;0.0;MoveWest;(20, 5);;(22, 14);1;308
0;0.0;MoveWest;(20, 5);;(22, 14);1;309
0;0.0;MoveWest;(20, 5);;(22, 14);1;310
0;0.0;MoveWest;(20, 5);;(22, 14);1;311
0;0.0;MoveWest;(20, 5);;(22, 14);1;312
0;0.0;MoveWest;(20, 5);;(22, 14);1;313
0;0.0;MoveWest;(19, 5);;(22, 14);1;314
0;0.0;MoveWest;(19, 5);;(22, 14);1;315
0;0.0;MoveWest;(19, 5);;(22, 14);1;316
0;0.0;MoveWest;(19, 5);;(22, 14);1;317
0;0.0;MoveWest;(19, 5);;(22, 14);1;318
0;0.0;MoveWest;(19, 5);;(22, 14);1;319
0;0.0;MoveWest;(19, 5);;(22, 14);1;320
0;0.0;MoveWest;(19, 5);;(22, 14);1;321
0;0.0;MoveWest;(19, 5);;(22, 14);1;322
0;0.0;MoveWest;(19, 5);;(22, 14);1;323
0;0.0;MoveWest;(19, 5);;(22, 14);1;324
0;0.0;MoveWest;(19, 5);;(22, 14);1;325
0;0.0;MoveWest;(19, 5);;(22, 14);1;326
0;0.0;MoveWest;(19, 5);;(22, 14);1;327
0;0.0;MoveWest;(18, 5);;(22, 14);1;328
0;0.0;MoveWest;(18, 5);;(22, 14);1;329
0;0.0;MoveWest;(18, 5);;(22, 14);1;330
0;0.0;MoveWest;(18, 5);;(22, 14);1;331
0;0.0;MoveWest;(18, 5);;(22, 14);1;332
0;0.0;MoveWest;(18, 5);;(22, 14);1;333
0;0.0;MoveWest;(18, 5);;(22, 14);1;334
0;0.0;MoveWest;(18, 5);;(22, 14);1;335
0;0.0;MoveWest;(18, 5);;(22, 14);1;336
0;0.0;MoveWest;(17, 5);;(22, 14);1;337
0;0.0;MoveWest;(17, 5);;(22, 14);1;338
0;0.0;MoveWest;(17, 5);;(22, 14);1;339
0;0.0;MoveWest;(17, 5);;(22, 14);1;340
0;0.0;MoveWest;(17, 5);;(22, 14);1;341
0;0.0;MoveWest;(17, 5);;(22, 14);1;342
0;0.0;MoveWest;(17, 5);;(22, 14);1;343
0;0.0;MoveWest;(17, 5);;(22, 14);1;344
0;0.0;MoveWest;(17, 5);;(22, 14);1;345
0;0.0;MoveWest;(16, 5);;(22, 14);1;346
0;0.0;MoveWest;(16, 5);;(22, 14);1;347
0;0.0;MoveWest;(16, 5);;(22, 14);1;348
0;0.0;MoveWest;(16, 5);;(22, 14);1;349
0;0.0;MoveWest;(16, 5);;(22, 14);1;350
0;0.0;MoveWest;(16, 5);;(22, 14);1;351
0;0.0;MoveWest;(16, 5);;(22, 14);1;352
0;0.0;MoveWest;(16, 5);;(22, 14);1;353
0;0.0;MoveWest;(16, 5);;(22, 14);1;354
0;0.0;MoveWest;(15, 5);;(22, 14);1;355
0;0.0;;(15, 5);;(22, 14);1;356
0;0.0;;(15, 5);;(22, 14);1;357
0;0.0;;(15, 5);;(22, 14);1;358
0;0.0;;(15, 5);;(22, 14);1;359
0;0.0;;(15, 5);;(22, 14);1;360
0;0.0;;(15, 5);;(22, 14);1;361
0;0.0;;(15, 5);;(22, 14);1;362
0;0.0;;(15, 5);;(22, 14);1;363
0;0.0;;(15, 5);;(22, 14);1;364
0;0.0;;(15, 5);;(22, 14);1;365
0;0.0;;(15, 5);;(22, 14);1;366
0;0.0;;(15, 5);;(22, 14);1;367
0;0.0;;(15, 5);;(22, 14);1;368
0;0.0;;(15, 5);;(22, 14);1;369
0;0.0;;(15, 5);;(22, 14);1;370
0;0.0;;(15, 5);;(22, 14);1;371
0;0.0;;(15, 5);;(22, 14);1;372
0;0.0;MoveSouth;(15, 5);;(22, 14);1;373
0;0.0;MoveSouth;(15, 5);;(22, 14);1;374
0;0.0;MoveSouth;(15, 5);;(22, 14);1;375
0;0.0;MoveSouth;(15, 5);;(22, 14);1;376
0;0.0;MoveSouth;(15, 5);;(22, 14);1;377
0;0.0;MoveSouth;(15, 5);;(22, 14);1;378
0;0.0;MoveSouth;(15, 5);;(22, 14);1;379
0;0.0;MoveSouth;(15, 5);;(22, 14);1;380
0;0.0;MoveSouth;(15, 6);;(22, 14);1;381
0;0.0;;(15, 6);;(22, 14);1;382
0;0.0;;(15, 6);;(22, 14);1;383
0;0.0;;(15, 6);;(22, 14);1;384
0;0.0;;(15, 6);;(22, 14);1;385
0;0.0;;(15, 6);;(22, 14);1;386
0;0.0;;(15, 6);;(22, 14);1;387
0;0.0;;(15, 6);;(22, 14);1;388
0;0.0;;(15, 6);;(22, 14);1;389
0;0.0;;(15, 6);;(22, 14);1;390
0;0.0;;(15, 6);;(22, 14);1;391
0;0.0;;(15, 6);;(22, 14);1;392
0;0.0;;(15, 6);;(22, 14);1;393
0;0.0;;(15, 6);;(22, 14);1;394
0;0.0;;(15, 6);;(22, 14);1;395
0;0.0;RemoveObject;(15, 6);;(22, 14);1;396
0;0.0;RemoveObject;(15, 6);;(22, 14);1;397
0;0.0;RemoveObject;(15, 6);;(22, 14);1;398
0;0.0;RemoveObject;(15, 6);;(22, 14);1;399
0;0.0;RemoveObject;(15, 6);;(22, 14);1;400
0;0.0;RemoveObject;(15, 6);;(22, 14);1;401
0;0.0;RemoveObject;(15, 6);;(22, 14);1;402
0;0.0;RemoveObject;(15, 6);;(22, 14);1;403
0;0.0;RemoveObject;(15, 6);;(22, 14);1;404
0;0.0;RemoveObject;(15, 6);;(22, 14);1;405
0;0.0;RemoveObject;(15, 6);;(22, 14);1;406
0;0.0;RemoveObject;(15, 6);;(22, 14);1;407
0;0.0;RemoveObject;(15, 6);;(22, 14);1;408
0;0.0;RemoveObject;(15, 6);;(22, 14);1;409
0;0.0;RemoveObject;(15, 6);;(22, 14);1;410
0;0.0;RemoveObject;(15, 6);;(22, 14);1;411
0;0.0;RemoveObject;(15, 6);;(22, 14);1;412
0;0.0;RemoveObject;(15, 6);;(22, 14);1;413
0;0.0;RemoveObject;(15, 6);;(22, 14);1;414
0;0.0;RemoveObject;(15, 6);;(22, 14);1;415
0;0.0;RemoveObject;(15, 6);;(22, 14);1;416
0;0.0;RemoveObject;(15, 6);;(22, 14);1;417
0;0.0;RemoveObject;(15, 6);;(22, 14);1;418
0;0.0;RemoveObject;(15, 6);;(22, 14);1;419
0;0.0;RemoveObject;(15, 6);;(22, 14);1;420
0;0.0;RemoveObject;(15, 6);;(22, 14);1;421
0;0.0;RemoveObject;(15, 6);;(22, 14);1;422
0;0.0;RemoveObject;(15, 6);;(22, 14);1;423
0;0.0;RemoveObject;(15, 6);;(22, 14);1;424
0;0.0;RemoveObject;(15, 6);;(22, 14);1;425
0;0.0;RemoveObject;(15, 6);;(22, 14);1;426
0;0.0;RemoveObject;(15, 6);;(22, 14);1;427
0;0.0;RemoveObject;(15, 6);;(22, 14);1;428
0;0.0;RemoveObject;(15, 6);;(22, 14);1;429
0;0.0;RemoveObject;(15, 6);;(22, 14);1;430
0;0.0;RemoveObject;(15, 6);;(22, 14);1;431
0;0.0;RemoveObject;(15, 6);;(22, 14);1;432
0;0.0;RemoveObject;(15, 6);;(22, 14);1;433
0;0.0;RemoveObject;(15, 6);;(22, 14);1;434
0;0.0;RemoveObject;(15, 6);;(22, 14);1;435
0;0.0;RemoveObject;(15, 6);;(22, 14);1;436
0;0.0;RemoveObject;(15, 6);;(22, 14);1;437
0;0.0;RemoveObject;(15, 6);;(22, 14);1;438
0;0.0;RemoveObject;(15, 6);;(22, 14);1;439
0;0.0;RemoveObject;(15, 6);;(22, 14);1;440
0;0.0;RemoveObject;(15, 6);;(22, 14);1;441
0;0.0;RemoveObject;(15, 6);;(22, 14);1;442
0;0.0;RemoveObject;(15, 6);;(22, 14);1;443
0;0.0;RemoveObject;(15, 6);;(22, 14);1;444
0;0.0;RemoveObject;(15, 6);;(22, 14);1;445
0;0.0;RemoveObject;(15, 6);;(22, 14);1;446
0;0.0;RemoveObject;(15, 6);;(22, 14);1;447
0;0.0;RemoveObject;(15, 6);;(22, 14);1;448
0;0.0;RemoveObject;(15, 6);;(22, 14);1;449
0;0.0;RemoveObject;(15, 6);;(22, 14);1;450
0;0.0;RemoveObject;(15, 6);;(22, 14);1;451
0;0.0;RemoveObject;(15, 6);;(22, 14);1;452
0;0.0;RemoveObject;(15, 6);;(22, 14);1;453
0;0.0;RemoveObject;(15, 6);;(22, 14);1;454
0;0.0;RemoveObject;(15, 6);;(22, 14);1;455
0;0.0;RemoveObject;(15, 6);;(22, 14);1;456
0;0.0;RemoveObject;(15, 6);;(22, 14);1;457
0;0.0;RemoveObject;(15, 6);;(22, 14);1;458
0;0.0;RemoveObject;(15, 6);;(22, 14);1;459
0;0.0;RemoveObject;(15, 6);;(22, 14);1;460
0;0.0;RemoveObject;(15, 6);;(22, 14);1;461
0;0.0;RemoveObject;(15, 6);;(22, 14);1;462
0;0.0;RemoveObject;(15, 6);;(22, 14);1;463
0;0.0;RemoveObject;(15, 6);;(22, 14);1;464
0;0.0;RemoveObject;(15, 6);;(22, 14);1;465
0;0.0;RemoveObject;(15, 6);;(22, 14);1;466
0;0.0;RemoveObject;(15, 6);;(22, 14);1;467
0;0.0;RemoveObject;(15, 6);;(22, 14);1;468
0;0.0;RemoveObject;(15, 6);;(22, 14);1;469
0;0.0;RemoveObject;(15, 6);;(22, 14);1;470
0;0.0;RemoveObject;(15, 6);;(22, 14);1;471
0;0.0;RemoveObject;(15, 6);;(22, 14);1;472
0;0.0;RemoveObject;(15, 6);;(22, 14);1;473
0;0.0;RemoveObject;(15, 6);;(22, 14);1;474
0;0.0;RemoveObject;(15, 6);;(22, 14);1;475
0;0.0;RemoveObject;(15, 6);;(22, 14);1;476
0;0.0;RemoveObject;(15, 6);;(22, 14);1;477
0;0.0;RemoveObject;(15, 6);;(22, 14);1;478
0;0.0;RemoveObject;(15, 6);;(22, 14);1;479
0;0.0;RemoveObject;(15, 6);;(22, 14);1;480
0;0.0;RemoveObject;(15, 6);;(22, 14);1;481
0;0.0;RemoveObject;(15, 6);;(22, 14);1;482
0;0.0;RemoveObject;(15, 6);;(22, 14);1;483
0;0.0;RemoveObject;(15, 6);;(22, 14);1;484
0;0.0;RemoveObject;(15, 6);;(22, 14);1;485
0;0.0;RemoveObject;(15, 6);;(22, 14);1;486
0;0.0;RemoveObject;(15, 6);;(22, 14);1;487
0;0.0;RemoveObject;(15, 6);;(22, 14);1;488
0;0.0;RemoveObject;(15, 6);;(22, 14);1;489
0;0.0;RemoveObject;(15, 6);;(22, 14);1;490
0;0.0;RemoveObject;(15, 6);;(22, 14);1;491
0;0.0;RemoveObject;(15, 6);;(22, 14);1;492
0;0.0;RemoveObject;(15, 6);;(22, 14);1;493
0;0.0;RemoveObject;(15, 6);;(22, 14);1;494
0;0.0;RemoveObject;(15, 6);;(22, 14);1;495
0;0.0;RemoveObject;(15, 6);;(22, 14);1;496
0;0.0;MoveSouth;(15, 6);;(22, 14);1;497
0;0.0;MoveSouth;(15, 6);;(22, 14);1;498
0;0.0;MoveSouth;(15, 6);;(22, 14);1;499
0;0.0;MoveSouth;(15, 6);;(22, 14);1;500
0;0.0;MoveSouth;(15, 6);;(22, 14);1;501
0;0.0;MoveSouth;(15, 6);;(22, 14);1;502
0;0.0;MoveSouth;(15, 6);;(22, 14);1;503
0;0.0;MoveSouth;(15, 6);;(22, 14);1;504
0;0.0;MoveSouth;(15, 7);;(22, 14);1;505
0;0.0;MoveSouthWest;(15, 7);;(22, 14);1;506
0;0.0;MoveSouthWest;(15, 7);;(22, 14);1;507
0;0.0;MoveSouthWest;(15, 7);;(22, 14);1;508
0;0.0;MoveSouthWest;(15, 7);;(22, 14);1;509
0;0.0;MoveSouthWest;(15, 7);;(22, 14);1;510
0;0.0;MoveSouthWest;(15, 7);;(22, 14);1;511
0;0.0;MoveSouthWest;(15, 7);;(22, 14);1;512
0;0.0;MoveSouthWest;(15, 7);;(22, 14);1;513
0;0.0;MoveSouthWest;(14, 8);;(22, 14);1;514
0;0.0;MoveSouthEast;(14, 8);;(22, 14);1;515
0;0.0;MoveSouthEast;(14, 8);;(22, 14);1;516
0;0.0;MoveSouthEast;(14, 8);;(22, 14);1;517
0;0.0;MoveSouthEast;(14, 8);;(22, 14);1;518
0;0.0;MoveSouthEast;(14, 8);;(22, 14);1;519
0;0.0;MoveSouthEast;(14, 8);;(22, 14);1;520
0;0.0;MoveSouthEast;(14, 8);;(22, 14);1;521
0;0.0;MoveSouthEast;(14, 8);;(22, 14);1;522
0;0.0;MoveSouthEast;(15, 9);;(22, 14);1;523
0;0.0;MoveNorthEast;(15, 9);;(22, 14);1;524
0;0.0;MoveNorthEast;(15, 9);;(22, 14);1;525
0;0.0;MoveNorthEast;(15, 9);;(22, 14);1;526
0;0.0;MoveNorthEast;(15, 9);;(22, 14);1;527
0;0.0;MoveNorthEast;(15, 9);;(22, 14);1;528
0;0.0;MoveNorthEast;(15, 9);;(22, 14);1;529
0;0.0;MoveNorthEast;(15, 9);;(22, 14);1;530
0;0.0;MoveNorthEast;(15, 9);;(22, 14);1;531
0;0.0;MoveNorthEast;(16, 8);;(22, 14);1;532
0;0.0;;(16, 8);;(22, 14);1;533
0;0.0;;(16, 8);;(22, 14);1;534
0;0.0;;(16, 8);;(22, 14);1;535
0;0.0;;(16, 8);;(22, 14);1;536
0;0.0;;(16, 8);;(22, 14);1;537
0;0.0;;(16, 8);;(22, 14);1;538
0;0.0;;(16, 8);;(22, 14);1;539
0;0.0;;(16, 8);;(22, 14);1;540
0;0.0;;(16, 8);;(22, 14);1;541
0;0.0;;(16, 8);;(22, 14);1;542
0;0.0;;(16, 8);;(22, 14);1;543
0;0.0;Idle;(16, 8);;(22, 14);1;544
0;0.0;Idle;(16, 8);;(22, 14);1;545
0;0.0;Idle;(16, 8);;(22, 14);1;546
0;0.0;Idle;(16, 8);;(22, 14);1;547
0;0.0;Idle;(16, 8);;(22, 14);1;548
0;0.0;Idle;(16, 8);;(22, 14);1;549
0;0.0;Idle;(16, 8);;(22, 14);1;550
0;0.0;Idle;(16, 8);;(22, 14);1;551
0;0.0;Idle;(16, 8);;(22, 14);1;552
0;0.0;Idle;(16, 8);;(22, 14);1;553
0;0.0;Idle;(16, 8);;(22, 14);1;554
0;0.0;Idle;(16, 8);;(22, 14);1;555
0;0.0;Idle;(16, 8);;(22, 14);1;556
0;0.0;Idle;(16, 8);;(22, 14);1;557
0;0.0;Idle;(16, 8);;(22, 14);1;558
0;0.0;Idle;(16, 8);;(22, 14);1;559
0;0.0;Idle;(16, 8);;(22, 14);1;560
0;0.0;Idle;(16, 8);;(22, 14);1;561
0;0.0;Idle;(16, 8);;(22, 14);1;562
0;0.0;Idle;(16, 8);;(22, 14);1;563
0;0.0;Idle;(16, 8);;(22, 14);1;564
0;0.0;Idle;(16, 8);;(22, 14);1;565
0;0.0;Idle;(16, 8);;(22, 14);1;566
0;0.0;Idle;(16, 8);;(22, 14);1;567
0;0.0;Idle;(16, 8);;(22, 14);1;568
0;0.0;Idle;(16, 8);;(22, 14);1;569
0;0.0;MoveWest;(16, 8);;(22, 14);1;570
0;0.0;MoveWest;(16, 8);;(22, 14);1;571
0;0.0;MoveWest;(16, 8);;(22, 14);1;572
0;0.0;MoveWest;(16, 8);;(22, 14);1;573
0;0.0;MoveWest;(16, 8);;(22, 14);1;574
0;0.0;MoveWest;(16, 8);;(22, 14);1;575
0;0.0;MoveWest;(16, 8);;(22, 14);1;576
0;0.0;MoveWest;(16, 8);;(22, 14);1;577
0;0.0;MoveWest;(15, 8);;(22, 14);1;578
0;0.0;MoveWest;(15, 8);;(22, 14);1;579
0;0.0;MoveWest;(15, 8);;(22, 14);1;580
0;0.0;MoveWest;(15, 8);;(22, 14);1;581
0;0.0;MoveWest;(15, 8);;(22, 14);1;582
0;0.0;MoveWest;(15, 8);;(22, 14);1;583
0;0.0;MoveWest;(15, 8);;(22, 14);1;584
0;0.0;MoveWest;(15, 8);;(22, 14);1;585
0;0.0;MoveWest;(15, 8);;(22, 14);1;586
0;0.0;MoveWest;(14, 8);;(22, 14);1;587
0;0.0;;(14, 8);;(22, 14);1;588
0;0.0;;(14, 8);;(22, 14);1;589
0;0.0;;(14, 8);;(22, 14);1;590
0;0.0;;(14, 8);;(22, 14);1;591
0;0.0;;(14, 8);;(22, 14);1;592
0;0.0;;(14, 8);;(22, 14);1;593
0;0.0;;(14, 8);;(22, 14);1;594
0;0.0;;(14, 8);;(22, 14);1;595
0;0.0;;(14, 8);;(22, 14);1;596
0;0.0;;(14, 8);;(22, 14);1;597
0;0.0;;(14, 8);;(22, 14);1;598
0;0.0;;(14, 8);;(22, 14);1;599
0;0.0;;(14, 8);;(22, 14);1;600
0;0.0;;(14, 8);;(22, 14);1;601
0;0.0;;(14, 8);;(22, 14);1;602
0;0.0;;(14, 8);;(22, 14);1;603
0;0.0;;(14, 8);;(22, 14);1;604
0;0.0;;(14, 8);;(22, 14);1;605
0;0.0;;(14, 8);;(22, 14);1;606
0;0.0;;(14, 8);;(22, 14);1;607
0;0.0;;(14, 8);;(22, 14);1;608
0;0.0;;(14, 8);;(22, 14);1;609
0;0.0;;(14, 8);;(22, 14);1;610
0;0.0;;(14, 8);;(22, 14);1;611
0;0.0;;(14, 8);;(22, 14);1;612
0;0.0;;(14, 8);;(22, 14);1;613
0;0.0;;(14, 8);;(22, 14);1;614
0;0.0;;(14, 8);;(22, 14);1;615
0;0.0;;(14, 8);;(22, 14);1;616
0;0.0;;(14, 8);;(22, 14);1;617
0;0.0;;(14, 8);;(22, 14);1;618
0;0.0;;(14, 8);;(22, 14);1;619
0;0.0;;(14, 8);;(22, 14);1;620
0;0.0;;(14, 8);;(22, 14);1;621
0;0.0;;(14, 8);;(22, 14);1;622
0;0.0;;(14, 8);;(22, 14);1;623
0;0.0;;(14, 8);;(22, 14);1;624
0;0.0;;(14, 8);;(22, 14);1;625
0;0.0;;(14, 8);;(22, 14);1;626
0;0.0;;(14, 8);;(22, 14);1;627
0;0.0;;(14, 8);;(22, 14);1;628
0;0.0;;(14, 8);;(22, 14);1;629
0;0.0;;(14, 8);;(22, 14);1;630
0;0.0;;(14, 8);;(22, 14);1;631
0;0.0;;(14, 8);;(22, 14);1;632
0;0.0;;(14, 8);;(22, 14);1;633
0;0.0;;(14, 8);;(22, 14);1;634
0;0.0;Idle;(14, 8);;(22, 14);1;635
0;0.0;Idle;(14, 8);;(22, 14);1;636
0;0.0;Idle;(14, 8);;(22, 14);1;637
0;0.0;Idle;(14, 8);;(22, 14);1;638
0;0.0;Idle;(14, 8);;(22, 14);1;639
0;0.0;Idle;(14, 8);;(22, 14);1;640
0;0.0;Idle;(14, 8);;(22, 14);1;641
0;0.0;Idle;(14, 8);;(22, 14);1;642
0;0.0;Idle;(14, 8);;(22, 14);1;643
0;0.0;Idle;(14, 8);;(22, 14);1;644
0;0.0;Idle;(14, 8);;(22, 14);1;645
0;0.0;Idle;(14, 8);;(22, 14);1;646
0;0.0;Idle;(14, 8);;(22, 14);1;647
0;0.0;Idle;(14, 8);;(22, 14);1;648
0;0.0;Idle;(14, 8);;(22, 14);1;649
0;0.0;Idle;(14, 8);;(22, 14);1;650
0;0.0;Idle;(14, 8);;(22, 14);1;651
0;0.0;Idle;(14, 8);;(22, 14);1;652
0;0.0;Idle;(14, 8);;(22, 14);1;653
0;0.0;Idle;(14, 8);;(22, 14);1;654
0;0.0;Idle;(14, 8);;(22, 14);1;655
0;0.0;Idle;(14, 8);;(22, 14);1;656
0;0.0;Idle;(14, 8);;(22, 14);1;657
0;0.0;Idle;(14, 8);;(22, 14);1;658
0;0.0;Idle;(14, 8);;(22, 14);1;659
0;0.0;Idle;(14, 8);;(22, 14);1;660
0;0.0;CarryObject;(14, 8);;(22, 14);1;661
0;0.0;CarryObject;(14, 8);;(22, 14);1;662
0;0.0;CarryObject;(14, 8);;(22, 14);1;663
0;0.0;CarryObject;(14, 8);;(22, 14);1;664
0;0.0;CarryObject;(14, 8);;(22, 14);1;665
0;0.0;CarryObject;(14, 8);;(22, 14);1;666
0;0.0;CarryObject;(14, 8);;(22, 14);1;667
0;0.0;CarryObject;(14, 8);;(22, 14);1;668
0;0.0;CarryObject;(14, 8);;(22, 14);1;669
0;0.0;CarryObject;(14, 8);;(22, 14);1;670
0;0.0;CarryObject;(14, 8);;(22, 14);1;671
0;0.0;CarryObject;(14, 8);;(22, 14);1;672
0;0.0;CarryObject;(14, 8);;(22, 14);1;673
0;0.0;CarryObject;(14, 8);;(22, 14);1;674
0;0.0;CarryObject;(14, 8);;(22, 14);1;675
0;0.0;CarryObject;(14, 8);;(22, 14);1;676
0;0.0;CarryObject;(14, 8);;(22, 14);1;677
0;0.0;CarryObject;(14, 8);;(22, 14);1;678
0;0.0;CarryObject;(14, 8);;(22, 14);1;679
0;0.0;CarryObject;(14, 8);;(22, 14);1;680
0;0.0;CarryObject;(14, 8);;(22, 14);1;681
0;0.0;CarryObject;(14, 8);;(22, 14);1;682
0;0.0;CarryObject;(14, 8);;(22, 14);1;683
0;0.0;CarryObject;(14, 8);;(22, 14);1;684
0;0.0;CarryObject;(14, 8);;(22, 14);1;685
0;0.0;CarryObject;(14, 8);;(22, 14);1;686
0;0.0;CarryObject;(14, 8);;(22, 14);1;687
0;0.0;CarryObject;(14, 8);;(22, 14);1;688
0;0.0;CarryObject;(14, 8);;(22, 14);1;689
0;0.0;CarryObject;(14, 8);;(22, 14);1;690
0;0.0;CarryObject;(14, 8);;(22, 14);1;691
0;0.0;CarryObject;(14, 8);;(22, 14);1;692
0;0.0;CarryObject;(14, 8);;(22, 14);1;693
0;0.0;CarryObject;(14, 8);;(22, 14);1;694
0;0.0;CarryObject;(14, 8);;(22, 14);1;695
0;0.0;CarryObject;(14, 8);;(22, 14);1;696
0;0.0;CarryObject;(14, 8);;(22, 14);1;697
0;0.0;CarryObject;(14, 8);;(22, 14);1;698
0;0.0;CarryObject;(14, 8);;(22, 14);1;699
0;0.0;CarryObject;(14, 8);;(22, 14);1;700
0;0.0;CarryObject;(14, 8);;(22, 14);1;701
0;0.0;CarryObject;(14, 8);;(22, 14);1;702
0;0.0;CarryObject;(14, 8);;(22, 14);1;703
0;0.0;CarryObject;(14, 8);;(22, 14);1;704
0;0.0;CarryObject;(14, 8);;(22, 14);1;705
0;0.0;CarryObject;(14, 8);;(22, 14);1;706
0;0.0;CarryObject;(14, 8);;(22, 14);1;707
0;0.0;CarryObject;(14, 8);;(22, 14);1;708
0;0.0;CarryObject;(14, 8);;(22, 14);1;709
0;0.0;CarryObject;(14, 8);;(22, 14);1;710
0;0.0;CarryObject;(14, 8);;(22, 14);1;711
0;0.0;CarryObject;(14, 8);;(22, 14);1;712
0;0.0;CarryObject;(14, 8);;(22, 14);1;713
0;0.0;CarryObject;(14, 8);;(22, 14);1;714
0;0.0;CarryObject;(14, 8);;(22, 14);1;715
0;0.0;CarryObject;(14, 8);;(22, 14);1;716
0;0.0;CarryObject;(14, 8);;(22, 14);1;717
0;0.0;CarryObject;(14, 8);;(22, 14);1;718
0;0.0;CarryObject;(14, 8);;(22, 14);1;719
0;0.0;CarryObject;(14, 8);;(22, 14);1;720
0;0.0;CarryObject;(14, 8);;(22, 14);1;721
0;0.0;CarryObject;(14, 8);;(22, 14);1;722
0;0.0;CarryObject;(14, 8);;(22, 14);1;723
0;0.0;CarryObject;(14, 8);;(22, 14);1;724
0;0.0;CarryObject;(14, 8);;(22, 14);1;725
0;0.0;CarryObject;(14, 8);;(22, 14);1;726
0;0.0;CarryObject;(14, 8);;(22, 14);1;727
0;0.0;CarryObject;(14, 8);;(22, 14);1;728
0;0.0;CarryObject;(14, 8);;(22, 14);1;729
0;0.0;CarryObject;(14, 8);;(22, 14);1;730
0;0.0;CarryObject;(14, 8);;(22, 14);1;731
0;0.0;CarryObject;(14, 8);;(22, 14);1;732
0;0.0;CarryObject;(14, 8);;(22, 14);1;733
0;0.0;CarryObject;(14, 8);;(22, 14);1;734
0;0.0;CarryObject;(14, 8);;(22, 14);1;735
0;0.0;CarryObject;(14, 8);;(22, 14);1;736
0;0.0;CarryObject;(14, 8);;(22, 14);1;737
0;0.0;CarryObject;(14, 8);;(22, 14);1;738
0;0.0;CarryObject;(14, 8);;(22, 14);1;739
0;0.0;CarryObject;(14, 8);;(22, 14);1;740
0;0.0;CarryObject;(14, 8);;(22, 14);1;741
0;0.0;CarryObject;(14, 8);;(22, 14);1;742
0;0.0;CarryObject;(14, 8);;(22, 14);1;743
0;0.0;CarryObject;(14, 8);;(22, 14);1;744
0;0.0;CarryObject;(14, 8);;(22, 14);1;745
0;0.0;CarryObject;(14, 8);;(22, 14);1;746
0;0.0;CarryObject;(14, 8);;(22, 14);1;747
0;0.0;CarryObject;(14, 8);;(22, 14);1;748
0;0.0;CarryObject;(14, 8);;(22, 14);1;749
0;0.0;CarryObject;(14, 8);;(22, 14);1;750
0;0.0;CarryObject;(14, 8);;(22, 14);1;751
0;0.0;CarryObject;(14, 8);;(22, 14);1;752
0;0.0;CarryObject;(14, 8);;(22, 14);1;753
0;0.0;CarryObject;(14, 8);;(22, 14);1;754
0;0.0;CarryObject;(14, 8);;(22, 14);1;755
0;0.0;CarryObject;(14, 8);;(22, 14);1;756
0;0.0;CarryObject;(14, 8);;(22, 14);1;757
0;0.0;CarryObject;(14, 8);;(22, 14);1;758
0;0.0;CarryObject;(14, 8);;(22, 14);1;759
0;0.0;CarryObject;(14, 8);;(22, 14);1;760
0;0.0;CarryObject;(14, 8);;(22, 14);1;761
0;0.0;CarryObject;(14, 8);;(22, 14);1;762
0;0.0;CarryObject;(14, 8);;(22, 14);1;763
0;0.0;CarryObject;(14, 8);;(22, 14);1;764
0;0.0;CarryObject;(14, 8);;(22, 14);1;765
0;0.0;CarryObject;(14, 8);;(22, 14);1;766
0;0.0;CarryObject;(14, 8);;(22, 14);1;767
0;0.0;CarryObject;(14, 8);;(22, 14);1;768
0;0.0;CarryObject;(14, 8);;(22, 14);1;769
0;0.0;CarryObject;(14, 8);;(22, 14);1;770
0;0.0;CarryObject;(14, 8);;(22, 14);1;771
0;0.0;CarryObject;(14, 8);;(22, 14);1;772
0;0.0;CarryObject;(14, 8);;(22, 14);1;773
0;0.0;CarryObject;(14, 8);;(22, 14);1;774
0;0.0;CarryObject;(14, 8);;(22, 14);1;775
0;0.0;CarryObject;(14, 8);;(22, 14);1;776
0;0.0;CarryObject;(14, 8);;(22, 14);1;777
0;0.0;CarryObject;(14, 8);;(22, 14);1;778
0;0.0;CarryObject;(14, 8);;(22, 14);1;779
0;0.0;CarryObject;(14, 8);;(22, 14);1;780
0;0.0;CarryObject;(14, 8);;(22, 14);1;781
0;0.0;CarryObject;(14, 8);;(22, 14);1;782
0;0.0;CarryObject;(14, 8);;(22, 14);1;783
0;0.0;CarryObject;(14, 8);;(22, 14);1;784
0;0.0;CarryObject;(14, 8);;(22, 14);1;785
0;0.0;CarryObject;(14, 8);;(22, 14);1;786
0;0.0;CarryObject;(14, 8);;(22, 14);1;787
0;0.0;CarryObject;(14, 8);;(22, 14);1;788
0;0.0;CarryObject;(14, 8);;(22, 14);1;789
0;0.0;CarryObject;(14, 8);;(22, 14);1;790
0;0.0;CarryObject;(14, 8);;(22, 14);1;791
0;0.0;CarryObject;(14, 8);;(22, 14);1;792
0;0.0;CarryObject;(14, 8);;(22, 14);1;793
0;0.0;CarryObject;(14, 8);;(22, 14);1;794
0;0.0;CarryObject;(14, 8);;(22, 14);1;795
0;0.0;CarryObject;(14, 8);;(22, 14);1;796
0;0.0;CarryObject;(14, 8);;(22, 14);1;797
0;0.0;CarryObject;(14, 8);;(22, 14);1;798
0;0.0;CarryObject;(14, 8);;(22, 14);1;799
0;0.0;CarryObject;(14, 8);;(22, 14);1;800
0;0.0;CarryObject;(14, 8);;(22, 14);1;801
0;0.0;CarryObject;(14, 8);;(22, 14);1;802
0;0.0;CarryObject;(14, 8);;(22, 14);1;803
0;0.0;CarryObject;(14, 8);;(22, 14);1;804
0;0.0;CarryObject;(14, 8);;(22, 14);1;805
0;0.0;CarryObject;(14, 8);;(22, 14);1;806
0;0.0;CarryObject;(14, 8);;(22, 14);1;807
0;0.0;CarryObject;(14, 8);;(22, 14);1;808
0;0.0;CarryObject;(14, 8);;(22, 14);1;809
0;0.0;CarryObject;(14, 8);;(22, 14);1;810
0;0.0;CarryObject;(14, 8);;(22, 14);1;811
0;0.0;MoveNorthEast;(14, 8);;(22, 14);1;812
0;0.0;MoveNorthEast;(14, 8);;(22, 14);1;813
0;0.0;MoveNorthEast;(14, 8);;(22, 14);1;814
0;0.0;MoveNorthEast;(14, 8);;(22, 14);1;815
0;0.0;MoveNorthEast;(14, 8);;(22, 14);1;816
0;0.0;MoveNorthEast;(14, 8);;(22, 14);1;817
0;0.0;MoveNorthEast;(14, 8);;(22, 14);1;818
0;0.0;MoveNorthEast;(14, 8);;(22, 14);1;819
0;0.0;MoveNorthEast;(15, 7);;(22, 14);1;820
0;0.0;MoveNorthEast;(15, 7);;(22, 14);1;821
0;0.0;MoveNorthEast;(15, 7);;(22, 14);1;822
0;0.0;MoveNorthEast;(15, 7);;(22, 14);1;823
0;0.0;MoveNorthEast;(15, 7);;(22, 14);1;824
0;0.0;MoveNorthEast;(15, 7);;(22, 14);1;825
0;0.0;MoveNorthEast;(15, 7);;(22, 14);1;826
0;0.0;MoveNorthEast;(15, 7);;(22, 14);1;827
0;0.0;MoveNorthEast;(15, 7);;(22, 14);1;828
0;0.0;MoveNorthEast;(16, 6);;(22, 14);1;829
0;0.0;MoveEast;(16, 6);;(22, 14);1;830
0;0.0;MoveEast;(16, 6);;(22, 14);1;831
0;0.0;MoveEast;(16, 6);;(22, 14);1;832
0;0.0;MoveEast;(16, 6);;(22, 14);1;833
0;0.0;MoveEast;(16, 6);;(22, 14);1;834
0;0.0;MoveEast;(16, 6);;(22, 14);1;835
0;0.0;MoveEast;(16, 6);;(22, 14);1;836
0;0.0;MoveEast;(16, 6);;(22, 14);1;837
0;0.0;MoveEast;(17, 6);;(22, 14);1;838
0;0.0;MoveSouthEast;(17, 6);;(22, 14);1;839
0;0.0;MoveSouthEast;(17, 6);;(22, 14);1;840
0;0.0;MoveSouthEast;(17, 6);;(22, 14);1;841
0;0.0;MoveSouthEast;(17, 6);;(22, 14);1;842
0;0.0;MoveSouthEast;(17, 6);;(22, 14);1;843
0;0.0;MoveSouthEast;(17, 6);;(22, 14);1;844
0;0.0;MoveSouthEast;(17, 6);;(22, 14);1;845
0;0.0;MoveSouthEast;(17, 6);;(22, 14);1;846
0;0.0;MoveSouthEast;(18, 7);;(22, 14);1;847
0;0.0;MoveSouthEast;(18, 7);;(22, 14);1;848
0;0.0;MoveSouthEast;(18, 7);;(22, 14);1;849
0;0.0;MoveSouthEast;(18, 7);;(22, 14);1;850
0;0.0;MoveSouthEast;(18, 7);;(22, 14);1;851
0;0.0;MoveSouthEast;(18, 7);;(22, 14);1;852
0;0.0;MoveSouthEast;(18, 7);;(22, 14);1;853
0;0.0;MoveSouthEast;(18, 7);;(22, 14);1;854
0;0.0;MoveSouthEast;(18, 7);;(22, 14);1;855
0;0.0;MoveSouthEast;(19, 8);;(22, 14);1;856
0;0.0;MoveSouthEast;(19, 8);;(22, 14);1;857
0;0.0;MoveSouthEast;(19, 8);;(22, 14);1;858
0;0.0;MoveSouthEast;(19, 8);;(22, 14);1;859
0;0.0;MoveSouthEast;(19, 8);;(22, 14);1;860
0;0.0;MoveSouthEast;(19, 8);;(22, 14);1;861
0;0.0;MoveSouthEast;(19, 8);;(22, 14);1;862
0;0.0;MoveSouthEast;(19, 8);;(22, 14);1;863
0;0.0;MoveSouthEast;(19, 8);;(22, 14);1;864
0;0.0;MoveSouthEast;(19, 8);;(22, 14);1;865
0;0.0;MoveSouthEast;(19, 8);;(22, 14);1;866
0;0.0;MoveSouthEast;(19, 8);;(22, 14);1;867
0;0.0;MoveSouthEast;(19, 8);;(22, 14);1;868
0;0.0;MoveSouthEast;(19, 8);;(22, 14);1;869
0;0.0;MoveSouthEast;(20, 9);;(22, 14);1;870
0;0.0;MoveSouthEast;(20, 9);;(22, 14);1;871
0;0.0;MoveSouthEast;(20, 9);;(22, 14);1;872
0;0.0;MoveSouthEast;(20, 9);;(22, 14);1;873
0;0.0;MoveSouthEast;(20, 9);;(22, 14);1;874
0;0.0;MoveSouthEast;(20, 9);;(22, 14);1;875
0;0.0;MoveSouthEast;(20, 9);;(22, 14);1;876
0;0.0;MoveSouthEast;(20, 9);;(22, 14);1;877
0;0.0;MoveSouthEast;(20, 9);;(22, 14);1;878
0;0.0;MoveSouthEast;(21, 10);;(22, 14);1;879
0;0.0;MoveSouthEast;(21, 10);;(22, 14);1;880
0;0.0;MoveSouthEast;(21, 10);;(22, 14);1;881
0;0.0;MoveSouthEast;(21, 10);;(22, 14);1;882
0;0.0;MoveSouthEast;(21, 10);;(22, 14);1;883
0;0.0;MoveSouthEast;(21, 10);;(22, 14);1;884
0;0.0;MoveSouthEast;(21, 10);;(22, 14);1;885
0;0.0;MoveSouthEast;(21, 10);;(22, 14);1;886
0;0.0;MoveSouthEast;(21, 10);;(22, 14);1;887
0;0.0;MoveSouthEast;(22, 11);;(22, 14);1;888
0;0.0;MoveSouth;(22, 11);;(22, 14);1;889
0;0.0;MoveSouth;(22, 11);;(22, 14);1;890
0;0.0;MoveSouth;(22, 11);;(22, 14);1;891
0;0.0;MoveSouth;(22, 11);;(22, 14);1;892
0;0.0;MoveSouth;(22, 11);;(22, 14);1;893
0;0.0;MoveSouth;(22, 11);;(22, 14);1;894
0;0.0;MoveSouth;(22, 11);;(22, 14);1;895
0;0.0;MoveSouth;(22, 11);;(22, 14);1;896
0;0.0;MoveSouth;(22, 12);;(22, 14);1;897
0;0.0;MoveSouth;(22, 12);;(22, 14);1;898
0;0.0;MoveSouth;(22, 12);;(22, 14);1;899
0;0.0;MoveSouth;(22, 12);;(22, 14);1;900
0;0.0;MoveSouth;(22, 12);;(22, 14);1;901
0;0.0;MoveSouth;(22, 12);;(22, 14);1;902
0;0.0;MoveSouth;(22, 12);;(22, 14);1;903
0;0.0;MoveSouth;(22, 12);;(22, 14);1;904
0;0.0;MoveSouth;(22, 12);;(22, 14);1;905
0;0.0;MoveSouth;(22, 13);;(22, 14);1;906
0;0.0;MoveSouthEast;(22, 13);;(22, 14);1;907
0;0.0;MoveSouthEast;(22, 13);;(22, 14);1;908
0;0.0;MoveSouthEast;(22, 13);;(22, 14);1;909
0;0.0;MoveSouthEast;(22, 13);;(22, 14);1;910
0;0.0;MoveSouthEast;(22, 13);;(22, 14);1;911
0;0.0;MoveSouthEast;(22, 13);;(22, 14);1;912
0;0.0;MoveSouthEast;(22, 13);;(22, 14);1;913
0;0.0;MoveSouthEast;(22, 13);;(22, 14);1;914
0;0.0;MoveSouthEast;(23, 14);;(22, 14);1;915
0;0.0;Drop;(23, 14);;(22, 14);1;916
0;0.0;Drop;(23, 14);;(22, 14);1;917
0;0.0;Drop;(23, 14);;(22, 14);1;918
0;0.0;Drop;(23, 14);;(22, 14);1;919
0;0.0;Drop;(23, 14);;(22, 14);1;920
0;0.0;Drop;(23, 14);;(22, 14);1;921
0;0.0;Drop;(23, 14);;(22, 14);1;922
0;0.0;Drop;(23, 14);;(22, 14);1;923
3;0.125;Drop;(23, 14);;(22, 14);1;924
3;0.125;MoveSouthWest;(23, 14);;(22, 14);1;925
3;0.125;MoveSouthWest;(23, 14);;(22, 14);1;926
3;0.125;MoveSouthWest;(23, 14);;(22, 14);1;927
3;0.125;MoveSouthWest;(23, 14);;(22, 14);1;928
3;0.125;MoveSouthWest;(23, 14);;(22, 14);1;929
3;0.125;MoveSouthWest;(23, 14);;(22, 14);1;930
3;0.125;MoveSouthWest;(23, 14);;(22, 14);1;931
3;0.125;MoveSouthWest;(23, 14);;(22, 14);1;932
3;0.125;MoveSouthWest;(22, 15);;(22, 14);1;933
3;0.125;MoveSouth;(22, 15);;(22, 14);1;934
3;0.125;MoveSouth;(22, 15);;(22, 14);1;935
3;0.125;MoveSouth;(22, 15);;(22, 14);1;936
3;0.125;MoveSouth;(22, 15);;(22, 14);1;937
3;0.125;MoveSouth;(22, 15);;(22, 14);1;938
3;0.125;MoveSouth;(22, 15);;(22, 14);1;939
3;0.125;MoveSouth;(22, 15);;(22, 14);1;940
3;0.125;MoveSouth;(22, 15);;(22, 14);1;941
3;0.125;MoveSouth;(22, 16);;(22, 14);1;942
3;0.125;MoveSouthWest;(22, 16);;(22, 14);1;943
3;0.125;MoveSouthWest;(22, 16);;(22, 14);1;944
3;0.125;MoveSouthWest;(22, 16);;(22, 14);1;945
3;0.125;MoveSouthWest;(22, 16);;(22, 14);1;946
3;0.125;MoveSouthWest;(22, 16);;(22, 14);1;947
3;0.125;MoveSouthWest;(22, 16);;(22, 14);1;948
3;0.125;MoveSouthWest;(22, 16);;(22, 14);1;949
3;0.125;MoveSouthWest;(22, 16);;(22, 14);1;950
3;0.125;MoveSouthWest;(21, 17);;(22, 14);1;951
3;0.125;MoveSouth;(21, 17);;(22, 14);1;952
3;0.125;MoveSouth;(21, 17);;(22, 14);1;953
3;0.125;MoveSouth;(21, 17);;(22, 14);1;954
3;0.125;MoveSouth;(21, 17);;(22, 14);1;955
3;0.125;MoveSouth;(21, 17);;(22, 14);1;956
3;0.125;MoveSouth;(21, 17);;(22, 14);1;957
3;0.125;MoveSouth;(21, 17);;(22, 14);1;958
3;0.125;MoveSouth;(21, 17);;(22, 14);1;959
3;0.125;MoveSouth;(21, 18);;(22, 14);1;960
3;0.125;;(21, 18);;(22, 14);1;961
3;0.125;;(21, 18);;(22, 14);1;962
3;0.125;;(21, 18);;(22, 14);1;963
3;0.125;;(21, 18);;(22, 14);1;964
3;0.125;;(21, 18);;(22, 14);1;965
3;0.125;;(21, 18);;(22, 14);1;966
3;0.125;;(21, 18);;(22, 14);1;967
3;0.125;;(21, 18);;(22, 14);1;968
3;0.125;;(21, 18);;(22, 14);1;969
3;0.125;;(21, 18);;(22, 14);1;970
3;0.125;;(21, 18);;(22, 14);1;971
3;0.125;;(21, 18);;(22, 14);1;972
3;0.125;;(21, 18);;(22, 14);1;973
3;0.125;;(21, 18);;(22, 14);1;974
3;0.125;;(21, 18);;(22, 14);1;975
3;0.125;;(21, 18);;(22, 14);1;976
3;0.125;;(21, 18);;(22, 14);1;977
3;0.125;;(21, 18);;(22, 14);1;978
3;0.125;;(21, 18);;(22, 14);1;979
3;0.125;;(21, 18);;(22, 14);1;980
3;0.125;;(21, 18);;(22, 14);1;981
3;0.125;;(21, 18);;(22, 14);1;982
3;0.125;;(21, 18);;(22, 14);1;983
3;0.125;;(21, 18);;(22, 14);1;984
3;0.125;;(21, 18);;(22, 14);1;985
3;0.125;;(21, 18);;(22, 14);1;986
3;0.125;;(21, 18);;(22, 14);1;987
3;0.125;;(21, 18);;(22, 14);1;988
3;0.125;;(21, 18);;(22, 14);1;989
3;0.125;;(21, 18);;(22, 14);1;990
3;0.125;;(21, 18);;(22, 14);1;991
3;0.125;;(21, 18);;(22, 14);1;992
3;0.125;;(21, 18);;(22, 14);1;993
3;0.125;;(21, 18);;(22, 14);1;994
3;0.125;;(21, 18);;(22, 14);1;995
3;0.125;;(21, 18);;(22, 14);1;996
3;0.125;;(21, 18);;(22, 14);1;997
3;0.125;;(21, 18);;(22, 14);1;998
3;0.125;;(21, 18);;(22, 14);1;999
3;0.125;;(21, 18);;(22, 14);1;1000
3;0.125;;(21, 18);;(22, 14);1;1001
3;0.125;;(21, 18);;(22, 14);1;1002
3;0.125;;(21, 18);;(22, 14);1;1003
3;0.125;;(21, 18);;(22, 14);1;1004
3;0.125;;(21, 18);;(22, 14);1;1005
3;0.125;;(21, 18);;(22, 14);1;1006
3;0.125;;(21, 18);;(22, 14);1;1007
3;0.125;;(21, 18);;(22, 14);1;1008
3;0.125;;(21, 18);;(22, 14);1;1009
3;0.125;;(21, 18);;(22, 14);1;1010
3;0.125;;(21, 18);;(22, 14);1;1011
3;0.125;;(21, 18);;(22, 14);1;1012
3;0.125;;(21, 18);;(22, 14);1;1013
3;0.125;;(21, 18);;(22, 14);1;1014
3;0.125;;(21, 18);;(22, 14);1;1015
3;0.125;;(21, 18);;(22, 14);1;1016
3;0.125;;(21, 18);;(22, 14);1;1017
3;0.125;;(21, 18);;(22, 14);1;1018
3;0.125;;(21, 18);;(22, 14);1;1019
3;0.125;;(21, 18);;(22, 14);1;1020
3;0.125;;(21, 18);;(22, 14);1;1021
3;0.125;;(21, 18);;(22, 14);1;1022
3;0.125;;(21, 18);;(22, 14);1;1023
3;0.125;;(21, 18);;(22, 14);1;1024
3;0.125;;(21, 18);;(22, 14);1;1025
3;0.125;;(21, 18);;(22, 14);1;1026
3;0.125;;(21, 18);;(22, 14);1;1027
3;0.125;;(21, 18);;(22, 14);1;1028
3;0.125;;(21, 18);;(22, 14);1;1029
3;0.125;;(21, 18);;(22, 14);1;1030
3;0.125;;(21, 18);;(22, 14);1;1031
3;0.125;;(21, 18);;(22, 14);1;1032
3;0.125;;(21, 18);;(22, 14);1;1033
3;0.125;;(21, 18);;(22, 14);1;1034
3;0.125;;(21, 18);;(22, 14);1;1035
3;0.125;;(21, 18);;(22, 14);1;1036
3;0.125;;(21, 18);;(22, 14);1;1037
3;0.125;;(21, 18);;(22, 14);1;1038
3;0.125;;(21, 18);;(22, 14);1;1039
3;0.125;;(21, 18);;(22, 14);1;1040
3;0.125;;(21, 18);;(22, 14);1;1041
3;0.125;;(21, 18);;(22, 14);1;1042
3;0.125;;(21, 18);;(22, 14);1;1043
3;0.125;;(21, 18);;(22, 14);1;1044
3;0.125;;(21, 18);;(22, 14);1;1045
3;0.125;;(21, 18);;(22, 14);1;1046
3;0.125;;(21, 18);;(22, 14);1;1047
3;0.125;;(21, 18);;(22, 14);1;1048
3;0.125;;(21, 18);;(22, 14);1;1049
3;0.125;;(21, 18);;(22, 14);1;1050
3;0.125;;(21, 18);;(22, 14);1;1051
3;0.125;;(21, 18);;(22, 14);1;1052
3;0.125;RemoveObject;(21, 18);;(22, 14);1;1053
3;0.125;RemoveObject;(21, 18);;(22, 14);1;1054
3;0.125;RemoveObject;(21, 18);;(22, 14);1;1055
3;0.125;RemoveObject;(21, 18);;(22, 14);1;1056
3;0.125;RemoveObject;(21, 18);;(22, 14);1;1057
3;0.125;RemoveObject;(21, 18);;(22, 14);1;1058
3;0.125;RemoveObject;(21, 18);;(22, 14);1;1059
3;0.125;RemoveObject;(21, 18);;(22, 14);1;1060
3;0.125;RemoveObject;(21, 18);;(22, 14);1;1061
3;0.125;RemoveObject;(21, 18);;(22, 14);1;1062
3;0.125;RemoveObject;(21, 18);;(22, 14);1;1063
3;0.125;RemoveObject;(21, 18);;(22, 14);1;1064
3;0.125;RemoveObject;(21, 18);;(22, 14);1;1065
3;0.125;RemoveObject;(21, 18);;(22, 14);1;1066
3;0.125;RemoveObject;(21, 18);;(22, 14);1;1067
3;0.125;RemoveObject;(21, 18);;(22, 14);1;1068
3;0.125;RemoveObject;(21, 18);;(22, 14);1;1069
3;0.125;RemoveObject;(21, 18);;(22, 14);1;1070
3;0.125;RemoveObject;(21, 18);;(22, 14);1;1071
3;0.125;RemoveObject;(21, 18);;(22, 14);1;1072
3;0.125;RemoveObject;(21, 18);;(22, 14);1;1073
3;0.125;RemoveObject;(21, 18);;(22, 14);1;1074
3;0.125;RemoveObject;(21, 18);;(22, 14);1;1075
3;0.125;RemoveObject;(21, 18);;(22, 14);1;1076
3;0.125;RemoveObject;(21, 18);;(22, 14);1;1077
3;0.125;RemoveObject;(21, 18);;(22, 14);1;1078
3;0.125;RemoveObject;(21, 18);;(22, 14);1;1079
3;0.125;RemoveObject;(21, 18);;(22, 14);1;1080
3;0.125;RemoveObject;(21, 18);;(22, 14);1;1081
3;0.125;RemoveObject;(21, 18);;(22, 14);1;1082
3;0.125;RemoveObject;(21, 18);;(22, 14);1;1083
3;0.125;RemoveObject;(21, 18);;(22, 14);1;1084
3;0.125;RemoveObject;(21, 18);;(22, 14);1;1085
3;0.125;RemoveObject;(21, 18);;(22, 14);1;1086
3;0.125;RemoveObject;(21, 18);;(22, 14);1;1087
3;0.125;RemoveObject;(21, 18);;(22, 14);1;1088
3;0.125;RemoveObject;(21, 18);;(22, 14);1;1089
3;0.125;RemoveObject;(21, 18);;(22, 14);1;1090
3;0.125;RemoveObject;(21, 18);;(22, 14);1;1091
3;0.125;RemoveObject;(21, 18);;(22, 14);1;1092
3;0.125;RemoveObject;(21, 18);;(22, 14);1;1093
3;0.125;RemoveObject;(21, 18);;(22, 14);1;1094
3;0.125;RemoveObject;(21, 18);;(22, 14);1;1095
3;0.125;RemoveObject;(21, 18);;(22, 14);1;1096
3;0.125;RemoveObject;(21, 18);;(22, 14);1;1097
3;0.125;RemoveObject;(21, 18);;(22, 14);1;1098
3;0.125;RemoveObject;(21, 18);;(22, 14);1;1099
3;0.125;RemoveObject;(21, 18);;(22, 14);1;1100
3;0.125;RemoveObject;(21, 18);;(22, 14);1;1101
3;0.125;RemoveObject;(21, 18);;(22, 14);1;1102
3;0.125;RemoveObject;(21, 18);;(22, 14);1;1103
3;0.125;RemoveObject;(21, 18);;(22, 14);1;1104
3;0.125;RemoveObject;(21, 18);;(22, 14);1;1105
3;0.125;RemoveObject;(21, 18);;(22, 14);1;1106
3;0.125;RemoveObject;(21, 18);;(22, 14);1;1107
3;0.125;RemoveObject;(21, 18);;(22, 14);1;1108
3;0.125;RemoveObject;(21, 18);;(22, 14);1;1109
3;0.125;RemoveObject;(21, 18);;(22, 14);1;1110
3;0.125;RemoveObject;(21, 18);;(22, 14);1;1111
3;0.125;RemoveObject;(21, 18);;(22, 14);1;1112
3;0.125;RemoveObject;(21, 18);;(22, 14);1;1113
3;0.125;RemoveObject;(21, 18);;(22, 14);1;1114
3;0.125;RemoveObject;(21, 18);;(22, 14);1;1115
3;0.125;RemoveObject;(21, 18);;(22, 14);1;1116
3;0.125;RemoveObject;(21, 18);;(22, 14);1;1117
3;0.125;RemoveObject;(21, 18);;(22, 14);1;1118
3;0.125;RemoveObject;(21, 18);;(22, 14);1;1119
3;0.125;RemoveObject;(21, 18);;(22, 14);1;1120
3;0.125;RemoveObject;(21, 18);;(22, 14);1;1121
3;0.125;RemoveObject;(21, 18);;(22, 14);1;1122
3;0.125;RemoveObject;(21, 18);;(22, 14);1;1123
3;0.125;RemoveObject;(21, 18);;(22, 14);1;1124
3;0.125;RemoveObject;(21, 18);;(22, 14);1;1125
3;0.125;RemoveObject;(21, 18);;(22, 14);1;1126
3;0.125;RemoveObject;(21, 18);;(22, 14);1;1127
3;0.125;RemoveObject;(21, 18);;(22, 14);1;1128
3;0.125;RemoveObject;(21, 18);;(22, 14);1;1129
3;0.125;RemoveObject;(21, 18);;(22, 14);1;1130
3;0.125;RemoveObject;(21, 18);;(22, 14);1;1131
3;0.125;RemoveObject;(21, 18);;(22, 14);1;1132
3;0.125;RemoveObject;(21, 18);;(22, 14);1;1133
3;0.125;RemoveObject;(21, 18);;(22, 14);1;1134
3;0.125;RemoveObject;(21, 18);;(22, 14);1;1135
3;0.125;RemoveObject;(21, 18);;(22, 14);1;1136
3;0.125;RemoveObject;(21, 18);;(22, 14);1;1137
3;0.125;RemoveObject;(21, 18);;(22, 14);1;1138
3;0.125;RemoveObject;(21, 18);;(22, 14);1;1139
3;0.125;RemoveObject;(21, 18);;(22, 14);1;1140
3;0.125;RemoveObject;(21, 18);;(22, 14);1;1141
3;0.125;RemoveObject;(21, 18);;(22, 14);1;1142
3;0.125;RemoveObject;(21, 18);;(22, 14);1;1143
3;0.125;RemoveObject;(21, 18);;(22, 14);1;1144
3;0.125;RemoveObject;(21, 18);;(22, 14);1;1145
3;0.125;RemoveObject;(21, 18);;(22, 14);1;1146
3;0.125;RemoveObject;(21, 18);;(22, 14);1;1147
3;0.125;RemoveObject;(21, 18);;(22, 14);1;1148
3;0.125;RemoveObject;(21, 18);;(22, 14);1;1149
3;0.125;RemoveObject;(21, 18);;(22, 14);1;1150
3;0.125;RemoveObject;(21, 18);;(22, 14);1;1151
3;0.125;RemoveObject;(21, 18);;(22, 14);1;1152
3;0.125;RemoveObject;(21, 18);;(22, 14);1;1153
3;0.125;RemoveObject;(21, 18);;(22, 14);1;1154
3;0.125;RemoveObject;(21, 18);;(22, 14);1;1155
3;0.125;RemoveObject;(21, 18);;(22, 14);1;1156
3;0.125;RemoveObject;(21, 18);;(22, 14);1;1157
3;0.125;RemoveObject;(21, 18);;(22, 14);1;1158
3;0.125;RemoveObject;(21, 18);;(22, 14);1;1159
3;0.125;RemoveObject;(21, 18);;(22, 14);1;1160
3;0.125;RemoveObject;(21, 18);;(22, 14);1;1161
3;0.125;RemoveObject;(21, 18);;(22, 14);1;1162
3;0.125;RemoveObject;(21, 18);;(22, 14);1;1163
3;0.125;RemoveObject;(21, 18);;(22, 14);1;1164
3;0.125;RemoveObject;(21, 18);;(22, 14);1;1165
3;0.125;RemoveObject;(21, 18);;(22, 14);1;1166
3;0.125;RemoveObject;(21, 18);;(22, 14);1;1167
3;0.125;RemoveObject;(21, 18);;(22, 14);1;1168
3;0.125;RemoveObject;(21, 18);;(22, 14);1;1169
3;0.125;RemoveObject;(21, 18);;(22, 14);1;1170
3;0.125;RemoveObject;(21, 18);;(22, 14);1;1171
3;0.125;RemoveObject;(21, 18);;(22, 14);1;1172
3;0.125;RemoveObject;(21, 18);;(22, 14);1;1173
3;0.125;RemoveObject;(21, 18);;(22, 14);1;1174
3;0.125;RemoveObject;(21, 18);;(22, 14);1;1175
3;0.125;RemoveObject;(21, 18);;(22, 14);1;1176
3;0.125;RemoveObject;(21, 18);;(22, 14);1;1177
3;0.125;RemoveObject;(21, 18);;(22, 14);1;1178
3;0.125;RemoveObject;(21, 18);;(22, 14);1;1179
3;0.125;RemoveObject;(21, 18);;(22, 14);1;1180
3;0.125;RemoveObject;(21, 18);;(22, 14);1;1181
3;0.125;RemoveObject;(21, 18);;(22, 14);1;1182
3;0.125;RemoveObject;(21, 18);;(22, 14);1;1183
3;0.125;RemoveObject;(21, 18);;(22, 14);1;1184
3;0.125;RemoveObject;(21, 18);;(22, 14);1;1185
3;0.125;RemoveObject;(21, 18);;(22, 14);1;1186
3;0.125;RemoveObject;(21, 18);;(22, 14);1;1187
3;0.125;RemoveObject;(21, 18);;(22, 14);1;1188
3;0.125;RemoveObject;(21, 18);;(22, 14);1;1189
3;0.125;RemoveObject;(21, 18);;(22, 14);1;1190
3;0.125;RemoveObject;(21, 18);;(22, 14);1;1191
3;0.125;RemoveObject;(21, 18);;(22, 14);1;1192
3;0.125;RemoveObject;(21, 18);;(22, 14);1;1193
3;0.125;RemoveObject;(21, 18);;(22, 14);1;1194
3;0.125;RemoveObject;(21, 18);;(22, 14);1;1195
3;0.125;RemoveObject;(21, 18);;(22, 14);1;1196
3;0.125;RemoveObject;(21, 18);;(22, 14);1;1197
3;0.125;RemoveObject;(21, 18);;(22, 14);1;1198
3;0.125;RemoveObject;(21, 18);;(22, 14);1;1199
3;0.125;RemoveObject;(21, 18);;(22, 14);1;1200
3;0.125;RemoveObject;(21, 18);;(22, 14);1;1201
3;0.125;RemoveObject;(21, 18);;(22, 14);1;1202
3;0.125;RemoveObject;(21, 18);;(22, 14);1;1203
3;0.125;RemoveObject;(21, 18);;(22, 14);1;1204
3;0.125;RemoveObject;(21, 18);;(22, 14);1;1205
3;0.125;RemoveObject;(21, 18);;(22, 14);1;1206
3;0.125;RemoveObject;(21, 18);;(22, 14);1;1207
3;0.125;RemoveObject;(21, 18);;(22, 14);1;1208
3;0.125;RemoveObject;(21, 18);;(22, 14);1;1209
3;0.125;RemoveObject;(21, 18);;(22, 14);1;1210
3;0.125;RemoveObject;(21, 18);;(22, 14);1;1211
3;0.125;RemoveObject;(21, 18);;(22, 14);1;1212
3;0.125;RemoveObject;(21, 18);;(22, 14);1;1213
3;0.125;RemoveObject;(21, 18);;(22, 14);1;1214
3;0.125;RemoveObject;(21, 18);;(22, 14);1;1215
3;0.125;RemoveObject;(21, 18);;(22, 14);1;1216
3;0.125;RemoveObject;(21, 18);;(22, 14);1;1217
3;0.125;RemoveObject;(21, 18);;(22, 14);1;1218
3;0.125;RemoveObject;(21, 18);;(22, 14);1;1219
3;0.125;RemoveObject;(21, 18);;(22, 14);1;1220
3;0.125;RemoveObject;(21, 18);;(22, 14);1;1221
3;0.125;RemoveObject;(21, 18);;(22, 14);1;1222
3;0.125;RemoveObject;(21, 18);;(22, 14);1;1223
3;0.125;RemoveObject;(21, 18);;(22, 14);1;1224
3;0.125;RemoveObject;(21, 18);;(22, 14);1;1225
3;0.125;RemoveObject;(21, 18);;(22, 14);1;1226
3;0.125;RemoveObject;(21, 18);;(22, 14);1;1227
3;0.125;RemoveObject;(21, 18);;(22, 14);1;1228
3;0.125;RemoveObject;(21, 18);;(22, 14);1;1229
3;0.125;RemoveObject;(21, 18);;(22, 14);1;1230
3;0.125;RemoveObject;(21, 18);;(22, 14);1;1231
3;0.125;RemoveObject;(21, 18);;(22, 14);1;1232
3;0.125;RemoveObject;(21, 18);;(22, 14);1;1233
3;0.125;RemoveObject;(21, 18);;(22, 14);1;1234
3;0.125;RemoveObject;(21, 18);;(22, 14);1;1235
3;0.125;RemoveObject;(21, 18);;(22, 14);1;1236
3;0.125;RemoveObject;(21, 18);;(22, 14);1;1237
3;0.125;RemoveObject;(21, 18);;(22, 14);1;1238
3;0.125;RemoveObject;(21, 18);;(22, 14);1;1239
3;0.125;RemoveObject;(21, 18);;(22, 14);1;1240
3;0.125;RemoveObject;(21, 18);;(22, 14);1;1241
3;0.125;RemoveObject;(21, 18);;(22, 14);1;1242
3;0.125;RemoveObject;(21, 18);;(22, 14);1;1243
3;0.125;RemoveObject;(21, 18);;(22, 14);1;1244
3;0.125;RemoveObject;(21, 18);;(22, 14);1;1245
3;0.125;RemoveObject;(21, 18);;(22, 14);1;1246
3;0.125;RemoveObject;(21, 18);;(22, 14);1;1247
3;0.125;RemoveObject;(21, 18);;(22, 14);1;1248
3;0.125;RemoveObject;(21, 18);;(22, 14);1;1249
3;0.125;RemoveObject;(21, 18);;(22, 14);1;1250
3;0.125;RemoveObject;(21, 18);;(22, 14);1;1251
3;0.125;RemoveObject;(21, 18);;(22, 14);1;1252
3;0.125;RemoveObject;(21, 18);;(22, 14);1;1253
3;0.125;MoveSouth;(21, 18);;(22, 14);1;1254
3;0.125;MoveSouth;(21, 18);;(22, 14);1;1255
3;0.125;MoveSouth;(21, 18);;(22, 14);1;1256
3;0.125;MoveSouth;(21, 18);;(22, 14);1;1257
3;0.125;MoveSouth;(21, 18);;(22, 14);1;1258
3;0.125;MoveSouth;(21, 18);;(22, 14);1;1259
3;0.125;MoveSouth;(21, 18);;(22, 14);1;1260
3;0.125;MoveSouth;(21, 18);;(22, 14);1;1261
3;0.125;MoveSouth;(21, 19);;(22, 14);1;1262
3;0.125;MoveSouthWest;(21, 19);;(22, 14);1;1263
3;0.125;MoveSouthWest;(21, 19);;(22, 14);1;1264
3;0.125;MoveSouthWest;(21, 19);;(22, 14);1;1265
3;0.125;MoveSouthWest;(21, 19);;(22, 14);1;1266
3;0.125;MoveSouthWest;(21, 19);;(22, 14);1;1267
3;0.125;MoveSouthWest;(21, 19);;(22, 14);1;1268
3;0.125;MoveSouthWest;(21, 19);;(22, 14);1;1269
3;0.125;MoveSouthWest;(21, 19);;(22, 14);1;1270
3;0.125;MoveSouthWest;(20, 20);;(22, 14);1;1271
3;0.125;MoveSouthEast;(20, 20);;(22, 14);1;1272
3;0.125;MoveSouthEast;(20, 20);;(22, 14);1;1273
3;0.125;MoveSouthEast;(20, 20);;(22, 14);1;1274
3;0.125;MoveSouthEast;(20, 20);;(22, 14);1;1275
3;0.125;MoveSouthEast;(20, 20);;(22, 14);1;1276
3;0.125;MoveSouthEast;(20, 20);;(22, 14);1;1277
3;0.125;MoveSouthEast;(20, 20);;(22, 14);1;1278
3;0.125;MoveSouthEast;(20, 20);;(22, 14);1;1279
3;0.125;MoveSouthEast;(21, 21);;(22, 14);1;1280
3;0.125;MoveNorthEast;(21, 21);;(22, 14);1;1281
3;0.125;MoveNorthEast;(21, 21);;(22, 14);1;1282
3;0.125;MoveNorthEast;(21, 21);;(22, 14);1;1283
3;0.125;MoveNorthEast;(21, 21);;(22, 14);1;1284
3;0.125;MoveNorthEast;(21, 21);;(22, 14);1;1285
3;0.125;MoveNorthEast;(21, 21);;(22, 14);1;1286
3;0.125;MoveNorthEast;(21, 21);;(22, 14);1;1287
3;0.125;MoveNorthEast;(21, 21);;(22, 14);1;1288
3;0.125;MoveNorthEast;(22, 20);;(22, 14);1;1289
3;0.125;Idle;(22, 20);;(22, 14);1;1290
3;0.125;Idle;(22, 20);;(22, 14);1;1291
3;0.125;Idle;(22, 20);;(22, 14);1;1292
3;0.125;Idle;(22, 20);;(22, 14);1;1293
3;0.125;Idle;(22, 20);;(22, 14);1;1294
3;0.125;Idle;(22, 20);;(22, 14);1;1295
3;0.125;Idle;(22, 20);;(22, 14);1;1296
3;0.125;Idle;(22, 20);;(22, 14);1;1297
3;0.125;Idle;(22, 20);;(22, 14);1;1298
3;0.125;Idle;(22, 20);;(22, 14);1;1299
3;0.125;Idle;(22, 20);;(22, 14);1;1300
3;0.125;Idle;(22, 20);;(22, 14);1;1301
3;0.125;Idle;(22, 20);;(22, 14);1;1302
3;0.125;Idle;(22, 20);;(22, 14);1;1303
3;0.125;Idle;(22, 20);;(22, 14);1;1304
3;0.125;Idle;(22, 20);;(22, 14);1;1305
3;0.125;Idle;(22, 20);;(22, 14);1;1306
3;0.125;Idle;(22, 20);;(22, 14);1;1307
3;0.125;Idle;(22, 20);;(22, 14);1;1308
3;0.125;Idle;(22, 20);;(22, 14);1;1309
3;0.125;Idle;(22, 20);;(22, 14);1;1310
3;0.125;Idle;(22, 20);;(22, 14);1;1311
3;0.125;Idle;(22, 20);;(22, 14);1;1312
3;0.125;Idle;(22, 20);;(22, 14);1;1313
3;0.125;Idle;(22, 20);;(22, 14);1;1314
3;0.125;Idle;(22, 20);;(22, 14);1;1315
3;0.125;MoveNorthWest;(22, 20);;(22, 14);1;1316
3;0.125;MoveNorthWest;(22, 20);;(22, 14);1;1317
3;0.125;MoveNorthWest;(22, 20);;(22, 14);1;1318
3;0.125;MoveNorthWest;(22, 20);;(22, 14);1;1319
3;0.125;MoveNorthWest;(22, 20);;(22, 14);1;1320
3;0.125;MoveNorthWest;(22, 20);;(22, 14);1;1321
3;0.125;MoveNorthWest;(22, 20);;(22, 14);1;1322
3;0.125;MoveNorthWest;(22, 20);;(22, 14);1;1323
3;0.125;MoveNorthWest;(21, 19);;(22, 14);1;1324
3;0.125;MoveNorthWest;(21, 19);;(22, 14);1;1325
3;0.125;MoveNorthWest;(21, 19);;(22, 14);1;1326
3;0.125;MoveNorthWest;(21, 19);;(22, 14);1;1327
3;0.125;MoveNorthWest;(21, 19);;(22, 14);1;1328
3;0.125;MoveNorthWest;(21, 19);;(22, 14);1;1329
3;0.125;MoveNorthWest;(21, 19);;(22, 14);1;1330
3;0.125;MoveNorthWest;(21, 19);;(22, 14);1;1331
3;0.125;MoveNorthWest;(21, 19);;(22, 14);1;1332
3;0.125;MoveNorthWest;(20, 18);;(22, 14);1;1333
3;0.125;MoveWest;(20, 18);;(22, 14);1;1334
3;0.125;MoveWest;(20, 18);;(22, 14);1;1335
3;0.125;MoveWest;(20, 18);;(22, 14);1;1336
3;0.125;MoveWest;(20, 18);;(22, 14);1;1337
3;0.125;MoveWest;(20, 18);;(22, 14);1;1338
3;0.125;MoveWest;(20, 18);;(22, 14);1;1339
3;0.125;MoveWest;(20, 18);;(22, 14);1;1340
3;0.125;MoveWest;(20, 18);;(22, 14);1;1341
3;0.125;MoveWest;(20, 18);;(22, 14);1;1342
3;0.125;MoveWest;(20, 18);;(22, 14);1;1343
3;0.125;MoveWest;(20, 18);;(22, 14);1;1344
3;0.125;MoveWest;(20, 18);;(22, 14);1;1345
3;0.125;MoveWest;(20, 18);;(22, 14);1;1346
3;0.125;MoveWest;(19, 18);;(22, 14);1;1347
3;0.125;MoveWest;(19, 18);;(22, 14);1;1348
3;0.125;MoveWest;(19, 18);;(22, 14);1;1349
3;0.125;MoveWest;(19, 18);;(22, 14);1;1350
3;0.125;MoveWest;(19, 18);;(22, 14);1;1351
3;0.125;MoveWest;(19, 18);;(22, 14);1;1352
3;0.125;MoveWest;(19, 18);;(22, 14);1;1353
3;0.125;MoveWest;(19, 18);;(22, 14);1;1354
3;0.125;MoveWest;(19, 18);;(22, 14);1;1355
3;0.125;MoveWest;(18, 18);;(22, 14);1;1356
3;0.125;MoveWest;(18, 18);;(22, 14);1;1357
3;0.125;MoveWest;(18, 18);;(22, 14);1;1358
3;0.125;MoveWest;(18, 18);;(22, 14);1;1359
3;0.125;MoveWest;(18, 18);;(22, 14);1;1360
3;0.125;MoveWest;(18, 18);;(22, 14);1;1361
3;0.125;MoveWest;(18, 18);;(22, 14);1;1362
3;0.125;MoveWest;(18, 18);;(22, 14);1;1363
3;0.125;MoveWest;(18, 18);;(22, 14);1;1364
3;0.125;MoveWest;(17, 18);;(22, 14);1;1365
3;0.125;MoveWest;(17, 18);;(22, 14);1;1366
3;0.125;MoveWest;(17, 18);;(22, 14);1;1367
3;0.125;MoveWest;(17, 18);;(22, 14);1;1368
3;0.125;MoveWest;(17, 18);;(22, 14);1;1369
3;0.125;MoveWest;(17, 18);;(22, 14);1;1370
3;0.125;MoveWest;(17, 18);;(22, 14);1;1371
3;0.125;MoveWest;(17, 18);;(22, 14);1;1372
3;0.125;MoveWest;(17, 18);;(22, 14);1;1373
3;0.125;MoveWest;(16, 18);;(22, 14);1;1374
3;0.125;MoveWest;(16, 18);;(22, 14);1;1375
3;0.125;MoveWest;(16, 18);;(22, 14);1;1376
3;0.125;MoveWest;(16, 18);;(22, 14);1;1377
3;0.125;MoveWest;(16, 18);;(22, 14);1;1378
3;0.125;MoveWest;(16, 18);;(22, 14);1;1379
3;0.125;MoveWest;(16, 18);;(22, 14);1;1380
3;0.125;MoveWest;(16, 18);;(22, 14);1;1381
3;0.125;MoveWest;(16, 18);;(22, 14);1;1382
3;0.125;MoveWest;(15, 18);;(22, 14);1;1383
3;0.125;;(15, 18);;(22, 14);1;1384
3;0.125;;(15, 18);;(22, 14);1;1385
3;0.125;;(15, 18);;(22, 14);1;1386
3;0.125;;(15, 18);;(22, 14);1;1387
3;0.125;;(15, 18);;(22, 14);1;1388
3;0.125;;(15, 18);;(22, 14);1;1389
3;0.125;;(15, 18);;(22, 14);1;1390
3;0.125;;(15, 18);;(22, 14);1;1391
3;0.125;;(15, 18);;(22, 14);1;1392
3;0.125;;(15, 18);;(22, 14);1;1393
3;0.125;;(15, 18);;(22, 14);1;1394
3;0.125;;(15, 18);;(22, 14);1;1395
3;0.125;;(15, 18);;(22, 14);1;1396
3;0.125;;(15, 18);;(22, 14);1;1397
3;0.125;;(15, 18);;(22, 14);1;1398
3;0.125;;(15, 18);;(22, 14);1;1399
3;0.125;;(15, 18);;(22, 14);1;1400
3;0.125;;(15, 18);;(22, 14);1;1401
3;0.125;;(15, 18);;(22, 14);1;1402
3;0.125;;(15, 18);;(22, 14);1;1403
3;0.125;;(15, 18);;(22, 14);1;1404
3;0.125;;(15, 18);;(22, 14);1;1405
3;0.125;;(15, 18);;(22, 14);1;1406
3;0.125;;(15, 18);;(22, 14);1;1407
3;0.125;;(15, 18);;(22, 14);1;1408
3;0.125;;(15, 18);;(22, 14);1;1409
3;0.125;;(15, 18);;(22, 14);1;1410
3;0.125;;(15, 18);;(22, 14);1;1411
3;0.125;;(15, 18);;(22, 14);1;1412
3;0.125;;(15, 18);;(22, 14);1;1413
3;0.125;;(15, 18);;(22, 14);1;1414
3;0.125;;(15, 18);;(22, 14);1;1415
3;0.125;;(15, 18);;(22, 14);1;1416
3;0.125;;(15, 18);;(22, 14);1;1417
3;0.125;;(15, 18);;(22, 14);1;1418
3;0.125;;(15, 18);;(22, 14);1;1419
3;0.125;;(15, 18);;(22, 14);1;1420
3;0.125;;(15, 18);;(22, 14);1;1421
3;0.125;RemoveObject;(15, 18);;(22, 14);1;1422
3;0.125;RemoveObject;(15, 18);;(22, 14);1;1423
3;0.125;RemoveObject;(15, 18);;(22, 14);1;1424
3;0.125;RemoveObject;(15, 18);;(22, 14);1;1425
3;0.125;RemoveObject;(15, 18);;(22, 14);1;1426
3;0.125;RemoveObject;(15, 18);;(22, 14);1;1427
3;0.125;RemoveObject;(15, 18);;(22, 14);1;1428
3;0.125;RemoveObject;(15, 18);;(22, 14);1;1429
3;0.125;RemoveObject;(15, 18);;(22, 14);1;1430
3;0.125;RemoveObject;(15, 18);;(22, 14);1;1431
3;0.125;RemoveObject;(15, 18);;(22, 14);1;1432
3;0.125;RemoveObject;(15, 18);;(22, 14);1;1433
3;0.125;RemoveObject;(15, 18);;(22, 14);1;1434
3;0.125;RemoveObject;(15, 18);;(22, 14);1;1435
3;0.125;RemoveObject;(15, 18);;(22, 14);1;1436
3;0.125;RemoveObject;(15, 18);;(22, 14);1;1437
3;0.125;RemoveObject;(15, 18);;(22, 14);1;1438
3;0.125;RemoveObject;(15, 18);;(22, 14);1;1439
3;0.125;RemoveObject;(15, 18);;(22, 14);1;1440
3;0.125;RemoveObject;(15, 18);;(22, 14);1;1441
3;0.125;RemoveObject;(15, 18);;(22, 14);1;1442
3;0.125;RemoveObject;(15, 18);;(22, 14);1;1443
3;0.125;RemoveObject;(15, 18);;(22, 14);1;1444
3;0.125;RemoveObject;(15, 18);;(22, 14);1;1445
3;0.125;RemoveObject;(15, 18);;(22, 14);1;1446
3;0.125;RemoveObject;(15, 18);;(22, 14);1;1447
3;0.125;RemoveObject;(15, 18);;(22, 14);1;1448
3;0.125;RemoveObject;(15, 18);;(22, 14);1;1449
3;0.125;RemoveObject;(15, 18);;(22, 14);1;1450
3;0.125;RemoveObject;(15, 18);;(22, 14);1;1451
3;0.125;RemoveObject;(15, 18);;(22, 14);1;1452
3;0.125;RemoveObject;(15, 18);;(22, 14);1;1453
3;0.125;RemoveObject;(15, 18);;(22, 14);1;1454
3;0.125;RemoveObject;(15, 18);;(22, 14);1;1455
3;0.125;RemoveObject;(15, 18);;(22, 14);1;1456
3;0.125;RemoveObject;(15, 18);;(22, 14);1;1457
3;0.125;RemoveObject;(15, 18);;(22, 14);1;1458
3;0.125;RemoveObject;(15, 18);;(22, 14);1;1459
3;0.125;RemoveObject;(15, 18);;(22, 14);1;1460
3;0.125;RemoveObject;(15, 18);;(22, 14);1;1461
3;0.125;RemoveObject;(15, 18);;(22, 14);1;1462
3;0.125;RemoveObject;(15, 18);;(22, 14);1;1463
3;0.125;RemoveObject;(15, 18);;(22, 14);1;1464
3;0.125;RemoveObject;(15, 18);;(22, 14);1;1465
3;0.125;RemoveObject;(15, 18);;(22, 14);1;1466
3;0.125;RemoveObject;(15, 18);;(22, 14);1;1467
3;0.125;RemoveObject;(15, 18);;(22, 14);1;1468
3;0.125;RemoveObject;(15, 18);;(22, 14);1;1469
3;0.125;RemoveObject;(15, 18);;(22, 14);1;1470
3;0.125;RemoveObject;(15, 18);;(22, 14);1;1471
3;0.125;RemoveObject;(15, 18);;(22, 14);1;1472
3;0.125;RemoveObject;(15, 18);;(22, 14);1;1473
3;0.125;RemoveObject;(15, 18);;(22, 14);1;1474
3;0.125;RemoveObject;(15, 18);;(22, 14);1;1475
3;0.125;RemoveObject;(15, 18);;(22, 14);1;1476
3;0.125;RemoveObject;(15, 18);;(22, 14);1;1477
3;0.125;RemoveObject;(15, 18);;(22, 14);1;1478
3;0.125;RemoveObject;(15, 18);;(22, 14);1;1479
3;0.125;RemoveObject;(15, 18);;(22, 14);1;1480
3;0.125;RemoveObject;(15, 18);;(22, 14);1;1481
3;0.125;RemoveObject;(15, 18);;(22, 14);1;1482
3;0.125;RemoveObject;(15, 18);;(22, 14);1;1483
3;0.125;RemoveObject;(15, 18);;(22, 14);1;1484
3;0.125;RemoveObject;(15, 18);;(22, 14);1;1485
3;0.125;RemoveObject;(15, 18);;(22, 14);1;1486
3;0.125;RemoveObject;(15, 18);;(22, 14);1;1487
3;0.125;RemoveObject;(15, 18);;(22, 14);1;1488
3;0.125;RemoveObject;(15, 18);;(22, 14);1;1489
3;0.125;RemoveObject;(15, 18);;(22, 14);1;1490
3;0.125;RemoveObject;(15, 18);;(22, 14);1;1491
3;0.125;RemoveObject;(15, 18);;(22, 14);1;1492
3;0.125;RemoveObject;(15, 18);;(22, 14);1;1493
3;0.125;RemoveObject;(15, 18);;(22, 14);1;1494
3;0.125;RemoveObject;(15, 18);;(22, 14);1;1495
3;0.125;RemoveObject;(15, 18);;(22, 14);1;1496
3;0.125;RemoveObject;(15, 18);;(22, 14);1;1497
3;0.125;RemoveObject;(15, 18);;(22, 14);1;1498
3;0.125;RemoveObject;(15, 18);;(22, 14);1;1499
3;0.125;RemoveObject;(15, 18);;(22, 14);1;1500
3;0.125;RemoveObject;(15, 18);;(22, 14);1;1501
3;0.125;RemoveObject;(15, 18);;(22, 14);1;1502
3;0.125;RemoveObject;(15, 18);;(22, 14);1;1503
3;0.125;RemoveObject;(15, 18);;(22, 14);1;1504
3;0.125;RemoveObject;(15, 18);;(22, 14);1;1505
3;0.125;RemoveObject;(15, 18);;(22, 14);1;1506
3;0.125;RemoveObject;(15, 18);;(22, 14);1;1507
3;0.125;RemoveObject;(15, 18);;(22, 14);1;1508
3;0.125;RemoveObject;(15, 18);;(22, 14);1;1509
3;0.125;RemoveObject;(15, 18);;(22, 14);1;1510
3;0.125;RemoveObject;(15, 18);;(22, 14);1;1511
3;0.125;RemoveObject;(15, 18);;(22, 14);1;1512
3;0.125;RemoveObject;(15, 18);;(22, 14);1;1513
3;0.125;RemoveObject;(15, 18);;(22, 14);1;1514
3;0.125;RemoveObject;(15, 18);;(22, 14);1;1515
3;0.125;RemoveObject;(15, 18);;(22, 14);1;1516
3;0.125;RemoveObject;(15, 18);;(22, 14);1;1517
3;0.125;RemoveObject;(15, 18);;(22, 14);1;1518
3;0.125;RemoveObject;(15, 18);;(22, 14);1;1519
3;0.125;RemoveObject;(15, 18);;(22, 14);1;1520
3;0.125;RemoveObject;(15, 18);;(22, 14);1;1521
3;0.125;RemoveObject;(15, 18);;(22, 14);1;1522
3;0.125;MoveSouth;(15, 18);;(22, 14);1;1523
3;0.125;MoveSouth;(15, 18);;(22, 14);1;1524
3;0.125;MoveSouth;(15, 18);;(22, 14);1;1525
3;0.125;MoveSouth;(15, 18);;(22, 14);1;1526
3;0.125;MoveSouth;(15, 18);;(22, 14);1;1527
3;0.125;MoveSouth;(15, 18);;(22, 14);1;1528
3;0.125;MoveSouth;(15, 18);;(22, 14);1;1529
3;0.125;MoveSouth;(15, 18);;(22, 14);1;1530
3;0.125;MoveSouth;(15, 19);;(22, 14);1;1531
3;0.125;MoveSouthWest;(15, 19);;(22, 14);1;1532
3;0.125;MoveSouthWest;(15, 19);;(22, 14);1;1533
3;0.125;MoveSouthWest;(15, 19);;(22, 14);1;1534
3;0.125;MoveSouthWest;(15, 19);;(22, 14);1;1535
3;0.125;MoveSouthWest;(15, 19);;(22, 14);1;1536
3;0.125;MoveSouthWest;(15, 19);;(22, 14);1;1537
3;0.125;MoveSouthWest;(15, 19);;(22, 14);1;1538
3;0.125;MoveSouthWest;(15, 19);;(22, 14);1;1539
3;0.125;MoveSouthWest;(14, 20);;(22, 14);1;1540
3;0.125;MoveSouthEast;(14, 20);;(22, 14);1;1541
3;0.125;MoveSouthEast;(14, 20);;(22, 14);1;1542
3;0.125;MoveSouthEast;(14, 20);;(22, 14);1;1543
3;0.125;MoveSouthEast;(14, 20);;(22, 14);1;1544
3;0.125;MoveSouthEast;(14, 20);;(22, 14);1;1545
3;0.125;MoveSouthEast;(14, 20);;(22, 14);1;1546
3;0.125;MoveSouthEast;(14, 20);;(22, 14);1;1547
3;0.125;MoveSouthEast;(14, 20);;(22, 14);1;1548
3;0.125;MoveSouthEast;(15, 21);;(22, 14);1;1549
3;0.125;MoveNorthEast;(15, 21);;(22, 14);1;1550
3;0.125;MoveNorthEast;(15, 21);;(22, 14);1;1551
3;0.125;MoveNorthEast;(15, 21);;(22, 14);1;1552
3;0.125;MoveNorthEast;(15, 21);;(22, 14);1;1553
3;0.125;MoveNorthEast;(15, 21);;(22, 14);1;1554
3;0.125;MoveNorthEast;(15, 21);;(22, 14);1;1555
3;0.125;MoveNorthEast;(15, 21);;(22, 14);1;1556
3;0.125;MoveNorthEast;(15, 21);;(22, 14);1;1557
3;0.125;MoveNorthEast;(16, 20);;(22, 14);1;1558
3;0.125;;(16, 20);;(22, 14);1;1559
3;0.125;;(16, 20);;(22, 14);1;1560
3;0.125;;(16, 20);;(22, 14);1;1561
3;0.125;;(16, 20);;(22, 14);1;1562
3;0.125;;(16, 20);;(22, 14);1;1563
3;0.125;;(16, 20);;(22, 14);1;1564
3;0.125;;(16, 20);;(22, 14);1;1565
3;0.125;;(16, 20);;(22, 14);1;1566
3;0.125;;(16, 20);;(22, 14);1;1567
3;0.125;;(16, 20);;(22, 14);1;1568
3;0.125;;(16, 20);;(22, 14);1;1569
3;0.125;;(16, 20);;(22, 14);1;1570
3;0.125;;(16, 20);;(22, 14);1;1571
3;0.125;;(16, 20);;(22, 14);1;1572
3;0.125;;(16, 20);;(22, 14);1;1573
3;0.125;;(16, 20);;(22, 14);1;1574
3;0.125;;(16, 20);;(22, 14);1;1575
3;0.125;;(16, 20);;(22, 14);1;1576
3;0.125;;(16, 20);;(22, 14);1;1577
3;0.125;;(16, 20);;(22, 14);1;1578
3;0.125;;(16, 20);;(22, 14);1;1579
3;0.125;;(16, 20);;(22, 14);1;1580
3;0.125;;(16, 20);;(22, 14);1;1581
3;0.125;;(16, 20);;(22, 14);1;1582
3;0.125;;(16, 20);;(22, 14);1;1583
3;0.125;Idle;(16, 20);;(22, 14);1;1584
3;0.125;Idle;(16, 20);;(22, 14);1;1585
3;0.125;Idle;(16, 20);;(22, 14);1;1586
3;0.125;Idle;(16, 20);;(22, 14);1;1587
3;0.125;Idle;(16, 20);;(22, 14);1;1588
3;0.125;Idle;(16, 20);;(22, 14);1;1589
3;0.125;Idle;(16, 20);;(22, 14);1;1590
3;0.125;Idle;(16, 20);;(22, 14);1;1591
3;0.125;Idle;(16, 20);;(22, 14);1;1592
3;0.125;Idle;(16, 20);;(22, 14);1;1593
3;0.125;Idle;(16, 20);;(22, 14);1;1594
3;0.125;Idle;(16, 20);;(22, 14);1;1595
3;0.125;Idle;(16, 20);;(22, 14);1;1596
3;0.125;Idle;(16, 20);;(22, 14);1;1597
3;0.125;Idle;(16, 20);;(22, 14);1;1598
3;0.125;Idle;(16, 20);;(22, 14);1;1599
3;0.125;Idle;(16, 20);;(22, 14);1;1600
3;0.125;Idle;(16, 20);;(22, 14);1;1601
3;0.125;Idle;(16, 20);;(22, 14);1;1602
3;0.125;Idle;(16, 20);;(22, 14);1;1603
3;0.125;Idle;(16, 20);;(22, 14);1;1604
3;0.125;Idle;(16, 20);;(22, 14);1;1605
3;0.125;Idle;(16, 20);;(22, 14);1;1606
3;0.125;Idle;(16, 20);;(22, 14);1;1607
3;0.125;Idle;(16, 20);;(22, 14);1;1608
3;0.125;Idle;(16, 20);;(22, 14);1;1609
3;0.125;MoveWest;(16, 20);;(22, 14);1;1610
3;0.125;MoveWest;(16, 20);;(22, 14);1;1611
3;0.125;MoveWest;(16, 20);;(22, 14);1;1612
3;0.125;MoveWest;(16, 20);;(22, 14);1;1613
3;0.125;MoveWest;(16, 20);;(22, 14);1;1614
3;0.125;MoveWest;(16, 20);;(22, 14);1;1615
3;0.125;MoveWest;(16, 20);;(22, 14);1;1616
3;0.125;MoveWest;(16, 20);;(22, 14);1;1617
3;0.125;MoveWest;(15, 20);;(22, 14);1;1618
3;0.125;MoveWest;(15, 20);;(22, 14);1;1619
3;0.125;MoveWest;(15, 20);;(22, 14);1;1620
3;0.125;MoveWest;(15, 20);;(22, 14);1;1621
3;0.125;MoveWest;(15, 20);;(22, 14);1;1622
3;0.125;MoveWest;(15, 20);;(22, 14);1;1623
3;0.125;MoveWest;(15, 20);;(22, 14);1;1624
3;0.125;MoveWest;(15, 20);;(22, 14);1;1625
3;0.125;MoveWest;(15, 20);;(22, 14);1;1626
3;0.125;MoveWest;(14, 20);;(22, 14);1;1627
3;0.125;;(14, 20);;(22, 14);1;1628
3;0.125;;(14, 20);;(22, 14);1;1629
3;0.125;;(14, 20);;(22, 14);1;1630
3;0.125;;(14, 20);;(22, 14);1;1631
3;0.125;;(14, 20);;(22, 14);1;1632
3;0.125;;(14, 20);;(22, 14);1;1633
3;0.125;;(14, 20);;(22, 14);1;1634
3;0.125;;(14, 20);;(22, 14);1;1635
3;0.125;;(14, 20);;(22, 14);1;1636
3;0.125;;(14, 20);;(22, 14);1;1637
3;0.125;;(14, 20);;(22, 14);1;1638
3;0.125;;(14, 20);;(22, 14);1;1639
3;0.125;;(14, 20);;(22, 14);1;1640
3;0.125;;(14, 20);;(22, 14);1;1641
3;0.125;;(14, 20);;(22, 14);1;1642
3;0.125;;(14, 20);;(22, 14);1;1643
3;0.125;;(14, 20);;(22, 14);1;1644
3;0.125;;(14, 20);;(22, 14);1;1645
3;0.125;;(14, 20);;(22, 14);1;1646
3;0.125;;(14, 20);;(22, 14);1;1647
3;0.125;;(14, 20);;(22, 14);1;1648
3;0.125;;(14, 20);;(22, 14);1;1649
3;0.125;;(14, 20);;(22, 14);1;1650
3;0.125;;(14, 20);;(22, 14);1;1651
3;0.125;;(14, 20);;(22, 14);1;1652
3;0.125;;(14, 20);;(22, 14);1;1653
3;0.125;;(14, 20);;(22, 14);1;1654
3;0.125;;(14, 20);;(22, 14);1;1655
3;0.125;;(14, 20);;(22, 14);1;1656
3;0.125;;(14, 20);;(22, 14);1;1657
3;0.125;;(14, 20);;(22, 14);1;1658
3;0.125;;(14, 20);;(22, 14);1;1659
3;0.125;;(14, 20);;(22, 14);1;1660
3;0.125;;(14, 20);;(22, 14);1;1661
3;0.125;;(14, 20);;(22, 14);1;1662
3;0.125;;(14, 20);;(22, 14);1;1663
3;0.125;;(14, 20);;(22, 14);1;1664
3;0.125;;(14, 20);;(22, 14);1;1665
3;0.125;;(14, 20);;(22, 14);1;1666
3;0.125;;(14, 20);;(22, 14);1;1667
3;0.125;;(14, 20);;(22, 14);1;1668
3;0.125;;(14, 20);;(22, 14);1;1669
3;0.125;;(14, 20);;(22, 14);1;1670
3;0.125;;(14, 20);;(22, 14);1;1671
3;0.125;;(14, 20);;(22, 14);1;1672
3;0.125;;(14, 20);;(22, 14);1;1673
3;0.125;;(14, 20);;(22, 14);1;1674
3;0.125;;(14, 20);;(22, 14);1;1675
3;0.125;Idle;(14, 20);;(22, 14);1;1676
3;0.125;Idle;(14, 20);;(22, 14);1;1677
3;0.125;Idle;(14, 20);;(22, 14);1;1678
3;0.125;Idle;(14, 20);;(22, 14);1;1679
3;0.125;Idle;(14, 20);;(22, 14);1;1680
3;0.125;Idle;(14, 20);;(22, 14);1;1681
3;0.125;Idle;(14, 20);;(22, 14);1;1682
3;0.125;Idle;(14, 20);;(22, 14);1;1683
3;0.125;Idle;(14, 20);;(22, 14);1;1684
3;0.125;Idle;(14, 20);;(22, 14);1;1685
3;0.125;Idle;(14, 20);;(22, 14);1;1686
3;0.125;Idle;(14, 20);;(22, 14);1;1687
3;0.125;Idle;(14, 20);;(22, 14);1;1688
3;0.125;Idle;(14, 20);;(22, 14);1;1689
3;0.125;Idle;(14, 20);;(22, 14);1;1690
3;0.125;Idle;(14, 20);;(22, 14);1;1691
3;0.125;Idle;(14, 20);;(22, 14);1;1692
3;0.125;Idle;(14, 20);;(22, 14);1;1693
3;0.125;Idle;(14, 20);;(22, 14);1;1694
3;0.125;Idle;(14, 20);;(22, 14);1;1695
3;0.125;Idle;(14, 20);;(22, 14);1;1696
3;0.125;Idle;(14, 20);;(22, 14);1;1697
3;0.125;Idle;(14, 20);;(22, 14);1;1698
3;0.125;Idle;(14, 20);;(22, 14);1;1699
3;0.125;Idle;(14, 20);;(22, 14);1;1700
3;0.125;Idle;(14, 20);;(22, 14);1;1701
3;0.125;CarryObject;(14, 20);;(22, 14);1;1702
3;0.125;CarryObject;(14, 20);;(22, 14);1;1703
3;0.125;CarryObject;(14, 20);;(22, 14);1;1704
3;0.125;CarryObject;(14, 20);;(22, 14);1;1705
3;0.125;CarryObject;(14, 20);;(22, 14);1;1706
3;0.125;CarryObject;(14, 20);;(22, 14);1;1707
3;0.125;CarryObject;(14, 20);;(22, 14);1;1708
3;0.125;CarryObject;(14, 20);;(22, 14);1;1709
3;0.125;CarryObject;(14, 20);;(22, 14);1;1710
3;0.125;CarryObject;(14, 20);;(22, 14);1;1711
3;0.125;CarryObject;(14, 20);;(22, 14);1;1712
3;0.125;CarryObject;(14, 20);;(22, 14);1;1713
3;0.125;CarryObject;(14, 20);;(22, 14);1;1714
3;0.125;CarryObject;(14, 20);;(22, 14);1;1715
3;0.125;CarryObject;(14, 20);;(22, 14);1;1716
3;0.125;CarryObject;(14, 20);;(22, 14);1;1717
3;0.125;CarryObject;(14, 20);;(22, 14);1;1718
3;0.125;CarryObject;(14, 20);;(22, 14);1;1719
3;0.125;CarryObject;(14, 20);;(22, 14);1;1720
3;0.125;CarryObject;(14, 20);;(22, 14);1;1721
3;0.125;CarryObject;(14, 20);;(22, 14);1;1722
3;0.125;CarryObject;(14, 20);;(22, 14);1;1723
3;0.125;CarryObject;(14, 20);;(22, 14);1;1724
3;0.125;CarryObject;(14, 20);;(22, 14);1;1725
3;0.125;CarryObject;(14, 20);;(22, 14);1;1726
3;0.125;CarryObject;(14, 20);;(22, 14);1;1727
3;0.125;CarryObject;(14, 20);;(22, 14);1;1728
3;0.125;CarryObject;(14, 20);;(22, 14);1;1729
3;0.125;CarryObject;(14, 20);;(22, 14);1;1730
3;0.125;CarryObject;(14, 20);;(22, 14);1;1731
3;0.125;CarryObject;(14, 20);;(22, 14);1;1732
3;0.125;CarryObject;(14, 20);;(22, 14);1;1733
3;0.125;CarryObject;(14, 20);;(22, 14);1;1734
3;0.125;CarryObject;(14, 20);;(22, 14);1;1735
3;0.125;CarryObject;(14, 20);;(22, 14);1;1736
3;0.125;CarryObject;(14, 20);;(22, 14);1;1737
3;0.125;CarryObject;(14, 20);;(22, 14);1;1738
3;0.125;CarryObject;(14, 20);;(22, 14);1;1739
3;0.125;CarryObject;(14, 20);;(22, 14);1;1740
3;0.125;CarryObject;(14, 20);;(22, 14);1;1741
3;0.125;CarryObject;(14, 20);;(22, 14);1;1742
3;0.125;CarryObject;(14, 20);;(22, 14);1;1743
3;0.125;CarryObject;(14, 20);;(22, 14);1;1744
3;0.125;CarryObject;(14, 20);;(22, 14);1;1745
3;0.125;CarryObject;(14, 20);;(22, 14);1;1746
3;0.125;CarryObject;(14, 20);;(22, 14);1;1747
3;0.125;CarryObject;(14, 20);;(22, 14);1;1748
3;0.125;CarryObject;(14, 20);;(22, 14);1;1749
3;0.125;CarryObject;(14, 20);;(22, 14);1;1750
3;0.125;CarryObject;(14, 20);;(22, 14);1;1751
3;0.125;CarryObject;(14, 20);;(22, 14);1;1752
3;0.125;CarryObject;(14, 20);;(22, 14);1;1753
3;0.125;CarryObject;(14, 20);;(22, 14);1;1754
3;0.125;CarryObject;(14, 20);;(22, 14);1;1755
3;0.125;CarryObject;(14, 20);;(22, 14);1;1756
3;0.125;CarryObject;(14, 20);;(22, 14);1;1757
3;0.125;CarryObject;(14, 20);;(22, 14);1;1758
3;0.125;CarryObject;(14, 20);;(22, 14);1;1759
3;0.125;CarryObject;(14, 20);;(22, 14);1;1760
3;0.125;CarryObject;(14, 20);;(22, 14);1;1761
3;0.125;CarryObject;(14, 20);;(22, 14);1;1762
3;0.125;CarryObject;(14, 20);;(22, 14);1;1763
3;0.125;CarryObject;(14, 20);;(22, 14);1;1764
3;0.125;CarryObject;(14, 20);;(22, 14);1;1765
3;0.125;CarryObject;(14, 20);;(22, 14);1;1766
3;0.125;CarryObject;(14, 20);;(22, 14);1;1767
3;0.125;CarryObject;(14, 20);;(22, 14);1;1768
3;0.125;CarryObject;(14, 20);;(22, 14);1;1769
3;0.125;CarryObject;(14, 20);;(22, 14);1;1770
3;0.125;CarryObject;(14, 20);;(22, 14);1;1771
3;0.125;CarryObject;(14, 20);;(22, 14);1;1772
3;0.125;CarryObject;(14, 20);;(22, 14);1;1773
3;0.125;CarryObject;(14, 20);;(22, 14);1;1774
3;0.125;CarryObject;(14, 20);;(22, 14);1;1775
3;0.125;CarryObject;(14, 20);;(22, 14);1;1776
3;0.125;CarryObject;(14, 20);;(22, 14);1;1777
3;0.125;CarryObject;(14, 20);;(22, 14);1;1778
3;0.125;CarryObject;(14, 20);;(22, 14);1;1779
3;0.125;CarryObject;(14, 20);;(22, 14);1;1780
3;0.125;CarryObject;(14, 20);;(22, 14);1;1781
3;0.125;CarryObject;(14, 20);;(22, 14);1;1782
3;0.125;CarryObject;(14, 20);;(22, 14);1;1783
3;0.125;CarryObject;(14, 20);;(22, 14);1;1784
3;0.125;CarryObject;(14, 20);;(22, 14);1;1785
3;0.125;CarryObject;(14, 20);;(22, 14);1;1786
3;0.125;CarryObject;(14, 20);;(22, 14);1;1787
3;0.125;CarryObject;(14, 20);;(22, 14);1;1788
3;0.125;CarryObject;(14, 20);;(22, 14);1;1789
3;0.125;CarryObject;(14, 20);;(22, 14);1;1790
3;0.125;CarryObject;(14, 20);;(22, 14);1;1791
3;0.125;CarryObject;(14, 20);;(22, 14);1;1792
3;0.125;CarryObject;(14, 20);;(22, 14);1;1793
3;0.125;CarryObject;(14, 20);;(22, 14);1;1794
3;0.125;CarryObject;(14, 20);;(22, 14);1;1795
3;0.125;CarryObject;(14, 20);;(22, 14);1;1796
3;0.125;CarryObject;(14, 20);;(22, 14);1;1797
3;0.125;CarryObject;(14, 20);;(22, 14);1;1798
3;0.125;CarryObject;(14, 20);;(22, 14);1;1799
3;0.125;CarryObject;(14, 20);;(22, 14);1;1800
3;0.125;CarryObject;(14, 20);;(22, 14);1;1801
3;0.125;CarryObject;(14, 20);;(22, 14);1;1802
3;0.125;CarryObject;(14, 20);;(22, 14);1;1803
3;0.125;CarryObject;(14, 20);;(22, 14);1;1804
3;0.125;CarryObject;(14, 20);;(22, 14);1;1805
3;0.125;CarryObject;(14, 20);;(22, 14);1;1806
3;0.125;CarryObject;(14, 20);;(22, 14);1;1807
3;0.125;CarryObject;(14, 20);;(22, 14);1;1808
3;0.125;CarryObject;(14, 20);;(22, 14);1;1809
3;0.125;CarryObject;(14, 20);;(22, 14);1;1810
3;0.125;CarryObject;(14, 20);;(22, 14);1;1811
3;0.125;CarryObject;(14, 20);;(22, 14);1;1812
3;0.125;CarryObject;(14, 20);;(22, 14);1;1813
3;0.125;CarryObject;(14, 20);;(22, 14);1;1814
3;0.125;CarryObject;(14, 20);;(22, 14);1;1815
3;0.125;CarryObject;(14, 20);;(22, 14);1;1816
3;0.125;CarryObject;(14, 20);;(22, 14);1;1817
3;0.125;CarryObject;(14, 20);;(22, 14);1;1818
3;0.125;CarryObject;(14, 20);;(22, 14);1;1819
3;0.125;CarryObject;(14, 20);;(22, 14);1;1820
3;0.125;CarryObject;(14, 20);;(22, 14);1;1821
3;0.125;CarryObject;(14, 20);;(22, 14);1;1822
3;0.125;CarryObject;(14, 20);;(22, 14);1;1823
3;0.125;CarryObject;(14, 20);;(22, 14);1;1824
3;0.125;CarryObject;(14, 20);;(22, 14);1;1825
3;0.125;CarryObject;(14, 20);;(22, 14);1;1826
3;0.125;CarryObject;(14, 20);;(22, 14);1;1827
3;0.125;CarryObject;(14, 20);;(22, 14);1;1828
3;0.125;CarryObject;(14, 20);;(22, 14);1;1829
3;0.125;CarryObject;(14, 20);;(22, 14);1;1830
3;0.125;CarryObject;(14, 20);;(22, 14);1;1831
3;0.125;CarryObject;(14, 20);;(22, 14);1;1832
3;0.125;CarryObject;(14, 20);;(22, 14);1;1833
3;0.125;CarryObject;(14, 20);;(22, 14);1;1834
3;0.125;CarryObject;(14, 20);;(22, 14);1;1835
3;0.125;CarryObject;(14, 20);;(22, 14);1;1836
3;0.125;CarryObject;(14, 20);;(22, 14);1;1837
3;0.125;CarryObject;(14, 20);;(22, 14);1;1838
3;0.125;CarryObject;(14, 20);;(22, 14);1;1839
3;0.125;CarryObject;(14, 20);;(22, 14);1;1840
3;0.125;CarryObject;(14, 20);;(22, 14);1;1841
3;0.125;CarryObject;(14, 20);;(22, 14);1;1842
3;0.125;CarryObject;(14, 20);;(22, 14);1;1843
3;0.125;CarryObject;(14, 20);;(22, 14);1;1844
3;0.125;CarryObject;(14, 20);;(22, 14);1;1845
3;0.125;CarryObject;(14, 20);;(22, 14);1;1846
3;0.125;CarryObject;(14, 20);;(22, 14);1;1847
3;0.125;CarryObject;(14, 20);;(22, 14);1;1848
3;0.125;CarryObject;(14, 20);;(22, 14);1;1849
3;0.125;CarryObject;(14, 20);;(22, 14);1;1850
3;0.125;CarryObject;(14, 20);;(22, 14);1;1851
3;0.125;CarryObject;(14, 20);;(22, 14);1;1852
3;0.125;MoveNorthEast;(14, 20);;(22, 14);1;1853
3;0.125;MoveNorthEast;(14, 20);;(22, 14);1;1854
3;0.125;MoveNorthEast;(14, 20);;(22, 14);1;1855
3;0.125;MoveNorthEast;(14, 20);;(22, 14);1;1856
3;0.125;MoveNorthEast;(14, 20);;(22, 14);1;1857
3;0.125;MoveNorthEast;(14, 20);;(22, 14);1;1858
3;0.125;MoveNorthEast;(14, 20);;(22, 14);1;1859
3;0.125;MoveNorthEast;(14, 20);;(22, 14);1;1860
3;0.125;MoveNorthEast;(15, 19);;(22, 14);1;1861
3;0.125;MoveNorthEast;(15, 19);;(22, 14);1;1862
3;0.125;MoveNorthEast;(15, 19);;(22, 14);1;1863
3;0.125;MoveNorthEast;(15, 19);;(22, 14);1;1864
3;0.125;MoveNorthEast;(15, 19);;(22, 14);1;1865
3;0.125;MoveNorthEast;(15, 19);;(22, 14);1;1866
3;0.125;MoveNorthEast;(15, 19);;(22, 14);1;1867
3;0.125;MoveNorthEast;(15, 19);;(22, 14);1;1868
3;0.125;MoveNorthEast;(15, 19);;(22, 14);1;1869
3;0.125;MoveNorthEast;(16, 18);;(22, 14);1;1870
3;0.125;MoveNorthEast;(16, 18);;(22, 14);1;1871
3;0.125;MoveNorthEast;(16, 18);;(22, 14);1;1872
3;0.125;MoveNorthEast;(16, 18);;(22, 14);1;1873
3;0.125;MoveNorthEast;(16, 18);;(22, 14);1;1874
3;0.125;MoveNorthEast;(16, 18);;(22, 14);1;1875
3;0.125;MoveNorthEast;(16, 18);;(22, 14);1;1876
3;0.125;MoveNorthEast;(16, 18);;(22, 14);1;1877
3;0.125;MoveNorthEast;(16, 18);;(22, 14);1;1878
3;0.125;MoveNorthEast;(17, 17);;(22, 14);1;1879
3;0.125;MoveNorthEast;(17, 17);;(22, 14);1;1880
3;0.125;MoveNorthEast;(17, 17);;(22, 14);1;1881
3;0.125;MoveNorthEast;(17, 17);;(22, 14);1;1882
3;0.125;MoveNorthEast;(17, 17);;(22, 14);1;1883
3;0.125;MoveNorthEast;(17, 17);;(22, 14);1;1884
3;0.125;MoveNorthEast;(17, 17);;(22, 14);1;1885
3;0.125;MoveNorthEast;(17, 17);;(22, 14);1;1886
3;0.125;MoveNorthEast;(17, 17);;(22, 14);1;1887
3;0.125;MoveNorthEast;(17, 17);;(22, 14);1;1888
3;0.125;MoveNorthEast;(17, 17);;(22, 14);1;1889
3;0.125;MoveNorthEast;(17, 17);;(22, 14);1;1890
3;0.125;MoveNorthEast;(17, 17);;(22, 14);1;1891
3;0.125;MoveNorthEast;(17, 17);;(22, 14);1;1892
3;0.125;MoveNorthEast;(18, 16);;(22, 14);1;1893
3;0.125;MoveNorthEast;(18, 16);;(22, 14);1;1894
3;0.125;MoveNorthEast;(18, 16);;(22, 14);1;1895
3;0.125;MoveNorthEast;(18, 16);;(22, 14);1;1896
3;0.125;MoveNorthEast;(18, 16);;(22, 14);1;1897
3;0.125;MoveNorthEast;(18, 16);;(22, 14);1;1898
3;0.125;MoveNorthEast;(18, 16);;(22, 14);1;1899
3;0.125;MoveNorthEast;(18, 16);;(22, 14);1;1900
3;0.125;MoveNorthEast;(18, 16);;(22, 14);1;1901
3;0.125;MoveNorthEast;(18, 16);;(22, 14);1;1902
3;0.125;MoveNorthEast;(18, 16);;(22, 14);1;1903
3;0.125;MoveNorthEast;(18, 16);;(22, 14);1;1904
3;0.125;MoveNorthEast;(18, 16);;(22, 14);1;1905
3;0.125;MoveNorthEast;(18, 16);;(22, 14);1;1906
3;0.125;MoveNorthEast;(19, 15);;(22, 14);1;1907
3;0.125;MoveNorthEast;(19, 15);;(22, 14);1;1908
3;0.125;MoveNorthEast;(19, 15);;(22, 14);1;1909
3;0.125;MoveNorthEast;(19, 15);;(22, 14);1;1910
3;0.125;MoveNorthEast;(19, 15);;(22, 14);1;1911
3;0.125;MoveNorthEast;(19, 15);;(22, 14);1;1912
3;0.125;MoveNorthEast;(19, 15);;(22, 14);1;1913
3;0.125;MoveNorthEast;(19, 15);;(22, 14);1;1914
3;0.125;MoveNorthEast;(19, 15);;(22, 14);1;1915
3;0.125;MoveNorthEast;(20, 14);;(22, 14);1;1916
3;0.125;MoveEast;(20, 14);;(22, 14);1;1917
3;0.125;MoveEast;(20, 14);;(22, 14);1;1918
3;0.125;MoveEast;(20, 14);;(22, 14);1;1919
3;0.125;MoveEast;(20, 14);;(22, 14);1;1920
3;0.125;MoveEast;(20, 14);;(22, 14);1;1921
3;0.125;MoveEast;(20, 14);;(22, 14);1;1922
3;0.125;MoveEast;(20, 14);;(22, 14);1;1923
3;0.125;MoveEast;(20, 14);;(22, 14);1;1924
3;0.125;MoveEast;(21, 14);;(22, 14);1;1925
3;0.125;MoveNorthEast;(21, 14);;(22, 14);1;1926
3;0.125;MoveNorthEast;(21, 14);;(22, 14);1;1927
3;0.125;MoveNorthEast;(21, 14);;(22, 14);1;1928
3;0.125;MoveNorthEast;(21, 14);;(22, 14);1;1929
3;0.125;MoveNorthEast;(21, 14);;(22, 14);1;1930
3;0.125;MoveNorthEast;(21, 14);;(22, 14);1;1931
3;0.125;MoveNorthEast;(21, 14);;(22, 14);1;1932
3;0.125;MoveNorthEast;(21, 14);;(22, 14);1;1933
3;0.125;MoveNorthEast;(22, 13);;(22, 14);1;1934
3;0.125;MoveEast;(22, 13);;(22, 14);1;1935
3;0.125;MoveEast;(22, 13);;(22, 14);1;1936
3;0.125;MoveEast;(22, 13);;(22, 14);1;1937
3;0.125;MoveEast;(22, 13);;(22, 14);1;1938
3;0.125;MoveEast;(22, 13);;(22, 14);1;1939
3;0.125;MoveEast;(22, 13);;(22, 14);1;1940
3;0.125;MoveEast;(22, 13);;(22, 14);1;1941
3;0.125;MoveEast;(22, 13);;(22, 14);1;1942
3;0.125;MoveEast;(23, 13);;(22, 14);1;1943
3;0.125;Drop;(23, 13);;(22, 14);1;1944
3;0.125;Drop;(23, 13);;(22, 14);1;1945
3;0.125;Drop;(23, 13);;(22, 14);1;1946
3;0.125;Drop;(23, 13);;(22, 14);1;1947
3;0.125;Drop;(23, 13);;(22, 14);1;1948
3;0.125;Drop;(23, 13);;(22, 14);1;1949
3;0.125;Drop;(23, 13);;(22, 14);1;1950
3;0.125;Drop;(23, 13);;(22, 14);1;1951
6;0.25;Drop;(23, 13);;(22, 14);1;1952
6;0.25;MoveSouthWest;(23, 13);;(22, 14);1;1953
6;0.25;MoveSouthWest;(23, 13);;(22, 14);1;1954
6;0.25;MoveSouthWest;(23, 13);;(22, 14);1;1955
6;0.25;MoveSouthWest;(23, 13);;(22, 14);1;1956
6;0.25;MoveSouthWest;(23, 13);;(22, 14);1;1957
6;0.25;MoveSouthWest;(23, 13);;(22, 14);1;1958
6;0.25;MoveSouthWest;(23, 13);;(22, 14);1;1959
6;0.25;MoveSouthWest;(23, 13);;(22, 14);1;1960
6;0.25;MoveSouthWest;(22, 14);;(22, 14);1;1961
6;0.25;MoveWest;(22, 14);;(22, 14);1;1962
6;0.25;MoveWest;(22, 14);;(22, 14);1;1963
6;0.25;MoveWest;(22, 14);;(22, 14);1;1964
6;0.25;MoveWest;(22, 14);;(22, 14);1;1965
6;0.25;MoveWest;(22, 14);;(22, 14);1;1966
6;0.25;MoveWest;(22, 14);;(22, 14);1;1967
6;0.25;MoveWest;(22, 14);;(22, 14);1;1968
6;0.25;MoveWest;(22, 14);;(22, 14);1;1969
6;0.25;MoveWest;(21, 14);;(22, 14);1;1970
6;0.25;MoveSouthWest;(21, 14);;(22, 14);1;1971
6;0.25;MoveSouthWest;(21, 14);;(22, 14);1;1972
6;0.25;MoveSouthWest;(21, 14);;(22, 14);1;1973
6;0.25;MoveSouthWest;(21, 14);;(22, 14);1;1974
6;0.25;MoveSouthWest;(21, 14);;(22, 14);1;1975
6;0.25;MoveSouthWest;(21, 14);;(22, 14);1;1976
6;0.25;MoveSouthWest;(21, 14);;(22, 14);1;1977
6;0.25;MoveSouthWest;(21, 14);;(22, 14);1;1978
6;0.25;MoveSouthWest;(20, 15);;(22, 14);1;1979
6;0.25;MoveWest;(20, 15);;(22, 14);1;1980
6;0.25;MoveWest;(20, 15);;(22, 14);1;1981
6;0.25;MoveWest;(20, 15);;(22, 14);1;1982
6;0.25;MoveWest;(20, 15);;(22, 14);1;1983
6;0.25;MoveWest;(20, 15);;(22, 14);1;1984
6;0.25;MoveWest;(20, 15);;(22, 14);1;1985
6;0.25;MoveWest;(20, 15);;(22, 14);1;1986
6;0.25;MoveWest;(20, 15);;(22, 14);1;1987
6;0.25;MoveWest;(19, 15);;(22, 14);1;1988
6;0.25;MoveSouthWest;(19, 15);;(22, 14);1;1989
6;0.25;MoveSouthWest;(19, 15);;(22, 14);1;1990
6;0.25;MoveSouthWest;(19, 15);;(22, 14);1;1991
6;0.25;MoveSouthWest;(19, 15);;(22, 14);1;1992
6;0.25;MoveSouthWest;(19, 15);;(22, 14);1;1993
6;0.25;MoveSouthWest;(19, 15);;(22, 14);1;1994
6;0.25;MoveSouthWest;(19, 15);;(22, 14);1;1995
6;0.25;MoveSouthWest;(19, 15);;(22, 14);1;1996
6;0.25;MoveSouthWest;(18, 16);;(22, 14);1;1997
6;0.25;MoveSouthWest;(18, 16);;(22, 14);1;1998
6;0.25;MoveSouthWest;(18, 16);;(22, 14);1;1999
6;0.25;MoveSouthWest;(18, 16);;(22, 14);1;2000
6;0.25;MoveSouthWest;(18, 16);;(22, 14);1;2001
6;0.25;MoveSouthWest;(18, 16);;(22, 14);1;2002
6;0.25;MoveSouthWest;(18, 16);;(22, 14);1;2003
6;0.25;MoveSouthWest;(18, 16);;(22, 14);1;2004
6;0.25;MoveSouthWest;(18, 16);;(22, 14);1;2005
6;0.25;MoveSouthWest;(18, 16);;(22, 14);1;2006
6;0.25;MoveSouthWest;(18, 16);;(22, 14);1;2007
6;0.25;MoveSouthWest;(18, 16);;(22, 14);1;2008
6;0.25;MoveSouthWest;(18, 16);;(22, 14);1;2009
6;0.25;MoveSouthWest;(18, 16);;(22, 14);1;2010
6;0.25;MoveSouthWest;(17, 17);;(22, 14);1;2011
6;0.25;MoveWest;(17, 17);;(22, 14);1;2012
6;0.25;MoveWest;(17, 17);;(22, 14);1;2013
6;0.25;MoveWest;(17, 17);;(22, 14);1;2014
6;0.25;MoveWest;(17, 17);;(22, 14);1;2015
6;0.25;MoveWest;(17, 17);;(22, 14);1;2016
6;0.25;MoveWest;(17, 17);;(22, 14);1;2017
6;0.25;MoveWest;(17, 17);;(22, 14);1;2018
6;0.25;MoveWest;(17, 17);;(22, 14);1;2019
6;0.25;MoveWest;(17, 17);;(22, 14);1;2020
6;0.25;MoveWest;(17, 17);;(22, 14);1;2021
6;0.25;MoveWest;(17, 17);;(22, 14);1;2022
6;0.25;MoveWest;(17, 17);;(22, 14);1;2023
6;0.25;MoveWest;(17, 17);;(22, 14);1;2024
6;0.25;MoveWest;(16, 17);;(22, 14);1;2025
6;0.25;MoveWest;(16, 17);;(22, 14);1;2026
6;0.25;MoveWest;(16, 17);;(22, 14);1;2027
6;0.25;MoveWest;(16, 17);;(22, 14);1;2028
6;0.25;MoveWest;(16, 17);;(22, 14);1;2029
6;0.25;MoveWest;(16, 17);;(22, 14);1;2030
6;0.25;MoveWest;(16, 17);;(22, 14);1;2031
6;0.25;MoveWest;(16, 17);;(22, 14);1;2032
6;0.25;MoveWest;(16, 17);;(22, 14);1;2033
6;0.25;MoveWest;(16, 17);;(22, 14);1;2034
6;0.25;MoveWest;(16, 17);;(22, 14);1;2035
6;0.25;MoveWest;(16, 17);;(22, 14);1;2036
6;0.25;MoveWest;(16, 17);;(22, 14);1;2037
6;0.25;MoveWest;(16, 17);;(22, 14);1;2038
6;0.25;MoveWest;(15, 17);;(22, 14);1;2039
6;0.25;MoveNorth;(15, 17);;(22, 14);1;2040
6;0.25;MoveNorth;(15, 17);;(22, 14);1;2041
6;0.25;MoveNorth;(15, 17);;(22, 14);1;2042
6;0.25;MoveNorth;(15, 17);;(22, 14);1;2043
6;0.25;MoveNorth;(15, 17);;(22, 14);1;2044
6;0.25;MoveNorth;(15, 17);;(22, 14);1;2045
6;0.25;MoveNorth;(15, 17);;(22, 14);1;2046
6;0.25;MoveNorth;(15, 17);;(22, 14);1;2047
6;0.25;MoveNorth;(15, 16);;(22, 14);1;2048
6;0.25;MoveNorthWest;(15, 16);;(22, 14);1;2049
6;0.25;MoveNorthWest;(15, 16);;(22, 14);1;2050
6;0.25;MoveNorthWest;(15, 16);;(22, 14);1;2051
6;0.25;MoveNorthWest;(15, 16);;(22, 14);1;2052
6;0.25;MoveNorthWest;(15, 16);;(22, 14);1;2053
6;0.25;MoveNorthWest;(15, 16);;(22, 14);1;2054
6;0.25;MoveNorthWest;(15, 16);;(22, 14);1;2055
6;0.25;MoveNorthWest;(15, 16);;(22, 14);1;2056
6;0.25;MoveNorthWest;(14, 15);;(22, 14);1;2057
6;0.25;MoveNorth;(14, 15);;(22, 14);1;2058
6;0.25;MoveNorth;(14, 15);;(22, 14);1;2059
6;0.25;MoveNorth;(14, 15);;(22, 14);1;2060
6;0.25;MoveNorth;(14, 15);;(22, 14);1;2061
6;0.25;MoveNorth;(14, 15);;(22, 14);1;2062
6;0.25;MoveNorth;(14, 15);;(22, 14);1;2063
6;0.25;MoveNorth;(14, 15);;(22, 14);1;2064
6;0.25;MoveNorth;(14, 15);;(22, 14);1;2065
6;0.25;MoveNorth;(14, 14);;(22, 14);1;2066
6;0.25;MoveSouthEast;(14, 14);;(22, 14);1;2067
6;0.25;MoveSouthEast;(14, 14);;(22, 14);1;2068
6;0.25;MoveSouthEast;(14, 14);;(22, 14);1;2069
6;0.25;MoveSouthEast;(14, 14);;(22, 14);1;2070
6;0.25;MoveSouthEast;(14, 14);;(22, 14);1;2071
6;0.25;MoveSouthEast;(14, 14);;(22, 14);1;2072
6;0.25;MoveSouthEast;(14, 14);;(22, 14);1;2073
6;0.25;MoveSouthEast;(14, 14);;(22, 14);1;2074
6;0.25;MoveSouthEast;(15, 15);;(22, 14);1;2075
6;0.25;MoveNorthEast;(15, 15);;(22, 14);1;2076
6;0.25;MoveNorthEast;(15, 15);;(22, 14);1;2077
6;0.25;MoveNorthEast;(15, 15);;(22, 14);1;2078
6;0.25;MoveNorthEast;(15, 15);;(22, 14);1;2079
6;0.25;MoveNorthEast;(15, 15);;(22, 14);1;2080
6;0.25;MoveNorthEast;(15, 15);;(22, 14);1;2081
6;0.25;MoveNorthEast;(15, 15);;(22, 14);1;2082
6;0.25;MoveNorthEast;(15, 15);;(22, 14);1;2083
6;0.25;MoveNorthEast;(16, 14);;(22, 14);1;2084
6;0.25;Idle;(16, 14);;(22, 14);1;2085
6;0.25;Idle;(16, 14);;(22, 14);1;2086
6;0.25;Idle;(16, 14);;(22, 14);1;2087
6;0.25;Idle;(16, 14);;(22, 14);1;2088
6;0.25;Idle;(16, 14);;(22, 14);1;2089
6;0.25;Idle;(16, 14);;(22, 14);1;2090
6;0.25;Idle;(16, 14);;(22, 14);1;2091
6;0.25;Idle;(16, 14);;(22, 14);1;2092
6;0.25;Idle;(16, 14);;(22, 14);1;2093
6;0.25;Idle;(16, 14);;(22, 14);1;2094
6;0.25;Idle;(16, 14);;(22, 14);1;2095
6;0.25;Idle;(16, 14);;(22, 14);1;2096
6;0.25;Idle;(16, 14);;(22, 14);1;2097
6;0.25;Idle;(16, 14);;(22, 14);1;2098
6;0.25;Idle;(16, 14);;(22, 14);1;2099
6;0.25;Idle;(16, 14);;(22, 14);1;2100
6;0.25;Idle;(16, 14);;(22, 14);1;2101
6;0.25;Idle;(16, 14);;(22, 14);1;2102
6;0.25;Idle;(16, 14);;(22, 14);1;2103
6;0.25;Idle;(16, 14);;(22, 14);1;2104
6;0.25;Idle;(16, 14);;(22, 14);1;2105
6;0.25;Idle;(16, 14);;(22, 14);1;2106
6;0.25;Idle;(16, 14);;(22, 14);1;2107
6;0.25;Idle;(16, 14);;(22, 14);1;2108
6;0.25;Idle;(16, 14);;(22, 14);1;2109
6;0.25;Idle;(16, 14);;(22, 14);1;2110
6;0.25;MoveSouthWest;(16, 14);;(22, 14);1;2111
6;0.25;MoveSouthWest;(16, 14);;(22, 14);1;2112
6;0.25;MoveSouthWest;(16, 14);;(22, 14);1;2113
6;0.25;MoveSouthWest;(16, 14);;(22, 14);1;2114
6;0.25;MoveSouthWest;(16, 14);;(22, 14);1;2115
6;0.25;MoveSouthWest;(16, 14);;(22, 14);1;2116
6;0.25;MoveSouthWest;(16, 14);;(22, 14);1;2117
6;0.25;MoveSouthWest;(16, 14);;(22, 14);1;2118
6;0.25;MoveSouthWest;(15, 15);;(22, 14);1;2119
6;0.25;MoveSouth;(15, 15);;(22, 14);1;2120
6;0.25;MoveSouth;(15, 15);;(22, 14);1;2121
6;0.25;MoveSouth;(15, 15);;(22, 14);1;2122
6;0.25;MoveSouth;(15, 15);;(22, 14);1;2123
6;0.25;MoveSouth;(15, 15);;(22, 14);1;2124
6;0.25;MoveSouth;(15, 15);;(22, 14);1;2125
6;0.25;MoveSouth;(15, 15);;(22, 14);1;2126
6;0.25;MoveSouth;(15, 15);;(22, 14);1;2127
6;0.25;MoveSouth;(15, 16);;(22, 14);1;2128
6;0.25;MoveSouthWest;(15, 16);;(22, 14);1;2129
6;0.25;MoveSouthWest;(15, 16);;(22, 14);1;2130
6;0.25;MoveSouthWest;(15, 16);;(22, 14);1;2131
6;0.25;MoveSouthWest;(15, 16);;(22, 14);1;2132
6;0.25;MoveSouthWest;(15, 16);;(22, 14);1;2133
6;0.25;MoveSouthWest;(15, 16);;(22, 14);1;2134
6;0.25;MoveSouthWest;(15, 16);;(22, 14);1;2135
6;0.25;MoveSouthWest;(15, 16);;(22, 14);1;2136
6;0.25;MoveSouthWest;(14, 17);;(22, 14);1;2137
6;0.25;MoveWest;(14, 17);;(22, 14);1;2138
6;0.25;MoveWest;(14, 17);;(22, 14);1;2139
6;0.25;MoveWest;(14, 17);;(22, 14);1;2140
6;0.25;MoveWest;(14, 17);;(22, 14);1;2141
6;0.25;MoveWest;(14, 17);;(22, 14);1;2142
6;0.25;MoveWest;(14, 17);;(22, 14);1;2143
6;0.25;MoveWest;(14, 17);;(22, 14);1;2144
6;0.25;MoveWest;(14, 17);;(22, 14);1;2145
6;0.25;MoveWest;(14, 17);;(22, 14);1;2146
6;0.25;MoveWest;(14, 17);;(22, 14);1;2147
6;0.25;MoveWest;(14, 17);;(22, 14);1;2148
6;0.25;MoveWest;(14, 17);;(22, 14);1;2149
6;0.25;MoveWest;(14, 17);;(22, 14);1;2150
6;0.25;MoveWest;(13, 17);;(22, 14);1;2151
6;0.25;MoveWest;(13, 17);;(22, 14);1;2152
6;0.25;MoveWest;(13, 17);;(22, 14);1;2153
6;0.25;MoveWest;(13, 17);;(22, 14);1;2154
6;0.25;MoveWest;(13, 17);;(22, 14);1;2155
6;0.25;MoveWest;(13, 17);;(22, 14);1;2156
6;0.25;MoveWest;(13, 17);;(22, 14);1;2157
6;0.25;MoveWest;(13, 17);;(22, 14);1;2158
6;0.25;MoveWest;(13, 17);;(22, 14);1;2159
6;0.25;MoveWest;(12, 17);;(22, 14);1;2160
6;0.25;MoveWest;(12, 17);;(22, 14);1;2161
6;0.25;MoveWest;(12, 17);;(22, 14);1;2162
6;0.25;MoveWest;(12, 17);;(22, 14);1;2163
6;0.25;MoveWest;(12, 17);;(22, 14);1;2164
6;0.25;MoveWest;(12, 17);;(22, 14);1;2165
6;0.25;MoveWest;(12, 17);;(22, 14);1;2166
6;0.25;MoveWest;(12, 17);;(22, 14);1;2167
6;0.25;MoveWest;(12, 17);;(22, 14);1;2168
6;0.25;MoveWest;(11, 17);;(22, 14);1;2169
6;0.25;MoveWest;(11, 17);;(22, 14);1;2170
6;0.25;MoveWest;(11, 17);;(22, 14);1;2171
6;0.25;MoveWest;(11, 17);;(22, 14);1;2172
6;0.25;MoveWest;(11, 17);;(22, 14);1;2173
6;0.25;MoveWest;(11, 17);;(22, 14);1;2174
6;0.25;MoveWest;(11, 17);;(22, 14);1;2175
6;0.25;MoveWest;(11, 17);;(22, 14);1;2176
6;0.25;MoveWest;(11, 17);;(22, 14);1;2177
6;0.25;MoveWest;(10, 17);;(22, 14);1;2178
6;0.25;MoveWest;(10, 17);;(22, 14);1;2179
6;0.25;MoveWest;(10, 17);;(22, 14);1;2180
6;0.25;MoveWest;(10, 17);;(22, 14);1;2181
6;0.25;MoveWest;(10, 17);;(22, 14);1;2182
6;0.25;MoveWest;(10, 17);;(22, 14);1;2183
6;0.25;MoveWest;(10, 17);;(22, 14);1;2184
6;0.25;MoveWest;(10, 17);;(22, 14);1;2185
6;0.25;MoveWest;(10, 17);;(22, 14);1;2186
6;0.25;MoveWest;(9, 17);;(22, 14);1;2187
6;0.25;;(9, 17);;(22, 14);1;2188
6;0.25;;(9, 17);;(22, 14);1;2189
6;0.25;;(9, 17);;(22, 14);1;2190
6;0.25;;(9, 17);;(22, 14);1;2191
6;0.25;;(9, 17);;(22, 14);1;2192
6;0.25;;(9, 17);;(22, 14);1;2193
6;0.25;;(9, 17);;(22, 14);1;2194
6;0.25;;(9, 17);;(22, 14);1;2195
6;0.25;;(9, 17);;(22, 14);1;2196
6;0.25;;(9, 17);;(22, 14);1;2197
6;0.25;;(9, 17);;(22, 14);1;2198
6;0.25;;(9, 17);;(22, 14);1;2199
6;0.25;;(9, 17);;(22, 14);1;2200
6;0.25;;(9, 17);;(22, 14);1;2201
6;0.25;;(9, 17);;(22, 14);1;2202
6;0.25;;(9, 17);;(22, 14);1;2203
6;0.25;;(9, 17);;(22, 14);1;2204
6;0.25;;(9, 17);;(22, 14);1;2205
6;0.25;;(9, 17);;(22, 14);1;2206
6;0.25;;(9, 17);;(22, 14);1;2207
6;0.25;;(9, 17);;(22, 14);1;2208
6;0.25;;(9, 17);;(22, 14);1;2209
6;0.25;;(9, 17);;(22, 14);1;2210
6;0.25;;(9, 17);;(22, 14);1;2211
6;0.25;;(9, 17);;(22, 14);1;2212
6;0.25;;(9, 17);;(22, 14);1;2213
6;0.25;;(9, 17);;(22, 14);1;2214
6;0.25;;(9, 17);;(22, 14);1;2215
6;0.25;;(9, 17);;(22, 14);1;2216
6;0.25;;(9, 17);;(22, 14);1;2217
6;0.25;;(9, 17);;(22, 14);1;2218
6;0.25;;(9, 17);;(22, 14);1;2219
6;0.25;;(9, 17);;(22, 14);1;2220
6;0.25;;(9, 17);;(22, 14);1;2221
6;0.25;;(9, 17);;(22, 14);1;2222
6;0.25;;(9, 17);;(22, 14);1;2223
6;0.25;;(9, 17);;(22, 14);1;2224
6;0.25;;(9, 17);;(22, 14);1;2225
6;0.25;;(9, 17);;(22, 14);1;2226
6;0.25;;(9, 17);;(22, 14);1;2227
6;0.25;;(9, 17);;(22, 14);1;2228
6;0.25;;(9, 17);;(22, 14);1;2229
6;0.25;;(9, 17);;(22, 14);1;2230
6;0.25;;(9, 17);;(22, 14);1;2231
6;0.25;;(9, 17);;(22, 14);1;2232
6;0.25;;(9, 17);;(22, 14);1;2233
6;0.25;;(9, 17);;(22, 14);1;2234
6;0.25;;(9, 17);;(22, 14);1;2235
6;0.25;;(9, 17);;(22, 14);1;2236
6;0.25;;(9, 17);;(22, 14);1;2237
6;0.25;;(9, 17);;(22, 14);1;2238
6;0.25;;(9, 17);;(22, 14);1;2239
6;0.25;;(9, 17);;(22, 14);1;2240
6;0.25;;(9, 17);;(22, 14);1;2241
6;0.25;;(9, 17);;(22, 14);1;2242
6;0.25;;(9, 17);;(22, 14);1;2243
6;0.25;;(9, 17);;(22, 14);1;2244
6;0.25;;(9, 17);;(22, 14);1;2245
6;0.25;;(9, 17);;(22, 14);1;2246
6;0.25;;(9, 17);;(22, 14);1;2247
6;0.25;;(9, 17);;(22, 14);1;2248
6;0.25;;(9, 17);;(22, 14);1;2249
6;0.25;;(9, 17);;(22, 14);1;2250
6;0.25;;(9, 17);;(22, 14);1;2251
6;0.25;;(9, 17);;(22, 14);1;2252
6;0.25;;(9, 17);;(22, 14);1;2253
6;0.25;;(9, 17);;(22, 14);1;2254
6;0.25;;(9, 17);;(22, 14);1;2255
6;0.25;;(9, 17);;(22, 14);1;2256
6;0.25;;(9, 17);;(22, 14);1;2257
6;0.25;;(9, 17);;(22, 14);1;2258
6;0.25;;(9, 17);;(22, 14);1;2259
6;0.25;;(9, 17);;(22, 14);1;2260
6;0.25;;(9, 17);;(22, 14);1;2261
6;0.25;;(9, 17);;(22, 14);1;2262
6;0.25;;(9, 17);;(22, 14);1;2263
6;0.25;;(9, 17);;(22, 14);1;2264
6;0.25;;(9, 17);;(22, 14);1;2265
6;0.25;;(9, 17);;(22, 14);1;2266
6;0.25;;(9, 17);;(22, 14);1;2267
6;0.25;;(9, 17);;(22, 14);1;2268
6;0.25;;(9, 17);;(22, 14);1;2269
6;0.25;;(9, 17);;(22, 14);1;2270
6;0.25;;(9, 17);;(22, 14);1;2271
6;0.25;;(9, 17);;(22, 14);1;2272
6;0.25;;(9, 17);;(22, 14);1;2273
6;0.25;;(9, 17);;(22, 14);1;2274
6;0.25;;(9, 17);;(22, 14);1;2275
6;0.25;;(9, 17);;(22, 14);1;2276
6;0.25;;(9, 17);;(22, 14);1;2277
6;0.25;;(9, 17);;(22, 14);1;2278
6;0.25;;(9, 17);;(22, 14);1;2279
6;0.25;RemoveObject;(9, 17);;(22, 14);1;2280
6;0.25;RemoveObject;(9, 17);;(22, 14);1;2281
6;0.25;RemoveObject;(9, 17);;(22, 14);1;2282
6;0.25;RemoveObject;(9, 17);;(22, 14);1;2283
6;0.25;RemoveObject;(9, 17);;(22, 14);1;2284
6;0.25;RemoveObject;(9, 17);;(22, 14);1;2285
6;0.25;RemoveObject;(9, 17);;(22, 14);1;2286
6;0.25;RemoveObject;(9, 17);;(22, 14);1;2287
6;0.25;RemoveObject;(9, 17);;(22, 14);1;2288
6;0.25;RemoveObject;(9, 17);;(22, 14);1;2289
6;0.25;RemoveObject;(9, 17);;(22, 14);1;2290
6;0.25;RemoveObject;(9, 17);;(22, 14);1;2291
6;0.25;RemoveObject;(9, 17);;(22, 14);1;2292
6;0.25;RemoveObject;(9, 17);;(22, 14);1;2293
6;0.25;RemoveObject;(9, 17);;(22, 14);1;2294
6;0.25;RemoveObject;(9, 17);;(22, 14);1;2295
6;0.25;RemoveObject;(9, 17);;(22, 14);1;2296
6;0.25;RemoveObject;(9, 17);;(22, 14);1;2297
6;0.25;RemoveObject;(9, 17);;(22, 14);1;2298
6;0.25;RemoveObject;(9, 17);;(22, 14);1;2299
6;0.25;RemoveObject;(9, 17);;(22, 14);1;2300
6;0.25;RemoveObject;(9, 17);;(22, 14);1;2301
6;0.25;RemoveObject;(9, 17);;(22, 14);1;2302
6;0.25;RemoveObject;(9, 17);;(22, 14);1;2303
6;0.25;RemoveObject;(9, 17);;(22, 14);1;2304
6;0.25;RemoveObject;(9, 17);;(22, 14);1;2305
6;0.25;RemoveObject;(9, 17);;(22, 14);1;2306
6;0.25;RemoveObject;(9, 17);;(22, 14);1;2307
6;0.25;RemoveObject;(9, 17);;(22, 14);1;2308
6;0.25;RemoveObject;(9, 17);;(22, 14);1;2309
6;0.25;RemoveObject;(9, 17);;(22, 14);1;2310
6;0.25;RemoveObject;(9, 17);;(22, 14);1;2311
6;0.25;RemoveObject;(9, 17);;(22, 14);1;2312
6;0.25;RemoveObject;(9, 17);;(22, 14);1;2313
6;0.25;RemoveObject;(9, 17);;(22, 14);1;2314
6;0.25;RemoveObject;(9, 17);;(22, 14);1;2315
6;0.25;RemoveObject;(9, 17);;(22, 14);1;2316
6;0.25;RemoveObject;(9, 17);;(22, 14);1;2317
6;0.25;RemoveObject;(9, 17);;(22, 14);1;2318
6;0.25;RemoveObject;(9, 17);;(22, 14);1;2319
6;0.25;RemoveObject;(9, 17);;(22, 14);1;2320
6;0.25;RemoveObject;(9, 17);;(22, 14);1;2321
6;0.25;RemoveObject;(9, 17);;(22, 14);1;2322
6;0.25;RemoveObject;(9, 17);;(22, 14);1;2323
6;0.25;RemoveObject;(9, 17);;(22, 14);1;2324
6;0.25;RemoveObject;(9, 17);;(22, 14);1;2325
6;0.25;RemoveObject;(9, 17);;(22, 14);1;2326
6;0.25;RemoveObject;(9, 17);;(22, 14);1;2327
6;0.25;RemoveObject;(9, 17);;(22, 14);1;2328
6;0.25;RemoveObject;(9, 17);;(22, 14);1;2329
6;0.25;RemoveObject;(9, 17);;(22, 14);1;2330
6;0.25;RemoveObject;(9, 17);;(22, 14);1;2331
6;0.25;RemoveObject;(9, 17);;(22, 14);1;2332
6;0.25;RemoveObject;(9, 17);;(22, 14);1;2333
6;0.25;RemoveObject;(9, 17);;(22, 14);1;2334
6;0.25;RemoveObject;(9, 17);;(22, 14);1;2335
6;0.25;RemoveObject;(9, 17);;(22, 14);1;2336
6;0.25;RemoveObject;(9, 17);;(22, 14);1;2337
6;0.25;RemoveObject;(9, 17);;(22, 14);1;2338
6;0.25;RemoveObject;(9, 17);;(22, 14);1;2339
6;0.25;RemoveObject;(9, 17);;(22, 14);1;2340
6;0.25;RemoveObject;(9, 17);;(22, 14);1;2341
6;0.25;RemoveObject;(9, 17);;(22, 14);1;2342
6;0.25;RemoveObject;(9, 17);;(22, 14);1;2343
6;0.25;RemoveObject;(9, 17);;(22, 14);1;2344
6;0.25;RemoveObject;(9, 17);;(22, 14);1;2345
6;0.25;RemoveObject;(9, 17);;(22, 14);1;2346
6;0.25;RemoveObject;(9, 17);;(22, 14);1;2347
6;0.25;RemoveObject;(9, 17);;(22, 14);1;2348
6;0.25;RemoveObject;(9, 17);;(22, 14);1;2349
6;0.25;RemoveObject;(9, 17);;(22, 14);1;2350
6;0.25;RemoveObject;(9, 17);;(22, 14);1;2351
6;0.25;RemoveObject;(9, 17);;(22, 14);1;2352
6;0.25;RemoveObject;(9, 17);;(22, 14);1;2353
6;0.25;RemoveObject;(9, 17);;(22, 14);1;2354
6;0.25;RemoveObject;(9, 17);;(22, 14);1;2355
6;0.25;RemoveObject;(9, 17);;(22, 14);1;2356
6;0.25;RemoveObject;(9, 17);;(22, 14);1;2357
6;0.25;RemoveObject;(9, 17);;(22, 14);1;2358
6;0.25;RemoveObject;(9, 17);;(22, 14);1;2359
6;0.25;RemoveObject;(9, 17);;(22, 14);1;2360
6;0.25;RemoveObject;(9, 17);;(22, 14);1;2361
6;0.25;RemoveObject;(9, 17);;(22, 14);1;2362
6;0.25;RemoveObject;(9, 17);;(22, 14);1;2363
6;0.25;RemoveObject;(9, 17);;(22, 14);1;2364
6;0.25;RemoveObject;(9, 17);;(22, 14);1;2365
6;0.25;RemoveObject;(9, 17);;(22, 14);1;2366
6;0.25;RemoveObject;(9, 17);;(22, 14);1;2367
6;0.25;RemoveObject;(9, 17);;(22, 14);1;2368
6;0.25;RemoveObject;(9, 17);;(22, 14);1;2369
6;0.25;RemoveObject;(9, 17);;(22, 14);1;2370
6;0.25;RemoveObject;(9, 17);;(22, 14);1;2371
6;0.25;RemoveObject;(9, 17);;(22, 14);1;2372
6;0.25;RemoveObject;(9, 17);;(22, 14);1;2373
6;0.25;RemoveObject;(9, 17);;(22, 14);1;2374
6;0.25;RemoveObject;(9, 17);;(22, 14);1;2375
6;0.25;RemoveObject;(9, 17);;(22, 14);1;2376
6;0.25;RemoveObject;(9, 17);;(22, 14);1;2377
6;0.25;RemoveObject;(9, 17);;(22, 14);1;2378
6;0.25;RemoveObject;(9, 17);;(22, 14);1;2379
6;0.25;RemoveObject;(9, 17);;(22, 14);1;2380
6;0.25;MoveNorth;(9, 17);;(22, 14);1;2381
6;0.25;MoveNorth;(9, 17);;(22, 14);1;2382
6;0.25;MoveNorth;(9, 17);;(22, 14);1;2383
6;0.25;MoveNorth;(9, 17);;(22, 14);1;2384
6;0.25;MoveNorth;(9, 17);;(22, 14);1;2385
6;0.25;MoveNorth;(9, 17);;(22, 14);1;2386
6;0.25;MoveNorth;(9, 17);;(22, 14);1;2387
6;0.25;MoveNorth;(9, 17);;(22, 14);1;2388
6;0.25;MoveNorth;(9, 16);;(22, 14);1;2389
6;0.25;MoveNorthWest;(9, 16);;(22, 14);1;2390
6;0.25;MoveNorthWest;(9, 16);;(22, 14);1;2391
6;0.25;MoveNorthWest;(9, 16);;(22, 14);1;2392
6;0.25;MoveNorthWest;(9, 16);;(22, 14);1;2393
6;0.25;MoveNorthWest;(9, 16);;(22, 14);1;2394
6;0.25;MoveNorthWest;(9, 16);;(22, 14);1;2395
6;0.25;MoveNorthWest;(9, 16);;(22, 14);1;2396
6;0.25;MoveNorthWest;(9, 16);;(22, 14);1;2397
6;0.25;MoveNorthWest;(8, 15);;(22, 14);1;2398
6;0.25;MoveNorth;(8, 15);;(22, 14);1;2399
6;0.25;MoveNorth;(8, 15);;(22, 14);1;2400
6;0.25;MoveNorth;(8, 15);;(22, 14);1;2401
6;0.25;MoveNorth;(8, 15);;(22, 14);1;2402
6;0.25;MoveNorth;(8, 15);;(22, 14);1;2403
6;0.25;MoveNorth;(8, 15);;(22, 14);1;2404
6;0.25;MoveNorth;(8, 15);;(22, 14);1;2405
6;0.25;MoveNorth;(8, 15);;(22, 14);1;2406
6;0.25;MoveNorth;(8, 14);;(22, 14);1;2407
6;0.25;MoveSouthEast;(8, 14);;(22, 14);1;2408
6;0.25;MoveSouthEast;(8, 14);;(22, 14);1;2409
6;0.25;MoveSouthEast;(8, 14);;(22, 14);1;2410
6;0.25;MoveSouthEast;(8, 14);;(22, 14);1;2411
6;0.25;MoveSouthEast;(8, 14);;(22, 14);1;2412
6;0.25;MoveSouthEast;(8, 14);;(22, 14);1;2413
6;0.25;MoveSouthEast;(8, 14);;(22, 14);1;2414
6;0.25;MoveSouthEast;(8, 14);;(22, 14);1;2415
6;0.25;MoveSouthEast;(9, 15);;(22, 14);1;2416
6;0.25;MoveNorthEast;(9, 15);;(22, 14);1;2417
6;0.25;MoveNorthEast;(9, 15);;(22, 14);1;2418
6;0.25;MoveNorthEast;(9, 15);;(22, 14);1;2419
6;0.25;MoveNorthEast;(9, 15);;(22, 14);1;2420
6;0.25;MoveNorthEast;(9, 15);;(22, 14);1;2421
6;0.25;MoveNorthEast;(9, 15);;(22, 14);1;2422
6;0.25;MoveNorthEast;(9, 15);;(22, 14);1;2423
6;0.25;MoveNorthEast;(9, 15);;(22, 14);1;2424
6;0.25;MoveNorthEast;(10, 14);;(22, 14);1;2425
6;0.25;;(10, 14);;(22, 14);1;2426
6;0.25;;(10, 14);;(22, 14);1;2427
6;0.25;;(10, 14);;(22, 14);1;2428
6;0.25;;(10, 14);;(22, 14);1;2429
6;0.25;;(10, 14);;(22, 14);1;2430
6;0.25;;(10, 14);;(22, 14);1;2431
6;0.25;;(10, 14);;(22, 14);1;2432
6;0.25;;(10, 14);;(22, 14);1;2433
6;0.25;;(10, 14);;(22, 14);1;2434
6;0.25;;(10, 14);;(22, 14);1;2435
6;0.25;;(10, 14);;(22, 14);1;2436
6;0.25;;(10, 14);;(22, 14);1;2437
6;0.25;;(10, 14);;(22, 14);1;2438
6;0.25;;(10, 14);;(22, 14);1;2439
6;0.25;;(10, 14);;(22, 14);1;2440
6;0.25;;(10, 14);;(22, 14);1;2441
6;0.25;;(10, 14);;(22, 14);1;2442
6;0.25;;(10, 14);;(22, 14);1;2443
6;0.25;;(10, 14);;(22, 14);1;2444
6;0.25;;(10, 14);;(22, 14);1;2445
6;0.25;;(10, 14);;(22, 14);1;2446
6;0.25;;(10, 14);;(22, 14);1;2447
6;0.25;;(10, 14);;(22, 14);1;2448
6;0.25;;(10, 14);;(22, 14);1;2449
6;0.25;;(10, 14);;(22, 14);1;2450
6;0.25;;(10, 14);;(22, 14);1;2451
6;0.25;;(10, 14);;(22, 14);1;2452
6;0.25;;(10, 14);;(22, 14);1;2453
6;0.25;;(10, 14);;(22, 14);1;2454
6;0.25;;(10, 14);;(22, 14);1;2455
6;0.25;;(10, 14);;(22, 14);1;2456
6;0.25;;(10, 14);;(22, 14);1;2457
6;0.25;;(10, 14);;(22, 14);1;2458
6;0.25;;(10, 14);;(22, 14);1;2459
6;0.25;;(10, 14);;(22, 14);1;2460
6;0.25;;(10, 14);;(22, 14);1;2461
6;0.25;;(10, 14);;(22, 14);1;2462
6;0.25;;(10, 14);;(22, 14);1;2463
6;0.25;;(10, 14);;(22, 14);1;2464
6;0.25;;(10, 14);;(22, 14);1;2465
6;0.25;;(10, 14);;(22, 14);1;2466
6;0.25;;(10, 14);;(22, 14);1;2467
6;0.25;;(10, 14);;(22, 14);1;2468
6;0.25;;(10, 14);;(22, 14);1;2469
6;0.25;;(10, 14);;(22, 14);1;2470
6;0.25;;(10, 14);;(22, 14);1;2471
6;0.25;;(10, 14);;(22, 14);1;2472
6;0.25;;(10, 14);;(22, 14);1;2473
6;0.25;;(10, 14);;(22, 14);1;2474
6;0.25;;(10, 14);;(22, 14);1;2475
6;0.25;;(10, 14);;(22, 14);1;2476
6;0.25;;(10, 14);;(22, 14);1;2477
6;0.25;;(10, 14);;(22, 14);1;2478
6;0.25;;(10, 14);;(22, 14);1;2479
6;0.25;;(10, 14);;(22, 14);1;2480
6;0.25;;(10, 14);;(22, 14);1;2481
6;0.25;;(10, 14);;(22, 14);1;2482
6;0.25;;(10, 14);;(22, 14);1;2483
6;0.25;;(10, 14);;(22, 14);1;2484
6;0.25;;(10, 14);;(22, 14);1;2485
6;0.25;;(10, 14);;(22, 14);1;2486
6;0.25;;(10, 14);;(22, 14);1;2487
6;0.25;;(10, 14);;(22, 14);1;2488
6;0.25;;(10, 14);;(22, 14);1;2489
6;0.25;;(10, 14);;(22, 14);1;2490
6;0.25;;(10, 14);;(22, 14);1;2491
6;0.25;;(10, 14);;(22, 14);1;2492
6;0.25;;(10, 14);;(22, 14);1;2493
6;0.25;;(10, 14);;(22, 14);1;2494
6;0.25;;(10, 14);;(22, 14);1;2495
6;0.25;;(10, 14);;(22, 14);1;2496
6;0.25;;(10, 14);;(22, 14);1;2497
6;0.25;;(10, 14);;(22, 14);1;2498
6;0.25;;(10, 14);;(22, 14);1;2499
6;0.25;;(10, 14);;(22, 14);1;2500
6;0.25;;(10, 14);;(22, 14);1;2501
6;0.25;;(10, 14);;(22, 14);1;2502
6;0.25;;(10, 14);;(22, 14);1;2503
6;0.25;;(10, 14);;(22, 14);1;2504
6;0.25;;(10, 14);;(22, 14);1;2505
6;0.25;;(10, 14);;(22, 14);1;2506
6;0.25;;(10, 14);;(22, 14);1;2507
6;0.25;Idle;(10, 14);;(22, 14);1;2508
6;0.25;Idle;(10, 14);;(22, 14);1;2509
6;0.25;Idle;(10, 14);;(22, 14);1;2510
6;0.25;Idle;(10, 14);;(22, 14);1;2511
6;0.25;Idle;(10, 14);;(22, 14);1;2512
6;0.25;Idle;(10, 14);;(22, 14);1;2513
6;0.25;Idle;(10, 14);;(22, 14);1;2514
6;0.25;Idle;(10, 14);;(22, 14);1;2515
6;0.25;Idle;(10, 14);;(22, 14);1;2516
6;0.25;Idle;(10, 14);;(22, 14);1;2517
6;0.25;Idle;(10, 14);;(22, 14);1;2518
6;0.25;Idle;(10, 14);;(22, 14);1;2519
6;0.25;Idle;(10, 14);;(22, 14);1;2520
6;0.25;Idle;(10, 14);;(22, 14);1;2521
6;0.25;Idle;(10, 14);;(22, 14);1;2522
6;0.25;Idle;(10, 14);;(22, 14);1;2523
6;0.25;Idle;(10, 14);;(22, 14);1;2524
6;0.25;Idle;(10, 14);;(22, 14);1;2525
6;0.25;Idle;(10, 14);;(22, 14);1;2526
6;0.25;Idle;(10, 14);;(22, 14);1;2527
6;0.25;Idle;(10, 14);;(22, 14);1;2528
6;0.25;Idle;(10, 14);;(22, 14);1;2529
6;0.25;Idle;(10, 14);;(22, 14);1;2530
6;0.25;Idle;(10, 14);;(22, 14);1;2531
6;0.25;Idle;(10, 14);;(22, 14);1;2532
6;0.25;Idle;(10, 14);;(22, 14);1;2533
6;0.25;MoveSouth;(10, 14);;(22, 14);1;2534
6;0.25;MoveSouth;(10, 14);;(22, 14);1;2535
6;0.25;MoveSouth;(10, 14);;(22, 14);1;2536
6;0.25;MoveSouth;(10, 14);;(22, 14);1;2537
6;0.25;MoveSouth;(10, 14);;(22, 14);1;2538
6;0.25;MoveSouth;(10, 14);;(22, 14);1;2539
6;0.25;MoveSouth;(10, 14);;(22, 14);1;2540
6;0.25;MoveSouth;(10, 14);;(22, 14);1;2541
6;0.25;MoveSouth;(10, 15);;(22, 14);1;2542
6;0.25;MoveSouthWest;(10, 15);;(22, 14);1;2543
6;0.25;MoveSouthWest;(10, 15);;(22, 14);1;2544
6;0.25;MoveSouthWest;(10, 15);;(22, 14);1;2545
6;0.25;MoveSouthWest;(10, 15);;(22, 14);1;2546
6;0.25;MoveSouthWest;(10, 15);;(22, 14);1;2547
6;0.25;MoveSouthWest;(10, 15);;(22, 14);1;2548
6;0.25;MoveSouthWest;(10, 15);;(22, 14);1;2549
6;0.25;MoveSouthWest;(10, 15);;(22, 14);1;2550
6;0.25;MoveSouthWest;(9, 16);;(22, 14);1;2551
6;0.25;MoveSouth;(9, 16);;(22, 14);1;2552
6;0.25;MoveSouth;(9, 16);;(22, 14);1;2553
6;0.25;MoveSouth;(9, 16);;(22, 14);1;2554
6;0.25;MoveSouth;(9, 16);;(22, 14);1;2555
6;0.25;MoveSouth;(9, 16);;(22, 14);1;2556
6;0.25;MoveSouth;(9, 16);;(22, 14);1;2557
6;0.25;MoveSouth;(9, 16);;(22, 14);1;2558
6;0.25;MoveSouth;(9, 16);;(22, 14);1;2559
6;0.25;MoveSouth;(9, 17);;(22, 14);1;2560
6;0.25;MoveSouth;(9, 17);;(22, 14);1;2561
6;0.25;MoveSouth;(9, 17);;(22, 14);1;2562
6;0.25;MoveSouth;(9, 17);;(22, 14);1;2563
6;0.25;MoveSouth;(9, 17);;(22, 14);1;2564
6;0.25;MoveSouth;(9, 17);;(22, 14);1;2565
6;0.25;MoveSouth;(9, 17);;(22, 14);1;2566
6;0.25;MoveSouth;(9, 17);;(22, 14);1;2567
6;0.25;MoveSouth;(9, 17);;(22, 14);1;2568
6;0.25;MoveSouth;(9, 18);;(22, 14);1;2569
6;0.25;;(9, 18);;(22, 14);1;2570
6;0.25;;(9, 18);;(22, 14);1;2571
6;0.25;;(9, 18);;(22, 14);1;2572
6;0.25;;(9, 18);;(22, 14);1;2573
6;0.25;;(9, 18);;(22, 14);1;2574
6;0.25;;(9, 18);;(22, 14);1;2575
6;0.25;;(9, 18);;(22, 14);1;2576
6;0.25;;(9, 18);;(22, 14);1;2577
6;0.25;;(9, 18);;(22, 14);1;2578
6;0.25;;(9, 18);;(22, 14);1;2579
6;0.25;;(9, 18);;(22, 14);1;2580
6;0.25;;(9, 18);;(22, 14);1;2581
6;0.25;;(9, 18);;(22, 14);1;2582
6;0.25;;(9, 18);;(22, 14);1;2583
6;0.25;;(9, 18);;(22, 14);1;2584
6;0.25;;(9, 18);;(22, 14);1;2585
6;0.25;;(9, 18);;(22, 14);1;2586
6;0.25;;(9, 18);;(22, 14);1;2587
6;0.25;;(9, 18);;(22, 14);1;2588
6;0.25;;(9, 18);;(22, 14);1;2589
6;0.25;;(9, 18);;(22, 14);1;2590
6;0.25;;(9, 18);;(22, 14);1;2591
6;0.25;;(9, 18);;(22, 14);1;2592
6;0.25;;(9, 18);;(22, 14);1;2593
6;0.25;;(9, 18);;(22, 14);1;2594
6;0.25;;(9, 18);;(22, 14);1;2595
6;0.25;;(9, 18);;(22, 14);1;2596
6;0.25;;(9, 18);;(22, 14);1;2597
6;0.25;;(9, 18);;(22, 14);1;2598
6;0.25;;(9, 18);;(22, 14);1;2599
6;0.25;;(9, 18);;(22, 14);1;2600
6;0.25;;(9, 18);;(22, 14);1;2601
6;0.25;;(9, 18);;(22, 14);1;2602
6;0.25;;(9, 18);;(22, 14);1;2603
6;0.25;;(9, 18);;(22, 14);1;2604
6;0.25;;(9, 18);;(22, 14);1;2605
6;0.25;;(9, 18);;(22, 14);1;2606
6;0.25;;(9, 18);;(22, 14);1;2607
6;0.25;;(9, 18);;(22, 14);1;2608
6;0.25;;(9, 18);;(22, 14);1;2609
6;0.25;;(9, 18);;(22, 14);1;2610
6;0.25;;(9, 18);;(22, 14);1;2611
6;0.25;;(9, 18);;(22, 14);1;2612
6;0.25;;(9, 18);;(22, 14);1;2613
6;0.25;;(9, 18);;(22, 14);1;2614
6;0.25;;(9, 18);;(22, 14);1;2615
6;0.25;;(9, 18);;(22, 14);1;2616
6;0.25;;(9, 18);;(22, 14);1;2617
6;0.25;;(9, 18);;(22, 14);1;2618
6;0.25;;(9, 18);;(22, 14);1;2619
6;0.25;;(9, 18);;(22, 14);1;2620
6;0.25;;(9, 18);;(22, 14);1;2621
6;0.25;;(9, 18);;(22, 14);1;2622
6;0.25;;(9, 18);;(22, 14);1;2623
6;0.25;;(9, 18);;(22, 14);1;2624
6;0.25;;(9, 18);;(22, 14);1;2625
6;0.25;;(9, 18);;(22, 14);1;2626
6;0.25;;(9, 18);;(22, 14);1;2627
6;0.25;;(9, 18);;(22, 14);1;2628
6;0.25;;(9, 18);;(22, 14);1;2629
6;0.25;;(9, 18);;(22, 14);1;2630
6;0.25;;(9, 18);;(22, 14);1;2631
6;0.25;;(9, 18);;(22, 14);1;2632
6;0.25;;(9, 18);;(22, 14);1;2633
6;0.25;;(9, 18);;(22, 14);1;2634
6;0.25;;(9, 18);;(22, 14);1;2635
6;0.25;;(9, 18);;(22, 14);1;2636
6;0.25;;(9, 18);;(22, 14);1;2637
6;0.25;;(9, 18);;(22, 14);1;2638
6;0.25;;(9, 18);;(22, 14);1;2639
6;0.25;;(9, 18);;(22, 14);1;2640
6;0.25;;(9, 18);;(22, 14);1;2641
6;0.25;;(9, 18);;(22, 14);1;2642
6;0.25;;(9, 18);;(22, 14);1;2643
6;0.25;;(9, 18);;(22, 14);1;2644
6;0.25;;(9, 18);;(22, 14);1;2645
6;0.25;;(9, 18);;(22, 14);1;2646
6;0.25;;(9, 18);;(22, 14);1;2647
6;0.25;;(9, 18);;(22, 14);1;2648
6;0.25;;(9, 18);;(22, 14);1;2649
6;0.25;;(9, 18);;(22, 14);1;2650
6;0.25;;(9, 18);;(22, 14);1;2651
6;0.25;;(9, 18);;(22, 14);1;2652
6;0.25;;(9, 18);;(22, 14);1;2653
6;0.25;;(9, 18);;(22, 14);1;2654
6;0.25;;(9, 18);;(22, 14);1;2655
6;0.25;;(9, 18);;(22, 14);1;2656
6;0.25;;(9, 18);;(22, 14);1;2657
6;0.25;;(9, 18);;(22, 14);1;2658
6;0.25;;(9, 18);;(22, 14);1;2659
6;0.25;;(9, 18);;(22, 14);1;2660
6;0.25;;(9, 18);;(22, 14);1;2661
6;0.25;;(9, 18);;(22, 14);1;2662
6;0.25;;(9, 18);;(22, 14);1;2663
6;0.25;;(9, 18);;(22, 14);1;2664
6;0.25;;(9, 18);;(22, 14);1;2665
6;0.25;;(9, 18);;(22, 14);1;2666
6;0.25;;(9, 18);;(22, 14);1;2667
6;0.25;;(9, 18);;(22, 14);1;2668
6;0.25;;(9, 18);;(22, 14);1;2669
6;0.25;;(9, 18);;(22, 14);1;2670
6;0.25;;(9, 18);;(22, 14);1;2671
6;0.25;;(9, 18);;(22, 14);1;2672
6;0.25;;(9, 18);;(22, 14);1;2673
6;0.25;;(9, 18);;(22, 14);1;2674
6;0.25;;(9, 18);;(22, 14);1;2675
6;0.25;;(9, 18);;(22, 14);1;2676
6;0.25;;(9, 18);;(22, 14);1;2677
6;0.25;;(9, 18);;(22, 14);1;2678
6;0.25;;(9, 18);;(22, 14);1;2679
6;0.25;;(9, 18);;(22, 14);1;2680
6;0.25;;(9, 18);;(22, 14);1;2681
6;0.25;;(9, 18);;(22, 14);1;2682
6;0.25;;(9, 18);;(22, 14);1;2683
6;0.25;;(9, 18);;(22, 14);1;2684
6;0.25;;(9, 18);;(22, 14);1;2685
6;0.25;;(9, 18);;(22, 14);1;2686
6;0.25;;(9, 18);;(22, 14);1;2687
6;0.25;;(9, 18);;(22, 14);1;2688
6;0.25;;(9, 18);;(22, 14);1;2689
6;0.25;;(9, 18);;(22, 14);1;2690
6;0.25;;(9, 18);;(22, 14);1;2691
6;0.25;;(9, 18);;(22, 14);1;2692
6;0.25;;(9, 18);;(22, 14);1;2693
6;0.25;;(9, 18);;(22, 14);1;2694
6;0.25;;(9, 18);;(22, 14);1;2695
6;0.25;;(9, 18);;(22, 14);1;2696
6;0.25;;(9, 18);;(22, 14);1;2697
6;0.25;;(9, 18);;(22, 14);1;2698
6;0.25;;(9, 18);;(22, 14);1;2699
6;0.25;;(9, 18);;(22, 14);1;2700
6;0.25;;(9, 18);;(22, 14);1;2701
6;0.25;;(9, 18);;(22, 14);1;2702
6;0.25;;(9, 18);;(22, 14);1;2703
6;0.25;;(9, 18);;(22, 14);1;2704
6;0.25;;(9, 18);;(22, 14);1;2705
6;0.25;;(9, 18);;(22, 14);1;2706
6;0.25;;(9, 18);;(22, 14);1;2707
6;0.25;;(9, 18);;(22, 14);1;2708
6;0.25;;(9, 18);;(22, 14);1;2709
6;0.25;;(9, 18);;(22, 14);1;2710
6;0.25;;(9, 18);;(22, 14);1;2711
6;0.25;;(9, 18);;(22, 14);1;2712
6;0.25;;(9, 18);;(22, 14);1;2713
6;0.25;;(9, 18);;(22, 14);1;2714
6;0.25;;(9, 18);;(22, 14);1;2715
6;0.25;;(9, 18);;(22, 14);1;2716
6;0.25;;(9, 18);;(22, 14);1;2717
6;0.25;;(9, 18);;(22, 14);1;2718
6;0.25;;(9, 18);;(22, 14);1;2719
6;0.25;;(9, 18);;(22, 14);1;2720
6;0.25;;(9, 18);;(22, 14);1;2721
6;0.25;;(9, 18);;(22, 14);1;2722
6;0.25;RemoveObject;(9, 18);;(22, 14);1;2723
6;0.25;RemoveObject;(9, 18);;(22, 14);1;2724
6;0.25;RemoveObject;(9, 18);;(22, 14);1;2725
6;0.25;RemoveObject;(9, 18);;(22, 14);1;2726
6;0.25;RemoveObject;(9, 18);;(22, 14);1;2727
6;0.25;RemoveObject;(9, 18);;(22, 14);1;2728
6;0.25;RemoveObject;(9, 18);;(22, 14);1;2729
6;0.25;RemoveObject;(9, 18);;(22, 14);1;2730
6;0.25;RemoveObject;(9, 18);;(22, 14);1;2731
6;0.25;RemoveObject;(9, 18);;(22, 14);1;2732
6;0.25;RemoveObject;(9, 18);;(22, 14);1;2733
6;0.25;RemoveObject;(9, 18);;(22, 14);1;2734
6;0.25;RemoveObject;(9, 18);;(22, 14);1;2735
6;0.25;RemoveObject;(9, 18);;(22, 14);1;2736
6;0.25;RemoveObject;(9, 18);;(22, 14);1;2737
6;0.25;RemoveObject;(9, 18);;(22, 14);1;2738
6;0.25;RemoveObject;(9, 18);;(22, 14);1;2739
6;0.25;RemoveObject;(9, 18);;(22, 14);1;2740
6;0.25;RemoveObject;(9, 18);;(22, 14);1;2741
6;0.25;RemoveObject;(9, 18);;(22, 14);1;2742
6;0.25;RemoveObject;(9, 18);;(22, 14);1;2743
6;0.25;RemoveObject;(9, 18);;(22, 14);1;2744
6;0.25;RemoveObject;(9, 18);;(22, 14);1;2745
6;0.25;RemoveObject;(9, 18);;(22, 14);1;2746
6;0.25;RemoveObject;(9, 18);;(22, 14);1;2747
6;0.25;RemoveObject;(9, 18);;(22, 14);1;2748
6;0.25;RemoveObject;(9, 18);;(22, 14);1;2749
6;0.25;RemoveObject;(9, 18);;(22, 14);1;2750
6;0.25;RemoveObject;(9, 18);;(22, 14);1;2751
6;0.25;RemoveObject;(9, 18);;(22, 14);1;2752
6;0.25;RemoveObject;(9, 18);;(22, 14);1;2753
6;0.25;RemoveObject;(9, 18);;(22, 14);1;2754
6;0.25;RemoveObject;(9, 18);;(22, 14);1;2755
6;0.25;RemoveObject;(9, 18);;(22, 14);1;2756
6;0.25;RemoveObject;(9, 18);;(22, 14);1;2757
6;0.25;RemoveObject;(9, 18);;(22, 14);1;2758
6;0.25;RemoveObject;(9, 18);;(22, 14);1;2759
6;0.25;RemoveObject;(9, 18);;(22, 14);1;2760
6;0.25;RemoveObject;(9, 18);;(22, 14);1;2761
6;0.25;RemoveObject;(9, 18);;(22, 14);1;2762
6;0.25;RemoveObject;(9, 18);;(22, 14);1;2763
6;0.25;RemoveObject;(9, 18);;(22, 14);1;2764
6;0.25;RemoveObject;(9, 18);;(22, 14);1;2765
6;0.25;RemoveObject;(9, 18);;(22, 14);1;2766
6;0.25;RemoveObject;(9, 18);;(22, 14);1;2767
6;0.25;RemoveObject;(9, 18);;(22, 14);1;2768
6;0.25;RemoveObject;(9, 18);;(22, 14);1;2769
6;0.25;RemoveObject;(9, 18);;(22, 14);1;2770
6;0.25;RemoveObject;(9, 18);;(22, 14);1;2771
6;0.25;RemoveObject;(9, 18);;(22, 14);1;2772
6;0.25;RemoveObject;(9, 18);;(22, 14);1;2773
6;0.25;RemoveObject;(9, 18);;(22, 14);1;2774
6;0.25;RemoveObject;(9, 18);;(22, 14);1;2775
6;0.25;RemoveObject;(9, 18);;(22, 14);1;2776
6;0.25;RemoveObject;(9, 18);;(22, 14);1;2777
6;0.25;RemoveObject;(9, 18);;(22, 14);1;2778
6;0.25;RemoveObject;(9, 18);;(22, 14);1;2779
6;0.25;RemoveObject;(9, 18);;(22, 14);1;2780
6;0.25;RemoveObject;(9, 18);;(22, 14);1;2781
6;0.25;RemoveObject;(9, 18);;(22, 14);1;2782
6;0.25;RemoveObject;(9, 18);;(22, 14);1;2783
6;0.25;RemoveObject;(9, 18);;(22, 14);1;2784
6;0.25;RemoveObject;(9, 18);;(22, 14);1;2785
6;0.25;RemoveObject;(9, 18);;(22, 14);1;2786
6;0.25;RemoveObject;(9, 18);;(22, 14);1;2787
6;0.25;RemoveObject;(9, 18);;(22, 14);1;2788
6;0.25;RemoveObject;(9, 18);;(22, 14);1;2789
6;0.25;RemoveObject;(9, 18);;(22, 14);1;2790
6;0.25;RemoveObject;(9, 18);;(22, 14);1;2791
6;0.25;RemoveObject;(9, 18);;(22, 14);1;2792
6;0.25;RemoveObject;(9, 18);;(22, 14);1;2793
6;0.25;RemoveObject;(9, 18);;(22, 14);1;2794
6;0.25;RemoveObject;(9, 18);;(22, 14);1;2795
6;0.25;RemoveObject;(9, 18);;(22, 14);1;2796
6;0.25;RemoveObject;(9, 18);;(22, 14);1;2797
6;0.25;RemoveObject;(9, 18);;(22, 14);1;2798
6;0.25;RemoveObject;(9, 18);;(22, 14);1;2799
6;0.25;RemoveObject;(9, 18);;(22, 14);1;2800
6;0.25;RemoveObject;(9, 18);;(22, 14);1;2801
6;0.25;RemoveObject;(9, 18);;(22, 14);1;2802
6;0.25;RemoveObject;(9, 18);;(22, 14);1;2803
6;0.25;RemoveObject;(9, 18);;(22, 14);1;2804
6;0.25;RemoveObject;(9, 18);;(22, 14);1;2805
6;0.25;RemoveObject;(9, 18);;(22, 14);1;2806
6;0.25;RemoveObject;(9, 18);;(22, 14);1;2807
6;0.25;RemoveObject;(9, 18);;(22, 14);1;2808
6;0.25;RemoveObject;(9, 18);;(22, 14);1;2809
6;0.25;RemoveObject;(9, 18);;(22, 14);1;2810
6;0.25;RemoveObject;(9, 18);;(22, 14);1;2811
6;0.25;RemoveObject;(9, 18);;(22, 14);1;2812
6;0.25;RemoveObject;(9, 18);;(22, 14);1;2813
6;0.25;RemoveObject;(9, 18);;(22, 14);1;2814
6;0.25;RemoveObject;(9, 18);;(22, 14);1;2815
6;0.25;RemoveObject;(9, 18);;(22, 14);1;2816
6;0.25;RemoveObject;(9, 18);;(22, 14);1;2817
6;0.25;RemoveObject;(9, 18);;(22, 14);1;2818
6;0.25;RemoveObject;(9, 18);;(22, 14);1;2819
6;0.25;RemoveObject;(9, 18);;(22, 14);1;2820
6;0.25;RemoveObject;(9, 18);;(22, 14);1;2821
6;0.25;RemoveObject;(9, 18);;(22, 14);1;2822
6;0.25;RemoveObject;(9, 18);;(22, 14);1;2823
6;0.25;RemoveObject;(9, 18);;(22, 14);1;2824
6;0.25;RemoveObject;(9, 18);;(22, 14);1;2825
6;0.25;RemoveObject;(9, 18);;(22, 14);1;2826
6;0.25;RemoveObject;(9, 18);;(22, 14);1;2827
6;0.25;RemoveObject;(9, 18);;(22, 14);1;2828
6;0.25;RemoveObject;(9, 18);;(22, 14);1;2829
6;0.25;RemoveObject;(9, 18);;(22, 14);1;2830
6;0.25;RemoveObject;(9, 18);;(22, 14);1;2831
6;0.25;RemoveObject;(9, 18);;(22, 14);1;2832
6;0.25;RemoveObject;(9, 18);;(22, 14);1;2833
6;0.25;RemoveObject;(9, 18);;(22, 14);1;2834
6;0.25;RemoveObject;(9, 18);;(22, 14);1;2835
6;0.25;RemoveObject;(9, 18);;(22, 14);1;2836
6;0.25;RemoveObject;(9, 18);;(22, 14);1;2837
6;0.25;RemoveObject;(9, 18);;(22, 14);1;2838
6;0.25;RemoveObject;(9, 18);;(22, 14);1;2839
6;0.25;RemoveObject;(9, 18);;(22, 14);1;2840
6;0.25;RemoveObject;(9, 18);;(22, 14);1;2841
6;0.25;RemoveObject;(9, 18);;(22, 14);1;2842
6;0.25;RemoveObject;(9, 18);;(22, 14);1;2843
6;0.25;RemoveObject;(9, 18);;(22, 14);1;2844
6;0.25;RemoveObject;(9, 18);;(22, 14);1;2845
6;0.25;RemoveObject;(9, 18);;(22, 14);1;2846
6;0.25;RemoveObject;(9, 18);;(22, 14);1;2847
6;0.25;RemoveObject;(9, 18);;(22, 14);1;2848
6;0.25;RemoveObject;(9, 18);;(22, 14);1;2849
6;0.25;RemoveObject;(9, 18);;(22, 14);1;2850
6;0.25;RemoveObject;(9, 18);;(22, 14);1;2851
6;0.25;RemoveObject;(9, 18);;(22, 14);1;2852
6;0.25;RemoveObject;(9, 18);;(22, 14);1;2853
6;0.25;RemoveObject;(9, 18);;(22, 14);1;2854
6;0.25;RemoveObject;(9, 18);;(22, 14);1;2855
6;0.25;RemoveObject;(9, 18);;(22, 14);1;2856
6;0.25;RemoveObject;(9, 18);;(22, 14);1;2857
6;0.25;RemoveObject;(9, 18);;(22, 14);1;2858
6;0.25;RemoveObject;(9, 18);;(22, 14);1;2859
6;0.25;RemoveObject;(9, 18);;(22, 14);1;2860
6;0.25;RemoveObject;(9, 18);;(22, 14);1;2861
6;0.25;RemoveObject;(9, 18);;(22, 14);1;2862
6;0.25;RemoveObject;(9, 18);;(22, 14);1;2863
6;0.25;RemoveObject;(9, 18);;(22, 14);1;2864
6;0.25;RemoveObject;(9, 18);;(22, 14);1;2865
6;0.25;RemoveObject;(9, 18);;(22, 14);1;2866
6;0.25;RemoveObject;(9, 18);;(22, 14);1;2867
6;0.25;RemoveObject;(9, 18);;(22, 14);1;2868
6;0.25;RemoveObject;(9, 18);;(22, 14);1;2869
6;0.25;RemoveObject;(9, 18);;(22, 14);1;2870
6;0.25;RemoveObject;(9, 18);;(22, 14);1;2871
6;0.25;RemoveObject;(9, 18);;(22, 14);1;2872
6;0.25;RemoveObject;(9, 18);;(22, 14);1;2873
6;0.25;RemoveObject;(9, 18);;(22, 14);1;2874
6;0.25;RemoveObject;(9, 18);;(22, 14);1;2875
6;0.25;RemoveObject;(9, 18);;(22, 14);1;2876
6;0.25;RemoveObject;(9, 18);;(22, 14);1;2877
6;0.25;RemoveObject;(9, 18);;(22, 14);1;2878
6;0.25;RemoveObject;(9, 18);;(22, 14);1;2879
6;0.25;RemoveObject;(9, 18);;(22, 14);1;2880
6;0.25;RemoveObject;(9, 18);;(22, 14);1;2881
6;0.25;RemoveObject;(9, 18);;(22, 14);1;2882
6;0.25;RemoveObject;(9, 18);;(22, 14);1;2883
6;0.25;RemoveObject;(9, 18);;(22, 14);1;2884
6;0.25;RemoveObject;(9, 18);;(22, 14);1;2885
6;0.25;RemoveObject;(9, 18);;(22, 14);1;2886
6;0.25;RemoveObject;(9, 18);;(22, 14);1;2887
6;0.25;RemoveObject;(9, 18);;(22, 14);1;2888
6;0.25;RemoveObject;(9, 18);;(22, 14);1;2889
6;0.25;RemoveObject;(9, 18);;(22, 14);1;2890
6;0.25;RemoveObject;(9, 18);;(22, 14);1;2891
6;0.25;RemoveObject;(9, 18);;(22, 14);1;2892
6;0.25;RemoveObject;(9, 18);;(22, 14);1;2893
6;0.25;RemoveObject;(9, 18);;(22, 14);1;2894
6;0.25;RemoveObject;(9, 18);;(22, 14);1;2895
6;0.25;RemoveObject;(9, 18);;(22, 14);1;2896
6;0.25;RemoveObject;(9, 18);;(22, 14);1;2897
6;0.25;RemoveObject;(9, 18);;(22, 14);1;2898
6;0.25;RemoveObject;(9, 18);;(22, 14);1;2899
6;0.25;RemoveObject;(9, 18);;(22, 14);1;2900
6;0.25;RemoveObject;(9, 18);;(22, 14);1;2901
6;0.25;RemoveObject;(9, 18);;(22, 14);1;2902
6;0.25;RemoveObject;(9, 18);;(22, 14);1;2903
6;0.25;RemoveObject;(9, 18);;(22, 14);1;2904
6;0.25;RemoveObject;(9, 18);;(22, 14);1;2905
6;0.25;RemoveObject;(9, 18);;(22, 14);1;2906
6;0.25;RemoveObject;(9, 18);;(22, 14);1;2907
6;0.25;RemoveObject;(9, 18);;(22, 14);1;2908
6;0.25;RemoveObject;(9, 18);;(22, 14);1;2909
6;0.25;RemoveObject;(9, 18);;(22, 14);1;2910
6;0.25;RemoveObject;(9, 18);;(22, 14);1;2911
6;0.25;RemoveObject;(9, 18);;(22, 14);1;2912
6;0.25;RemoveObject;(9, 18);;(22, 14);1;2913
6;0.25;RemoveObject;(9, 18);;(22, 14);1;2914
6;0.25;RemoveObject;(9, 18);;(22, 14);1;2915
6;0.25;RemoveObject;(9, 18);;(22, 14);1;2916
6;0.25;RemoveObject;(9, 18);;(22, 14);1;2917
6;0.25;RemoveObject;(9, 18);;(22, 14);1;2918
6;0.25;RemoveObject;(9, 18);;(22, 14);1;2919
6;0.25;RemoveObject;(9, 18);;(22, 14);1;2920
6;0.25;RemoveObject;(9, 18);;(22, 14);1;2921
6;0.25;RemoveObject;(9, 18);;(22, 14);1;2922
6;0.25;RemoveObject;(9, 18);;(22, 14);1;2923
6;0.25;MoveSouth;(9, 18);;(22, 14);1;2924
6;0.25;MoveSouth;(9, 18);;(22, 14);1;2925
6;0.25;MoveSouth;(9, 18);;(22, 14);1;2926
6;0.25;MoveSouth;(9, 18);;(22, 14);1;2927
6;0.25;MoveSouth;(9, 18);;(22, 14);1;2928
6;0.25;MoveSouth;(9, 18);;(22, 14);1;2929
6;0.25;MoveSouth;(9, 18);;(22, 14);1;2930
6;0.25;MoveSouth;(9, 18);;(22, 14);1;2931
6;0.25;MoveSouth;(9, 19);;(22, 14);1;2932
6;0.25;MoveSouthWest;(9, 19);;(22, 14);1;2933
6;0.25;MoveSouthWest;(9, 19);;(22, 14);1;2934
6;0.25;MoveSouthWest;(9, 19);;(22, 14);1;2935
6;0.25;MoveSouthWest;(9, 19);;(22, 14);1;2936
6;0.25;MoveSouthWest;(9, 19);;(22, 14);1;2937
6;0.25;MoveSouthWest;(9, 19);;(22, 14);1;2938
6;0.25;MoveSouthWest;(9, 19);;(22, 14);1;2939
6;0.25;MoveSouthWest;(9, 19);;(22, 14);1;2940
6;0.25;MoveSouthWest;(8, 20);;(22, 14);1;2941
6;0.25;MoveSouthEast;(8, 20);;(22, 14);1;2942
6;0.25;MoveSouthEast;(8, 20);;(22, 14);1;2943
