score;completeness;rescuebot_action;rescuebot_location;matei_action;matei_location;world_nr;tick_nr
0;0.0;;(22, 11);;(22, 12);1;0
0;0.0;;(22, 11);;(22, 12);1;1
0;0.0;;(22, 11);;(22, 12);1;2
0;0.0;;(22, 11);;(22, 12);1;3
0;0.0;;(22, 11);;(22, 12);1;4
0;0.0;;(22, 11);;(22, 12);1;5
0;0.0;;(22, 11);;(22, 12);1;6
0;0.0;;(22, 11);;(22, 12);1;7
0;0.0;;(22, 11);;(22, 12);1;8
0;0.0;;(22, 11);;(22, 12);1;9
0;0.0;;(22, 11);;(22, 12);1;10
0;0.0;;(22, 11);;(22, 12);1;11
0;0.0;;(22, 11);;(22, 12);1;12
0;0.0;;(22, 11);;(22, 12);1;13
0;0.0;;(22, 11);;(22, 12);1;14
0;0.0;;(22, 11);;(22, 12);1;15
0;0.0;;(22, 11);;(22, 12);1;16
0;0.0;;(22, 11);;(22, 12);1;17
0;0.0;;(22, 11);;(22, 12);1;18
0;0.0;;(22, 11);;(22, 12);1;19
0;0.0;;(22, 11);;(22, 12);1;20
0;0.0;;(22, 11);;(22, 12);1;21
0;0.0;;(22, 11);;(22, 12);1;22
0;0.0;;(22, 11);;(22, 12);1;23
0;0.0;;(22, 11);;(22, 12);1;24
0;0.0;;(22, 11);;(22, 12);1;25
0;0.0;;(22, 11);;(22, 12);1;26
0;0.0;;(22, 11);;(22, 12);1;27
0;0.0;;(22, 11);;(22, 12);1;28
0;0.0;;(22, 11);;(22, 12);1;29
0;0.0;;(22, 11);;(22, 12);1;30
0;0.0;;(22, 11);;(22, 12);1;31
0;0.0;;(22, 11);;(22, 12);1;32
0;0.0;;(22, 11);;(22, 12);1;33
0;0.0;;(22, 11);;(22, 12);1;34
0;0.0;;(22, 11);;(22, 12);1;35
0;0.0;;(22, 11);;(22, 12);1;36
0;0.0;;(22, 11);;(22, 12);1;37
0;0.0;;(22, 11);;(22, 12);1;38
0;0.0;;(22, 11);;(22, 12);1;39
0;0.0;;(22, 11);;(22, 12);1;40
0;0.0;;(22, 11);;(22, 12);1;41
0;0.0;;(22, 11);;(22, 12);1;42
0;0.0;;(22, 11);;(22, 12);1;43
0;0.0;;(22, 11);;(22, 12);1;44
0;0.0;;(22, 11);;(22, 12);1;45
0;0.0;;(22, 11);;(22, 12);1;46
0;0.0;;(22, 11);;(22, 12);1;47
0;0.0;;(22, 11);;(22, 12);1;48
0;0.0;;(22, 11);;(22, 12);1;49
0;0.0;;(22, 11);;(22, 12);1;50
0;0.0;;(22, 11);;(22, 12);1;51
0;0.0;;(22, 11);;(22, 12);1;52
0;0.0;;(22, 11);;(22, 12);1;53
0;0.0;;(22, 11);;(22, 12);1;54
0;0.0;;(22, 11);;(22, 12);1;55
0;0.0;;(22, 11);;(22, 12);1;56
0;0.0;;(22, 11);;(22, 12);1;57
0;0.0;;(22, 11);;(22, 12);1;58
0;0.0;;(22, 11);;(22, 12);1;59
0;0.0;;(22, 11);;(22, 12);1;60
0;0.0;;(22, 11);;(22, 12);1;61
0;0.0;;(22, 11);;(22, 12);1;62
0;0.0;;(22, 11);;(22, 12);1;63
0;0.0;;(22, 11);;(22, 12);1;64
0;0.0;;(22, 11);;(22, 12);1;65
0;0.0;;(22, 11);;(22, 12);1;66
0;0.0;;(22, 11);;(22, 12);1;67
0;0.0;;(22, 11);;(22, 12);1;68
0;0.0;;(22, 11);;(22, 12);1;69
0;0.0;;(22, 11);;(22, 12);1;70
0;0.0;;(22, 11);;(22, 12);1;71
0;0.0;;(22, 11);;(22, 12);1;72
0;0.0;;(22, 11);;(22, 12);1;73
0;0.0;;(22, 11);;(22, 12);1;74
0;0.0;;(22, 11);;(22, 12);1;75
0;0.0;;(22, 11);;(22, 12);1;76
0;0.0;;(22, 11);;(22, 12);1;77
0;0.0;;(22, 11);;(22, 12);1;78
0;0.0;;(22, 11);;(22, 12);1;79
0;0.0;;(22, 11);;(22, 12);1;80
0;0.0;;(22, 11);;(22, 12);1;81
0;0.0;;(22, 11);;(22, 12);1;82
0;0.0;;(22, 11);;(22, 12);1;83
0;0.0;;(22, 11);;(22, 12);1;84
0;0.0;;(22, 11);;(22, 12);1;85
0;0.0;;(22, 11);;(22, 12);1;86
0;0.0;;(22, 11);;(22, 12);1;87
0;0.0;;(22, 11);;(22, 12);1;88
0;0.0;;(22, 11);;(22, 12);1;89
0;0.0;;(22, 11);;(22, 12);1;90
0;0.0;;(22, 11);;(22, 12);1;91
0;0.0;;(22, 11);;(22, 12);1;92
0;0.0;;(22, 11);;(22, 12);1;93
0;0.0;;(22, 11);;(22, 12);1;94
0;0.0;;(22, 11);;(22, 12);1;95
0;0.0;;(22, 11);;(22, 12);1;96
0;0.0;;(22, 11);;(22, 12);1;97
0;0.0;;(22, 11);;(22, 12);1;98
0;0.0;;(22, 11);;(22, 12);1;99
0;0.0;;(22, 11);;(22, 12);1;100
0;0.0;;(22, 11);;(22, 12);1;101
0;0.0;;(22, 11);;(22, 12);1;102
0;0.0;;(22, 11);;(22, 12);1;103
0;0.0;;(22, 11);;(22, 12);1;104
0;0.0;;(22, 11);;(22, 12);1;105
0;0.0;;(22, 11);;(22, 12);1;106
0;0.0;;(22, 11);;(22, 12);1;107
0;0.0;;(22, 11);;(22, 12);1;108
0;0.0;;(22, 11);;(22, 12);1;109
0;0.0;;(22, 11);;(22, 12);1;110
0;0.0;;(22, 11);;(22, 12);1;111
0;0.0;;(22, 11);;(22, 12);1;112
0;0.0;;(22, 11);;(22, 12);1;113
0;0.0;;(22, 11);;(22, 12);1;114
0;0.0;;(22, 11);;(22, 12);1;115
0;0.0;;(22, 11);;(22, 12);1;116
0;0.0;;(22, 11);;(22, 12);1;117
0;0.0;;(22, 11);;(22, 12);1;118
0;0.0;;(22, 11);;(22, 12);1;119
0;0.0;;(22, 11);;(22, 12);1;120
0;0.0;;(22, 11);;(22, 12);1;121
0;0.0;;(22, 11);;(22, 12);1;122
0;0.0;;(22, 11);;(22, 12);1;123
0;0.0;;(22, 11);;(22, 12);1;124
0;0.0;;(22, 11);;(22, 12);1;125
0;0.0;;(22, 11);;(22, 12);1;126
0;0.0;;(22, 11);;(22, 12);1;127
0;0.0;;(22, 11);;(22, 12);1;128
0;0.0;;(22, 11);;(22, 12);1;129
0;0.0;;(22, 11);;(22, 12);1;130
0;0.0;;(22, 11);;(22, 12);1;131
0;0.0;;(22, 11);;(22, 12);1;132
0;0.0;;(22, 11);;(22, 12);1;133
0;0.0;;(22, 11);;(22, 12);1;134
0;0.0;;(22, 11);;(22, 12);1;135
0;0.0;;(22, 11);;(22, 12);1;136
0;0.0;;(22, 11);;(22, 12);1;137
0;0.0;;(22, 11);;(22, 12);1;138
0;0.0;;(22, 11);;(22, 12);1;139
0;0.0;;(22, 11);;(22, 12);1;140
0;0.0;;(22, 11);;(22, 12);1;141
0;0.0;;(22, 11);;(22, 12);1;142
0;0.0;;(22, 11);;(22, 12);1;143
0;0.0;;(22, 11);;(22, 12);1;144
0;0.0;;(22, 11);;(22, 12);1;145
0;0.0;;(22, 11);;(22, 12);1;146
0;0.0;;(22, 11);;(22, 12);1;147
0;0.0;;(22, 11);;(22, 12);1;148
0;0.0;;(22, 11);;(22, 12);1;149
0;0.0;;(22, 11);;(22, 12);1;150
0;0.0;;(22, 11);;(22, 12);1;151
0;0.0;;(22, 11);;(22, 12);1;152
0;0.0;;(22, 11);;(22, 12);1;153
0;0.0;;(22, 11);;(22, 12);1;154
0;0.0;;(22, 11);;(22, 12);1;155
0;0.0;;(22, 11);;(22, 12);1;156
0;0.0;;(22, 11);;(22, 12);1;157
0;0.0;;(22, 11);;(22, 12);1;158
0;0.0;;(22, 11);;(22, 12);1;159
0;0.0;;(22, 11);;(22, 12);1;160
0;0.0;;(22, 11);;(22, 12);1;161
0;0.0;;(22, 11);;(22, 12);1;162
0;0.0;;(22, 11);;(22, 12);1;163
0;0.0;;(22, 11);;(22, 12);1;164
0;0.0;;(22, 11);;(22, 12);1;165
0;0.0;;(22, 11);;(22, 12);1;166
0;0.0;;(22, 11);;(22, 12);1;167
0;0.0;;(22, 11);;(22, 12);1;168
0;0.0;;(22, 11);;(22, 12);1;169
0;0.0;;(22, 11);;(22, 12);1;170
0;0.0;;(22, 11);;(22, 12);1;171
0;0.0;;(22, 11);;(22, 12);1;172
0;0.0;;(22, 11);;(22, 12);1;173
0;0.0;;(22, 11);;(22, 12);1;174
0;0.0;;(22, 11);;(22, 12);1;175
0;0.0;;(22, 11);;(22, 12);1;176
0;0.0;;(22, 11);;(22, 12);1;177
0;0.0;;(22, 11);;(22, 12);1;178
0;0.0;;(22, 11);;(22, 12);1;179
0;0.0;;(22, 11);;(22, 12);1;180
0;0.0;;(22, 11);;(22, 12);1;181
0;0.0;;(22, 11);;(22, 12);1;182
0;0.0;;(22, 11);;(22, 12);1;183
0;0.0;;(22, 11);;(22, 12);1;184
0;0.0;;(22, 11);;(22, 12);1;185
0;0.0;;(22, 11);;(22, 12);1;186
0;0.0;;(22, 11);;(22, 12);1;187
0;0.0;;(22, 11);;(22, 12);1;188
0;0.0;;(22, 11);;(22, 12);1;189
0;0.0;;(22, 11);;(22, 12);1;190
0;0.0;;(22, 11);;(22, 12);1;191
0;0.0;;(22, 11);;(22, 12);1;192
0;0.0;;(22, 11);;(22, 12);1;193
0;0.0;;(22, 11);;(22, 12);1;194
0;0.0;;(22, 11);;(22, 12);1;195
0;0.0;;(22, 11);;(22, 12);1;196
0;0.0;;(22, 11);;(22, 12);1;197
0;0.0;;(22, 11);;(22, 12);1;198
0;0.0;;(22, 11);;(22, 12);1;199
0;0.0;;(22, 11);;(22, 12);1;200
0;0.0;;(22, 11);;(22, 12);1;201
0;0.0;;(22, 11);;(22, 12);1;202
0;0.0;;(22, 11);;(22, 12);1;203
0;0.0;;(22, 11);;(22, 12);1;204
0;0.0;;(22, 11);;(22, 12);1;205
0;0.0;;(22, 11);;(22, 12);1;206
0;0.0;;(22, 11);;(22, 12);1;207
0;0.0;;(22, 11);;(22, 12);1;208
0;0.0;;(22, 11);;(22, 12);1;209
0;0.0;;(22, 11);;(22, 12);1;210
0;0.0;;(22, 11);;(22, 12);1;211
0;0.0;;(22, 11);;(22, 12);1;212
0;0.0;;(22, 11);;(22, 12);1;213
0;0.0;;(22, 11);;(22, 12);1;214
0;0.0;;(22, 11);;(22, 12);1;215
0;0.0;;(22, 11);;(22, 12);1;216
0;0.0;;(22, 11);;(22, 12);1;217
0;0.0;;(22, 11);;(22, 12);1;218
0;0.0;;(22, 11);;(22, 12);1;219
0;0.0;;(22, 11);;(22, 12);1;220
0;0.0;;(22, 11);;(22, 12);1;221
0;0.0;;(22, 11);;(22, 12);1;222
0;0.0;;(22, 11);;(22, 12);1;223
0;0.0;;(22, 11);;(22, 12);1;224
0;0.0;;(22, 11);;(22, 12);1;225
0;0.0;;(22, 11);;(22, 12);1;226
0;0.0;;(22, 11);;(22, 12);1;227
0;0.0;;(22, 11);;(22, 12);1;228
0;0.0;;(22, 11);;(22, 12);1;229
0;0.0;;(22, 11);;(22, 12);1;230
0;0.0;;(22, 11);;(22, 12);1;231
0;0.0;;(22, 11);;(22, 12);1;232
0;0.0;;(22, 11);;(22, 12);1;233
0;0.0;;(22, 11);;(22, 12);1;234
0;0.0;;(22, 11);;(22, 12);1;235
0;0.0;;(22, 11);;(22, 12);1;236
0;0.0;;(22, 11);;(22, 12);1;237
0;0.0;;(22, 11);;(22, 12);1;238
0;0.0;;(22, 11);;(22, 12);1;239
0;0.0;;(22, 11);;(22, 12);1;240
0;0.0;;(22, 11);;(22, 12);1;241
0;0.0;;(22, 11);;(22, 12);1;242
0;0.0;;(22, 11);;(22, 12);1;243
0;0.0;;(22, 11);;(22, 12);1;244
0;0.0;;(22, 11);;(22, 12);1;245
0;0.0;;(22, 11);;(22, 12);1;246
0;0.0;;(22, 11);;(22, 12);1;247
0;0.0;;(22, 11);;(22, 12);1;248
0;0.0;;(22, 11);;(22, 12);1;249
0;0.0;;(22, 11);;(22, 12);1;250
0;0.0;;(22, 11);;(22, 12);1;251
0;0.0;;(22, 11);;(22, 12);1;252
0;0.0;;(22, 11);;(22, 12);1;253
0;0.0;;(22, 11);;(22, 12);1;254
0;0.0;;(22, 11);;(22, 12);1;255
0;0.0;;(22, 11);;(22, 12);1;256
0;0.0;;(22, 11);;(22, 12);1;257
0;0.0;;(22, 11);;(22, 12);1;258
0;0.0;;(22, 11);;(22, 12);1;259
0;0.0;;(22, 11);;(22, 12);1;260
0;0.0;;(22, 11);;(22, 12);1;261
0;0.0;;(22, 11);;(22, 12);1;262
0;0.0;;(22, 11);;(22, 12);1;263
0;0.0;;(22, 11);;(22, 12);1;264
0;0.0;;(22, 11);;(22, 12);1;265
0;0.0;;(22, 11);;(22, 12);1;266
0;0.0;;(22, 11);;(22, 12);1;267
0;0.0;;(22, 11);;(22, 12);1;268
0;0.0;;(22, 11);;(22, 12);1;269
0;0.0;;(22, 11);;(22, 12);1;270
0;0.0;;(22, 11);;(22, 12);1;271
0;0.0;;(22, 11);;(22, 12);1;272
0;0.0;;(22, 11);;(22, 12);1;273
0;0.0;;(22, 11);;(22, 12);1;274
0;0.0;;(22, 11);;(22, 12);1;275
0;0.0;;(22, 11);;(22, 12);1;276
0;0.0;;(22, 11);;(22, 12);1;277
0;0.0;;(22, 11);;(22, 12);1;278
0;0.0;;(22, 11);;(22, 12);1;279
0;0.0;;(22, 11);;(22, 12);1;280
0;0.0;;(22, 11);;(22, 12);1;281
0;0.0;;(22, 11);;(22, 12);1;282
0;0.0;;(22, 11);;(22, 12);1;283
0;0.0;;(22, 11);;(22, 12);1;284
0;0.0;;(22, 11);;(22, 12);1;285
0;0.0;;(22, 11);;(22, 12);1;286
0;0.0;;(22, 11);;(22, 12);1;287
0;0.0;;(22, 11);;(22, 12);1;288
0;0.0;;(22, 11);;(22, 12);1;289
0;0.0;;(22, 11);;(22, 12);1;290
0;0.0;;(22, 11);;(22, 12);1;291
0;0.0;;(22, 11);;(22, 12);1;292
0;0.0;;(22, 11);;(22, 12);1;293
0;0.0;;(22, 11);;(22, 12);1;294
0;0.0;;(22, 11);;(22, 12);1;295
0;0.0;;(22, 11);;(22, 12);1;296
0;0.0;;(22, 11);;(22, 12);1;297
0;0.0;;(22, 11);;(22, 12);1;298
0;0.0;;(22, 11);;(22, 12);1;299
0;0.0;;(22, 11);;(22, 12);1;300
0;0.0;;(22, 11);;(22, 12);1;301
0;0.0;;(22, 11);;(22, 12);1;302
0;0.0;;(22, 11);;(22, 12);1;303
0;0.0;;(22, 11);;(22, 12);1;304
0;0.0;;(22, 11);;(22, 12);1;305
0;0.0;;(22, 11);;(22, 12);1;306
0;0.0;;(22, 11);;(22, 12);1;307
0;0.0;;(22, 11);;(22, 12);1;308
0;0.0;;(22, 11);;(22, 12);1;309
0;0.0;;(22, 11);;(22, 12);1;310
0;0.0;;(22, 11);;(22, 12);1;311
0;0.0;;(22, 11);;(22, 12);1;312
0;0.0;;(22, 11);;(22, 12);1;313
0;0.0;;(22, 11);;(22, 12);1;314
0;0.0;;(22, 11);;(22, 12);1;315
0;0.0;;(22, 11);;(22, 12);1;316
0;0.0;;(22, 11);;(22, 12);1;317
0;0.0;;(22, 11);;(22, 12);1;318
0;0.0;;(22, 11);;(22, 12);1;319
0;0.0;;(22, 11);;(22, 12);1;320
0;0.0;;(22, 11);;(22, 12);1;321
0;0.0;;(22, 11);;(22, 12);1;322
0;0.0;;(22, 11);;(22, 12);1;323
0;0.0;;(22, 11);;(22, 12);1;324
0;0.0;;(22, 11);;(22, 12);1;325
0;0.0;;(22, 11);;(22, 12);1;326
0;0.0;;(22, 11);;(22, 12);1;327
0;0.0;;(22, 11);;(22, 12);1;328
0;0.0;;(22, 11);;(22, 12);1;329
0;0.0;;(22, 11);;(22, 12);1;330
0;0.0;;(22, 11);;(22, 12);1;331
0;0.0;;(22, 11);;(22, 12);1;332
0;0.0;;(22, 11);;(22, 12);1;333
0;0.0;;(22, 11);;(22, 12);1;334
0;0.0;;(22, 11);;(22, 12);1;335
0;0.0;;(22, 11);;(22, 12);1;336
0;0.0;;(22, 11);;(22, 12);1;337
0;0.0;;(22, 11);;(22, 12);1;338
0;0.0;;(22, 11);;(22, 12);1;339
0;0.0;;(22, 11);;(22, 12);1;340
0;0.0;;(22, 11);;(22, 12);1;341
0;0.0;;(22, 11);;(22, 12);1;342
0;0.0;;(22, 11);;(22, 12);1;343
0;0.0;;(22, 11);;(22, 12);1;344
0;0.0;;(22, 11);;(22, 12);1;345
0;0.0;;(22, 11);;(22, 12);1;346
0;0.0;;(22, 11);;(22, 12);1;347
0;0.0;;(22, 11);;(22, 12);1;348
0;0.0;;(22, 11);;(22, 12);1;349
0;0.0;;(22, 11);;(22, 12);1;350
0;0.0;;(22, 11);;(22, 12);1;351
0;0.0;;(22, 11);;(22, 12);1;352
0;0.0;;(22, 11);;(22, 12);1;353
0;0.0;;(22, 11);;(22, 12);1;354
0;0.0;;(22, 11);;(22, 12);1;355
0;0.0;;(22, 11);;(22, 12);1;356
0;0.0;;(22, 11);;(22, 12);1;357
0;0.0;;(22, 11);;(22, 12);1;358
0;0.0;;(22, 11);;(22, 12);1;359
0;0.0;;(22, 11);;(22, 12);1;360
0;0.0;;(22, 11);;(22, 12);1;361
0;0.0;;(22, 11);;(22, 12);1;362
0;0.0;;(22, 11);;(22, 12);1;363
0;0.0;;(22, 11);;(22, 12);1;364
0;0.0;;(22, 11);;(22, 12);1;365
0;0.0;;(22, 11);;(22, 12);1;366
0;0.0;;(22, 11);;(22, 12);1;367
0;0.0;;(22, 11);;(22, 12);1;368
0;0.0;;(22, 11);;(22, 12);1;369
0;0.0;;(22, 11);;(22, 12);1;370
0;0.0;;(22, 11);;(22, 12);1;371
0;0.0;;(22, 11);;(22, 12);1;372
0;0.0;;(22, 11);;(22, 12);1;373
0;0.0;;(22, 11);;(22, 12);1;374
0;0.0;;(22, 11);;(22, 12);1;375
0;0.0;;(22, 11);;(22, 12);1;376
0;0.0;;(22, 11);;(22, 12);1;377
0;0.0;;(22, 11);;(22, 12);1;378
0;0.0;;(22, 11);;(22, 12);1;379
0;0.0;;(22, 11);;(22, 12);1;380
0;0.0;;(22, 11);;(22, 12);1;381
0;0.0;;(22, 11);;(22, 12);1;382
0;0.0;;(22, 11);;(22, 12);1;383
0;0.0;;(22, 11);;(22, 12);1;384
0;0.0;;(22, 11);;(22, 12);1;385
0;0.0;;(22, 11);;(22, 12);1;386
0;0.0;;(22, 11);;(22, 12);1;387
0;0.0;;(22, 11);;(22, 12);1;388
0;0.0;;(22, 11);;(22, 12);1;389
0;0.0;;(22, 11);;(22, 12);1;390
0;0.0;;(22, 11);;(22, 12);1;391
0;0.0;;(22, 11);;(22, 12);1;392
0;0.0;;(22, 11);;(22, 12);1;393
0;0.0;;(22, 11);;(22, 12);1;394
0;0.0;;(22, 11);;(22, 12);1;395
0;0.0;;(22, 11);;(22, 12);1;396
0;0.0;;(22, 11);;(22, 12);1;397
0;0.0;;(22, 11);;(22, 12);1;398
0;0.0;;(22, 11);;(22, 12);1;399
0;0.0;;(22, 11);;(22, 12);1;400
0;0.0;;(22, 11);;(22, 12);1;401
0;0.0;;(22, 11);;(22, 12);1;402
0;0.0;;(22, 11);;(22, 12);1;403
0;0.0;;(22, 11);;(22, 12);1;404
0;0.0;;(22, 11);;(22, 12);1;405
0;0.0;;(22, 11);;(22, 12);1;406
0;0.0;;(22, 11);;(22, 12);1;407
0;0.0;;(22, 11);;(22, 12);1;408
0;0.0;;(22, 11);;(22, 12);1;409
0;0.0;;(22, 11);;(22, 12);1;410
0;0.0;;(22, 11);;(22, 12);1;411
0;0.0;;(22, 11);;(22, 12);1;412
0;0.0;;(22, 11);;(22, 12);1;413
0;0.0;;(22, 11);;(22, 12);1;414
0;0.0;;(22, 11);;(22, 12);1;415
0;0.0;;(22, 11);;(22, 12);1;416
0;0.0;;(22, 11);;(22, 12);1;417
0;0.0;;(22, 11);;(22, 12);1;418
0;0.0;;(22, 11);;(22, 12);1;419
0;0.0;;(22, 11);;(22, 12);1;420
0;0.0;;(22, 11);;(22, 12);1;421
0;0.0;;(22, 11);;(22, 12);1;422
0;0.0;;(22, 11);;(22, 12);1;423
0;0.0;;(22, 11);;(22, 12);1;424
0;0.0;;(22, 11);;(22, 12);1;425
0;0.0;;(22, 11);;(22, 12);1;426
0;0.0;;(22, 11);;(22, 12);1;427
0;0.0;;(22, 11);;(22, 12);1;428
0;0.0;;(22, 11);;(22, 12);1;429
0;0.0;;(22, 11);;(22, 12);1;430
0;0.0;;(22, 11);;(22, 12);1;431
0;0.0;;(22, 11);;(22, 12);1;432
0;0.0;;(22, 11);;(22, 12);1;433
0;0.0;;(22, 11);;(22, 12);1;434
0;0.0;;(22, 11);;(22, 12);1;435
0;0.0;;(22, 11);;(22, 12);1;436
0;0.0;;(22, 11);;(22, 12);1;437
0;0.0;;(22, 11);;(22, 12);1;438
0;0.0;;(22, 11);;(22, 12);1;439
0;0.0;;(22, 11);;(22, 12);1;440
0;0.0;;(22, 11);;(22, 12);1;441
0;0.0;;(22, 11);;(22, 12);1;442
0;0.0;;(22, 11);;(22, 12);1;443
0;0.0;;(22, 11);;(22, 12);1;444
0;0.0;;(22, 11);;(22, 12);1;445
0;0.0;;(22, 11);;(22, 12);1;446
0;0.0;;(22, 11);;(22, 12);1;447
0;0.0;;(22, 11);;(22, 12);1;448
0;0.0;;(22, 11);;(22, 12);1;449
0;0.0;;(22, 11);;(22, 12);1;450
0;0.0;;(22, 11);;(22, 12);1;451
0;0.0;;(22, 11);;(22, 12);1;452
0;0.0;;(22, 11);;(22, 12);1;453
0;0.0;;(22, 11);;(22, 12);1;454
0;0.0;;(22, 11);;(22, 12);1;455
0;0.0;;(22, 11);;(22, 12);1;456
0;0.0;;(22, 11);;(22, 12);1;457
0;0.0;;(22, 11);;(22, 12);1;458
0;0.0;;(22, 11);;(22, 12);1;459
0;0.0;;(22, 11);;(22, 12);1;460
0;0.0;;(22, 11);;(22, 12);1;461
0;0.0;;(22, 11);;(22, 12);1;462
0;0.0;;(22, 11);;(22, 12);1;463
0;0.0;;(22, 11);;(22, 12);1;464
0;0.0;;(22, 11);;(22, 12);1;465
0;0.0;;(22, 11);;(22, 12);1;466
0;0.0;;(22, 11);;(22, 12);1;467
0;0.0;;(22, 11);;(22, 12);1;468
0;0.0;;(22, 11);;(22, 12);1;469
0;0.0;;(22, 11);;(22, 12);1;470
0;0.0;;(22, 11);;(22, 12);1;471
0;0.0;;(22, 11);;(22, 12);1;472
0;0.0;;(22, 11);;(22, 12);1;473
0;0.0;;(22, 11);;(22, 12);1;474
0;0.0;;(22, 11);;(22, 12);1;475
0;0.0;;(22, 11);;(22, 12);1;476
0;0.0;;(22, 11);;(22, 12);1;477
0;0.0;;(22, 11);;(22, 12);1;478
0;0.0;;(22, 11);;(22, 12);1;479
0;0.0;;(22, 11);;(22, 12);1;480
0;0.0;;(22, 11);;(22, 12);1;481
0;0.0;;(22, 11);;(22, 12);1;482
0;0.0;;(22, 11);;(22, 12);1;483
0;0.0;;(22, 11);;(22, 12);1;484
0;0.0;;(22, 11);;(22, 12);1;485
0;0.0;;(22, 11);;(22, 12);1;486
0;0.0;;(22, 11);;(22, 12);1;487
0;0.0;;(22, 11);;(22, 12);1;488
0;0.0;;(22, 11);;(22, 12);1;489
0;0.0;;(22, 11);;(22, 12);1;490
0;0.0;;(22, 11);;(22, 12);1;491
0;0.0;;(22, 11);;(22, 12);1;492
0;0.0;;(22, 11);;(22, 12);1;493
0;0.0;;(22, 11);;(22, 12);1;494
0;0.0;;(22, 11);;(22, 12);1;495
0;0.0;;(22, 11);;(22, 12);1;496
0;0.0;;(22, 11);;(22, 12);1;497
0;0.0;;(22, 11);;(22, 12);1;498
0;0.0;;(22, 11);;(22, 12);1;499
0;0.0;;(22, 11);MoveSouth;(22, 13);1;500
0;0.0;;(22, 11);MoveSouth;(22, 14);1;501
0;0.0;MoveNorth;(22, 11);MoveSouth;(22, 15);1;502
0;0.0;MoveNorth;(22, 11);MoveSouth;(22, 16);1;503
0;0.0;MoveNorth;(22, 11);;(22, 16);1;504
0;0.0;MoveNorth;(22, 11);MoveSouth;(22, 17);1;505
0;0.0;MoveNorth;(22, 11);;(22, 17);1;506
0;0.0;MoveNorth;(22, 11);;(22, 17);1;507
0;0.0;MoveNorth;(22, 11);;(22, 17);1;508
0;0.0;MoveNorth;(22, 11);;(22, 17);1;509
0;0.0;MoveNorth;(22, 10);;(22, 17);1;510
0;0.0;MoveNorth;(22, 10);;(22, 17);1;511
0;0.0;MoveNorth;(22, 10);MoveSouth;(22, 18);1;512
0;0.0;MoveNorth;(22, 10);;(22, 18);1;513
0;0.0;MoveNorth;(22, 10);;(22, 18);1;514
0;0.0;MoveNorth;(22, 10);;(22, 18);1;515
0;0.0;MoveNorth;(22, 10);;(22, 18);1;516
0;0.0;MoveNorth;(22, 10);;(22, 18);1;517
0;0.0;MoveNorth;(22, 10);;(22, 18);1;518
0;0.0;MoveNorth;(22, 9);;(22, 18);1;519
0;0.0;MoveNorth;(22, 9);MoveWest;(21, 18);1;520
0;0.0;MoveNorth;(22, 9);;(21, 18);1;521
0;0.0;MoveNorth;(22, 9);;(21, 18);1;522
0;0.0;MoveNorth;(22, 9);;(21, 18);1;523
0;0.0;MoveNorth;(22, 9);;(21, 18);1;524
0;0.0;MoveNorth;(22, 9);;(21, 18);1;525
0;0.0;MoveNorth;(22, 9);;(21, 18);1;526
0;0.0;MoveNorth;(22, 9);;(21, 18);1;527
0;0.0;MoveNorth;(22, 8);MoveSouth;(21, 18);1;528
0;0.0;MoveNorth;(22, 8);;(21, 18);1;529
0;0.0;MoveNorth;(22, 8);;(21, 18);1;530
0;0.0;MoveNorth;(22, 8);;(21, 18);1;531
0;0.0;MoveNorth;(22, 8);;(21, 18);1;532
0;0.0;MoveNorth;(22, 8);;(21, 18);1;533
0;0.0;MoveNorth;(22, 8);;(21, 18);1;534
0;0.0;MoveNorth;(22, 8);;(21, 18);1;535
0;0.0;MoveNorth;(22, 8);;(21, 18);1;536
0;0.0;MoveNorth;(22, 7);;(21, 18);1;537
0;0.0;MoveNorthWest;(22, 7);;(21, 18);1;538
0;0.0;MoveNorthWest;(22, 7);;(21, 18);1;539
0;0.0;MoveNorthWest;(22, 7);;(21, 18);1;540
0;0.0;MoveNorthWest;(22, 7);;(21, 18);1;541
0;0.0;MoveNorthWest;(22, 7);;(21, 18);1;542
0;0.0;MoveNorthWest;(22, 7);;(21, 18);1;543
0;0.0;MoveNorthWest;(22, 7);;(21, 18);1;544
0;0.0;MoveNorthWest;(22, 7);;(21, 18);1;545
0;0.0;MoveNorthWest;(21, 6);;(21, 18);1;546
0;0.0;MoveNorth;(21, 6);;(21, 18);1;547
0;0.0;MoveNorth;(21, 6);;(21, 18);1;548
0;0.0;MoveNorth;(21, 6);;(21, 18);1;549
0;0.0;MoveNorth;(21, 6);;(21, 18);1;550
0;0.0;MoveNorth;(21, 6);;(21, 18);1;551
0;0.0;MoveNorth;(21, 6);;(21, 18);1;552
0;0.0;MoveNorth;(21, 6);;(21, 18);1;553
0;0.0;MoveNorth;(21, 6);;(21, 18);1;554
0;0.0;MoveNorth;(21, 5);;(21, 18);1;555
0;0.0;MoveNorth;(21, 5);;(21, 18);1;556
0;0.0;MoveNorth;(21, 5);;(21, 18);1;557
0;0.0;MoveNorth;(21, 5);;(21, 18);1;558
0;0.0;MoveNorth;(21, 5);;(21, 18);1;559
0;0.0;MoveNorth;(21, 5);;(21, 18);1;560
0;0.0;MoveNorth;(21, 5);;(21, 18);1;561
0;0.0;MoveNorth;(21, 5);;(21, 18);1;562
0;0.0;MoveNorth;(21, 5);;(21, 18);1;563
0;0.0;MoveNorth;(21, 4);;(21, 18);1;564
0;0.0;MoveNorthWest;(21, 4);;(21, 18);1;565
0;0.0;MoveNorthWest;(21, 4);;(21, 18);1;566
0;0.0;MoveNorthWest;(21, 4);;(21, 18);1;567
0;0.0;MoveNorthWest;(21, 4);;(21, 18);1;568
0;0.0;MoveNorthWest;(21, 4);;(21, 18);1;569
0;0.0;MoveNorthWest;(21, 4);;(21, 18);1;570
0;0.0;MoveNorthWest;(21, 4);;(21, 18);1;571
0;0.0;MoveNorthWest;(21, 4);;(21, 18);1;572
0;0.0;MoveNorthWest;(20, 3);;(21, 18);1;573
0;0.0;MoveNorth;(20, 3);;(21, 18);1;574
0;0.0;MoveNorth;(20, 3);;(21, 18);1;575
0;0.0;MoveNorth;(20, 3);;(21, 18);1;576
0;0.0;MoveNorth;(20, 3);;(21, 18);1;577
0;0.0;MoveNorth;(20, 3);;(21, 18);1;578
0;0.0;MoveNorth;(20, 3);;(21, 18);1;579
0;0.0;MoveNorth;(20, 3);;(21, 18);1;580
0;0.0;MoveNorth;(20, 3);;(21, 18);1;581
0;0.0;MoveNorth;(20, 2);;(21, 18);1;582
0;0.0;MoveSouthEast;(20, 2);;(21, 18);1;583
0;0.0;MoveSouthEast;(20, 2);;(21, 18);1;584
0;0.0;MoveSouthEast;(20, 2);;(21, 18);1;585
0;0.0;MoveSouthEast;(20, 2);;(21, 18);1;586
0;0.0;MoveSouthEast;(20, 2);;(21, 18);1;587
0;0.0;MoveSouthEast;(20, 2);;(21, 18);1;588
0;0.0;MoveSouthEast;(20, 2);;(21, 18);1;589
0;0.0;MoveSouthEast;(20, 2);;(21, 18);1;590
0;0.0;MoveSouthEast;(21, 3);;(21, 18);1;591
0;0.0;MoveNorthEast;(21, 3);;(21, 18);1;592
0;0.0;MoveNorthEast;(21, 3);;(21, 18);1;593
0;0.0;MoveNorthEast;(21, 3);;(21, 18);1;594
0;0.0;MoveNorthEast;(21, 3);;(21, 18);1;595
0;0.0;MoveNorthEast;(21, 3);;(21, 18);1;596
0;0.0;MoveNorthEast;(21, 3);;(21, 18);1;597
0;0.0;MoveNorthEast;(21, 3);;(21, 18);1;598
0;0.0;MoveNorthEast;(21, 3);;(21, 18);1;599
0;0.0;MoveNorthEast;(22, 2);;(21, 18);1;600
0;0.0;Idle;(22, 2);;(21, 18);1;601
0;0.0;Idle;(22, 2);RemoveObject;(21, 18);1;602
0;0.0;Idle;(22, 2);RemoveObject;(21, 18);1;603
0;0.0;Idle;(22, 2);RemoveObject;(21, 18);1;604
0;0.0;Idle;(22, 2);RemoveObject;(21, 18);1;605
0;0.0;Idle;(22, 2);RemoveObject;(21, 18);1;606
0;0.0;Idle;(22, 2);RemoveObject;(21, 18);1;607
0;0.0;Idle;(22, 2);RemoveObject;(21, 18);1;608
0;0.0;Idle;(22, 2);RemoveObject;(21, 18);1;609
0;0.0;Idle;(22, 2);RemoveObject;(21, 18);1;610
0;0.0;Idle;(22, 2);RemoveObject;(21, 18);1;611
0;0.0;Idle;(22, 2);RemoveObject;(21, 18);1;612
0;0.0;Idle;(22, 2);RemoveObject;(21, 18);1;613
0;0.0;Idle;(22, 2);RemoveObject;(21, 18);1;614
0;0.0;Idle;(22, 2);RemoveObject;(21, 18);1;615
0;0.0;Idle;(22, 2);RemoveObject;(21, 18);1;616
0;0.0;Idle;(22, 2);RemoveObject;(21, 18);1;617
0;0.0;Idle;(22, 2);RemoveObject;(21, 18);1;618
0;0.0;Idle;(22, 2);RemoveObject;(21, 18);1;619
0;0.0;Idle;(22, 2);RemoveObject;(21, 18);1;620
0;0.0;Idle;(22, 2);RemoveObject;(21, 18);1;621
0;0.0;Idle;(22, 2);RemoveObject;(21, 18);1;622
0;0.0;Idle;(22, 2);RemoveObject;(21, 18);1;623
0;0.0;Idle;(22, 2);RemoveObject;(21, 18);1;624
0;0.0;Idle;(22, 2);RemoveObject;(21, 18);1;625
0;0.0;Idle;(22, 2);RemoveObject;(21, 18);1;626
0;0.0;MoveSouthWest;(22, 2);RemoveObject;(21, 18);1;627
0;0.0;MoveSouthWest;(22, 2);RemoveObject;(21, 18);1;628
0;0.0;MoveSouthWest;(22, 2);RemoveObject;(21, 18);1;629
0;0.0;MoveSouthWest;(22, 2);RemoveObject;(21, 18);1;630
0;0.0;MoveSouthWest;(22, 2);RemoveObject;(21, 18);1;631
0;0.0;MoveSouthWest;(22, 2);RemoveObject;(21, 18);1;632
0;0.0;MoveSouthWest;(22, 2);RemoveObject;(21, 18);1;633
0;0.0;MoveSouthWest;(22, 2);RemoveObject;(21, 18);1;634
0;0.0;MoveSouthWest;(21, 3);RemoveObject;(21, 18);1;635
0;0.0;MoveSouth;(21, 3);RemoveObject;(21, 18);1;636
0;0.0;MoveSouth;(21, 3);RemoveObject;(21, 18);1;637
0;0.0;MoveSouth;(21, 3);RemoveObject;(21, 18);1;638
0;0.0;MoveSouth;(21, 3);RemoveObject;(21, 18);1;639
0;0.0;MoveSouth;(21, 3);RemoveObject;(21, 18);1;640
0;0.0;MoveSouth;(21, 3);RemoveObject;(21, 18);1;641
0;0.0;MoveSouth;(21, 3);RemoveObject;(21, 18);1;642
0;0.0;MoveSouth;(21, 3);RemoveObject;(21, 18);1;643
0;0.0;MoveSouth;(21, 4);RemoveObject;(21, 18);1;644
0;0.0;MoveSouthWest;(21, 4);RemoveObject;(21, 18);1;645
0;0.0;MoveSouthWest;(21, 4);RemoveObject;(21, 18);1;646
0;0.0;MoveSouthWest;(21, 4);RemoveObject;(21, 18);1;647
0;0.0;MoveSouthWest;(21, 4);RemoveObject;(21, 18);1;648
0;0.0;MoveSouthWest;(21, 4);RemoveObject;(21, 18);1;649
0;0.0;MoveSouthWest;(21, 4);RemoveObject;(21, 18);1;650
0;0.0;MoveSouthWest;(21, 4);RemoveObject;(21, 18);1;651
0;0.0;MoveSouthWest;(21, 4);RemoveObject;(21, 18);1;652
0;0.0;MoveSouthWest;(20, 5);RemoveObject;(21, 18);1;653
0;0.0;MoveWest;(20, 5);RemoveObject;(21, 18);1;654
0;0.0;MoveWest;(20, 5);RemoveObject;(21, 18);1;655
0;0.0;MoveWest;(20, 5);RemoveObject;(21, 18);1;656
0;0.0;MoveWest;(20, 5);RemoveObject;(21, 18);1;657
0;0.0;MoveWest;(20, 5);RemoveObject;(21, 18);1;658
0;0.0;MoveWest;(20, 5);RemoveObject;(21, 18);1;659
0;0.0;MoveWest;(20, 5);RemoveObject;(21, 18);1;660
0;0.0;MoveWest;(20, 5);RemoveObject;(21, 18);1;661
0;0.0;MoveWest;(20, 5);RemoveObject;(21, 18);1;662
0;0.0;MoveWest;(20, 5);RemoveObject;(21, 18);1;663
0;0.0;MoveWest;(20, 5);RemoveObject;(21, 18);1;664
0;0.0;MoveWest;(20, 5);RemoveObject;(21, 18);1;665
0;0.0;MoveWest;(20, 5);RemoveObject;(21, 18);1;666
0;0.0;MoveWest;(19, 5);RemoveObject;(21, 18);1;667
0;0.0;MoveWest;(19, 5);RemoveObject;(21, 18);1;668
0;0.0;MoveWest;(19, 5);RemoveObject;(21, 18);1;669
0;0.0;MoveWest;(19, 5);RemoveObject;(21, 18);1;670
0;0.0;MoveWest;(19, 5);RemoveObject;(21, 18);1;671
0;0.0;MoveWest;(19, 5);RemoveObject;(21, 18);1;672
0;0.0;MoveWest;(19, 5);RemoveObject;(21, 18);1;673
0;0.0;MoveWest;(19, 5);RemoveObject;(21, 18);1;674
0;0.0;MoveWest;(19, 5);RemoveObject;(21, 18);1;675
0;0.0;MoveWest;(19, 5);RemoveObject;(21, 18);1;676
0;0.0;MoveWest;(19, 5);RemoveObject;(21, 18);1;677
0;0.0;MoveWest;(19, 5);RemoveObject;(21, 18);1;678
0;0.0;MoveWest;(19, 5);RemoveObject;(21, 18);1;679
0;0.0;MoveWest;(19, 5);RemoveObject;(21, 18);1;680
0;0.0;MoveWest;(18, 5);RemoveObject;(21, 18);1;681
0;0.0;MoveWest;(18, 5);RemoveObject;(21, 18);1;682
0;0.0;MoveWest;(18, 5);RemoveObject;(21, 18);1;683
0;0.0;MoveWest;(18, 5);RemoveObject;(21, 18);1;684
0;0.0;MoveWest;(18, 5);RemoveObject;(21, 18);1;685
0;0.0;MoveWest;(18, 5);RemoveObject;(21, 18);1;686
0;0.0;MoveWest;(18, 5);RemoveObject;(21, 18);1;687
0;0.0;MoveWest;(18, 5);RemoveObject;(21, 18);1;688
0;0.0;MoveWest;(18, 5);RemoveObject;(21, 18);1;689
0;0.0;MoveWest;(17, 5);RemoveObject;(21, 18);1;690
0;0.0;MoveWest;(17, 5);RemoveObject;(21, 18);1;691
0;0.0;MoveWest;(17, 5);RemoveObject;(21, 18);1;692
0;0.0;MoveWest;(17, 5);RemoveObject;(21, 18);1;693
0;0.0;MoveWest;(17, 5);RemoveObject;(21, 18);1;694
0;0.0;MoveWest;(17, 5);RemoveObject;(21, 18);1;695
0;0.0;MoveWest;(17, 5);RemoveObject;(21, 18);1;696
0;0.0;MoveWest;(17, 5);RemoveObject;(21, 18);1;697
0;0.0;MoveWest;(17, 5);RemoveObject;(21, 18);1;698
0;0.0;MoveWest;(16, 5);RemoveObject;(21, 18);1;699
0;0.0;MoveWest;(16, 5);RemoveObject;(21, 18);1;700
0;0.0;MoveWest;(16, 5);RemoveObject;(21, 18);1;701
0;0.0;MoveWest;(16, 5);RemoveObject;(21, 18);1;702
0;0.0;MoveWest;(16, 5);RemoveObject;(21, 18);1;703
0;0.0;MoveWest;(16, 5);RemoveObject;(21, 18);1;704
0;0.0;MoveWest;(16, 5);RemoveObject;(21, 18);1;705
0;0.0;MoveWest;(16, 5);RemoveObject;(21, 18);1;706
0;0.0;MoveWest;(16, 5);RemoveObject;(21, 18);1;707
0;0.0;MoveWest;(15, 5);RemoveObject;(21, 18);1;708
0;0.0;;(15, 5);RemoveObject;(21, 18);1;709
0;0.0;;(15, 5);RemoveObject;(21, 18);1;710
0;0.0;;(15, 5);RemoveObject;(21, 18);1;711
0;0.0;;(15, 5);RemoveObject;(21, 18);1;712
0;0.0;;(15, 5);RemoveObject;(21, 18);1;713
0;0.0;;(15, 5);RemoveObject;(21, 18);1;714
0;0.0;;(15, 5);RemoveObject;(21, 18);1;715
0;0.0;;(15, 5);RemoveObject;(21, 18);1;716
0;0.0;;(15, 5);RemoveObject;(21, 18);1;717
0;0.0;;(15, 5);RemoveObject;(21, 18);1;718
0;0.0;;(15, 5);RemoveObject;(21, 18);1;719
0;0.0;;(15, 5);RemoveObject;(21, 18);1;720
0;0.0;;(15, 5);RemoveObject;(21, 18);1;721
0;0.0;;(15, 5);RemoveObject;(21, 18);1;722
0;0.0;;(15, 5);RemoveObject;(21, 18);1;723
0;0.0;;(15, 5);RemoveObject;(21, 18);1;724
0;0.0;;(15, 5);RemoveObject;(21, 18);1;725
0;0.0;;(15, 5);RemoveObject;(21, 18);1;726
0;0.0;;(15, 5);RemoveObject;(21, 18);1;727
0;0.0;;(15, 5);RemoveObject;(21, 18);1;728
0;0.0;;(15, 5);RemoveObject;(21, 18);1;729
0;0.0;;(15, 5);RemoveObject;(21, 18);1;730
0;0.0;;(15, 5);RemoveObject;(21, 18);1;731
0;0.0;;(15, 5);RemoveObject;(21, 18);1;732
0;0.0;;(15, 5);RemoveObject;(21, 18);1;733
0;0.0;;(15, 5);RemoveObject;(21, 18);1;734
0;0.0;;(15, 5);RemoveObject;(21, 18);1;735
0;0.0;;(15, 5);RemoveObject;(21, 18);1;736
0;0.0;;(15, 5);RemoveObject;(21, 18);1;737
0;0.0;;(15, 5);RemoveObject;(21, 18);1;738
0;0.0;;(15, 5);RemoveObject;(21, 18);1;739
0;0.0;;(15, 5);RemoveObject;(21, 18);1;740
0;0.0;;(15, 5);RemoveObject;(21, 18);1;741
0;0.0;;(15, 5);RemoveObject;(21, 18);1;742
0;0.0;;(15, 5);RemoveObject;(21, 18);1;743
0;0.0;;(15, 5);RemoveObject;(21, 18);1;744
0;0.0;;(15, 5);RemoveObject;(21, 18);1;745
0;0.0;;(15, 5);RemoveObject;(21, 18);1;746
0;0.0;;(15, 5);RemoveObject;(21, 18);1;747
0;0.0;;(15, 5);RemoveObject;(21, 18);1;748
0;0.0;;(15, 5);RemoveObject;(21, 18);1;749
0;0.0;;(15, 5);RemoveObject;(21, 18);1;750
0;0.0;;(15, 5);RemoveObject;(21, 18);1;751
0;0.0;;(15, 5);RemoveObject;(21, 18);1;752
0;0.0;;(15, 5);RemoveObject;(21, 18);1;753
0;0.0;;(15, 5);RemoveObject;(21, 18);1;754
0;0.0;;(15, 5);RemoveObject;(21, 18);1;755
0;0.0;;(15, 5);RemoveObject;(21, 18);1;756
0;0.0;;(15, 5);RemoveObject;(21, 18);1;757
0;0.0;;(15, 5);RemoveObject;(21, 18);1;758
0;0.0;;(15, 5);RemoveObject;(21, 18);1;759
0;0.0;;(15, 5);RemoveObject;(21, 18);1;760
0;0.0;;(15, 5);RemoveObject;(21, 18);1;761
0;0.0;;(15, 5);RemoveObject;(21, 18);1;762
0;0.0;;(15, 5);RemoveObject;(21, 18);1;763
0;0.0;;(15, 5);RemoveObject;(21, 18);1;764
0;0.0;;(15, 5);RemoveObject;(21, 18);1;765
0;0.0;;(15, 5);RemoveObject;(21, 18);1;766
0;0.0;;(15, 5);RemoveObject;(21, 18);1;767
0;0.0;;(15, 5);RemoveObject;(21, 18);1;768
0;0.0;;(15, 5);RemoveObject;(21, 18);1;769
0;0.0;;(15, 5);RemoveObject;(21, 18);1;770
0;0.0;;(15, 5);RemoveObject;(21, 18);1;771
0;0.0;;(15, 5);RemoveObject;(21, 18);1;772
0;0.0;;(15, 5);RemoveObject;(21, 18);1;773
0;0.0;;(15, 5);RemoveObject;(21, 18);1;774
0;0.0;;(15, 5);RemoveObject;(21, 18);1;775
0;0.0;;(15, 5);RemoveObject;(21, 18);1;776
0;0.0;;(15, 5);RemoveObject;(21, 18);1;777
0;0.0;;(15, 5);RemoveObject;(21, 18);1;778
0;0.0;;(15, 5);RemoveObject;(21, 18);1;779
0;0.0;;(15, 5);RemoveObject;(21, 18);1;780
0;0.0;;(15, 5);RemoveObject;(21, 18);1;781
0;0.0;;(15, 5);RemoveObject;(21, 18);1;782
0;0.0;;(15, 5);RemoveObject;(21, 18);1;783
0;0.0;;(15, 5);RemoveObject;(21, 18);1;784
0;0.0;;(15, 5);RemoveObject;(21, 18);1;785
0;0.0;;(15, 5);RemoveObject;(21, 18);1;786
0;0.0;;(15, 5);RemoveObject;(21, 18);1;787
0;0.0;;(15, 5);RemoveObject;(21, 18);1;788
0;0.0;;(15, 5);RemoveObject;(21, 18);1;789
0;0.0;;(15, 5);RemoveObject;(21, 18);1;790
0;0.0;;(15, 5);RemoveObject;(21, 18);1;791
0;0.0;;(15, 5);RemoveObject;(21, 18);1;792
0;0.0;;(15, 5);RemoveObject;(21, 18);1;793
0;0.0;;(15, 5);RemoveObject;(21, 18);1;794
0;0.0;;(15, 5);RemoveObject;(21, 18);1;795
0;0.0;;(15, 5);RemoveObject;(21, 18);1;796
0;0.0;;(15, 5);RemoveObject;(21, 18);1;797
0;0.0;;(15, 5);RemoveObject;(21, 18);1;798
0;0.0;;(15, 5);RemoveObject;(21, 18);1;799
0;0.0;;(15, 5);RemoveObject;(21, 18);1;800
0;0.0;;(15, 5);RemoveObject;(21, 18);1;801
0;0.0;;(15, 5);RemoveObject;(21, 18);1;802
0;0.0;;(15, 5);;(21, 18);1;803
0;0.0;;(15, 5);;(21, 18);1;804
0;0.0;MoveSouth;(15, 5);;(21, 18);1;805
0;0.0;MoveSouth;(15, 5);;(21, 18);1;806
0;0.0;MoveSouth;(15, 5);;(21, 18);1;807
0;0.0;MoveSouth;(15, 5);;(21, 18);1;808
0;0.0;MoveSouth;(15, 5);;(21, 18);1;809
0;0.0;MoveSouth;(15, 5);;(21, 18);1;810
0;0.0;MoveSouth;(15, 5);;(21, 18);1;811
0;0.0;MoveSouth;(15, 5);;(21, 18);1;812
0;0.0;MoveSouth;(15, 6);;(21, 18);1;813
0;0.0;;(15, 6);;(21, 18);1;814
0;0.0;;(15, 6);;(21, 18);1;815
0;0.0;;(15, 6);;(21, 18);1;816
0;0.0;;(15, 6);;(21, 18);1;817
0;0.0;;(15, 6);;(21, 18);1;818
0;0.0;;(15, 6);;(21, 18);1;819
0;0.0;;(15, 6);;(21, 18);1;820
0;0.0;;(15, 6);;(21, 18);1;821
0;0.0;;(15, 6);;(21, 18);1;822
0;0.0;;(15, 6);;(21, 18);1;823
0;0.0;;(15, 6);;(21, 18);1;824
0;0.0;;(15, 6);;(21, 18);1;825
0;0.0;;(15, 6);;(21, 18);1;826
0;0.0;;(15, 6);;(21, 18);1;827
0;0.0;;(15, 6);;(21, 18);1;828
0;0.0;;(15, 6);;(21, 18);1;829
0;0.0;;(15, 6);;(21, 18);1;830
0;0.0;;(15, 6);;(21, 18);1;831
0;0.0;;(15, 6);;(21, 18);1;832
0;0.0;;(15, 6);;(21, 18);1;833
0;0.0;;(15, 6);;(21, 18);1;834
0;0.0;;(15, 6);;(21, 18);1;835
0;0.0;;(15, 6);;(21, 18);1;836
0;0.0;;(15, 6);;(21, 18);1;837
0;0.0;;(15, 6);;(21, 18);1;838
0;0.0;;(15, 6);;(21, 18);1;839
0;0.0;;(15, 6);;(21, 18);1;840
0;0.0;;(15, 6);;(21, 18);1;841
0;0.0;;(15, 6);;(21, 18);1;842
0;0.0;;(15, 6);;(21, 18);1;843
0;0.0;;(15, 6);;(21, 18);1;844
0;0.0;;(15, 6);;(21, 18);1;845
0;0.0;;(15, 6);;(21, 18);1;846
0;0.0;;(15, 6);;(21, 18);1;847
0;0.0;;(15, 6);;(21, 18);1;848
0;0.0;;(15, 6);;(21, 18);1;849
0;0.0;;(15, 6);;(21, 18);1;850
0;0.0;;(15, 6);;(21, 18);1;851
0;0.0;;(15, 6);;(21, 18);1;852
0;0.0;;(15, 6);;(21, 18);1;853
0;0.0;;(15, 6);;(21, 18);1;854
0;0.0;;(15, 6);;(21, 18);1;855
0;0.0;;(15, 6);;(21, 18);1;856
0;0.0;;(15, 6);;(21, 18);1;857
0;0.0;;(15, 6);;(21, 18);1;858
0;0.0;;(15, 6);;(21, 18);1;859
0;0.0;;(15, 6);;(21, 18);1;860
0;0.0;;(15, 6);;(21, 18);1;861
0;0.0;;(15, 6);;(21, 18);1;862
0;0.0;;(15, 6);;(21, 18);1;863
0;0.0;;(15, 6);;(21, 18);1;864
0;0.0;;(15, 6);;(21, 18);1;865
0;0.0;;(15, 6);;(21, 18);1;866
0;0.0;;(15, 6);;(21, 18);1;867
0;0.0;;(15, 6);;(21, 18);1;868
0;0.0;;(15, 6);;(21, 18);1;869
0;0.0;;(15, 6);;(21, 18);1;870
0;0.0;;(15, 6);;(21, 18);1;871
0;0.0;;(15, 6);;(21, 18);1;872
0;0.0;;(15, 6);;(21, 18);1;873
0;0.0;;(15, 6);;(21, 18);1;874
0;0.0;;(15, 6);;(21, 18);1;875
0;0.0;;(15, 6);;(21, 18);1;876
0;0.0;;(15, 6);;(21, 18);1;877
0;0.0;;(15, 6);;(21, 18);1;878
0;0.0;RemoveObject;(15, 6);;(21, 18);1;879
0;0.0;RemoveObject;(15, 6);;(21, 18);1;880
0;0.0;RemoveObject;(15, 6);;(21, 18);1;881
0;0.0;RemoveObject;(15, 6);;(21, 18);1;882
0;0.0;RemoveObject;(15, 6);;(21, 18);1;883
0;0.0;RemoveObject;(15, 6);;(21, 18);1;884
0;0.0;RemoveObject;(15, 6);;(21, 18);1;885
0;0.0;RemoveObject;(15, 6);;(21, 18);1;886
0;0.0;RemoveObject;(15, 6);;(21, 18);1;887
0;0.0;RemoveObject;(15, 6);;(21, 18);1;888
0;0.0;RemoveObject;(15, 6);;(21, 18);1;889
0;0.0;RemoveObject;(15, 6);;(21, 18);1;890
0;0.0;RemoveObject;(15, 6);;(21, 18);1;891
0;0.0;RemoveObject;(15, 6);;(21, 18);1;892
0;0.0;RemoveObject;(15, 6);;(21, 18);1;893
0;0.0;RemoveObject;(15, 6);;(21, 18);1;894
0;0.0;RemoveObject;(15, 6);;(21, 18);1;895
0;0.0;RemoveObject;(15, 6);;(21, 18);1;896
0;0.0;RemoveObject;(15, 6);;(21, 18);1;897
0;0.0;RemoveObject;(15, 6);;(21, 18);1;898
0;0.0;RemoveObject;(15, 6);;(21, 18);1;899
0;0.0;RemoveObject;(15, 6);MoveSouth;(21, 19);1;900
0;0.0;RemoveObject;(15, 6);MoveSouth;(21, 20);1;901
0;0.0;RemoveObject;(15, 6);;(21, 20);1;902
0;0.0;RemoveObject;(15, 6);;(21, 20);1;903
0;0.0;RemoveObject;(15, 6);;(21, 20);1;904
0;0.0;RemoveObject;(15, 6);;(21, 20);1;905
0;0.0;RemoveObject;(15, 6);;(21, 20);1;906
0;0.0;RemoveObject;(15, 6);;(21, 20);1;907
0;0.0;RemoveObject;(15, 6);;(21, 20);1;908
0;0.0;RemoveObject;(15, 6);;(21, 20);1;909
0;0.0;RemoveObject;(15, 6);;(21, 20);1;910
0;0.0;RemoveObject;(15, 6);;(21, 20);1;911
0;0.0;RemoveObject;(15, 6);;(21, 20);1;912
0;0.0;RemoveObject;(15, 6);MoveSouth;(21, 21);1;913
0;0.0;RemoveObject;(15, 6);;(21, 21);1;914
0;0.0;RemoveObject;(15, 6);;(21, 21);1;915
0;0.0;RemoveObject;(15, 6);;(21, 21);1;916
0;0.0;RemoveObject;(15, 6);;(21, 21);1;917
0;0.0;RemoveObject;(15, 6);;(21, 21);1;918
0;0.0;RemoveObject;(15, 6);;(21, 21);1;919
0;0.0;RemoveObject;(15, 6);;(21, 21);1;920
0;0.0;RemoveObject;(15, 6);;(21, 21);1;921
0;0.0;RemoveObject;(15, 6);;(21, 21);1;922
0;0.0;RemoveObject;(15, 6);;(21, 21);1;923
0;0.0;RemoveObject;(15, 6);MoveNorth;(21, 20);1;924
0;0.0;RemoveObject;(15, 6);;(21, 20);1;925
0;0.0;RemoveObject;(15, 6);;(21, 20);1;926
0;0.0;RemoveObject;(15, 6);;(21, 20);1;927
0;0.0;RemoveObject;(15, 6);MoveNorth;(21, 19);1;928
0;0.0;RemoveObject;(15, 6);MoveNorth;(21, 18);1;929
0;0.0;RemoveObject;(15, 6);;(21, 18);1;930
0;0.0;RemoveObject;(15, 6);;(21, 18);1;931
0;0.0;RemoveObject;(15, 6);;(21, 18);1;932
0;0.0;RemoveObject;(15, 6);;(21, 18);1;933
0;0.0;RemoveObject;(15, 6);;(21, 18);1;934
0;0.0;RemoveObject;(15, 6);;(21, 18);1;935
0;0.0;RemoveObject;(15, 6);;(21, 18);1;936
0;0.0;RemoveObject;(15, 6);;(21, 18);1;937
0;0.0;RemoveObject;(15, 6);;(21, 18);1;938
0;0.0;RemoveObject;(15, 6);;(21, 18);1;939
0;0.0;RemoveObject;(15, 6);;(21, 18);1;940
0;0.0;RemoveObject;(15, 6);;(21, 18);1;941
0;0.0;RemoveObject;(15, 6);;(21, 18);1;942
0;0.0;RemoveObject;(15, 6);;(21, 18);1;943
0;0.0;RemoveObject;(15, 6);;(21, 18);1;944
0;0.0;RemoveObject;(15, 6);;(21, 18);1;945
0;0.0;RemoveObject;(15, 6);;(21, 18);1;946
0;0.0;RemoveObject;(15, 6);;(21, 18);1;947
0;0.0;RemoveObject;(15, 6);;(21, 18);1;948
0;0.0;RemoveObject;(15, 6);;(21, 18);1;949
0;0.0;RemoveObject;(15, 6);;(21, 18);1;950
0;0.0;RemoveObject;(15, 6);;(21, 18);1;951
0;0.0;RemoveObject;(15, 6);;(21, 18);1;952
0;0.0;RemoveObject;(15, 6);;(21, 18);1;953
0;0.0;RemoveObject;(15, 6);;(21, 18);1;954
0;0.0;RemoveObject;(15, 6);;(21, 18);1;955
0;0.0;RemoveObject;(15, 6);;(21, 18);1;956
0;0.0;RemoveObject;(15, 6);;(21, 18);1;957
0;0.0;RemoveObject;(15, 6);;(21, 18);1;958
0;0.0;RemoveObject;(15, 6);;(21, 18);1;959
0;0.0;RemoveObject;(15, 6);;(21, 18);1;960
0;0.0;RemoveObject;(15, 6);;(21, 18);1;961
0;0.0;RemoveObject;(15, 6);;(21, 18);1;962
0;0.0;RemoveObject;(15, 6);;(21, 18);1;963
0;0.0;RemoveObject;(15, 6);;(21, 18);1;964
0;0.0;RemoveObject;(15, 6);;(21, 18);1;965
0;0.0;RemoveObject;(15, 6);;(21, 18);1;966
0;0.0;RemoveObject;(15, 6);;(21, 18);1;967
0;0.0;RemoveObject;(15, 6);;(21, 18);1;968
0;0.0;RemoveObject;(15, 6);;(21, 18);1;969
0;0.0;RemoveObject;(15, 6);;(21, 18);1;970
0;0.0;RemoveObject;(15, 6);;(21, 18);1;971
0;0.0;RemoveObject;(15, 6);;(21, 18);1;972
0;0.0;RemoveObject;(15, 6);;(21, 18);1;973
0;0.0;RemoveObject;(15, 6);;(21, 18);1;974
0;0.0;RemoveObject;(15, 6);;(21, 18);1;975
0;0.0;RemoveObject;(15, 6);;(21, 18);1;976
0;0.0;RemoveObject;(15, 6);;(21, 18);1;977
0;0.0;RemoveObject;(15, 6);;(21, 18);1;978
0;0.0;RemoveObject;(15, 6);;(21, 18);1;979
0;0.0;MoveSouth;(15, 6);;(21, 18);1;980
0;0.0;MoveSouth;(15, 6);;(21, 18);1;981
0;0.0;MoveSouth;(15, 6);;(21, 18);1;982
0;0.0;MoveSouth;(15, 6);;(21, 18);1;983
0;0.0;MoveSouth;(15, 6);;(21, 18);1;984
0;0.0;MoveSouth;(15, 6);;(21, 18);1;985
0;0.0;MoveSouth;(15, 6);;(21, 18);1;986
0;0.0;MoveSouth;(15, 6);;(21, 18);1;987
0;0.0;MoveSouth;(15, 7);;(21, 18);1;988
0;0.0;MoveSouthWest;(15, 7);MoveNorth;(21, 17);1;989
0;0.0;MoveSouthWest;(15, 7);;(21, 17);1;990
0;0.0;MoveSouthWest;(15, 7);;(21, 17);1;991
0;0.0;MoveSouthWest;(15, 7);;(21, 17);1;992
0;0.0;MoveSouthWest;(15, 7);;(21, 17);1;993
0;0.0;MoveSouthWest;(15, 7);;(21, 17);1;994
0;0.0;MoveSouthWest;(15, 7);MoveWest;(20, 17);1;995
0;0.0;MoveSouthWest;(15, 7);;(20, 17);1;996
0;0.0;MoveSouthWest;(14, 8);;(20, 17);1;997
0;0.0;MoveSouthEast;(14, 8);MoveWest;(20, 17);1;998
0;0.0;MoveSouthEast;(14, 8);MoveWest;(20, 17);1;999
0;0.0;MoveSouthEast;(14, 8);MoveWest;(20, 17);1;1000
0;0.0;MoveSouthEast;(14, 8);MoveWest;(20, 17);1;1001
0;0.0;MoveSouthEast;(14, 8);MoveWest;(20, 17);1;1002
0;0.0;MoveSouthEast;(14, 8);MoveWest;(19, 17);1;1003
0;0.0;MoveSouthEast;(14, 8);MoveWest;(19, 17);1;1004
0;0.0;MoveSouthEast;(14, 8);MoveWest;(19, 17);1;1005
0;0.0;MoveSouthEast;(15, 9);MoveWest;(19, 17);1;1006
0;0.0;MoveNorthEast;(15, 9);MoveWest;(19, 17);1;1007
0;0.0;MoveNorthEast;(15, 9);MoveWest;(19, 17);1;1008
0;0.0;MoveNorthEast;(15, 9);MoveWest;(18, 17);1;1009
0;0.0;MoveNorthEast;(15, 9);MoveWest;(18, 17);1;1010
0;0.0;MoveNorthEast;(15, 9);MoveWest;(18, 17);1;1011
0;0.0;MoveNorthEast;(15, 9);MoveWest;(18, 17);1;1012
0;0.0;MoveNorthEast;(15, 9);MoveWest;(18, 17);1;1013
0;0.0;MoveNorthEast;(15, 9);MoveWest;(18, 17);1;1014
0;0.0;MoveNorthEast;(16, 8);MoveWest;(17, 17);1;1015
0;0.0;;(16, 8);;(17, 17);1;1016
0;0.0;;(16, 8);;(17, 17);1;1017
0;0.0;;(16, 8);;(17, 17);1;1018
0;0.0;;(16, 8);;(17, 17);1;1019
0;0.0;;(16, 8);;(17, 17);1;1020
0;0.0;;(16, 8);;(17, 17);1;1021
0;0.0;;(16, 8);;(17, 17);1;1022
0;0.0;;(16, 8);;(17, 17);1;1023
0;0.0;;(16, 8);;(17, 17);1;1024
0;0.0;;(16, 8);;(17, 17);1;1025
0;0.0;;(16, 8);;(17, 17);1;1026
0;0.0;;(16, 8);;(17, 17);1;1027
0;0.0;;(16, 8);;(17, 17);1;1028
0;0.0;;(16, 8);;(17, 17);1;1029
0;0.0;;(16, 8);;(17, 17);1;1030
0;0.0;;(16, 8);;(17, 17);1;1031
0;0.0;;(16, 8);;(17, 17);1;1032
0;0.0;;(16, 8);;(17, 17);1;1033
0;0.0;;(16, 8);;(17, 17);1;1034
0;0.0;;(16, 8);;(17, 17);1;1035
0;0.0;;(16, 8);;(17, 17);1;1036
0;0.0;;(16, 8);;(17, 17);1;1037
0;0.0;;(16, 8);;(17, 17);1;1038
0;0.0;;(16, 8);;(17, 17);1;1039
0;0.0;;(16, 8);;(17, 17);1;1040
0;0.0;Idle;(16, 8);;(17, 17);1;1041
0;0.0;Idle;(16, 8);;(17, 17);1;1042
0;0.0;Idle;(16, 8);;(17, 17);1;1043
0;0.0;Idle;(16, 8);;(17, 17);1;1044
0;0.0;Idle;(16, 8);;(17, 17);1;1045
0;0.0;Idle;(16, 8);;(17, 17);1;1046
0;0.0;Idle;(16, 8);;(17, 17);1;1047
0;0.0;Idle;(16, 8);;(17, 17);1;1048
0;0.0;Idle;(16, 8);;(17, 17);1;1049
0;0.0;Idle;(16, 8);MoveWest;(17, 17);1;1050
0;0.0;Idle;(16, 8);MoveWest;(17, 17);1;1051
0;0.0;Idle;(16, 8);MoveWest;(17, 17);1;1052
0;0.0;Idle;(16, 8);MoveWest;(17, 17);1;1053
0;0.0;Idle;(16, 8);MoveWest;(17, 17);1;1054
0;0.0;Idle;(16, 8);MoveWest;(16, 17);1;1055
0;0.0;Idle;(16, 8);;(16, 17);1;1056
0;0.0;Idle;(16, 8);MoveSouth;(16, 17);1;1057
0;0.0;Idle;(16, 8);MoveSouth;(16, 17);1;1058
0;0.0;Idle;(16, 8);MoveSouth;(16, 17);1;1059
0;0.0;Idle;(16, 8);MoveSouth;(16, 17);1;1060
0;0.0;Idle;(16, 8);MoveSouth;(16, 17);1;1061
0;0.0;Idle;(16, 8);MoveSouth;(16, 18);1;1062
0;0.0;Idle;(16, 8);;(16, 18);1;1063
0;0.0;Idle;(16, 8);;(16, 18);1;1064
0;0.0;Idle;(16, 8);;(16, 18);1;1065
0;0.0;Idle;(16, 8);;(16, 18);1;1066
0;0.0;Idle;(16, 8);;(16, 18);1;1067
0;0.0;Idle;(16, 8);;(16, 18);1;1068
0;0.0;Idle;(16, 8);;(16, 18);1;1069
0;0.0;Idle;(16, 8);;(16, 18);1;1070
0;0.0;Idle;(16, 8);MoveWest;(15, 18);1;1071
0;0.0;Idle;(16, 8);;(15, 18);1;1072
0;0.0;Idle;(16, 8);;(15, 18);1;1073
0;0.0;Idle;(16, 8);;(15, 18);1;1074
0;0.0;Idle;(16, 8);;(15, 18);1;1075
0;0.0;Idle;(16, 8);;(15, 18);1;1076
0;0.0;Idle;(16, 8);;(15, 18);1;1077
0;0.0;Idle;(16, 8);;(15, 18);1;1078
0;0.0;Idle;(16, 8);;(15, 18);1;1079
0;0.0;Idle;(16, 8);;(15, 18);1;1080
0;0.0;Idle;(16, 8);;(15, 18);1;1081
0;0.0;Idle;(16, 8);;(15, 18);1;1082
0;0.0;Idle;(16, 8);;(15, 18);1;1083
0;0.0;Idle;(16, 8);;(15, 18);1;1084
0;0.0;Idle;(16, 8);;(15, 18);1;1085
0;0.0;Idle;(16, 8);;(15, 18);1;1086
0;0.0;Idle;(16, 8);;(15, 18);1;1087
0;0.0;Idle;(16, 8);;(15, 18);1;1088
0;0.0;Idle;(16, 8);;(15, 18);1;1089
0;0.0;Idle;(16, 8);;(15, 18);1;1090
0;0.0;Idle;(16, 8);;(15, 18);1;1091
0;0.0;Idle;(16, 8);;(15, 18);1;1092
0;0.0;MoveWest;(16, 8);;(15, 18);1;1093
0;0.0;MoveWest;(16, 8);;(15, 18);1;1094
0;0.0;MoveWest;(16, 8);;(15, 18);1;1095
0;0.0;MoveWest;(16, 8);;(15, 18);1;1096
0;0.0;MoveWest;(16, 8);;(15, 18);1;1097
0;0.0;MoveWest;(16, 8);;(15, 18);1;1098
0;0.0;MoveWest;(16, 8);;(15, 18);1;1099
0;0.0;MoveWest;(16, 8);;(15, 18);1;1100
0;0.0;MoveWest;(15, 8);;(15, 18);1;1101
0;0.0;MoveWest;(15, 8);;(15, 18);1;1102
0;0.0;MoveWest;(15, 8);;(15, 18);1;1103
0;0.0;MoveWest;(15, 8);;(15, 18);1;1104
0;0.0;MoveWest;(15, 8);;(15, 18);1;1105
0;0.0;MoveWest;(15, 8);;(15, 18);1;1106
0;0.0;MoveWest;(15, 8);;(15, 18);1;1107
0;0.0;MoveWest;(15, 8);;(15, 18);1;1108
0;0.0;MoveWest;(15, 8);;(15, 18);1;1109
0;0.0;MoveWest;(14, 8);;(15, 18);1;1110
0;0.0;CarryObject;(14, 8);;(15, 18);1;1111
0;0.0;CarryObject;(14, 8);;(15, 18);1;1112
0;0.0;CarryObject;(14, 8);;(15, 18);1;1113
0;0.0;CarryObject;(14, 8);;(15, 18);1;1114
0;0.0;CarryObject;(14, 8);;(15, 18);1;1115
0;0.0;CarryObject;(14, 8);;(15, 18);1;1116
0;0.0;CarryObject;(14, 8);;(15, 18);1;1117
0;0.0;CarryObject;(14, 8);;(15, 18);1;1118
0;0.0;CarryObject;(14, 8);;(15, 18);1;1119
0;0.0;CarryObject;(14, 8);;(15, 18);1;1120
0;0.0;CarryObject;(14, 8);;(15, 18);1;1121
0;0.0;CarryObject;(14, 8);;(15, 18);1;1122
0;0.0;CarryObject;(14, 8);;(15, 18);1;1123
0;0.0;CarryObject;(14, 8);;(15, 18);1;1124
0;0.0;CarryObject;(14, 8);;(15, 18);1;1125
0;0.0;CarryObject;(14, 8);;(15, 18);1;1126
0;0.0;CarryObject;(14, 8);;(15, 18);1;1127
0;0.0;CarryObject;(14, 8);;(15, 18);1;1128
0;0.0;CarryObject;(14, 8);;(15, 18);1;1129
0;0.0;CarryObject;(14, 8);;(15, 18);1;1130
0;0.0;CarryObject;(14, 8);;(15, 18);1;1131
0;0.0;CarryObject;(14, 8);;(15, 18);1;1132
0;0.0;CarryObject;(14, 8);;(15, 18);1;1133
0;0.0;CarryObject;(14, 8);;(15, 18);1;1134
0;0.0;CarryObject;(14, 8);;(15, 18);1;1135
0;0.0;CarryObject;(14, 8);;(15, 18);1;1136
0;0.0;CarryObject;(14, 8);;(15, 18);1;1137
0;0.0;CarryObject;(14, 8);;(15, 18);1;1138
0;0.0;CarryObject;(14, 8);;(15, 18);1;1139
0;0.0;CarryObject;(14, 8);;(15, 18);1;1140
0;0.0;CarryObject;(14, 8);;(15, 18);1;1141
0;0.0;CarryObject;(14, 8);;(15, 18);1;1142
0;0.0;CarryObject;(14, 8);;(15, 18);1;1143
0;0.0;CarryObject;(14, 8);;(15, 18);1;1144
0;0.0;CarryObject;(14, 8);;(15, 18);1;1145
0;0.0;CarryObject;(14, 8);;(15, 18);1;1146
0;0.0;CarryObject;(14, 8);;(15, 18);1;1147
0;0.0;CarryObject;(14, 8);;(15, 18);1;1148
0;0.0;CarryObject;(14, 8);;(15, 18);1;1149
0;0.0;CarryObject;(14, 8);;(15, 18);1;1150
0;0.0;CarryObject;(14, 8);;(15, 18);1;1151
0;0.0;CarryObject;(14, 8);;(15, 18);1;1152
0;0.0;CarryObject;(14, 8);;(15, 18);1;1153
0;0.0;CarryObject;(14, 8);;(15, 18);1;1154
0;0.0;CarryObject;(14, 8);;(15, 18);1;1155
0;0.0;CarryObject;(14, 8);;(15, 18);1;1156
0;0.0;CarryObject;(14, 8);;(15, 18);1;1157
0;0.0;CarryObject;(14, 8);;(15, 18);1;1158
0;0.0;CarryObject;(14, 8);;(15, 18);1;1159
0;0.0;CarryObject;(14, 8);;(15, 18);1;1160
0;0.0;CarryObject;(14, 8);;(15, 18);1;1161
0;0.0;CarryObject;(14, 8);;(15, 18);1;1162
0;0.0;CarryObject;(14, 8);;(15, 18);1;1163
0;0.0;CarryObject;(14, 8);;(15, 18);1;1164
0;0.0;CarryObject;(14, 8);;(15, 18);1;1165
0;0.0;CarryObject;(14, 8);;(15, 18);1;1166
0;0.0;CarryObject;(14, 8);;(15, 18);1;1167
0;0.0;CarryObject;(14, 8);;(15, 18);1;1168
0;0.0;CarryObject;(14, 8);;(15, 18);1;1169
0;0.0;CarryObject;(14, 8);;(15, 18);1;1170
0;0.0;CarryObject;(14, 8);;(15, 18);1;1171
0;0.0;CarryObject;(14, 8);;(15, 18);1;1172
0;0.0;CarryObject;(14, 8);;(15, 18);1;1173
0;0.0;CarryObject;(14, 8);;(15, 18);1;1174
0;0.0;CarryObject;(14, 8);;(15, 18);1;1175
0;0.0;CarryObject;(14, 8);;(15, 18);1;1176
0;0.0;CarryObject;(14, 8);;(15, 18);1;1177
0;0.0;CarryObject;(14, 8);;(15, 18);1;1178
0;0.0;CarryObject;(14, 8);;(15, 18);1;1179
0;0.0;CarryObject;(14, 8);;(15, 18);1;1180
0;0.0;CarryObject;(14, 8);;(15, 18);1;1181
0;0.0;CarryObject;(14, 8);;(15, 18);1;1182
0;0.0;CarryObject;(14, 8);;(15, 18);1;1183
0;0.0;CarryObject;(14, 8);;(15, 18);1;1184
0;0.0;CarryObject;(14, 8);;(15, 18);1;1185
0;0.0;CarryObject;(14, 8);;(15, 18);1;1186
0;0.0;CarryObject;(14, 8);;(15, 18);1;1187
0;0.0;CarryObject;(14, 8);;(15, 18);1;1188
0;0.0;CarryObject;(14, 8);;(15, 18);1;1189
0;0.0;CarryObject;(14, 8);;(15, 18);1;1190
0;0.0;CarryObject;(14, 8);;(15, 18);1;1191
0;0.0;CarryObject;(14, 8);;(15, 18);1;1192
0;0.0;CarryObject;(14, 8);;(15, 18);1;1193
0;0.0;CarryObject;(14, 8);;(15, 18);1;1194
0;0.0;CarryObject;(14, 8);;(15, 18);1;1195
0;0.0;CarryObject;(14, 8);;(15, 18);1;1196
0;0.0;CarryObject;(14, 8);;(15, 18);1;1197
0;0.0;CarryObject;(14, 8);;(15, 18);1;1198
0;0.0;CarryObject;(14, 8);;(15, 18);1;1199
0;0.0;CarryObject;(14, 8);;(15, 18);1;1200
0;0.0;CarryObject;(14, 8);;(15, 18);1;1201
0;0.0;CarryObject;(14, 8);;(15, 18);1;1202
0;0.0;CarryObject;(14, 8);;(15, 18);1;1203
0;0.0;CarryObject;(14, 8);;(15, 18);1;1204
0;0.0;CarryObject;(14, 8);;(15, 18);1;1205
0;0.0;CarryObject;(14, 8);;(15, 18);1;1206
0;0.0;CarryObject;(14, 8);;(15, 18);1;1207
0;0.0;CarryObject;(14, 8);;(15, 18);1;1208
0;0.0;CarryObject;(14, 8);;(15, 18);1;1209
0;0.0;CarryObject;(14, 8);;(15, 18);1;1210
0;0.0;CarryObject;(14, 8);;(15, 18);1;1211
0;0.0;CarryObject;(14, 8);;(15, 18);1;1212
0;0.0;CarryObject;(14, 8);;(15, 18);1;1213
0;0.0;CarryObject;(14, 8);;(15, 18);1;1214
0;0.0;CarryObject;(14, 8);;(15, 18);1;1215
0;0.0;CarryObject;(14, 8);;(15, 18);1;1216
0;0.0;CarryObject;(14, 8);;(15, 18);1;1217
0;0.0;CarryObject;(14, 8);;(15, 18);1;1218
0;0.0;CarryObject;(14, 8);;(15, 18);1;1219
0;0.0;CarryObject;(14, 8);;(15, 18);1;1220
0;0.0;CarryObject;(14, 8);;(15, 18);1;1221
0;0.0;CarryObject;(14, 8);;(15, 18);1;1222
0;0.0;CarryObject;(14, 8);;(15, 18);1;1223
0;0.0;CarryObject;(14, 8);;(15, 18);1;1224
0;0.0;CarryObject;(14, 8);;(15, 18);1;1225
0;0.0;CarryObject;(14, 8);;(15, 18);1;1226
0;0.0;CarryObject;(14, 8);;(15, 18);1;1227
0;0.0;CarryObject;(14, 8);;(15, 18);1;1228
0;0.0;CarryObject;(14, 8);;(15, 18);1;1229
0;0.0;CarryObject;(14, 8);;(15, 18);1;1230
0;0.0;CarryObject;(14, 8);;(15, 18);1;1231
0;0.0;CarryObject;(14, 8);;(15, 18);1;1232
0;0.0;CarryObject;(14, 8);;(15, 18);1;1233
0;0.0;CarryObject;(14, 8);;(15, 18);1;1234
0;0.0;CarryObject;(14, 8);;(15, 18);1;1235
0;0.0;CarryObject;(14, 8);;(15, 18);1;1236
0;0.0;CarryObject;(14, 8);;(15, 18);1;1237
0;0.0;CarryObject;(14, 8);;(15, 18);1;1238
0;0.0;CarryObject;(14, 8);;(15, 18);1;1239
0;0.0;CarryObject;(14, 8);;(15, 18);1;1240
0;0.0;CarryObject;(14, 8);;(15, 18);1;1241
0;0.0;CarryObject;(14, 8);;(15, 18);1;1242
0;0.0;CarryObject;(14, 8);;(15, 18);1;1243
0;0.0;CarryObject;(14, 8);;(15, 18);1;1244
0;0.0;CarryObject;(14, 8);;(15, 18);1;1245
0;0.0;CarryObject;(14, 8);;(15, 18);1;1246
0;0.0;CarryObject;(14, 8);;(15, 18);1;1247
0;0.0;CarryObject;(14, 8);;(15, 18);1;1248
0;0.0;CarryObject;(14, 8);;(15, 18);1;1249
0;0.0;CarryObject;(14, 8);;(15, 18);1;1250
0;0.0;CarryObject;(14, 8);;(15, 18);1;1251
0;0.0;CarryObject;(14, 8);;(15, 18);1;1252
0;0.0;CarryObject;(14, 8);;(15, 18);1;1253
0;0.0;CarryObject;(14, 8);;(15, 18);1;1254
0;0.0;CarryObject;(14, 8);;(15, 18);1;1255
0;0.0;CarryObject;(14, 8);;(15, 18);1;1256
0;0.0;CarryObject;(14, 8);;(15, 18);1;1257
0;0.0;CarryObject;(14, 8);;(15, 18);1;1258
0;0.0;CarryObject;(14, 8);;(15, 18);1;1259
0;0.0;CarryObject;(14, 8);;(15, 18);1;1260
0;0.0;CarryObject;(14, 8);;(15, 18);1;1261
0;0.0;MoveNorthEast;(14, 8);;(15, 18);1;1262
0;0.0;MoveNorthEast;(14, 8);;(15, 18);1;1263
0;0.0;MoveNorthEast;(14, 8);;(15, 18);1;1264
0;0.0;MoveNorthEast;(14, 8);;(15, 18);1;1265
0;0.0;MoveNorthEast;(14, 8);;(15, 18);1;1266
0;0.0;MoveNorthEast;(14, 8);;(15, 18);1;1267
0;0.0;MoveNorthEast;(14, 8);;(15, 18);1;1268
0;0.0;MoveNorthEast;(14, 8);;(15, 18);1;1269
0;0.0;MoveNorthEast;(15, 7);;(15, 18);1;1270
0;0.0;MoveNorthEast;(15, 7);;(15, 18);1;1271
0;0.0;MoveNorthEast;(15, 7);;(15, 18);1;1272
0;0.0;MoveNorthEast;(15, 7);;(15, 18);1;1273
0;0.0;MoveNorthEast;(15, 7);;(15, 18);1;1274
0;0.0;MoveNorthEast;(15, 7);;(15, 18);1;1275
0;0.0;MoveNorthEast;(15, 7);;(15, 18);1;1276
0;0.0;MoveNorthEast;(15, 7);;(15, 18);1;1277
0;0.0;MoveNorthEast;(15, 7);;(15, 18);1;1278
0;0.0;MoveNorthEast;(16, 6);;(15, 18);1;1279
0;0.0;MoveEast;(16, 6);;(15, 18);1;1280
0;0.0;MoveEast;(16, 6);;(15, 18);1;1281
0;0.0;MoveEast;(16, 6);;(15, 18);1;1282
0;0.0;MoveEast;(16, 6);;(15, 18);1;1283
0;0.0;MoveEast;(16, 6);;(15, 18);1;1284
0;0.0;MoveEast;(16, 6);;(15, 18);1;1285
0;0.0;MoveEast;(16, 6);;(15, 18);1;1286
0;0.0;MoveEast;(16, 6);;(15, 18);1;1287
0;0.0;MoveEast;(17, 6);;(15, 18);1;1288
0;0.0;MoveSouthEast;(17, 6);;(15, 18);1;1289
0;0.0;MoveSouthEast;(17, 6);;(15, 18);1;1290
0;0.0;MoveSouthEast;(17, 6);;(15, 18);1;1291
0;0.0;MoveSouthEast;(17, 6);;(15, 18);1;1292
0;0.0;MoveSouthEast;(17, 6);;(15, 18);1;1293
0;0.0;MoveSouthEast;(17, 6);;(15, 18);1;1294
0;0.0;MoveSouthEast;(17, 6);;(15, 18);1;1295
0;0.0;MoveSouthEast;(17, 6);;(15, 18);1;1296
0;0.0;MoveSouthEast;(18, 7);;(15, 18);1;1297
0;0.0;MoveSouthEast;(18, 7);;(15, 18);1;1298
0;0.0;MoveSouthEast;(18, 7);;(15, 18);1;1299
0;0.0;MoveSouthEast;(18, 7);;(15, 18);1;1300
0;0.0;MoveSouthEast;(18, 7);;(15, 18);1;1301
0;0.0;MoveSouthEast;(18, 7);;(15, 18);1;1302
0;0.0;MoveSouthEast;(18, 7);;(15, 18);1;1303
0;0.0;MoveSouthEast;(18, 7);;(15, 18);1;1304
0;0.0;MoveSouthEast;(18, 7);;(15, 18);1;1305
0;0.0;MoveSouthEast;(19, 8);;(15, 18);1;1306
0;0.0;MoveSouthEast;(19, 8);;(15, 18);1;1307
0;0.0;MoveSouthEast;(19, 8);;(15, 18);1;1308
0;0.0;MoveSouthEast;(19, 8);;(15, 18);1;1309
0;0.0;MoveSouthEast;(19, 8);;(15, 18);1;1310
0;0.0;MoveSouthEast;(19, 8);;(15, 18);1;1311
0;0.0;MoveSouthEast;(19, 8);;(15, 18);1;1312
0;0.0;MoveSouthEast;(19, 8);;(15, 18);1;1313
0;0.0;MoveSouthEast;(19, 8);;(15, 18);1;1314
0;0.0;MoveSouthEast;(19, 8);;(15, 18);1;1315
0;0.0;MoveSouthEast;(19, 8);;(15, 18);1;1316
0;0.0;MoveSouthEast;(19, 8);;(15, 18);1;1317
0;0.0;MoveSouthEast;(19, 8);;(15, 18);1;1318
0;0.0;MoveSouthEast;(19, 8);;(15, 18);1;1319
0;0.0;MoveSouthEast;(20, 9);;(15, 18);1;1320
0;0.0;MoveSouthEast;(20, 9);;(15, 18);1;1321
0;0.0;MoveSouthEast;(20, 9);;(15, 18);1;1322
0;0.0;MoveSouthEast;(20, 9);;(15, 18);1;1323
0;0.0;MoveSouthEast;(20, 9);;(15, 18);1;1324
0;0.0;MoveSouthEast;(20, 9);;(15, 18);1;1325
0;0.0;MoveSouthEast;(20, 9);;(15, 18);1;1326
0;0.0;MoveSouthEast;(20, 9);;(15, 18);1;1327
0;0.0;MoveSouthEast;(20, 9);;(15, 18);1;1328
0;0.0;MoveSouthEast;(21, 10);;(15, 18);1;1329
0;0.0;MoveSouthEast;(21, 10);;(15, 18);1;1330
0;0.0;MoveSouthEast;(21, 10);;(15, 18);1;1331
0;0.0;MoveSouthEast;(21, 10);;(15, 18);1;1332
0;0.0;MoveSouthEast;(21, 10);;(15, 18);1;1333
0;0.0;MoveSouthEast;(21, 10);;(15, 18);1;1334
0;0.0;MoveSouthEast;(21, 10);;(15, 18);1;1335
0;0.0;MoveSouthEast;(21, 10);;(15, 18);1;1336
0;0.0;MoveSouthEast;(21, 10);;(15, 18);1;1337
0;0.0;MoveSouthEast;(22, 11);;(15, 18);1;1338
0;0.0;MoveSouth;(22, 11);;(15, 18);1;1339
0;0.0;MoveSouth;(22, 11);;(15, 18);1;1340
0;0.0;MoveSouth;(22, 11);;(15, 18);1;1341
0;0.0;MoveSouth;(22, 11);;(15, 18);1;1342
0;0.0;MoveSouth;(22, 11);;(15, 18);1;1343
0;0.0;MoveSouth;(22, 11);;(15, 18);1;1344
0;0.0;MoveSouth;(22, 11);;(15, 18);1;1345
0;0.0;MoveSouth;(22, 11);;(15, 18);1;1346
0;0.0;MoveSouth;(22, 12);;(15, 18);1;1347
0;0.0;MoveSouth;(22, 12);;(15, 18);1;1348
0;0.0;MoveSouth;(22, 12);;(15, 18);1;1349
0;0.0;MoveSouth;(22, 12);;(15, 18);1;1350
0;0.0;MoveSouth;(22, 12);;(15, 18);1;1351
0;0.0;MoveSouth;(22, 12);;(15, 18);1;1352
0;0.0;MoveSouth;(22, 12);;(15, 18);1;1353
0;0.0;MoveSouth;(22, 12);;(15, 18);1;1354
0;0.0;MoveSouth;(22, 12);;(15, 18);1;1355
0;0.0;MoveSouth;(22, 13);;(15, 18);1;1356
0;0.0;MoveSouthEast;(22, 13);;(15, 18);1;1357
0;0.0;MoveSouthEast;(22, 13);;(15, 18);1;1358
0;0.0;MoveSouthEast;(22, 13);;(15, 18);1;1359
0;0.0;MoveSouthEast;(22, 13);;(15, 18);1;1360
0;0.0;MoveSouthEast;(22, 13);;(15, 18);1;1361
0;0.0;MoveSouthEast;(22, 13);;(15, 18);1;1362
0;0.0;MoveSouthEast;(22, 13);;(15, 18);1;1363
0;0.0;MoveSouthEast;(22, 13);;(15, 18);1;1364
0;0.0;MoveSouthEast;(23, 14);;(15, 18);1;1365
0;0.0;Drop;(23, 14);;(15, 18);1;1366
0;0.0;Drop;(23, 14);;(15, 18);1;1367
0;0.0;Drop;(23, 14);;(15, 18);1;1368
0;0.0;Drop;(23, 14);;(15, 18);1;1369
0;0.0;Drop;(23, 14);;(15, 18);1;1370
0;0.0;Drop;(23, 14);;(15, 18);1;1371
0;0.0;Drop;(23, 14);;(15, 18);1;1372
0;0.0;Drop;(23, 14);;(15, 18);1;1373
3;0.125;Drop;(23, 14);;(15, 18);1;1374
3;0.125;MoveSouthWest;(23, 14);;(15, 18);1;1375
3;0.125;MoveSouthWest;(23, 14);;(15, 18);1;1376
3;0.125;MoveSouthWest;(23, 14);;(15, 18);1;1377
3;0.125;MoveSouthWest;(23, 14);;(15, 18);1;1378
3;0.125;MoveSouthWest;(23, 14);;(15, 18);1;1379
3;0.125;MoveSouthWest;(23, 14);;(15, 18);1;1380
3;0.125;MoveSouthWest;(23, 14);;(15, 18);1;1381
3;0.125;MoveSouthWest;(23, 14);;(15, 18);1;1382
3;0.125;MoveSouthWest;(22, 15);;(15, 18);1;1383
3;0.125;MoveWest;(22, 15);;(15, 18);1;1384
3;0.125;MoveWest;(22, 15);;(15, 18);1;1385
3;0.125;MoveWest;(22, 15);;(15, 18);1;1386
3;0.125;MoveWest;(22, 15);;(15, 18);1;1387
3;0.125;MoveWest;(22, 15);;(15, 18);1;1388
3;0.125;MoveWest;(22, 15);;(15, 18);1;1389
3;0.125;MoveWest;(22, 15);;(15, 18);1;1390
3;0.125;MoveWest;(22, 15);;(15, 18);1;1391
3;0.125;MoveWest;(21, 15);;(15, 18);1;1392
3;0.125;MoveSouthWest;(21, 15);;(15, 18);1;1393
3;0.125;MoveSouthWest;(21, 15);;(15, 18);1;1394
3;0.125;MoveSouthWest;(21, 15);;(15, 18);1;1395
3;0.125;MoveSouthWest;(21, 15);;(15, 18);1;1396
3;0.125;MoveSouthWest;(21, 15);;(15, 18);1;1397
3;0.125;MoveSouthWest;(21, 15);;(15, 18);1;1398
3;0.125;MoveSouthWest;(21, 15);;(15, 18);1;1399
3;0.125;MoveSouthWest;(21, 15);;(15, 18);1;1400
3;0.125;MoveSouthWest;(20, 16);;(15, 18);1;1401
3;0.125;MoveWest;(20, 16);MoveNorth;(15, 17);1;1402
3;0.125;MoveWest;(20, 16);;(15, 17);1;1403
3;0.125;MoveWest;(20, 16);;(15, 17);1;1404
3;0.125;MoveWest;(20, 16);;(15, 17);1;1405
3;0.125;MoveWest;(20, 16);;(15, 17);1;1406
3;0.125;MoveWest;(20, 16);;(15, 17);1;1407
3;0.125;MoveWest;(20, 16);;(15, 17);1;1408
3;0.125;MoveWest;(20, 16);;(15, 17);1;1409
3;0.125;MoveWest;(19, 16);;(15, 17);1;1410
3;0.125;MoveSouthWest;(19, 16);;(15, 17);1;1411
3;0.125;MoveSouthWest;(19, 16);;(15, 17);1;1412
3;0.125;MoveSouthWest;(19, 16);MoveNorth;(15, 16);1;1413
3;0.125;MoveSouthWest;(19, 16);;(15, 16);1;1414
3;0.125;MoveSouthWest;(19, 16);;(15, 16);1;1415
3;0.125;MoveSouthWest;(19, 16);;(15, 16);1;1416
3;0.125;MoveSouthWest;(19, 16);;(15, 16);1;1417
3;0.125;MoveSouthWest;(19, 16);;(15, 16);1;1418
3;0.125;MoveSouthWest;(18, 17);;(15, 16);1;1419
3;0.125;MoveWest;(18, 17);;(15, 16);1;1420
3;0.125;MoveWest;(18, 17);MoveNorth;(15, 15);1;1421
3;0.125;MoveWest;(18, 17);;(15, 15);1;1422
3;0.125;MoveWest;(18, 17);;(15, 15);1;1423
3;0.125;MoveWest;(18, 17);;(15, 15);1;1424
3;0.125;MoveWest;(18, 17);;(15, 15);1;1425
3;0.125;MoveWest;(18, 17);;(15, 15);1;1426
3;0.125;MoveWest;(18, 17);MoveNorth;(15, 14);1;1427
3;0.125;MoveWest;(18, 17);;(15, 14);1;1428
3;0.125;MoveWest;(18, 17);;(15, 14);1;1429
3;0.125;MoveWest;(18, 17);;(15, 14);1;1430
3;0.125;MoveWest;(18, 17);;(15, 14);1;1431
3;0.125;MoveWest;(18, 17);;(15, 14);1;1432
3;0.125;MoveWest;(17, 17);;(15, 14);1;1433
3;0.125;MoveWest;(17, 17);;(15, 14);1;1434
3;0.125;MoveWest;(17, 17);;(15, 14);1;1435
3;0.125;MoveWest;(17, 17);;(15, 14);1;1436
3;0.125;MoveWest;(17, 17);;(15, 14);1;1437
3;0.125;MoveWest;(17, 17);MoveSouth;(15, 15);1;1438
3;0.125;MoveWest;(17, 17);;(15, 15);1;1439
3;0.125;MoveWest;(17, 17);;(15, 15);1;1440
3;0.125;MoveWest;(17, 17);;(15, 15);1;1441
3;0.125;MoveWest;(17, 17);;(15, 15);1;1442
3;0.125;MoveWest;(17, 17);;(15, 15);1;1443
3;0.125;MoveWest;(17, 17);;(15, 15);1;1444
3;0.125;MoveWest;(17, 17);;(15, 15);1;1445
3;0.125;MoveWest;(17, 17);;(15, 15);1;1446
3;0.125;MoveWest;(16, 17);;(15, 15);1;1447
3;0.125;MoveSouthWest;(16, 17);;(15, 15);1;1448
3;0.125;MoveSouthWest;(16, 17);;(15, 15);1;1449
3;0.125;MoveSouthWest;(16, 17);;(15, 15);1;1450
3;0.125;MoveSouthWest;(16, 17);;(15, 15);1;1451
3;0.125;MoveSouthWest;(16, 17);;(15, 15);1;1452
3;0.125;MoveSouthWest;(16, 17);;(15, 15);1;1453
3;0.125;MoveSouthWest;(16, 17);;(15, 15);1;1454
3;0.125;MoveSouthWest;(16, 17);;(15, 15);1;1455
3;0.125;MoveSouthWest;(16, 17);;(15, 15);1;1456
3;0.125;MoveSouthWest;(16, 17);;(15, 15);1;1457
3;0.125;MoveSouthWest;(16, 17);;(15, 15);1;1458
3;0.125;MoveSouthWest;(16, 17);;(15, 15);1;1459
3;0.125;MoveSouthWest;(16, 17);;(15, 15);1;1460
3;0.125;MoveSouthWest;(15, 18);;(15, 15);1;1461
3;0.125;RemoveObject;(15, 18);;(15, 15);1;1462
3;0.125;RemoveObject;(15, 18);;(15, 15);1;1463
3;0.125;RemoveObject;(15, 18);;(15, 15);1;1464
3;0.125;RemoveObject;(15, 18);;(15, 15);1;1465
3;0.125;RemoveObject;(15, 18);;(15, 15);1;1466
3;0.125;RemoveObject;(15, 18);;(15, 15);1;1467
3;0.125;RemoveObject;(15, 18);;(15, 15);1;1468
3;0.125;RemoveObject;(15, 18);;(15, 15);1;1469
3;0.125;RemoveObject;(15, 18);MoveSouth;(15, 16);1;1470
3;0.125;RemoveObject;(15, 18);;(15, 16);1;1471
3;0.125;RemoveObject;(15, 18);;(15, 16);1;1472
3;0.125;RemoveObject;(15, 18);;(15, 16);1;1473
3;0.125;RemoveObject;(15, 18);;(15, 16);1;1474
3;0.125;RemoveObject;(15, 18);;(15, 16);1;1475
3;0.125;RemoveObject;(15, 18);;(15, 16);1;1476
3;0.125;RemoveObject;(15, 18);;(15, 16);1;1477
3;0.125;RemoveObject;(15, 18);;(15, 16);1;1478
3;0.125;RemoveObject;(15, 18);;(15, 16);1;1479
3;0.125;RemoveObject;(15, 18);;(15, 16);1;1480
3;0.125;RemoveObject;(15, 18);;(15, 16);1;1481
3;0.125;RemoveObject;(15, 18);;(15, 16);1;1482
3;0.125;RemoveObject;(15, 18);;(15, 16);1;1483
3;0.125;RemoveObject;(15, 18);;(15, 16);1;1484
3;0.125;RemoveObject;(15, 18);;(15, 16);1;1485
3;0.125;RemoveObject;(15, 18);;(15, 16);1;1486
3;0.125;RemoveObject;(15, 18);;(15, 16);1;1487
3;0.125;RemoveObject;(15, 18);MoveSouth;(15, 17);1;1488
3;0.125;RemoveObject;(15, 18);;(15, 17);1;1489
3;0.125;RemoveObject;(15, 18);;(15, 17);1;1490
3;0.125;RemoveObject;(15, 18);;(15, 17);1;1491
3;0.125;RemoveObject;(15, 18);;(15, 17);1;1492
3;0.125;RemoveObject;(15, 18);;(15, 17);1;1493
3;0.125;RemoveObject;(15, 18);;(15, 17);1;1494
3;0.125;RemoveObject;(15, 18);;(15, 17);1;1495
3;0.125;RemoveObject;(15, 18);;(15, 17);1;1496
3;0.125;RemoveObject;(15, 18);;(15, 17);1;1497
3;0.125;RemoveObject;(15, 18);;(15, 17);1;1498
3;0.125;RemoveObject;(15, 18);;(15, 17);1;1499
3;0.125;RemoveObject;(15, 18);MoveWest;(14, 17);1;1500
3;0.125;RemoveObject;(15, 18);;(14, 17);1;1501
3;0.125;RemoveObject;(15, 18);;(14, 17);1;1502
3;0.125;RemoveObject;(15, 18);;(14, 17);1;1503
3;0.125;RemoveObject;(15, 18);;(14, 17);1;1504
3;0.125;RemoveObject;(15, 18);;(14, 17);1;1505
3;0.125;RemoveObject;(15, 18);;(14, 17);1;1506
3;0.125;RemoveObject;(15, 18);;(14, 17);1;1507
3;0.125;RemoveObject;(15, 18);MoveSouth;(14, 17);1;1508
3;0.125;RemoveObject;(15, 18);MoveSouth;(14, 17);1;1509
3;0.125;RemoveObject;(15, 18);MoveSouth;(14, 17);1;1510
3;0.125;RemoveObject;(15, 18);MoveSouth;(14, 17);1;1511
3;0.125;RemoveObject;(15, 18);MoveSouth;(14, 17);1;1512
3;0.125;RemoveObject;(15, 18);MoveSouth;(14, 18);1;1513
3;0.125;RemoveObject;(15, 18);MoveEast;(14, 18);1;1514
3;0.125;RemoveObject;(15, 18);MoveEast;(14, 18);1;1515
3;0.125;RemoveObject;(15, 18);MoveEast;(14, 18);1;1516
3;0.125;RemoveObject;(15, 18);MoveEast;(14, 18);1;1517
3;0.125;RemoveObject;(15, 18);MoveEast;(14, 18);1;1518
3;0.125;RemoveObject;(15, 18);MoveEast;(15, 18);1;1519
3;0.125;RemoveObject;(15, 18);;(15, 18);1;1520
3;0.125;RemoveObject;(15, 18);;(15, 18);1;1521
3;0.125;RemoveObject;(15, 18);;(15, 18);1;1522
3;0.125;RemoveObject;(15, 18);;(15, 18);1;1523
3;0.125;RemoveObject;(15, 18);;(15, 18);1;1524
3;0.125;RemoveObject;(15, 18);;(15, 18);1;1525
3;0.125;RemoveObject;(15, 18);;(15, 18);1;1526
3;0.125;RemoveObject;(15, 18);;(15, 18);1;1527
3;0.125;RemoveObject;(15, 18);;(15, 18);1;1528
3;0.125;RemoveObject;(15, 18);;(15, 18);1;1529
3;0.125;RemoveObject;(15, 18);;(15, 18);1;1530
3;0.125;RemoveObject;(15, 18);MoveWest;(14, 18);1;1531
3;0.125;RemoveObject;(15, 18);;(14, 18);1;1532
3;0.125;RemoveObject;(15, 18);;(14, 18);1;1533
3;0.125;RemoveObject;(15, 18);MoveWest;(14, 18);1;1534
3;0.125;RemoveObject;(15, 18);MoveWest;(14, 18);1;1535
3;0.125;RemoveObject;(15, 18);MoveWest;(14, 18);1;1536
3;0.125;RemoveObject;(15, 18);MoveWest;(14, 18);1;1537
3;0.125;RemoveObject;(15, 18);MoveWest;(14, 18);1;1538
3;0.125;RemoveObject;(15, 18);MoveWest;(13, 18);1;1539
3;0.125;RemoveObject;(15, 18);MoveWest;(13, 18);1;1540
3;0.125;RemoveObject;(15, 18);MoveWest;(13, 18);1;1541
3;0.125;RemoveObject;(15, 18);MoveWest;(13, 18);1;1542
3;0.125;RemoveObject;(15, 18);MoveWest;(13, 18);1;1543
3;0.125;RemoveObject;(15, 18);MoveWest;(13, 18);1;1544
3;0.125;RemoveObject;(15, 18);MoveWest;(12, 18);1;1545
3;0.125;RemoveObject;(15, 18);MoveWest;(12, 18);1;1546
3;0.125;RemoveObject;(15, 18);MoveWest;(12, 18);1;1547
3;0.125;RemoveObject;(15, 18);MoveWest;(12, 18);1;1548
3;0.125;RemoveObject;(15, 18);MoveWest;(12, 18);1;1549
3;0.125;RemoveObject;(15, 18);MoveWest;(12, 18);1;1550
3;0.125;RemoveObject;(15, 18);MoveWest;(11, 18);1;1551
3;0.125;RemoveObject;(15, 18);MoveWest;(11, 18);1;1552
3;0.125;RemoveObject;(15, 18);MoveWest;(11, 18);1;1553
3;0.125;RemoveObject;(15, 18);MoveWest;(11, 18);1;1554
3;0.125;RemoveObject;(15, 18);MoveWest;(11, 18);1;1555
3;0.125;RemoveObject;(15, 18);MoveWest;(11, 18);1;1556
3;0.125;RemoveObject;(15, 18);MoveWest;(10, 18);1;1557
3;0.125;RemoveObject;(15, 18);;(10, 18);1;1558
3;0.125;RemoveObject;(15, 18);;(10, 18);1;1559
3;0.125;RemoveObject;(15, 18);;(10, 18);1;1560
3;0.125;RemoveObject;(15, 18);;(10, 18);1;1561
3;0.125;RemoveObject;(15, 18);;(10, 18);1;1562
3;0.125;MoveSouth;(15, 18);;(10, 18);1;1563
3;0.125;MoveSouth;(15, 18);;(10, 18);1;1564
3;0.125;MoveSouth;(15, 18);MoveWest;(10, 18);1;1565
3;0.125;MoveSouth;(15, 18);MoveWest;(10, 18);1;1566
3;0.125;MoveSouth;(15, 18);MoveWest;(10, 18);1;1567
3;0.125;MoveSouth;(15, 18);MoveWest;(10, 18);1;1568
3;0.125;MoveSouth;(15, 18);MoveWest;(10, 18);1;1569
3;0.125;MoveSouth;(15, 18);MoveWest;(9, 18);1;1570
3;0.125;MoveSouth;(15, 19);;(9, 18);1;1571
3;0.125;MoveSouthWest;(15, 19);;(9, 18);1;1572
3;0.125;MoveSouthWest;(15, 19);;(9, 18);1;1573
3;0.125;MoveSouthWest;(15, 19);;(9, 18);1;1574
3;0.125;MoveSouthWest;(15, 19);;(9, 18);1;1575
3;0.125;MoveSouthWest;(15, 19);;(9, 18);1;1576
3;0.125;MoveSouthWest;(15, 19);;(9, 18);1;1577
3;0.125;MoveSouthWest;(15, 19);;(9, 18);1;1578
3;0.125;MoveSouthWest;(15, 19);MoveNorth;(9, 17);1;1579
3;0.125;MoveSouthWest;(14, 20);;(9, 17);1;1580
3;0.125;MoveSouthEast;(14, 20);;(9, 17);1;1581
3;0.125;MoveSouthEast;(14, 20);;(9, 17);1;1582
3;0.125;MoveSouthEast;(14, 20);;(9, 17);1;1583
3;0.125;MoveSouthEast;(14, 20);;(9, 17);1;1584
3;0.125;MoveSouthEast;(14, 20);;(9, 17);1;1585
3;0.125;MoveSouthEast;(14, 20);;(9, 17);1;1586
3;0.125;MoveSouthEast;(14, 20);;(9, 17);1;1587
3;0.125;MoveSouthEast;(14, 20);;(9, 17);1;1588
3;0.125;MoveSouthEast;(15, 21);;(9, 17);1;1589
3;0.125;MoveNorthEast;(15, 21);;(9, 17);1;1590
3;0.125;MoveNorthEast;(15, 21);MoveNorth;(9, 17);1;1591
3;0.125;MoveNorthEast;(15, 21);;(9, 17);1;1592
3;0.125;MoveNorthEast;(15, 21);;(9, 17);1;1593
3;0.125;MoveNorthEast;(15, 21);;(9, 17);1;1594
3;0.125;MoveNorthEast;(15, 21);;(9, 17);1;1595
3;0.125;MoveNorthEast;(15, 21);;(9, 17);1;1596
3;0.125;MoveNorthEast;(15, 21);;(9, 17);1;1597
3;0.125;MoveNorthEast;(16, 20);;(9, 17);1;1598
3;0.125;;(16, 20);;(9, 17);1;1599
3;0.125;;(16, 20);;(9, 17);1;1600
3;0.125;;(16, 20);;(9, 17);1;1601
3;0.125;;(16, 20);;(9, 17);1;1602
3;0.125;;(16, 20);;(9, 17);1;1603
3;0.125;;(16, 20);;(9, 17);1;1604
3;0.125;;(16, 20);;(9, 17);1;1605
3;0.125;;(16, 20);;(9, 17);1;1606
3;0.125;;(16, 20);;(9, 17);1;1607
3;0.125;;(16, 20);;(9, 17);1;1608
3;0.125;;(16, 20);;(9, 17);1;1609
3;0.125;;(16, 20);;(9, 17);1;1610
3;0.125;;(16, 20);;(9, 17);1;1611
3;0.125;;(16, 20);;(9, 17);1;1612
3;0.125;;(16, 20);;(9, 17);1;1613
3;0.125;;(16, 20);;(9, 17);1;1614
3;0.125;;(16, 20);;(9, 17);1;1615
3;0.125;;(16, 20);;(9, 17);1;1616
3;0.125;;(16, 20);;(9, 17);1;1617
3;0.125;;(16, 20);;(9, 17);1;1618
3;0.125;;(16, 20);;(9, 17);1;1619
3;0.125;;(16, 20);;(9, 17);1;1620
3;0.125;;(16, 20);;(9, 17);1;1621
3;0.125;;(16, 20);;(9, 17);1;1622
3;0.125;;(16, 20);;(9, 17);1;1623
3;0.125;;(16, 20);;(9, 17);1;1624
3;0.125;;(16, 20);;(9, 17);1;1625
3;0.125;;(16, 20);;(9, 17);1;1626
3;0.125;;(16, 20);;(9, 17);1;1627
3;0.125;;(16, 20);;(9, 17);1;1628
3;0.125;;(16, 20);;(9, 17);1;1629
3;0.125;;(16, 20);;(9, 17);1;1630
3;0.125;;(16, 20);;(9, 17);1;1631
3;0.125;;(16, 20);;(9, 17);1;1632
3;0.125;;(16, 20);;(9, 17);1;1633
3;0.125;;(16, 20);;(9, 17);1;1634
3;0.125;;(16, 20);;(9, 17);1;1635
3;0.125;;(16, 20);;(9, 17);1;1636
3;0.125;;(16, 20);;(9, 17);1;1637
3;0.125;;(16, 20);;(9, 17);1;1638
3;0.125;Idle;(16, 20);;(9, 17);1;1639
3;0.125;Idle;(16, 20);;(9, 17);1;1640
3;0.125;Idle;(16, 20);;(9, 17);1;1641
3;0.125;Idle;(16, 20);;(9, 17);1;1642
3;0.125;Idle;(16, 20);;(9, 17);1;1643
3;0.125;Idle;(16, 20);;(9, 17);1;1644
3;0.125;Idle;(16, 20);;(9, 17);1;1645
3;0.125;Idle;(16, 20);;(9, 17);1;1646
3;0.125;Idle;(16, 20);;(9, 17);1;1647
3;0.125;Idle;(16, 20);;(9, 17);1;1648
3;0.125;Idle;(16, 20);MoveSouth;(9, 18);1;1649
3;0.125;Idle;(16, 20);;(9, 18);1;1650
3;0.125;Idle;(16, 20);;(9, 18);1;1651
3;0.125;Idle;(16, 20);;(9, 18);1;1652
3;0.125;Idle;(16, 20);MoveEast;(10, 18);1;1653
3;0.125;Idle;(16, 20);;(10, 18);1;1654
3;0.125;Idle;(16, 20);MoveEast;(10, 18);1;1655
3;0.125;Idle;(16, 20);MoveEast;(10, 18);1;1656
3;0.125;Idle;(16, 20);MoveEast;(10, 18);1;1657
3;0.125;Idle;(16, 20);MoveEast;(10, 18);1;1658
3;0.125;Idle;(16, 20);MoveEast;(10, 18);1;1659
3;0.125;Idle;(16, 20);MoveEast;(11, 18);1;1660
3;0.125;Idle;(16, 20);MoveEast;(11, 18);1;1661
3;0.125;Idle;(16, 20);MoveEast;(11, 18);1;1662
3;0.125;Idle;(16, 20);MoveEast;(11, 18);1;1663
3;0.125;Idle;(16, 20);MoveEast;(11, 18);1;1664
3;0.125;MoveWest;(16, 20);MoveEast;(11, 18);1;1665
3;0.125;MoveWest;(16, 20);MoveEast;(12, 18);1;1666
3;0.125;MoveWest;(16, 20);MoveEast;(12, 18);1;1667
3;0.125;MoveWest;(16, 20);MoveEast;(12, 18);1;1668
3;0.125;MoveWest;(16, 20);MoveEast;(12, 18);1;1669
3;0.125;MoveWest;(16, 20);MoveEast;(12, 18);1;1670
3;0.125;MoveWest;(16, 20);MoveEast;(12, 18);1;1671
3;0.125;MoveWest;(16, 20);MoveEast;(13, 18);1;1672
3;0.125;MoveWest;(15, 20);MoveEast;(13, 18);1;1673
3;0.125;MoveWest;(15, 20);MoveEast;(13, 18);1;1674
3;0.125;MoveWest;(15, 20);MoveEast;(13, 18);1;1675
3;0.125;MoveWest;(15, 20);MoveEast;(13, 18);1;1676
3;0.125;MoveWest;(15, 20);MoveEast;(13, 18);1;1677
3;0.125;MoveWest;(15, 20);MoveEast;(14, 18);1;1678
3;0.125;MoveWest;(15, 20);MoveEast;(14, 18);1;1679
3;0.125;MoveWest;(15, 20);MoveEast;(14, 18);1;1680
3;0.125;MoveWest;(15, 20);MoveEast;(14, 18);1;1681
3;0.125;MoveWest;(14, 20);MoveEast;(14, 18);1;1682
3;0.125;;(14, 20);MoveEast;(14, 18);1;1683
3;0.125;;(14, 20);MoveEast;(15, 18);1;1684
3;0.125;;(14, 20);MoveEast;(16, 18);1;1685
3;0.125;;(14, 20);;(16, 18);1;1686
3;0.125;;(14, 20);;(16, 18);1;1687
3;0.125;;(14, 20);;(16, 18);1;1688
3;0.125;;(14, 20);;(16, 18);1;1689
3;0.125;;(14, 20);;(16, 18);1;1690
3;0.125;;(14, 20);;(16, 18);1;1691
3;0.125;;(14, 20);MoveSouth;(16, 18);1;1692
3;0.125;;(14, 20);;(16, 18);1;1693
3;0.125;;(14, 20);MoveWest;(15, 18);1;1694
3;0.125;;(14, 20);;(15, 18);1;1695
3;0.125;;(14, 20);;(15, 18);1;1696
3;0.125;;(14, 20);;(15, 18);1;1697
3;0.125;;(14, 20);;(15, 18);1;1698
3;0.125;;(14, 20);;(15, 18);1;1699
3;0.125;;(14, 20);;(15, 18);1;1700
3;0.125;;(14, 20);;(15, 18);1;1701
3;0.125;;(14, 20);;(15, 18);1;1702
3;0.125;;(14, 20);;(15, 18);1;1703
3;0.125;;(14, 20);;(15, 18);1;1704
3;0.125;;(14, 20);MoveSouth;(15, 19);1;1705
3;0.125;;(14, 20);MoveSouth;(15, 20);1;1706
3;0.125;;(14, 20);MoveSouth;(15, 21);1;1707
3;0.125;;(14, 20);;(15, 21);1;1708
3;0.125;;(14, 20);;(15, 21);1;1709
3;0.125;;(14, 20);;(15, 21);1;1710
3;0.125;;(14, 20);;(15, 21);1;1711
3;0.125;;(14, 20);;(15, 21);1;1712
3;0.125;;(14, 20);;(15, 21);1;1713
3;0.125;;(14, 20);;(15, 21);1;1714
3;0.125;;(14, 20);;(15, 21);1;1715
3;0.125;;(14, 20);;(15, 21);1;1716
3;0.125;;(14, 20);MoveNorth;(15, 20);1;1717
3;0.125;;(14, 20);;(15, 20);1;1718
3;0.125;;(14, 20);;(15, 20);1;1719
3;0.125;;(14, 20);;(15, 20);1;1720
3;0.125;;(14, 20);;(15, 20);1;1721
3;0.125;;(14, 20);;(15, 20);1;1722
3;0.125;;(14, 20);;(15, 20);1;1723
3;0.125;;(14, 20);MoveWest;(14, 20);1;1724
3;0.125;;(14, 20);;(14, 20);1;1725
3;0.125;;(14, 20);;(14, 20);1;1726
3;0.125;;(14, 20);;(14, 20);1;1727
3;0.125;;(14, 20);;(14, 20);1;1728
3;0.125;;(14, 20);;(14, 20);1;1729
3;0.125;;(14, 20);;(14, 20);1;1730
3;0.125;;(14, 20);;(14, 20);1;1731
3;0.125;;(14, 20);;(14, 20);1;1732
3;0.125;;(14, 20);;(14, 20);1;1733
3;0.125;;(14, 20);;(14, 20);1;1734
3;0.125;;(14, 20);;(14, 20);1;1735
3;0.125;;(14, 20);;(14, 20);1;1736
3;0.125;;(14, 20);;(14, 20);1;1737
3;0.125;;(14, 20);;(14, 20);1;1738
3;0.125;;(14, 20);;(14, 20);1;1739
3;0.125;;(14, 20);;(14, 20);1;1740
3;0.125;;(14, 20);;(14, 20);1;1741
3;0.125;;(14, 20);;(14, 20);1;1742
3;0.125;;(14, 20);;(14, 20);1;1743
3;0.125;;(14, 20);;(14, 20);1;1744
3;0.125;;(14, 20);;(14, 20);1;1745
3;0.125;;(14, 20);;(14, 20);1;1746
3;0.125;;(14, 20);;(14, 20);1;1747
3;0.125;;(14, 20);;(14, 20);1;1748
3;0.125;;(14, 20);;(14, 20);1;1749
3;0.125;;(14, 20);;(14, 20);1;1750
3;0.125;;(14, 20);;(14, 20);1;1751
3;0.125;;(14, 20);;(14, 20);1;1752
3;0.125;;(14, 20);;(14, 20);1;1753
3;0.125;;(14, 20);;(14, 20);1;1754
3;0.125;;(14, 20);;(14, 20);1;1755
3;0.125;;(14, 20);;(14, 20);1;1756
3;0.125;;(14, 20);;(14, 20);1;1757
3;0.125;;(14, 20);;(14, 20);1;1758
3;0.125;;(14, 20);;(14, 20);1;1759
3;0.125;;(14, 20);CarryObjectTogether;(14, 20);1;1760
3;0.125;;(14, 20);;(14, 20);1;1761
3;0.125;;(14, 20);;(14, 20);1;1762
3;0.125;;(14, 20);;(14, 20);1;1763
3;0.125;;(14, 20);;(14, 20);1;1764
3;0.125;;(14, 20);;(14, 20);1;1765
3;0.125;;(14, 20);;(14, 20);1;1766
3;0.125;;(14, 20);;(14, 20);1;1767
3;0.125;;(14, 20);;(14, 20);1;1768
3;0.125;;(14, 20);MoveEast;(15, 20);1;1769
3;0.125;;(14, 20);;(15, 20);1;1770
3;0.125;;(14, 20);;(15, 20);1;1771
3;0.125;;(14, 20);;(15, 20);1;1772
3;0.125;;(14, 20);MoveNorth;(15, 19);1;1773
3;0.125;;(14, 20);;(15, 19);1;1774
3;0.125;;(14, 20);;(15, 19);1;1775
3;0.125;;(14, 20);;(15, 19);1;1776
3;0.125;;(14, 20);;(15, 19);1;1777
3;0.125;;(14, 20);;(15, 19);1;1778
3;0.125;;(14, 20);;(15, 19);1;1779
3;0.125;;(14, 20);;(15, 19);1;1780
3;0.125;;(14, 20);;(15, 19);1;1781
3;0.125;;(14, 20);;(15, 19);1;1782
3;0.125;;(14, 20);MoveNorth;(15, 18);1;1783
3;0.125;;(14, 20);;(15, 18);1;1784
3;0.125;;(14, 20);;(15, 18);1;1785
3;0.125;;(14, 20);;(15, 18);1;1786
3;0.125;;(14, 20);;(15, 18);1;1787
3;0.125;;(14, 20);;(15, 18);1;1788
3;0.125;;(14, 20);;(15, 18);1;1789
3;0.125;;(14, 20);;(15, 18);1;1790
3;0.125;;(14, 20);;(15, 18);1;1791
3;0.125;;(14, 20);MoveEast;(16, 18);1;1792
3;0.125;;(14, 20);;(16, 18);1;1793
3;0.125;;(14, 20);MoveEast;(17, 18);1;1794
3;0.125;;(14, 20);;(17, 18);1;1795
3;0.125;;(14, 20);MoveEast;(18, 18);1;1796
3;0.125;;(14, 20);;(18, 18);1;1797
3;0.125;;(14, 20);;(18, 18);1;1798
3;0.125;;(14, 20);MoveEast;(19, 18);1;1799
3;0.125;;(14, 20);;(19, 18);1;1800
3;0.125;;(14, 20);MoveEast;(20, 18);1;1801
3;0.125;;(14, 20);;(20, 18);1;1802
3;0.125;;(14, 20);MoveEast;(20, 18);1;1803
3;0.125;;(14, 20);MoveEast;(20, 18);1;1804
3;0.125;;(14, 20);MoveEast;(20, 18);1;1805
3;0.125;;(14, 20);MoveEast;(20, 18);1;1806
3;0.125;;(14, 20);MoveEast;(20, 18);1;1807
3;0.125;;(14, 20);MoveEast;(21, 18);1;1808
3;0.125;;(14, 20);MoveEast;(22, 18);1;1809
3;0.125;;(14, 20);;(22, 18);1;1810
3;0.125;;(14, 20);;(22, 18);1;1811
3;0.125;;(14, 20);;(22, 18);1;1812
3;0.125;;(14, 20);;(22, 18);1;1813
3;0.125;;(14, 20);MoveEast;(23, 18);1;1814
3;0.125;;(14, 20);;(23, 18);1;1815
3;0.125;;(14, 20);;(23, 18);1;1816
3;0.125;;(14, 20);;(23, 18);1;1817
3;0.125;;(14, 20);;(23, 18);1;1818
3;0.125;;(14, 20);;(23, 18);1;1819
3;0.125;;(14, 20);MoveEast;(23, 18);1;1820
3;0.125;;(14, 20);;(23, 18);1;1821
3;0.125;;(14, 20);;(23, 18);1;1822
3;0.125;;(14, 20);;(23, 18);1;1823
3;0.125;;(14, 20);MoveNorth;(23, 17);1;1824
3;0.125;;(14, 20);MoveNorth;(23, 16);1;1825
3;0.125;;(14, 20);;(23, 16);1;1826
3;0.125;;(14, 20);;(23, 16);1;1827
3;0.125;;(14, 20);MoveNorth;(23, 15);1;1828
3;0.125;;(14, 20);;(23, 15);1;1829
3;0.125;;(14, 20);MoveNorth;(23, 14);1;1830
3;0.125;;(14, 20);;(23, 14);1;1831
3;0.125;;(14, 20);MoveNorth;(23, 13);1;1832
3;0.125;;(14, 20);;(23, 13);1;1833
3;0.125;;(14, 20);MoveNorth;(23, 12);1;1834
3;0.125;;(14, 20);;(23, 12);1;1835
3;0.125;;(14, 20);;(23, 12);1;1836
3;0.125;;(14, 20);;(23, 12);1;1837
3;0.125;;(14, 20);;(23, 12);1;1838
3;0.125;;(14, 20);;(23, 12);1;1839
3;0.125;;(14, 20);;(23, 12);1;1840
3;0.125;;(14, 20);;(23, 12);1;1841
3;0.125;;(14, 20);;(23, 12);1;1842
3;0.125;;(14, 20);MoveSouth;(23, 13);1;1843
3;0.125;;(14, 20);;(23, 13);1;1844
3;0.125;;(14, 20);;(23, 13);1;1845
3;0.125;;(14, 20);;(23, 13);1;1846
3;0.125;;(14, 20);;(23, 13);1;1847
3;0.125;;(14, 20);;(23, 13);1;1848
3;0.125;;(14, 20);;(23, 13);1;1849
3;0.125;;(14, 20);;(23, 13);1;1850
3;0.125;;(14, 20);;(23, 13);1;1851
3;0.125;;(14, 20);;(23, 13);1;1852
3;0.125;;(14, 20);;(23, 13);1;1853
3;0.125;;(14, 20);;(23, 13);1;1854
3;0.125;;(14, 20);;(23, 13);1;1855
3;0.125;;(14, 20);;(23, 13);1;1856
3;0.125;;(14, 20);;(23, 13);1;1857
3;0.125;;(14, 20);;(23, 13);1;1858
3;0.125;;(14, 20);;(23, 13);1;1859
3;0.125;;(14, 20);;(23, 13);1;1860
3;0.125;;(14, 20);;(23, 13);1;1861
3;0.125;;(14, 20);;(23, 13);1;1862
3;0.125;;(14, 20);;(23, 13);1;1863
3;0.125;;(14, 20);;(23, 13);1;1864
3;0.125;;(14, 20);;(23, 13);1;1865
3;0.125;;(14, 20);;(23, 13);1;1866
3;0.125;;(14, 20);;(23, 13);1;1867
3;0.125;;(14, 20);;(23, 13);1;1868
3;0.125;;(14, 20);;(23, 13);1;1869
3;0.125;;(14, 20);;(23, 13);1;1870
3;0.125;;(14, 20);;(23, 13);1;1871
3;0.125;;(14, 20);;(23, 13);1;1872
3;0.125;;(14, 20);;(23, 13);1;1873
3;0.125;;(14, 20);;(23, 13);1;1874
3;0.125;;(14, 20);;(23, 13);1;1875
3;0.125;;(14, 20);;(23, 13);1;1876
3;0.125;;(14, 20);;(23, 13);1;1877
3;0.125;;(14, 20);;(23, 13);1;1878
3;0.125;;(14, 20);;(23, 13);1;1879
3;0.125;;(14, 20);;(23, 13);1;1880
3;0.125;;(14, 20);;(23, 13);1;1881
3;0.125;;(14, 20);;(23, 13);1;1882
3;0.125;;(14, 20);;(23, 13);1;1883
3;0.125;;(14, 20);;(23, 13);1;1884
3;0.125;;(14, 20);;(23, 13);1;1885
3;0.125;;(14, 20);;(23, 13);1;1886
3;0.125;;(14, 20);Drop;(23, 13);1;1887
3;0.125;;(14, 20);;(23, 13);1;1888
3;0.125;;(14, 20);;(23, 13);1;1889
3;0.125;;(14, 20);;(23, 13);1;1890
3;0.125;;(14, 20);;(23, 13);1;1891
3;0.125;;(14, 20);;(23, 13);1;1892
3;0.125;;(14, 20);;(23, 13);1;1893
3;0.125;;(14, 20);;(23, 13);1;1894
3;0.125;;(14, 20);;(23, 13);1;1895
3;0.125;;(14, 20);;(23, 13);1;1896
3;0.125;;(14, 20);;(23, 13);1;1897
3;0.125;;(14, 20);;(23, 13);1;1898
3;0.125;;(14, 20);;(23, 13);1;1899
3;0.125;;(14, 20);;(23, 13);1;1900
3;0.125;;(14, 20);;(23, 13);1;1901
3;0.125;;(14, 20);;(23, 13);1;1902
3;0.125;;(14, 20);;(23, 13);1;1903
3;0.125;;(14, 20);;(23, 13);1;1904
3;0.125;;(14, 20);;(23, 13);1;1905
3;0.125;;(14, 20);;(23, 13);1;1906
3;0.125;;(14, 20);;(23, 13);1;1907
3;0.125;;(14, 20);;(23, 13);1;1908
3;0.125;;(14, 20);;(23, 13);1;1909
3;0.125;;(14, 20);;(23, 13);1;1910
3;0.125;;(14, 20);;(23, 13);1;1911
3;0.125;;(14, 20);;(23, 13);1;1912
3;0.125;;(14, 20);;(23, 13);1;1913
3;0.125;;(14, 20);;(23, 13);1;1914
3;0.125;;(14, 20);;(23, 13);1;1915
3;0.125;;(14, 20);;(23, 13);1;1916
3;0.125;;(14, 20);;(23, 13);1;1917
3;0.125;;(14, 20);;(23, 13);1;1918
3;0.125;;(14, 20);;(23, 13);1;1919
3;0.125;;(14, 20);;(23, 13);1;1920
3;0.125;;(14, 20);;(23, 13);1;1921
3;0.125;;(14, 20);;(23, 13);1;1922
3;0.125;;(14, 20);;(23, 13);1;1923
3;0.125;;(14, 20);;(23, 13);1;1924
3;0.125;;(14, 20);;(23, 13);1;1925
6;0.25;;(23, 13);DropObjectTogether;(23, 13);1;1926
6;0.25;MoveWest;(23, 13);;(23, 13);1;1927
6;0.25;MoveWest;(23, 13);;(23, 13);1;1928
6;0.25;MoveWest;(23, 13);;(23, 13);1;1929
6;0.25;MoveWest;(23, 13);;(23, 13);1;1930
6;0.25;MoveWest;(23, 13);;(23, 13);1;1931
6;0.25;MoveWest;(23, 13);;(23, 13);1;1932
6;0.25;MoveWest;(23, 13);;(23, 13);1;1933
6;0.25;MoveWest;(23, 13);;(23, 13);1;1934
6;0.25;MoveWest;(22, 13);;(23, 13);1;1935
6;0.25;MoveWest;(22, 13);MoveWest;(22, 13);1;1936
6;0.25;MoveWest;(22, 13);;(22, 13);1;1937
6;0.25;MoveWest;(22, 13);;(22, 13);1;1938
6;0.25;MoveWest;(22, 13);;(22, 13);1;1939
6;0.25;MoveWest;(22, 13);;(22, 13);1;1940
6;0.25;MoveWest;(22, 13);;(22, 13);1;1941
6;0.25;MoveWest;(22, 13);;(22, 13);1;1942
6;0.25;MoveWest;(22, 13);;(22, 13);1;1943
6;0.25;MoveWest;(21, 13);;(22, 13);1;1944
6;0.25;MoveSouthWest;(21, 13);;(22, 13);1;1945
6;0.25;MoveSouthWest;(21, 13);;(22, 13);1;1946
6;0.25;MoveSouthWest;(21, 13);;(22, 13);1;1947
6;0.25;MoveSouthWest;(21, 13);;(22, 13);1;1948
6;0.25;MoveSouthWest;(21, 13);MoveWest;(21, 13);1;1949
6;0.25;MoveSouthWest;(21, 13);;(21, 13);1;1950
6;0.25;MoveSouthWest;(21, 13);;(21, 13);1;1951
6;0.25;MoveSouthWest;(21, 13);;(21, 13);1;1952
6;0.25;MoveSouthWest;(20, 14);;(21, 13);1;1953
6;0.25;MoveSouthWest;(20, 14);MoveSouth;(21, 14);1;1954
6;0.25;MoveSouthWest;(20, 14);;(21, 14);1;1955
6;0.25;MoveSouthWest;(20, 14);;(21, 14);1;1956
6;0.25;MoveSouthWest;(20, 14);;(21, 14);1;1957
6;0.25;MoveSouthWest;(20, 14);;(21, 14);1;1958
6;0.25;MoveSouthWest;(20, 14);;(21, 14);1;1959
6;0.25;MoveSouthWest;(20, 14);;(21, 14);1;1960
6;0.25;MoveSouthWest;(20, 14);MoveSouth;(21, 15);1;1961
6;0.25;MoveSouthWest;(19, 15);;(21, 15);1;1962
6;0.25;MoveSouthWest;(19, 15);;(21, 15);1;1963
6;0.25;MoveSouthWest;(19, 15);;(21, 15);1;1964
6;0.25;MoveSouthWest;(19, 15);;(21, 15);1;1965
6;0.25;MoveSouthWest;(19, 15);;(21, 15);1;1966
6;0.25;MoveSouthWest;(19, 15);;(21, 15);1;1967
6;0.25;MoveSouthWest;(19, 15);;(21, 15);1;1968
6;0.25;MoveSouthWest;(19, 15);;(21, 15);1;1969
6;0.25;MoveSouthWest;(19, 15);;(21, 15);1;1970
6;0.25;MoveSouthWest;(18, 16);;(21, 15);1;1971
6;0.25;MoveSouthWest;(18, 16);;(21, 15);1;1972
6;0.25;MoveSouthWest;(18, 16);;(21, 15);1;1973
6;0.25;MoveSouthWest;(18, 16);;(21, 15);1;1974
6;0.25;MoveSouthWest;(18, 16);;(21, 15);1;1975
6;0.25;MoveSouthWest;(18, 16);;(21, 15);1;1976
6;0.25;MoveSouthWest;(18, 16);MoveSouth;(21, 15);1;1977
6;0.25;MoveSouthWest;(18, 16);;(21, 15);1;1978
6;0.25;MoveSouthWest;(18, 16);;(21, 15);1;1979
6;0.25;MoveSouthWest;(18, 16);;(21, 15);1;1980
6;0.25;MoveSouthWest;(18, 16);;(21, 15);1;1981
6;0.25;MoveSouthWest;(18, 16);;(21, 15);1;1982
6;0.25;MoveSouthWest;(18, 16);;(21, 15);1;1983
6;0.25;MoveSouthWest;(18, 16);;(21, 15);1;1984
6;0.25;MoveSouthWest;(17, 17);;(21, 15);1;1985
6;0.25;MoveWest;(17, 17);;(21, 15);1;1986
6;0.25;MoveWest;(17, 17);;(21, 15);1;1987
6;0.25;MoveWest;(17, 17);MoveSouth;(21, 15);1;1988
6;0.25;MoveWest;(17, 17);;(21, 15);1;1989
6;0.25;MoveWest;(17, 17);;(21, 15);1;1990
6;0.25;MoveWest;(17, 17);;(21, 15);1;1991
6;0.25;MoveWest;(17, 17);;(21, 15);1;1992
6;0.25;MoveWest;(17, 17);;(21, 15);1;1993
6;0.25;MoveWest;(17, 17);;(21, 15);1;1994
6;0.25;MoveWest;(17, 17);;(21, 15);1;1995
6;0.25;MoveWest;(17, 17);;(21, 15);1;1996
6;0.25;MoveWest;(17, 17);;(21, 15);1;1997
6;0.25;MoveWest;(17, 17);;(21, 15);1;1998
6;0.25;MoveWest;(16, 17);;(21, 15);1;1999
6;0.25;MoveWest;(16, 17);;(21, 15);1;2000
6;0.25;MoveWest;(16, 17);;(21, 15);1;2001
6;0.25;MoveWest;(16, 17);;(21, 15);1;2002
6;0.25;MoveWest;(16, 17);;(21, 15);1;2003
6;0.25;MoveWest;(16, 17);;(21, 15);1;2004
6;0.25;MoveWest;(16, 17);MoveSouth;(21, 15);1;2005
6;0.25;MoveWest;(16, 17);;(21, 15);1;2006
6;0.25;MoveWest;(16, 17);;(21, 15);1;2007
6;0.25;MoveWest;(16, 17);;(21, 15);1;2008
6;0.25;MoveWest;(16, 17);MoveSouth;(21, 15);1;2009
6;0.25;MoveWest;(16, 17);;(21, 15);1;2010
6;0.25;MoveWest;(16, 17);MoveSouth;(21, 15);1;2011
6;0.25;MoveWest;(16, 17);;(21, 15);1;2012
6;0.25;MoveWest;(15, 17);MoveWest;(20, 15);1;2013
6;0.25;MoveWest;(15, 17);;(20, 15);1;2014
6;0.25;MoveWest;(15, 17);;(20, 15);1;2015
6;0.25;MoveWest;(15, 17);;(20, 15);1;2016
6;0.25;MoveWest;(15, 17);;(20, 15);1;2017
6;0.25;MoveWest;(15, 17);;(20, 15);1;2018
6;0.25;MoveWest;(15, 17);;(20, 15);1;2019
6;0.25;MoveWest;(15, 17);;(20, 15);1;2020
6;0.25;MoveWest;(15, 17);;(20, 15);1;2021
6;0.25;MoveWest;(14, 17);;(20, 15);1;2022
6;0.25;MoveWest;(14, 17);;(20, 15);1;2023
6;0.25;MoveWest;(14, 17);;(20, 15);1;2024
6;0.25;MoveWest;(14, 17);;(20, 15);1;2025
6;0.25;MoveWest;(14, 17);;(20, 15);1;2026
6;0.25;MoveWest;(14, 17);;(20, 15);1;2027
6;0.25;MoveWest;(14, 17);;(20, 15);1;2028
6;0.25;MoveWest;(14, 17);;(20, 15);1;2029
6;0.25;MoveWest;(14, 17);;(20, 15);1;2030
6;0.25;MoveWest;(14, 17);;(20, 15);1;2031
6;0.25;MoveWest;(14, 17);;(20, 15);1;2032
6;0.25;MoveWest;(14, 17);;(20, 15);1;2033
6;0.25;MoveWest;(14, 17);;(20, 15);1;2034
6;0.25;MoveWest;(14, 17);;(20, 15);1;2035
6;0.25;MoveWest;(13, 17);;(20, 15);1;2036
6;0.25;MoveWest;(13, 17);;(20, 15);1;2037
6;0.25;MoveWest;(13, 17);;(20, 15);1;2038
6;0.25;MoveWest;(13, 17);;(20, 15);1;2039
6;0.25;MoveWest;(13, 17);;(20, 15);1;2040
6;0.25;MoveWest;(13, 17);;(20, 15);1;2041
6;0.25;MoveWest;(13, 17);;(20, 15);1;2042
6;0.25;MoveWest;(13, 17);;(20, 15);1;2043
6;0.25;MoveWest;(13, 17);;(20, 15);1;2044
6;0.25;MoveWest;(12, 17);;(20, 15);1;2045
6;0.25;MoveWest;(12, 17);;(20, 15);1;2046
6;0.25;MoveWest;(12, 17);;(20, 15);1;2047
6;0.25;MoveWest;(12, 17);;(20, 15);1;2048
6;0.25;MoveWest;(12, 17);;(20, 15);1;2049
6;0.25;MoveWest;(12, 17);;(20, 15);1;2050
6;0.25;MoveWest;(12, 17);;(20, 15);1;2051
6;0.25;MoveWest;(12, 17);;(20, 15);1;2052
6;0.25;MoveWest;(12, 17);;(20, 15);1;2053
6;0.25;MoveWest;(11, 17);;(20, 15);1;2054
6;0.25;MoveWest;(11, 17);;(20, 15);1;2055
6;0.25;MoveWest;(11, 17);;(20, 15);1;2056
6;0.25;MoveWest;(11, 17);;(20, 15);1;2057
6;0.25;MoveWest;(11, 17);;(20, 15);1;2058
6;0.25;MoveWest;(11, 17);;(20, 15);1;2059
6;0.25;MoveWest;(11, 17);;(20, 15);1;2060
6;0.25;MoveWest;(11, 17);;(20, 15);1;2061
6;0.25;MoveWest;(11, 17);;(20, 15);1;2062
6;0.25;MoveWest;(10, 17);;(20, 15);1;2063
6;0.25;MoveSouthWest;(10, 17);;(20, 15);1;2064
6;0.25;MoveSouthWest;(10, 17);;(20, 15);1;2065
6;0.25;MoveSouthWest;(10, 17);;(20, 15);1;2066
6;0.25;MoveSouthWest;(10, 17);;(20, 15);1;2067
6;0.25;MoveSouthWest;(10, 17);;(20, 15);1;2068
6;0.25;MoveSouthWest;(10, 17);;(20, 15);1;2069
6;0.25;MoveSouthWest;(10, 17);;(20, 15);1;2070
6;0.25;MoveSouthWest;(10, 17);;(20, 15);1;2071
6;0.25;MoveSouthWest;(9, 18);;(20, 15);1;2072
6;0.25;;(9, 18);;(20, 15);1;2073
6;0.25;;(9, 18);;(20, 15);1;2074
6;0.25;;(9, 18);;(20, 15);1;2075
6;0.25;;(9, 18);;(20, 15);1;2076
6;0.25;;(9, 18);;(20, 15);1;2077
6;0.25;;(9, 18);;(20, 15);1;2078
6;0.25;;(9, 18);;(20, 15);1;2079
6;0.25;;(9, 18);;(20, 15);1;2080
6;0.25;;(9, 18);;(20, 15);1;2081
6;0.25;;(9, 18);;(20, 15);1;2082
6;0.25;;(9, 18);;(20, 15);1;2083
6;0.25;;(9, 18);;(20, 15);1;2084
6;0.25;;(9, 18);;(20, 15);1;2085
6;0.25;;(9, 18);;(20, 15);1;2086
6;0.25;;(9, 18);;(20, 15);1;2087
6;0.25;;(9, 18);;(20, 15);1;2088
6;0.25;;(9, 18);;(20, 15);1;2089
6;0.25;;(9, 18);;(20, 15);1;2090
6;0.25;;(9, 18);;(20, 15);1;2091
6;0.25;;(9, 18);;(20, 15);1;2092
6;0.25;;(9, 18);;(20, 15);1;2093
6;0.25;;(9, 18);;(20, 15);1;2094
6;0.25;;(9, 18);;(20, 15);1;2095
6;0.25;;(9, 18);;(20, 15);1;2096
6;0.25;;(9, 18);;(20, 15);1;2097
6;0.25;;(9, 18);;(20, 15);1;2098
6;0.25;;(9, 18);;(20, 15);1;2099
6;0.25;;(9, 18);;(20, 15);1;2100
6;0.25;;(9, 18);;(20, 15);1;2101
6;0.25;;(9, 18);;(20, 15);1;2102
6;0.25;;(9, 18);;(20, 15);1;2103
6;0.25;;(9, 18);;(20, 15);1;2104
6;0.25;;(9, 18);;(20, 15);1;2105
6;0.25;;(9, 18);;(20, 15);1;2106
6;0.25;;(9, 18);;(20, 15);1;2107
6;0.25;;(9, 18);;(20, 15);1;2108
6;0.25;;(9, 18);;(20, 15);1;2109
6;0.25;;(9, 18);;(20, 15);1;2110
6;0.25;;(9, 18);;(20, 15);1;2111
6;0.25;;(9, 18);;(20, 15);1;2112
6;0.25;;(9, 18);;(20, 15);1;2113
6;0.25;;(9, 18);;(20, 15);1;2114
6;0.25;;(9, 18);;(20, 15);1;2115
6;0.25;;(9, 18);;(20, 15);1;2116
6;0.25;;(9, 18);;(20, 15);1;2117
6;0.25;;(9, 18);;(20, 15);1;2118
6;0.25;;(9, 18);;(20, 15);1;2119
6;0.25;;(9, 18);;(20, 15);1;2120
6;0.25;;(9, 18);;(20, 15);1;2121
6;0.25;;(9, 18);;(20, 15);1;2122
6;0.25;;(9, 18);;(20, 15);1;2123
6;0.25;;(9, 18);;(20, 15);1;2124
6;0.25;;(9, 18);;(20, 15);1;2125
6;0.25;;(9, 18);;(20, 15);1;2126
6;0.25;;(9, 18);;(20, 15);1;2127
6;0.25;;(9, 18);;(20, 15);1;2128
6;0.25;;(9, 18);;(20, 15);1;2129
6;0.25;;(9, 18);;(20, 15);1;2130
6;0.25;;(9, 18);;(20, 15);1;2131
6;0.25;;(9, 18);;(20, 15);1;2132
6;0.25;;(9, 18);;(20, 15);1;2133
6;0.25;;(9, 18);;(20, 15);1;2134
6;0.25;;(9, 18);;(20, 15);1;2135
6;0.25;;(9, 18);;(20, 15);1;2136
6;0.25;;(9, 18);;(20, 15);1;2137
6;0.25;;(9, 18);;(20, 15);1;2138
6;0.25;;(9, 18);;(20, 15);1;2139
6;0.25;;(9, 18);;(20, 15);1;2140
6;0.25;;(9, 18);;(20, 15);1;2141
6;0.25;;(9, 18);;(20, 15);1;2142
6;0.25;;(9, 18);;(20, 15);1;2143
6;0.25;;(9, 18);;(20, 15);1;2144
6;0.25;;(9, 18);;(20, 15);1;2145
6;0.25;;(9, 18);;(20, 15);1;2146
6;0.25;;(9, 18);;(20, 15);1;2147
6;0.25;;(9, 18);;(20, 15);1;2148
6;0.25;;(9, 18);;(20, 15);1;2149
6;0.25;;(9, 18);;(20, 15);1;2150
6;0.25;;(9, 18);;(20, 15);1;2151
6;0.25;;(9, 18);;(20, 15);1;2152
6;0.25;;(9, 18);;(20, 15);1;2153
6;0.25;;(9, 18);;(20, 15);1;2154
6;0.25;;(9, 18);;(20, 15);1;2155
6;0.25;;(9, 18);;(20, 15);1;2156
6;0.25;;(9, 18);;(20, 15);1;2157
6;0.25;;(9, 18);;(20, 15);1;2158
6;0.25;;(9, 18);;(20, 15);1;2159
6;0.25;;(9, 18);;(20, 15);1;2160
6;0.25;;(9, 18);;(20, 15);1;2161
6;0.25;;(9, 18);;(20, 15);1;2162
6;0.25;;(9, 18);;(20, 15);1;2163
6;0.25;;(9, 18);;(20, 15);1;2164
6;0.25;;(9, 18);;(20, 15);1;2165
6;0.25;;(9, 18);;(20, 15);1;2166
6;0.25;;(9, 18);;(20, 15);1;2167
6;0.25;;(9, 18);;(20, 15);1;2168
6;0.25;;(9, 18);;(20, 15);1;2169
6;0.25;;(9, 18);;(20, 15);1;2170
6;0.25;;(9, 18);;(20, 15);1;2171
6;0.25;;(9, 18);;(20, 15);1;2172
6;0.25;;(9, 18);;(20, 15);1;2173
6;0.25;;(9, 18);;(20, 15);1;2174
6;0.25;;(9, 18);;(20, 15);1;2175
6;0.25;;(9, 18);;(20, 15);1;2176
6;0.25;;(9, 18);;(20, 15);1;2177
6;0.25;;(9, 18);;(20, 15);1;2178
6;0.25;;(9, 18);;(20, 15);1;2179
6;0.25;;(9, 18);;(20, 15);1;2180
6;0.25;;(9, 18);;(20, 15);1;2181
6;0.25;;(9, 18);;(20, 15);1;2182
6;0.25;;(9, 18);;(20, 15);1;2183
6;0.25;;(9, 18);;(20, 15);1;2184
6;0.25;;(9, 18);;(20, 15);1;2185
6;0.25;;(9, 18);;(20, 15);1;2186
6;0.25;;(9, 18);;(20, 15);1;2187
6;0.25;;(9, 18);;(20, 15);1;2188
6;0.25;;(9, 18);;(20, 15);1;2189
6;0.25;;(9, 18);;(20, 15);1;2190
6;0.25;;(9, 18);;(20, 15);1;2191
6;0.25;;(9, 18);;(20, 15);1;2192
6;0.25;;(9, 18);;(20, 15);1;2193
6;0.25;;(9, 18);;(20, 15);1;2194
6;0.25;;(9, 18);;(20, 15);1;2195
6;0.25;;(9, 18);;(20, 15);1;2196
6;0.25;;(9, 18);;(20, 15);1;2197
6;0.25;;(9, 18);;(20, 15);1;2198
6;0.25;;(9, 18);;(20, 15);1;2199
6;0.25;;(9, 18);;(20, 15);1;2200
6;0.25;;(9, 18);;(20, 15);1;2201
6;0.25;;(9, 18);;(20, 15);1;2202
6;0.25;;(9, 18);;(20, 15);1;2203
6;0.25;;(9, 18);;(20, 15);1;2204
6;0.25;;(9, 18);;(20, 15);1;2205
6;0.25;;(9, 18);;(20, 15);1;2206
6;0.25;;(9, 18);;(20, 15);1;2207
6;0.25;;(9, 18);;(20, 15);1;2208
6;0.25;;(9, 18);;(20, 15);1;2209
6;0.25;;(9, 18);;(20, 15);1;2210
6;0.25;;(9, 18);;(20, 15);1;2211
6;0.25;;(9, 18);;(20, 15);1;2212
6;0.25;;(9, 18);;(20, 15);1;2213
6;0.25;;(9, 18);;(20, 15);1;2214
6;0.25;;(9, 18);;(20, 15);1;2215
6;0.25;;(9, 18);;(20, 15);1;2216
6;0.25;;(9, 18);;(20, 15);1;2217
6;0.25;;(9, 18);;(20, 15);1;2218
6;0.25;;(9, 18);;(20, 15);1;2219
6;0.25;;(9, 18);;(20, 15);1;2220
6;0.25;;(9, 18);;(20, 15);1;2221
6;0.25;;(9, 18);;(20, 15);1;2222
6;0.25;;(9, 18);;(20, 15);1;2223
6;0.25;;(9, 18);;(20, 15);1;2224
6;0.25;;(9, 18);;(20, 15);1;2225
6;0.25;;(9, 18);;(20, 15);1;2226
6;0.25;;(9, 18);;(20, 15);1;2227
6;0.25;;(9, 18);;(20, 15);1;2228
6;0.25;;(9, 18);;(20, 15);1;2229
6;0.25;;(9, 18);;(20, 15);1;2230
6;0.25;;(9, 18);;(20, 15);1;2231
6;0.25;;(9, 18);;(20, 15);1;2232
6;0.25;;(9, 18);;(20, 15);1;2233
6;0.25;;(9, 18);;(20, 15);1;2234
6;0.25;;(9, 18);;(20, 15);1;2235
6;0.25;;(9, 18);;(20, 15);1;2236
6;0.25;;(9, 18);;(20, 15);1;2237
6;0.25;;(9, 18);;(20, 15);1;2238
6;0.25;;(9, 18);;(20, 15);1;2239
6;0.25;;(9, 18);;(20, 15);1;2240
6;0.25;;(9, 18);;(20, 15);1;2241
6;0.25;;(9, 18);;(20, 15);1;2242
6;0.25;;(9, 18);;(20, 15);1;2243
6;0.25;;(9, 18);;(20, 15);1;2244
6;0.25;;(9, 18);;(20, 15);1;2245
6;0.25;;(9, 18);;(20, 15);1;2246
6;0.25;;(9, 18);;(20, 15);1;2247
6;0.25;;(9, 18);;(20, 15);1;2248
6;0.25;;(9, 18);;(20, 15);1;2249
6;0.25;;(9, 18);;(20, 15);1;2250
6;0.25;;(9, 18);;(20, 15);1;2251
6;0.25;;(9, 18);;(20, 15);1;2252
6;0.25;;(9, 18);;(20, 15);1;2253
6;0.25;;(9, 18);;(20, 15);1;2254
6;0.25;;(9, 18);;(20, 15);1;2255
6;0.25;;(9, 18);;(20, 15);1;2256
6;0.25;;(9, 18);;(20, 15);1;2257
6;0.25;;(9, 18);;(20, 15);1;2258
6;0.25;;(9, 18);;(20, 15);1;2259
6;0.25;;(9, 18);;(20, 15);1;2260
6;0.25;;(9, 18);;(20, 15);1;2261
6;0.25;;(9, 18);;(20, 15);1;2262
6;0.25;;(9, 18);;(20, 15);1;2263
6;0.25;;(9, 18);;(20, 15);1;2264
6;0.25;;(9, 18);;(20, 15);1;2265
6;0.25;;(9, 18);;(20, 15);1;2266
6;0.25;;(9, 18);;(20, 15);1;2267
6;0.25;;(9, 18);;(20, 15);1;2268
6;0.25;;(9, 18);;(20, 15);1;2269
6;0.25;;(9, 18);;(20, 15);1;2270
6;0.25;;(9, 18);;(20, 15);1;2271
6;0.25;;(9, 18);;(20, 15);1;2272
6;0.25;;(9, 18);;(20, 15);1;2273
6;0.25;;(9, 18);;(20, 15);1;2274
6;0.25;;(9, 18);;(20, 15);1;2275
6;0.25;;(9, 18);;(20, 15);1;2276
6;0.25;;(9, 18);;(20, 15);1;2277
6;0.25;;(9, 18);;(20, 15);1;2278
6;0.25;;(9, 18);;(20, 15);1;2279
6;0.25;;(9, 18);;(20, 15);1;2280
6;0.25;;(9, 18);;(20, 15);1;2281
6;0.25;;(9, 18);;(20, 15);1;2282
6;0.25;;(9, 18);;(20, 15);1;2283
6;0.25;;(9, 18);;(20, 15);1;2284
6;0.25;;(9, 18);;(20, 15);1;2285
6;0.25;;(9, 18);;(20, 15);1;2286
6;0.25;;(9, 18);;(20, 15);1;2287
6;0.25;;(9, 18);;(20, 15);1;2288
6;0.25;;(9, 18);;(20, 15);1;2289
6;0.25;;(9, 18);;(20, 15);1;2290
6;0.25;;(9, 18);;(20, 15);1;2291
6;0.25;;(9, 18);;(20, 15);1;2292
6;0.25;;(9, 18);;(20, 15);1;2293
6;0.25;;(9, 18);;(20, 15);1;2294
6;0.25;;(9, 18);;(20, 15);1;2295
6;0.25;;(9, 18);;(20, 15);1;2296
6;0.25;;(9, 18);;(20, 15);1;2297
6;0.25;;(9, 18);;(20, 15);1;2298
6;0.25;;(9, 18);;(20, 15);1;2299
6;0.25;;(9, 18);;(20, 15);1;2300
6;0.25;;(9, 18);;(20, 15);1;2301
6;0.25;;(9, 18);;(20, 15);1;2302
6;0.25;;(9, 18);;(20, 15);1;2303
6;0.25;;(9, 18);;(20, 15);1;2304
6;0.25;;(9, 18);;(20, 15);1;2305
6;0.25;;(9, 18);;(20, 15);1;2306
6;0.25;;(9, 18);;(20, 15);1;2307
6;0.25;;(9, 18);;(20, 15);1;2308
6;0.25;;(9, 18);;(20, 15);1;2309
6;0.25;;(9, 18);;(20, 15);1;2310
6;0.25;;(9, 18);;(20, 15);1;2311
6;0.25;;(9, 18);;(20, 15);1;2312
6;0.25;;(9, 18);;(20, 15);1;2313
6;0.25;;(9, 18);;(20, 15);1;2314
6;0.25;;(9, 18);;(20, 15);1;2315
6;0.25;;(9, 18);;(20, 15);1;2316
6;0.25;;(9, 18);;(20, 15);1;2317
6;0.25;;(9, 18);;(20, 15);1;2318
6;0.25;;(9, 18);;(20, 15);1;2319
6;0.25;;(9, 18);;(20, 15);1;2320
6;0.25;;(9, 18);;(20, 15);1;2321
6;0.25;;(9, 18);;(20, 15);1;2322
6;0.25;;(9, 18);;(20, 15);1;2323
6;0.25;;(9, 18);;(20, 15);1;2324
6;0.25;;(9, 18);;(20, 15);1;2325
6;0.25;;(9, 18);;(20, 15);1;2326
6;0.25;;(9, 18);;(20, 15);1;2327
6;0.25;;(9, 18);;(20, 15);1;2328
6;0.25;;(9, 18);;(20, 15);1;2329
6;0.25;;(9, 18);;(20, 15);1;2330
6;0.25;;(9, 18);;(20, 15);1;2331
6;0.25;;(9, 18);;(20, 15);1;2332
6;0.25;;(9, 18);;(20, 15);1;2333
6;0.25;;(9, 18);;(20, 15);1;2334
6;0.25;;(9, 18);;(20, 15);1;2335
6;0.25;;(9, 18);;(20, 15);1;2336
6;0.25;;(9, 18);;(20, 15);1;2337
6;0.25;;(9, 18);;(20, 15);1;2338
6;0.25;;(9, 18);;(20, 15);1;2339
6;0.25;;(9, 18);;(20, 15);1;2340
6;0.25;;(9, 18);;(20, 15);1;2341
6;0.25;;(9, 18);;(20, 15);1;2342
6;0.25;;(9, 18);;(20, 15);1;2343
6;0.25;;(9, 18);;(20, 15);1;2344
6;0.25;;(9, 18);;(20, 15);1;2345
6;0.25;;(9, 18);;(20, 15);1;2346
6;0.25;;(9, 18);;(20, 15);1;2347
6;0.25;;(9, 18);;(20, 15);1;2348
6;0.25;;(9, 18);;(20, 15);1;2349
6;0.25;;(9, 18);;(20, 15);1;2350
6;0.25;;(9, 18);;(20, 15);1;2351
6;0.25;;(9, 18);;(20, 15);1;2352
6;0.25;;(9, 18);;(20, 15);1;2353
6;0.25;;(9, 18);;(20, 15);1;2354
6;0.25;;(9, 18);;(20, 15);1;2355
6;0.25;;(9, 18);;(20, 15);1;2356
6;0.25;;(9, 18);;(20, 15);1;2357
6;0.25;;(9, 18);;(20, 15);1;2358
6;0.25;;(9, 18);;(20, 15);1;2359
6;0.25;;(9, 18);;(20, 15);1;2360
6;0.25;;(9, 18);;(20, 15);1;2361
6;0.25;;(9, 18);;(20, 15);1;2362
6;0.25;;(9, 18);;(20, 15);1;2363
6;0.25;;(9, 18);;(20, 15);1;2364
6;0.25;;(9, 18);;(20, 15);1;2365
6;0.25;;(9, 18);;(20, 15);1;2366
6;0.25;;(9, 18);;(20, 15);1;2367
6;0.25;;(9, 18);;(20, 15);1;2368
6;0.25;;(9, 18);;(20, 15);1;2369
6;0.25;;(9, 18);;(20, 15);1;2370
6;0.25;;(9, 18);;(20, 15);1;2371
6;0.25;;(9, 18);;(20, 15);1;2372
6;0.25;;(9, 18);;(20, 15);1;2373
6;0.25;;(9, 18);;(20, 15);1;2374
6;0.25;;(9, 18);;(20, 15);1;2375
6;0.25;;(9, 18);;(20, 15);1;2376
6;0.25;;(9, 18);;(20, 15);1;2377
6;0.25;;(9, 18);;(20, 15);1;2378
6;0.25;;(9, 18);;(20, 15);1;2379
6;0.25;;(9, 18);;(20, 15);1;2380
6;0.25;;(9, 18);;(20, 15);1;2381
6;0.25;;(9, 18);;(20, 15);1;2382
6;0.25;;(9, 18);;(20, 15);1;2383
6;0.25;;(9, 18);;(20, 15);1;2384
6;0.25;;(9, 18);;(20, 15);1;2385
6;0.25;;(9, 18);;(20, 15);1;2386
6;0.25;;(9, 18);;(20, 15);1;2387
6;0.25;;(9, 18);;(20, 15);1;2388
6;0.25;;(9, 18);;(20, 15);1;2389
6;0.25;;(9, 18);;(20, 15);1;2390
6;0.25;;(9, 18);;(20, 15);1;2391
6;0.25;;(9, 18);;(20, 15);1;2392
6;0.25;;(9, 18);;(20, 15);1;2393
6;0.25;;(9, 18);;(20, 15);1;2394
6;0.25;;(9, 18);;(20, 15);1;2395
6;0.25;;(9, 18);;(20, 15);1;2396
6;0.25;;(9, 18);;(20, 15);1;2397
6;0.25;;(9, 18);;(20, 15);1;2398
6;0.25;;(9, 18);;(20, 15);1;2399
6;0.25;;(9, 18);;(20, 15);1;2400
6;0.25;;(9, 18);;(20, 15);1;2401
6;0.25;;(9, 18);;(20, 15);1;2402
6;0.25;;(9, 18);;(20, 15);1;2403
6;0.25;;(9, 18);;(20, 15);1;2404
6;0.25;;(9, 18);;(20, 15);1;2405
6;0.25;;(9, 18);;(20, 15);1;2406
6;0.25;;(9, 18);;(20, 15);1;2407
6;0.25;;(9, 18);;(20, 15);1;2408
6;0.25;;(9, 18);;(20, 15);1;2409
6;0.25;;(9, 18);;(20, 15);1;2410
6;0.25;;(9, 18);;(20, 15);1;2411
6;0.25;;(9, 18);;(20, 15);1;2412
6;0.25;;(9, 18);;(20, 15);1;2413
6;0.25;;(9, 18);;(20, 15);1;2414
6;0.25;;(9, 18);;(20, 15);1;2415
6;0.25;;(9, 18);;(20, 15);1;2416
6;0.25;;(9, 18);;(20, 15);1;2417
6;0.25;;(9, 18);;(20, 15);1;2418
6;0.25;;(9, 18);;(20, 15);1;2419
6;0.25;;(9, 18);;(20, 15);1;2420
6;0.25;;(9, 18);;(20, 15);1;2421
6;0.25;;(9, 18);;(20, 15);1;2422
6;0.25;;(9, 18);;(20, 15);1;2423
6;0.25;;(9, 18);;(20, 15);1;2424
6;0.25;;(9, 18);;(20, 15);1;2425
6;0.25;;(9, 18);;(20, 15);1;2426
6;0.25;;(9, 18);;(20, 15);1;2427
6;0.25;;(9, 18);;(20, 15);1;2428
6;0.25;;(9, 18);;(20, 15);1;2429
6;0.25;;(9, 18);;(20, 15);1;2430
6;0.25;;(9, 18);;(20, 15);1;2431
6;0.25;;(9, 18);;(20, 15);1;2432
6;0.25;;(9, 18);;(20, 15);1;2433
6;0.25;;(9, 18);;(20, 15);1;2434
6;0.25;;(9, 18);;(20, 15);1;2435
6;0.25;;(9, 18);;(20, 15);1;2436
6;0.25;;(9, 18);;(20, 15);1;2437
6;0.25;;(9, 18);;(20, 15);1;2438
6;0.25;;(9, 18);;(20, 15);1;2439
6;0.25;;(9, 18);;(20, 15);1;2440
6;0.25;;(9, 18);;(20, 15);1;2441
6;0.25;;(9, 18);;(20, 15);1;2442
6;0.25;;(9, 18);;(20, 15);1;2443
6;0.25;;(9, 18);;(20, 15);1;2444
6;0.25;;(9, 18);;(20, 15);1;2445
6;0.25;;(9, 18);;(20, 15);1;2446
6;0.25;;(9, 18);;(20, 15);1;2447
6;0.25;;(9, 18);;(20, 15);1;2448
6;0.25;;(9, 18);;(20, 15);1;2449
6;0.25;;(9, 18);;(20, 15);1;2450
6;0.25;;(9, 18);;(20, 15);1;2451
6;0.25;;(9, 18);;(20, 15);1;2452
6;0.25;;(9, 18);;(20, 15);1;2453
6;0.25;;(9, 18);;(20, 15);1;2454
6;0.25;;(9, 18);;(20, 15);1;2455
6;0.25;;(9, 18);;(20, 15);1;2456
6;0.25;;(9, 18);;(20, 15);1;2457
6;0.25;;(9, 18);;(20, 15);1;2458
6;0.25;;(9, 18);;(20, 15);1;2459
6;0.25;;(9, 18);;(20, 15);1;2460
6;0.25;;(9, 18);;(20, 15);1;2461
6;0.25;;(9, 18);;(20, 15);1;2462
6;0.25;;(9, 18);;(20, 15);1;2463
6;0.25;;(9, 18);;(20, 15);1;2464
6;0.25;;(9, 18);;(20, 15);1;2465
6;0.25;;(9, 18);;(20, 15);1;2466
6;0.25;;(9, 18);;(20, 15);1;2467
6;0.25;;(9, 18);;(20, 15);1;2468
6;0.25;;(9, 18);;(20, 15);1;2469
6;0.25;;(9, 18);;(20, 15);1;2470
6;0.25;;(9, 18);;(20, 15);1;2471
6;0.25;;(9, 18);;(20, 15);1;2472
6;0.25;;(9, 18);;(20, 15);1;2473
6;0.25;;(9, 18);;(20, 15);1;2474
6;0.25;;(9, 18);;(20, 15);1;2475
6;0.25;;(9, 18);;(20, 15);1;2476
6;0.25;;(9, 18);;(20, 15);1;2477
6;0.25;;(9, 18);;(20, 15);1;2478
6;0.25;;(9, 18);;(20, 15);1;2479
6;0.25;;(9, 18);;(20, 15);1;2480
6;0.25;;(9, 18);;(20, 15);1;2481
6;0.25;;(9, 18);;(20, 15);1;2482
6;0.25;;(9, 18);;(20, 15);1;2483
6;0.25;;(9, 18);;(20, 15);1;2484
6;0.25;;(9, 18);;(20, 15);1;2485
6;0.25;;(9, 18);;(20, 15);1;2486
6;0.25;;(9, 18);;(20, 15);1;2487
6;0.25;;(9, 18);;(20, 15);1;2488
6;0.25;;(9, 18);;(20, 15);1;2489
6;0.25;;(9, 18);;(20, 15);1;2490
6;0.25;;(9, 18);;(20, 15);1;2491
6;0.25;;(9, 18);;(20, 15);1;2492
6;0.25;;(9, 18);;(20, 15);1;2493
6;0.25;;(9, 18);;(20, 15);1;2494
6;0.25;;(9, 18);;(20, 15);1;2495
6;0.25;;(9, 18);;(20, 15);1;2496
6;0.25;;(9, 18);;(20, 15);1;2497
6;0.25;;(9, 18);;(20, 15);1;2498
6;0.25;;(9, 18);;(20, 15);1;2499
6;0.25;;(9, 18);;(20, 15);1;2500
6;0.25;;(9, 18);;(20, 15);1;2501
6;0.25;;(9, 18);;(20, 15);1;2502
6;0.25;;(9, 18);;(20, 15);1;2503
6;0.25;;(9, 18);;(20, 15);1;2504
6;0.25;;(9, 18);;(20, 15);1;2505
6;0.25;;(9, 18);;(20, 15);1;2506
6;0.25;;(9, 18);;(20, 15);1;2507
6;0.25;;(9, 18);;(20, 15);1;2508
6;0.25;;(9, 18);;(20, 15);1;2509
6;0.25;;(9, 18);;(20, 15);1;2510
6;0.25;;(9, 18);;(20, 15);1;2511
6;0.25;;(9, 18);;(20, 15);1;2512
6;0.25;;(9, 18);;(20, 15);1;2513
6;0.25;;(9, 18);;(20, 15);1;2514
6;0.25;;(9, 18);;(20, 15);1;2515
6;0.25;;(9, 18);;(20, 15);1;2516
6;0.25;;(9, 18);;(20, 15);1;2517
6;0.25;;(9, 18);;(20, 15);1;2518
6;0.25;;(9, 18);;(20, 15);1;2519
6;0.25;;(9, 18);;(20, 15);1;2520
6;0.25;;(9, 18);;(20, 15);1;2521
6;0.25;;(9, 18);;(20, 15);1;2522
6;0.25;;(9, 18);;(20, 15);1;2523
6;0.25;;(9, 18);;(20, 15);1;2524
6;0.25;;(9, 18);;(20, 15);1;2525
6;0.25;;(9, 18);;(20, 15);1;2526
6;0.25;;(9, 18);;(20, 15);1;2527
6;0.25;;(9, 18);;(20, 15);1;2528
6;0.25;;(9, 18);;(20, 15);1;2529
6;0.25;;(9, 18);;(20, 15);1;2530
6;0.25;;(9, 18);;(20, 15);1;2531
6;0.25;;(9, 18);;(20, 15);1;2532
6;0.25;;(9, 18);;(20, 15);1;2533
6;0.25;;(9, 18);;(20, 15);1;2534
6;0.25;;(9, 18);;(20, 15);1;2535
6;0.25;;(9, 18);;(20, 15);1;2536
6;0.25;;(9, 18);;(20, 15);1;2537
6;0.25;;(9, 18);;(20, 15);1;2538
6;0.25;;(9, 18);;(20, 15);1;2539
6;0.25;;(9, 18);;(20, 15);1;2540
6;0.25;;(9, 18);;(20, 15);1;2541
6;0.25;;(9, 18);;(20, 15);1;2542
6;0.25;;(9, 18);;(20, 15);1;2543
6;0.25;;(9, 18);;(20, 15);1;2544
6;0.25;;(9, 18);;(20, 15);1;2545
6;0.25;;(9, 18);;(20, 15);1;2546
6;0.25;;(9, 18);;(20, 15);1;2547
6;0.25;;(9, 18);;(20, 15);1;2548
6;0.25;;(9, 18);;(20, 15);1;2549
6;0.25;;(9, 18);;(20, 15);1;2550
6;0.25;;(9, 18);;(20, 15);1;2551
6;0.25;;(9, 18);;(20, 15);1;2552
6;0.25;;(9, 18);;(20, 15);1;2553
6;0.25;;(9, 18);;(20, 15);1;2554
6;0.25;;(9, 18);;(20, 15);1;2555
6;0.25;;(9, 18);;(20, 15);1;2556
6;0.25;;(9, 18);;(20, 15);1;2557
6;0.25;;(9, 18);;(20, 15);1;2558
6;0.25;;(9, 18);;(20, 15);1;2559
6;0.25;;(9, 18);;(20, 15);1;2560
6;0.25;;(9, 18);;(20, 15);1;2561
6;0.25;;(9, 18);;(20, 15);1;2562
6;0.25;;(9, 18);;(20, 15);1;2563
6;0.25;;(9, 18);;(20, 15);1;2564
6;0.25;;(9, 18);;(20, 15);1;2565
6;0.25;;(9, 18);;(20, 15);1;2566
6;0.25;;(9, 18);;(20, 15);1;2567
6;0.25;;(9, 18);;(20, 15);1;2568
6;0.25;;(9, 18);;(20, 15);1;2569
6;0.25;;(9, 18);;(20, 15);1;2570
6;0.25;;(9, 18);;(20, 15);1;2571
6;0.25;;(9, 18);;(20, 15);1;2572
6;0.25;;(9, 18);;(20, 15);1;2573
6;0.25;;(9, 18);;(20, 15);1;2574
6;0.25;;(9, 18);;(20, 15);1;2575
6;0.25;;(9, 18);;(20, 15);1;2576
6;0.25;;(9, 18);;(20, 15);1;2577
6;0.25;;(9, 18);;(20, 15);1;2578
6;0.25;;(9, 18);;(20, 15);1;2579
6;0.25;;(9, 18);;(20, 15);1;2580
6;0.25;;(9, 18);;(20, 15);1;2581
6;0.25;;(9, 18);;(20, 15);1;2582
6;0.25;;(9, 18);;(20, 15);1;2583
6;0.25;;(9, 18);;(20, 15);1;2584
6;0.25;;(9, 18);;(20, 15);1;2585
6;0.25;;(9, 18);;(20, 15);1;2586
6;0.25;;(9, 18);;(20, 15);1;2587
6;0.25;;(9, 18);;(20, 15);1;2588
6;0.25;;(9, 18);;(20, 15);1;2589
6;0.25;;(9, 18);;(20, 15);1;2590
6;0.25;;(9, 18);;(20, 15);1;2591
6;0.25;;(9, 18);;(20, 15);1;2592
6;0.25;;(9, 18);;(20, 15);1;2593
6;0.25;;(9, 18);;(20, 15);1;2594
6;0.25;;(9, 18);;(20, 15);1;2595
6;0.25;;(9, 18);;(20, 15);1;2596
6;0.25;;(9, 18);;(20, 15);1;2597
6;0.25;;(9, 18);;(20, 15);1;2598
6;0.25;;(9, 18);;(20, 15);1;2599
6;0.25;;(9, 18);;(20, 15);1;2600
6;0.25;;(9, 18);;(20, 15);1;2601
6;0.25;;(9, 18);;(20, 15);1;2602
6;0.25;;(9, 18);;(20, 15);1;2603
6;0.25;;(9, 18);;(20, 15);1;2604
6;0.25;;(9, 18);;(20, 15);1;2605
6;0.25;;(9, 18);;(20, 15);1;2606
6;0.25;;(9, 18);;(20, 15);1;2607
6;0.25;;(9, 18);;(20, 15);1;2608
6;0.25;;(9, 18);;(20, 15);1;2609
6;0.25;;(9, 18);;(20, 15);1;2610
6;0.25;;(9, 18);;(20, 15);1;2611
6;0.25;;(9, 18);;(20, 15);1;2612
6;0.25;;(9, 18);;(20, 15);1;2613
6;0.25;;(9, 18);;(20, 15);1;2614
6;0.25;;(9, 18);;(20, 15);1;2615
6;0.25;;(9, 18);;(20, 15);1;2616
6;0.25;;(9, 18);;(20, 15);1;2617
6;0.25;;(9, 18);;(20, 15);1;2618
6;0.25;;(9, 18);;(20, 15);1;2619
6;0.25;;(9, 18);;(20, 15);1;2620
6;0.25;;(9, 18);;(20, 15);1;2621
6;0.25;;(9, 18);;(20, 15);1;2622
6;0.25;;(9, 18);;(20, 15);1;2623
6;0.25;;(9, 18);;(20, 15);1;2624
6;0.25;;(9, 18);;(20, 15);1;2625
6;0.25;;(9, 18);;(20, 15);1;2626
6;0.25;;(9, 18);;(20, 15);1;2627
6;0.25;;(9, 18);;(20, 15);1;2628
6;0.25;;(9, 18);;(20, 15);1;2629
6;0.25;;(9, 18);;(20, 15);1;2630
6;0.25;;(9, 18);;(20, 15);1;2631
6;0.25;;(9, 18);;(20, 15);1;2632
6;0.25;;(9, 18);;(20, 15);1;2633
6;0.25;;(9, 18);;(20, 15);1;2634
6;0.25;;(9, 18);;(20, 15);1;2635
6;0.25;;(9, 18);;(20, 15);1;2636
6;0.25;;(9, 18);;(20, 15);1;2637
6;0.25;;(9, 18);;(20, 15);1;2638
6;0.25;;(9, 18);;(20, 15);1;2639
6;0.25;;(9, 18);;(20, 15);1;2640
6;0.25;;(9, 18);;(20, 15);1;2641
6;0.25;;(9, 18);;(20, 15);1;2642
6;0.25;;(9, 18);;(20, 15);1;2643
6;0.25;;(9, 18);;(20, 15);1;2644
6;0.25;;(9, 18);;(20, 15);1;2645
6;0.25;;(9, 18);;(20, 15);1;2646
6;0.25;;(9, 18);;(20, 15);1;2647
6;0.25;;(9, 18);;(20, 15);1;2648
6;0.25;;(9, 18);;(20, 15);1;2649
6;0.25;;(9, 18);;(20, 15);1;2650
6;0.25;;(9, 18);;(20, 15);1;2651
6;0.25;;(9, 18);;(20, 15);1;2652
6;0.25;;(9, 18);;(20, 15);1;2653
6;0.25;;(9, 18);;(20, 15);1;2654
6;0.25;;(9, 18);;(20, 15);1;2655
6;0.25;;(9, 18);;(20, 15);1;2656
6;0.25;;(9, 18);;(20, 15);1;2657
6;0.25;;(9, 18);;(20, 15);1;2658
6;0.25;;(9, 18);;(20, 15);1;2659
6;0.25;;(9, 18);;(20, 15);1;2660
6;0.25;;(9, 18);;(20, 15);1;2661
6;0.25;;(9, 18);;(20, 15);1;2662
6;0.25;;(9, 18);;(20, 15);1;2663
6;0.25;;(9, 18);;(20, 15);1;2664
6;0.25;;(9, 18);;(20, 15);1;2665
6;0.25;;(9, 18);;(20, 15);1;2666
6;0.25;;(9, 18);;(20, 15);1;2667
6;0.25;;(9, 18);;(20, 15);1;2668
6;0.25;;(9, 18);;(20, 15);1;2669
6;0.25;;(9, 18);;(20, 15);1;2670
6;0.25;;(9, 18);;(20, 15);1;2671
6;0.25;;(9, 18);;(20, 15);1;2672
6;0.25;;(9, 18);;(20, 15);1;2673
6;0.25;;(9, 18);;(20, 15);1;2674
6;0.25;;(9, 18);;(20, 15);1;2675
6;0.25;;(9, 18);;(20, 15);1;2676
6;0.25;;(9, 18);;(20, 15);1;2677
6;0.25;;(9, 18);;(20, 15);1;2678
6;0.25;;(9, 18);;(20, 15);1;2679
6;0.25;;(9, 18);;(20, 15);1;2680
6;0.25;;(9, 18);;(20, 15);1;2681
6;0.25;;(9, 18);;(20, 15);1;2682
6;0.25;;(9, 18);;(20, 15);1;2683
6;0.25;;(9, 18);;(20, 15);1;2684
6;0.25;;(9, 18);;(20, 15);1;2685
6;0.25;;(9, 18);;(20, 15);1;2686
6;0.25;;(9, 18);;(20, 15);1;2687
6;0.25;;(9, 18);;(20, 15);1;2688
6;0.25;;(9, 18);;(20, 15);1;2689
6;0.25;;(9, 18);;(20, 15);1;2690
6;0.25;;(9, 18);;(20, 15);1;2691
6;0.25;;(9, 18);;(20, 15);1;2692
6;0.25;;(9, 18);;(20, 15);1;2693
6;0.25;;(9, 18);;(20, 15);1;2694
6;0.25;;(9, 18);;(20, 15);1;2695
6;0.25;;(9, 18);;(20, 15);1;2696
6;0.25;;(9, 18);;(20, 15);1;2697
6;0.25;;(9, 18);;(20, 15);1;2698
6;0.25;;(9, 18);;(20, 15);1;2699
6;0.25;;(9, 18);;(20, 15);1;2700
6;0.25;;(9, 18);;(20, 15);1;2701
6;0.25;;(9, 18);;(20, 15);1;2702
6;0.25;;(9, 18);;(20, 15);1;2703
6;0.25;;(9, 18);;(20, 15);1;2704
6;0.25;;(9, 18);;(20, 15);1;2705
6;0.25;;(9, 18);;(20, 15);1;2706
6;0.25;;(9, 18);;(20, 15);1;2707
6;0.25;;(9, 18);;(20, 15);1;2708
6;0.25;;(9, 18);;(20, 15);1;2709
6;0.25;;(9, 18);;(20, 15);1;2710
6;0.25;;(9, 18);;(20, 15);1;2711
6;0.25;;(9, 18);;(20, 15);1;2712
6;0.25;;(9, 18);;(20, 15);1;2713
6;0.25;;(9, 18);;(20, 15);1;2714
6;0.25;;(9, 18);;(20, 15);1;2715
6;0.25;;(9, 18);;(20, 15);1;2716
6;0.25;;(9, 18);;(20, 15);1;2717
6;0.25;;(9, 18);;(20, 15);1;2718
6;0.25;;(9, 18);;(20, 15);1;2719
6;0.25;;(9, 18);;(20, 15);1;2720
6;0.25;;(9, 18);;(20, 15);1;2721
6;0.25;;(9, 18);;(20, 15);1;2722
6;0.25;;(9, 18);;(20, 15);1;2723
6;0.25;;(9, 18);;(20, 15);1;2724
6;0.25;;(9, 18);;(20, 15);1;2725
6;0.25;;(9, 18);;(20, 15);1;2726
6;0.25;;(9, 18);;(20, 15);1;2727
6;0.25;;(9, 18);;(20, 15);1;2728
6;0.25;;(9, 18);;(20, 15);1;2729
6;0.25;;(9, 18);;(20, 15);1;2730
6;0.25;;(9, 18);;(20, 15);1;2731
6;0.25;;(9, 18);;(20, 15);1;2732
6;0.25;;(9, 18);;(20, 15);1;2733
6;0.25;;(9, 18);;(20, 15);1;2734
6;0.25;;(9, 18);;(20, 15);1;2735
6;0.25;;(9, 18);;(20, 15);1;2736
6;0.25;;(9, 18);;(20, 15);1;2737
6;0.25;;(9, 18);;(20, 15);1;2738
6;0.25;;(9, 18);;(20, 15);1;2739
6;0.25;;(9, 18);;(20, 15);1;2740
6;0.25;;(9, 18);;(20, 15);1;2741
6;0.25;;(9, 18);;(20, 15);1;2742
6;0.25;;(9, 18);;(20, 15);1;2743
6;0.25;;(9, 18);;(20, 15);1;2744
6;0.25;;(9, 18);;(20, 15);1;2745
6;0.25;;(9, 18);;(20, 15);1;2746
6;0.25;;(9, 18);;(20, 15);1;2747
6;0.25;;(9, 18);;(20, 15);1;2748
6;0.25;;(9, 18);;(20, 15);1;2749
6;0.25;;(9, 18);;(20, 15);1;2750
6;0.25;;(9, 18);;(20, 15);1;2751
6;0.25;;(9, 18);;(20, 15);1;2752
6;0.25;;(9, 18);;(20, 15);1;2753
6;0.25;;(9, 18);;(20, 15);1;2754
6;0.25;;(9, 18);;(20, 15);1;2755
6;0.25;;(9, 18);;(20, 15);1;2756
6;0.25;;(9, 18);;(20, 15);1;2757
6;0.25;;(9, 18);;(20, 15);1;2758
6;0.25;;(9, 18);;(20, 15);1;2759
6;0.25;;(9, 18);;(20, 15);1;2760
6;0.25;;(9, 18);;(20, 15);1;2761
6;0.25;;(9, 18);;(20, 15);1;2762
6;0.25;;(9, 18);;(20, 15);1;2763
6;0.25;;(9, 18);;(20, 15);1;2764
6;0.25;;(9, 18);;(20, 15);1;2765
6;0.25;;(9, 18);;(20, 15);1;2766
6;0.25;;(9, 18);;(20, 15);1;2767
6;0.25;;(9, 18);;(20, 15);1;2768
6;0.25;;(9, 18);;(20, 15);1;2769
6;0.25;;(9, 18);;(20, 15);1;2770
6;0.25;;(9, 18);;(20, 15);1;2771
6;0.25;;(9, 18);;(20, 15);1;2772
6;0.25;;(9, 18);;(20, 15);1;2773
6;0.25;;(9, 18);;(20, 15);1;2774
6;0.25;;(9, 18);;(20, 15);1;2775
6;0.25;;(9, 18);;(20, 15);1;2776
6;0.25;;(9, 18);;(20, 15);1;2777
6;0.25;;(9, 18);;(20, 15);1;2778
6;0.25;;(9, 18);;(20, 15);1;2779
6;0.25;;(9, 18);;(20, 15);1;2780
6;0.25;;(9, 18);;(20, 15);1;2781
6;0.25;;(9, 18);;(20, 15);1;2782
6;0.25;;(9, 18);;(20, 15);1;2783
6;0.25;;(9, 18);;(20, 15);1;2784
6;0.25;;(9, 18);;(20, 15);1;2785
6;0.25;;(9, 18);;(20, 15);1;2786
6;0.25;;(9, 18);;(20, 15);1;2787
6;0.25;;(9, 18);;(20, 15);1;2788
6;0.25;;(9, 18);;(20, 15);1;2789
6;0.25;;(9, 18);;(20, 15);1;2790
6;0.25;;(9, 18);;(20, 15);1;2791
6;0.25;;(9, 18);;(20, 15);1;2792
6;0.25;;(9, 18);;(20, 15);1;2793
6;0.25;;(9, 18);;(20, 15);1;2794
6;0.25;;(9, 18);;(20, 15);1;2795
6;0.25;;(9, 18);;(20, 15);1;2796
6;0.25;;(9, 18);;(20, 15);1;2797
6;0.25;;(9, 18);;(20, 15);1;2798
6;0.25;;(9, 18);;(20, 15);1;2799
6;0.25;;(9, 18);;(20, 15);1;2800
6;0.25;;(9, 18);;(20, 15);1;2801
6;0.25;;(9, 18);;(20, 15);1;2802
6;0.25;;(9, 18);;(20, 15);1;2803
6;0.25;;(9, 18);;(20, 15);1;2804
6;0.25;;(9, 18);;(20, 15);1;2805
6;0.25;;(9, 18);;(20, 15);1;2806
6;0.25;;(9, 18);;(20, 15);1;2807
6;0.25;;(9, 18);;(20, 15);1;2808
6;0.25;;(9, 18);;(20, 15);1;2809
6;0.25;;(9, 18);;(20, 15);1;2810
6;0.25;;(9, 18);;(20, 15);1;2811
6;0.25;;(9, 18);;(20, 15);1;2812
6;0.25;;(9, 18);;(20, 15);1;2813
6;0.25;;(9, 18);;(20, 15);1;2814
6;0.25;;(9, 18);;(20, 15);1;2815
6;0.25;;(9, 18);;(20, 15);1;2816
6;0.25;;(9, 18);;(20, 15);1;2817
6;0.25;;(9, 18);;(20, 15);1;2818
6;0.25;;(9, 18);;(20, 15);1;2819
6;0.25;;(9, 18);;(20, 15);1;2820
6;0.25;;(9, 18);;(20, 15);1;2821
6;0.25;;(9, 18);;(20, 15);1;2822
6;0.25;;(9, 18);;(20, 15);1;2823
6;0.25;;(9, 18);;(20, 15);1;2824
6;0.25;;(9, 18);;(20, 15);1;2825
6;0.25;;(9, 18);;(20, 15);1;2826
6;0.25;;(9, 18);;(20, 15);1;2827
6;0.25;;(9, 18);;(20, 15);1;2828
6;0.25;;(9, 18);;(20, 15);1;2829
6;0.25;;(9, 18);;(20, 15);1;2830
6;0.25;;(9, 18);;(20, 15);1;2831
6;0.25;;(9, 18);;(20, 15);1;2832
6;0.25;;(9, 18);;(20, 15);1;2833
6;0.25;;(9, 18);;(20, 15);1;2834
6;0.25;;(9, 18);;(20, 15);1;2835
6;0.25;;(9, 18);;(20, 15);1;2836
6;0.25;;(9, 18);;(20, 15);1;2837
6;0.25;;(9, 18);;(20, 15);1;2838
6;0.25;;(9, 18);;(20, 15);1;2839
6;0.25;;(9, 18);;(20, 15);1;2840
6;0.25;;(9, 18);;(20, 15);1;2841
6;0.25;;(9, 18);;(20, 15);1;2842
6;0.25;;(9, 18);;(20, 15);1;2843
6;0.25;;(9, 18);;(20, 15);1;2844
6;0.25;;(9, 18);;(20, 15);1;2845
6;0.25;;(9, 18);;(20, 15);1;2846
6;0.25;;(9, 18);;(20, 15);1;2847
6;0.25;;(9, 18);;(20, 15);1;2848
6;0.25;;(9, 18);;(20, 15);1;2849
6;0.25;;(9, 18);;(20, 15);1;2850
6;0.25;;(9, 18);;(20, 15);1;2851
6;0.25;;(9, 18);;(20, 15);1;2852
6;0.25;;(9, 18);;(20, 15);1;2853
6;0.25;;(9, 18);;(20, 15);1;2854
6;0.25;;(9, 18);;(20, 15);1;2855
6;0.25;;(9, 18);;(20, 15);1;2856
6;0.25;;(9, 18);;(20, 15);1;2857
6;0.25;;(9, 18);;(20, 15);1;2858
6;0.25;;(9, 18);;(20, 15);1;2859
6;0.25;;(9, 18);;(20, 15);1;2860
6;0.25;;(9, 18);;(20, 15);1;2861
6;0.25;;(9, 18);;(20, 15);1;2862
6;0.25;;(9, 18);;(20, 15);1;2863
6;0.25;;(9, 18);;(20, 15);1;2864
6;0.25;;(9, 18);;(20, 15);1;2865
6;0.25;;(9, 18);;(20, 15);1;2866
6;0.25;;(9, 18);;(20, 15);1;2867
6;0.25;;(9, 18);;(20, 15);1;2868
6;0.25;;(9, 18);;(20, 15);1;2869
6;0.25;;(9, 18);;(20, 15);1;2870
6;0.25;;(9, 18);;(20, 15);1;2871
6;0.25;;(9, 18);;(20, 15);1;2872
6;0.25;;(9, 18);;(20, 15);1;2873
6;0.25;;(9, 18);;(20, 15);1;2874
6;0.25;;(9, 18);;(20, 15);1;2875
6;0.25;;(9, 18);;(20, 15);1;2876
6;0.25;;(9, 18);;(20, 15);1;2877
6;0.25;;(9, 18);;(20, 15);1;2878
6;0.25;;(9, 18);;(20, 15);1;2879
6;0.25;;(9, 18);;(20, 15);1;2880
6;0.25;;(9, 18);;(20, 15);1;2881
6;0.25;;(9, 18);;(20, 15);1;2882
6;0.25;;(9, 18);;(20, 15);1;2883
6;0.25;;(9, 18);;(20, 15);1;2884
6;0.25;;(9, 18);;(20, 15);1;2885
6;0.25;;(9, 18);;(20, 15);1;2886
6;0.25;;(9, 18);;(20, 15);1;2887
6;0.25;;(9, 18);;(20, 15);1;2888
6;0.25;;(9, 18);;(20, 15);1;2889
6;0.25;;(9, 18);;(20, 15);1;2890
6;0.25;;(9, 18);;(20, 15);1;2891
6;0.25;;(9, 18);;(20, 15);1;2892
6;0.25;;(9, 18);;(20, 15);1;2893
6;0.25;;(9, 18);;(20, 15);1;2894
6;0.25;;(9, 18);;(20, 15);1;2895
6;0.25;;(9, 18);;(20, 15);1;2896
6;0.25;;(9, 18);;(20, 15);1;2897
6;0.25;;(9, 18);;(20, 15);1;2898
6;0.25;;(9, 18);;(20, 15);1;2899
6;0.25;;(9, 18);;(20, 15);1;2900
6;0.25;;(9, 18);;(20, 15);1;2901
6;0.25;;(9, 18);;(20, 15);1;2902
6;0.25;;(9, 18);;(20, 15);1;2903
6;0.25;;(9, 18);;(20, 15);1;2904
6;0.25;;(9, 18);;(20, 15);1;2905
6;0.25;;(9, 18);;(20, 15);1;2906
6;0.25;;(9, 18);;(20, 15);1;2907
6;0.25;;(9, 18);;(20, 15);1;2908
6;0.25;;(9, 18);;(20, 15);1;2909
6;0.25;;(9, 18);;(20, 15);1;2910
6;0.25;;(9, 18);;(20, 15);1;2911
6;0.25;;(9, 18);;(20, 15);1;2912
6;0.25;;(9, 18);;(20, 15);1;2913
6;0.25;;(9, 18);;(20, 15);1;2914
6;0.25;;(9, 18);;(20, 15);1;2915
6;0.25;;(9, 18);;(20, 15);1;2916
6;0.25;;(9, 18);;(20, 15);1;2917
6;0.25;;(9, 18);;(20, 15);1;2918
6;0.25;;(9, 18);;(20, 15);1;2919
6;0.25;;(9, 18);;(20, 15);1;2920
6;0.25;;(9, 18);;(20, 15);1;2921
6;0.25;;(9, 18);;(20, 15);1;2922
6;0.25;;(9, 18);;(20, 15);1;2923
6;0.25;;(9, 18);;(20, 15);1;2924
6;0.25;;(9, 18);;(20, 15);1;2925
6;0.25;;(9, 18);;(20, 15);1;2926
6;0.25;;(9, 18);;(20, 15);1;2927
6;0.25;;(9, 18);;(20, 15);1;2928
6;0.25;;(9, 18);;(20, 15);1;2929
6;0.25;;(9, 18);;(20, 15);1;2930
6;0.25;;(9, 18);;(20, 15);1;2931
6;0.25;;(9, 18);;(20, 15);1;2932
6;0.25;;(9, 18);;(20, 15);1;2933
6;0.25;;(9, 18);;(20, 15);1;2934
6;0.25;;(9, 18);;(20, 15);1;2935
6;0.25;;(9, 18);;(20, 15);1;2936
6;0.25;;(9, 18);;(20, 15);1;2937
6;0.25;;(9, 18);;(20, 15);1;2938
6;0.25;;(9, 18);;(20, 15);1;2939
6;0.25;;(9, 18);;(20, 15);1;2940
6;0.25;;(9, 18);;(20, 15);1;2941
6;0.25;;(9, 18);;(20, 15);1;2942
6;0.25;;(9, 18);;(20, 15);1;2943
6;0.25;;(9, 18);;(20, 15);1;2944
6;0.25;;(9, 18);;(20, 15);1;2945
6;0.25;;(9, 18);;(20, 15);1;2946
6;0.25;;(9, 18);;(20, 15);1;2947
6;0.25;;(9, 18);;(20, 15);1;2948
6;0.25;;(9, 18);;(20, 15);1;2949
6;0.25;;(9, 18);;(20, 15);1;2950
6;0.25;;(9, 18);;(20, 15);1;2951
6;0.25;;(9, 18);;(20, 15);1;2952
6;0.25;;(9, 18);;(20, 15);1;2953
6;0.25;;(9, 18);;(20, 15);1;2954
6;0.25;;(9, 18);;(20, 15);1;2955
6;0.25;;(9, 18);;(20, 15);1;2956
6;0.25;;(9, 18);;(20, 15);1;2957
6;0.25;;(9, 18);;(20, 15);1;2958
6;0.25;;(9, 18);;(20, 15);1;2959
6;0.25;;(9, 18);;(20, 15);1;2960
6;0.25;;(9, 18);;(20, 15);1;2961
6;0.25;;(9, 18);;(20, 15);1;2962
6;0.25;;(9, 18);;(20, 15);1;2963
6;0.25;;(9, 18);;(20, 15);1;2964
6;0.25;;(9, 18);;(20, 15);1;2965
6;0.25;;(9, 18);;(20, 15);1;2966
6;0.25;;(9, 18);;(20, 15);1;2967
6;0.25;;(9, 18);;(20, 15);1;2968
6;0.25;;(9, 18);;(20, 15);1;2969
6;0.25;;(9, 18);;(20, 15);1;2970
6;0.25;;(9, 18);;(20, 15);1;2971
6;0.25;;(9, 18);;(20, 15);1;2972
6;0.25;;(9, 18);;(20, 15);1;2973
6;0.25;;(9, 18);;(20, 15);1;2974
6;0.25;;(9, 18);;(20, 15);1;2975
6;0.25;;(9, 18);;(20, 15);1;2976
6;0.25;;(9, 18);;(20, 15);1;2977
6;0.25;;(9, 18);;(20, 15);1;2978
6;0.25;;(9, 18);;(20, 15);1;2979
6;0.25;;(9, 18);;(20, 15);1;2980
6;0.25;;(9, 18);;(20, 15);1;2981
6;0.25;;(9, 18);;(20, 15);1;2982
6;0.25;;(9, 18);;(20, 15);1;2983
6;0.25;;(9, 18);;(20, 15);1;2984
6;0.25;;(9, 18);;(20, 15);1;2985
6;0.25;;(9, 18);;(20, 15);1;2986
6;0.25;;(9, 18);;(20, 15);1;2987
6;0.25;;(9, 18);;(20, 15);1;2988
6;0.25;;(9, 18);;(20, 15);1;2989
6;0.25;;(9, 18);;(20, 15);1;2990
6;0.25;;(9, 18);;(20, 15);1;2991
6;0.25;;(9, 18);;(20, 15);1;2992
6;0.25;;(9, 18);;(20, 15);1;2993
6;0.25;;(9, 18);;(20, 15);1;2994
6;0.25;;(9, 18);;(20, 15);1;2995
6;0.25;;(9, 18);;(20, 15);1;2996
6;0.25;;(9, 18);;(20, 15);1;2997
6;0.25;;(9, 18);;(20, 15);1;2998
6;0.25;;(9, 18);;(20, 15);1;2999
6;0.25;;(9, 18);;(20, 15);1;3000
6;0.25;;(9, 18);;(20, 15);1;3001
6;0.25;;(9, 18);;(20, 15);1;3002
6;0.25;;(9, 18);;(20, 15);1;3003
6;0.25;;(9, 18);;(20, 15);1;3004
6;0.25;;(9, 18);;(20, 15);1;3005
6;0.25;;(9, 18);;(20, 15);1;3006
6;0.25;;(9, 18);;(20, 15);1;3007
6;0.25;;(9, 18);;(20, 15);1;3008
6;0.25;;(9, 18);;(20, 15);1;3009
6;0.25;;(9, 18);;(20, 15);1;3010
6;0.25;;(9, 18);;(20, 15);1;3011
6;0.25;;(9, 18);;(20, 15);1;3012
6;0.25;;(9, 18);;(20, 15);1;3013
6;0.25;;(9, 18);;(20, 15);1;3014
6;0.25;;(9, 18);;(20, 15);1;3015
6;0.25;;(9, 18);;(20, 15);1;3016
6;0.25;;(9, 18);;(20, 15);1;3017
6;0.25;;(9, 18);;(20, 15);1;3018
6;0.25;;(9, 18);;(20, 15);1;3019
6;0.25;;(9, 18);;(20, 15);1;3020
6;0.25;;(9, 18);;(20, 15);1;3021
6;0.25;;(9, 18);;(20, 15);1;3022
6;0.25;;(9, 18);;(20, 15);1;3023
6;0.25;;(9, 18);;(20, 15);1;3024
6;0.25;;(9, 18);;(20, 15);1;3025
6;0.25;;(9, 18);;(20, 15);1;3026
6;0.25;;(9, 18);;(20, 15);1;3027
6;0.25;;(9, 18);;(20, 15);1;3028
6;0.25;;(9, 18);;(20, 15);1;3029
6;0.25;;(9, 18);;(20, 15);1;3030
6;0.25;;(9, 18);;(20, 15);1;3031
6;0.25;;(9, 18);;(20, 15);1;3032
6;0.25;;(9, 18);;(20, 15);1;3033
6;0.25;;(9, 18);;(20, 15);1;3034
6;0.25;;(9, 18);;(20, 15);1;3035
6;0.25;;(9, 18);;(20, 15);1;3036
6;0.25;;(9, 18);;(20, 15);1;3037
6;0.25;;(9, 18);;(20, 15);1;3038
6;0.25;;(9, 18);;(20, 15);1;3039
6;0.25;;(9, 18);;(20, 15);1;3040
6;0.25;;(9, 18);;(20, 15);1;3041
6;0.25;;(9, 18);;(20, 15);1;3042
6;0.25;;(9, 18);;(20, 15);1;3043
6;0.25;;(9, 18);;(20, 15);1;3044
6;0.25;;(9, 18);;(20, 15);1;3045
6;0.25;;(9, 18);;(20, 15);1;3046
6;0.25;;(9, 18);;(20, 15);1;3047
6;0.25;;(9, 18);;(20, 15);1;3048
6;0.25;;(9, 18);;(20, 15);1;3049
6;0.25;;(9, 18);;(20, 15);1;3050
6;0.25;;(9, 18);;(20, 15);1;3051
6;0.25;;(9, 18);;(20, 15);1;3052
6;0.25;;(9, 18);;(20, 15);1;3053
6;0.25;;(9, 18);;(20, 15);1;3054
6;0.25;;(9, 18);;(20, 15);1;3055
6;0.25;;(9, 18);;(20, 15);1;3056
6;0.25;;(9, 18);;(20, 15);1;3057
6;0.25;;(9, 18);;(20, 15);1;3058
6;0.25;;(9, 18);;(20, 15);1;3059
6;0.25;;(9, 18);;(20, 15);1;3060
6;0.25;;(9, 18);;(20, 15);1;3061
6;0.25;;(9, 18);;(20, 15);1;3062
6;0.25;;(9, 18);;(20, 15);1;3063
6;0.25;;(9, 18);;(20, 15);1;3064
6;0.25;;(9, 18);;(20, 15);1;3065
6;0.25;;(9, 18);;(20, 15);1;3066
6;0.25;;(9, 18);;(20, 15);1;3067
6;0.25;;(9, 18);;(20, 15);1;3068
6;0.25;;(9, 18);;(20, 15);1;3069
6;0.25;;(9, 18);;(20, 15);1;3070
6;0.25;;(9, 18);;(20, 15);1;3071
6;0.25;;(9, 18);;(20, 15);1;3072
6;0.25;;(9, 18);;(20, 15);1;3073
6;0.25;;(9, 18);;(20, 15);1;3074
6;0.25;;(9, 18);;(20, 15);1;3075
6;0.25;;(9, 18);;(20, 15);1;3076
6;0.25;;(9, 18);;(20, 15);1;3077
6;0.25;;(9, 18);;(20, 15);1;3078
6;0.25;;(9, 18);;(20, 15);1;3079
6;0.25;;(9, 18);;(20, 15);1;3080
6;0.25;;(9, 18);;(20, 15);1;3081
6;0.25;;(9, 18);;(20, 15);1;3082
6;0.25;;(9, 18);;(20, 15);1;3083
6;0.25;;(9, 18);;(20, 15);1;3084
6;0.25;;(9, 18);;(20, 15);1;3085
6;0.25;;(9, 18);;(20, 15);1;3086
6;0.25;;(9, 18);;(20, 15);1;3087
6;0.25;;(9, 18);;(20, 15);1;3088
6;0.25;;(9, 18);;(20, 15);1;3089
6;0.25;;(9, 18);;(20, 15);1;3090
6;0.25;;(9, 18);;(20, 15);1;3091
6;0.25;;(9, 18);;(20, 15);1;3092
6;0.25;;(9, 18);;(20, 15);1;3093
6;0.25;;(9, 18);;(20, 15);1;3094
6;0.25;;(9, 18);;(20, 15);1;3095
6;0.25;;(9, 18);;(20, 15);1;3096
6;0.25;;(9, 18);;(20, 15);1;3097
6;0.25;;(9, 18);;(20, 15);1;3098
6;0.25;;(9, 18);;(20, 15);1;3099
6;0.25;;(9, 18);;(20, 15);1;3100
6;0.25;;(9, 18);;(20, 15);1;3101
6;0.25;;(9, 18);;(20, 15);1;3102
6;0.25;;(9, 18);;(20, 15);1;3103
6;0.25;;(9, 18);;(20, 15);1;3104
6;0.25;;(9, 18);;(20, 15);1;3105
6;0.25;;(9, 18);;(20, 15);1;3106
6;0.25;;(9, 18);;(20, 15);1;3107
6;0.25;;(9, 18);;(20, 15);1;3108
6;0.25;;(9, 18);;(20, 15);1;3109
6;0.25;;(9, 18);;(20, 15);1;3110
6;0.25;;(9, 18);;(20, 15);1;3111
6;0.25;;(9, 18);;(20, 15);1;3112
6;0.25;;(9, 18);;(20, 15);1;3113
6;0.25;;(9, 18);;(20, 15);1;3114
6;0.25;;(9, 18);;(20, 15);1;3115
6;0.25;;(9, 18);;(20, 15);1;3116
6;0.25;;(9, 18);;(20, 15);1;3117
6;0.25;;(9, 18);;(20, 15);1;3118
6;0.25;;(9, 18);;(20, 15);1;3119
6;0.25;;(9, 18);;(20, 15);1;3120
6;0.25;;(9, 18);;(20, 15);1;3121
6;0.25;;(9, 18);;(20, 15);1;3122
6;0.25;;(9, 18);;(20, 15);1;3123
6;0.25;;(9, 18);;(20, 15);1;3124
6;0.25;;(9, 18);;(20, 15);1;3125
6;0.25;;(9, 18);;(20, 15);1;3126
6;0.25;;(9, 18);;(20, 15);1;3127
6;0.25;;(9, 18);;(20, 15);1;3128
6;0.25;;(9, 18);;(20, 15);1;3129
6;0.25;;(9, 18);;(20, 15);1;3130
6;0.25;;(9, 18);;(20, 15);1;3131
6;0.25;;(9, 18);;(20, 15);1;3132
6;0.25;;(9, 18);;(20, 15);1;3133
6;0.25;;(9, 18);;(20, 15);1;3134
6;0.25;;(9, 18);;(20, 15);1;3135
6;0.25;;(9, 18);;(20, 15);1;3136
6;0.25;;(9, 18);;(20, 15);1;3137
6;0.25;;(9, 18);;(20, 15);1;3138
6;0.25;;(9, 18);;(20, 15);1;3139
6;0.25;;(9, 18);;(20, 15);1;3140
6;0.25;;(9, 18);;(20, 15);1;3141
6;0.25;;(9, 18);;(20, 15);1;3142
6;0.25;;(9, 18);;(20, 15);1;3143
6;0.25;;(9, 18);;(20, 15);1;3144
6;0.25;;(9, 18);;(20, 15);1;3145
6;0.25;;(9, 18);;(20, 15);1;3146
6;0.25;;(9, 18);;(20, 15);1;3147
6;0.25;;(9, 18);;(20, 15);1;3148
6;0.25;;(9, 18);;(20, 15);1;3149
6;0.25;;(9, 18);;(20, 15);1;3150
6;0.25;;(9, 18);;(20, 15);1;3151
6;0.25;;(9, 18);;(20, 15);1;3152
6;0.25;;(9, 18);;(20, 15);1;3153
6;0.25;;(9, 18);;(20, 15);1;3154
6;0.25;;(9, 18);;(20, 15);1;3155
6;0.25;;(9, 18);;(20, 15);1;3156
6;0.25;;(9, 18);;(20, 15);1;3157
6;0.25;;(9, 18);;(20, 15);1;3158
6;0.25;;(9, 18);;(20, 15);1;3159
6;0.25;;(9, 18);;(20, 15);1;3160
6;0.25;;(9, 18);;(20, 15);1;3161
6;0.25;;(9, 18);;(20, 15);1;3162
6;0.25;;(9, 18);;(20, 15);1;3163
6;0.25;;(9, 18);;(20, 15);1;3164
6;0.25;;(9, 18);;(20, 15);1;3165
6;0.25;;(9, 18);;(20, 15);1;3166
6;0.25;;(9, 18);;(20, 15);1;3167
6;0.25;;(9, 18);;(20, 15);1;3168
6;0.25;;(9, 18);;(20, 15);1;3169
6;0.25;;(9, 18);;(20, 15);1;3170
6;0.25;;(9, 18);;(20, 15);1;3171
6;0.25;;(9, 18);;(20, 15);1;3172
6;0.25;;(9, 18);;(20, 15);1;3173
6;0.25;;(9, 18);;(20, 15);1;3174
6;0.25;;(9, 18);;(20, 15);1;3175
6;0.25;;(9, 18);;(20, 15);1;3176
6;0.25;;(9, 18);;(20, 15);1;3177
6;0.25;;(9, 18);;(20, 15);1;3178
6;0.25;;(9, 18);;(20, 15);1;3179
6;0.25;;(9, 18);;(20, 15);1;3180
6;0.25;;(9, 18);;(20, 15);1;3181
6;0.25;;(9, 18);;(20, 15);1;3182
6;0.25;;(9, 18);;(20, 15);1;3183
6;0.25;;(9, 18);;(20, 15);1;3184
6;0.25;;(9, 18);;(20, 15);1;3185
6;0.25;;(9, 18);;(20, 15);1;3186
6;0.25;;(9, 18);;(20, 15);1;3187
6;0.25;;(9, 18);;(20, 15);1;3188
6;0.25;;(9, 18);;(20, 15);1;3189
6;0.25;;(9, 18);;(20, 15);1;3190
6;0.25;;(9, 18);;(20, 15);1;3191
6;0.25;;(9, 18);;(20, 15);1;3192
6;0.25;;(9, 18);;(20, 15);1;3193
6;0.25;;(9, 18);;(20, 15);1;3194
6;0.25;;(9, 18);;(20, 15);1;3195
6;0.25;;(9, 18);;(20, 15);1;3196
6;0.25;;(9, 18);;(20, 15);1;3197
6;0.25;;(9, 18);;(20, 15);1;3198
6;0.25;;(9, 18);;(20, 15);1;3199
6;0.25;;(9, 18);;(20, 15);1;3200
6;0.25;;(9, 18);;(20, 15);1;3201
6;0.25;;(9, 18);;(20, 15);1;3202
6;0.25;;(9, 18);;(20, 15);1;3203
6;0.25;;(9, 18);;(20, 15);1;3204
6;0.25;;(9, 18);;(20, 15);1;3205
6;0.25;;(9, 18);;(20, 15);1;3206
6;0.25;;(9, 18);;(20, 15);1;3207
6;0.25;;(9, 18);;(20, 15);1;3208
6;0.25;;(9, 18);;(20, 15);1;3209
6;0.25;;(9, 18);;(20, 15);1;3210
6;0.25;;(9, 18);;(20, 15);1;3211
6;0.25;;(9, 18);;(20, 15);1;3212
6;0.25;;(9, 18);;(20, 15);1;3213
6;0.25;;(9, 18);;(20, 15);1;3214
6;0.25;;(9, 18);;(20, 15);1;3215
6;0.25;;(9, 18);;(20, 15);1;3216
6;0.25;;(9, 18);;(20, 15);1;3217
6;0.25;;(9, 18);;(20, 15);1;3218
6;0.25;;(9, 18);;(20, 15);1;3219
6;0.25;;(9, 18);;(20, 15);1;3220
6;0.25;;(9, 18);;(20, 15);1;3221
6;0.25;;(9, 18);;(20, 15);1;3222
6;0.25;;(9, 18);;(20, 15);1;3223
6;0.25;;(9, 18);;(20, 15);1;3224
6;0.25;;(9, 18);;(20, 15);1;3225
6;0.25;;(9, 18);;(20, 15);1;3226
6;0.25;;(9, 18);;(20, 15);1;3227
6;0.25;;(9, 18);;(20, 15);1;3228
6;0.25;;(9, 18);;(20, 15);1;3229
6;0.25;;(9, 18);;(20, 15);1;3230
6;0.25;;(9, 18);;(20, 15);1;3231
6;0.25;;(9, 18);;(20, 15);1;3232
6;0.25;;(9, 18);;(20, 15);1;3233
6;0.25;;(9, 18);;(20, 15);1;3234
6;0.25;;(9, 18);;(20, 15);1;3235
6;0.25;;(9, 18);;(20, 15);1;3236
6;0.25;;(9, 18);;(20, 15);1;3237
6;0.25;;(9, 18);;(20, 15);1;3238
6;0.25;;(9, 18);;(20, 15);1;3239
6;0.25;;(9, 18);;(20, 15);1;3240
6;0.25;;(9, 18);;(20, 15);1;3241
6;0.25;;(9, 18);;(20, 15);1;3242
6;0.25;;(9, 18);;(20, 15);1;3243
6;0.25;;(9, 18);;(20, 15);1;3244
6;0.25;;(9, 18);;(20, 15);1;3245
6;0.25;;(9, 18);;(20, 15);1;3246
6;0.25;;(9, 18);;(20, 15);1;3247
6;0.25;;(9, 18);;(20, 15);1;3248
6;0.25;;(9, 18);;(20, 15);1;3249
6;0.25;;(9, 18);;(20, 15);1;3250
6;0.25;;(9, 18);;(20, 15);1;3251
6;0.25;;(9, 18);;(20, 15);1;3252
6;0.25;;(9, 18);;(20, 15);1;3253
6;0.25;;(9, 18);;(20, 15);1;3254
6;0.25;;(9, 18);;(20, 15);1;3255
6;0.25;;(9, 18);;(20, 15);1;3256
6;0.25;;(9, 18);;(20, 15);1;3257
6;0.25;;(9, 18);;(20, 15);1;3258
6;0.25;;(9, 18);;(20, 15);1;3259
6;0.25;;(9, 18);;(20, 15);1;3260
6;0.25;;(9, 18);;(20, 15);1;3261
6;0.25;;(9, 18);;(20, 15);1;3262
6;0.25;;(9, 18);;(20, 15);1;3263
6;0.25;;(9, 18);;(20, 15);1;3264
6;0.25;;(9, 18);;(20, 15);1;3265
6;0.25;;(9, 18);;(20, 15);1;3266
6;0.25;;(9, 18);;(20, 15);1;3267
6;0.25;;(9, 18);;(20, 15);1;3268
6;0.25;;(9, 18);;(20, 15);1;3269
6;0.25;;(9, 18);;(20, 15);1;3270
6;0.25;;(9, 18);;(20, 15);1;3271
6;0.25;;(9, 18);;(20, 15);1;3272
6;0.25;;(9, 18);;(20, 15);1;3273
6;0.25;;(9, 18);;(20, 15);1;3274
6;0.25;;(9, 18);;(20, 15);1;3275
6;0.25;;(9, 18);;(20, 15);1;3276
6;0.25;;(9, 18);;(20, 15);1;3277
6;0.25;;(9, 18);;(20, 15);1;3278
6;0.25;;(9, 18);;(20, 15);1;3279
6;0.25;;(9, 18);;(20, 15);1;3280
6;0.25;;(9, 18);;(20, 15);1;3281
6;0.25;;(9, 18);;(20, 15);1;3282
6;0.25;;(9, 18);;(20, 15);1;3283
6;0.25;;(9, 18);;(20, 15);1;3284
6;0.25;;(9, 18);;(20, 15);1;3285
6;0.25;;(9, 18);;(20, 15);1;3286
6;0.25;;(9, 18);;(20, 15);1;3287
6;0.25;;(9, 18);;(20, 15);1;3288
6;0.25;;(9, 18);;(20, 15);1;3289
6;0.25;;(9, 18);;(20, 15);1;3290
6;0.25;;(9, 18);;(20, 15);1;3291
6;0.25;;(9, 18);;(20, 15);1;3292
6;0.25;;(9, 18);;(20, 15);1;3293
6;0.25;;(9, 18);;(20, 15);1;3294
6;0.25;;(9, 18);;(20, 15);1;3295
6;0.25;;(9, 18);;(20, 15);1;3296
6;0.25;;(9, 18);;(20, 15);1;3297
6;0.25;;(9, 18);;(20, 15);1;3298
6;0.25;;(9, 18);;(20, 15);1;3299
6;0.25;;(9, 18);;(20, 15);1;3300
6;0.25;;(9, 18);;(20, 15);1;3301
6;0.25;;(9, 18);;(20, 15);1;3302
6;0.25;;(9, 18);;(20, 15);1;3303
6;0.25;;(9, 18);;(20, 15);1;3304
6;0.25;;(9, 18);;(20, 15);1;3305
6;0.25;;(9, 18);;(20, 15);1;3306
6;0.25;;(9, 18);;(20, 15);1;3307
6;0.25;;(9, 18);;(20, 15);1;3308
6;0.25;;(9, 18);;(20, 15);1;3309
6;0.25;;(9, 18);;(20, 15);1;3310
6;0.25;;(9, 18);;(20, 15);1;3311
6;0.25;;(9, 18);;(20, 15);1;3312
6;0.25;;(9, 18);;(20, 15);1;3313
6;0.25;;(9, 18);;(20, 15);1;3314
6;0.25;;(9, 18);;(20, 15);1;3315
6;0.25;;(9, 18);;(20, 15);1;3316
6;0.25;;(9, 18);;(20, 15);1;3317
6;0.25;;(9, 18);;(20, 15);1;3318
6;0.25;;(9, 18);;(20, 15);1;3319
6;0.25;;(9, 18);;(20, 15);1;3320
6;0.25;;(9, 18);;(20, 15);1;3321
6;0.25;;(9, 18);;(20, 15);1;3322
6;0.25;;(9, 18);;(20, 15);1;3323
6;0.25;;(9, 18);;(20, 15);1;3324
6;0.25;;(9, 18);;(20, 15);1;3325
6;0.25;;(9, 18);;(20, 15);1;3326
6;0.25;;(9, 18);;(20, 15);1;3327
6;0.25;;(9, 18);;(20, 15);1;3328
6;0.25;;(9, 18);;(20, 15);1;3329
6;0.25;;(9, 18);;(20, 15);1;3330
6;0.25;;(9, 18);;(20, 15);1;3331
6;0.25;;(9, 18);;(20, 15);1;3332
6;0.25;;(9, 18);;(20, 15);1;3333
6;0.25;;(9, 18);;(20, 15);1;3334
6;0.25;;(9, 18);;(20, 15);1;3335
6;0.25;;(9, 18);;(20, 15);1;3336
6;0.25;;(9, 18);;(20, 15);1;3337
6;0.25;;(9, 18);;(20, 15);1;3338
6;0.25;;(9, 18);;(20, 15);1;3339
6;0.25;;(9, 18);;(20, 15);1;3340
6;0.25;;(9, 18);;(20, 15);1;3341
6;0.25;;(9, 18);;(20, 15);1;3342
6;0.25;;(9, 18);;(20, 15);1;3343
6;0.25;;(9, 18);;(20, 15);1;3344
6;0.25;;(9, 18);;(20, 15);1;3345
6;0.25;;(9, 18);;(20, 15);1;3346
6;0.25;;(9, 18);;(20, 15);1;3347
6;0.25;;(9, 18);;(20, 15);1;3348
6;0.25;;(9, 18);;(20, 15);1;3349
6;0.25;;(9, 18);;(20, 15);1;3350
6;0.25;;(9, 18);;(20, 15);1;3351
6;0.25;;(9, 18);;(20, 15);1;3352
6;0.25;;(9, 18);;(20, 15);1;3353
6;0.25;;(9, 18);;(20, 15);1;3354
6;0.25;;(9, 18);;(20, 15);1;3355
6;0.25;;(9, 18);;(20, 15);1;3356
6;0.25;;(9, 18);;(20, 15);1;3357
6;0.25;;(9, 18);;(20, 15);1;3358
6;0.25;;(9, 18);;(20, 15);1;3359
6;0.25;;(9, 18);;(20, 15);1;3360
6;0.25;;(9, 18);;(20, 15);1;3361
6;0.25;;(9, 18);;(20, 15);1;3362
6;0.25;;(9, 18);;(20, 15);1;3363
6;0.25;;(9, 18);;(20, 15);1;3364
6;0.25;;(9, 18);;(20, 15);1;3365
6;0.25;;(9, 18);;(20, 15);1;3366
6;0.25;;(9, 18);;(20, 15);1;3367
6;0.25;;(9, 18);;(20, 15);1;3368
6;0.25;;(9, 18);;(20, 15);1;3369
6;0.25;;(9, 18);;(20, 15);1;3370
6;0.25;;(9, 18);;(20, 15);1;3371
6;0.25;;(9, 18);;(20, 15);1;3372
6;0.25;;(9, 18);;(20, 15);1;3373
6;0.25;;(9, 18);;(20, 15);1;3374
6;0.25;;(9, 18);;(20, 15);1;3375
6;0.25;;(9, 18);;(20, 15);1;3376
6;0.25;;(9, 18);;(20, 15);1;3377
6;0.25;;(9, 18);;(20, 15);1;3378
6;0.25;;(9, 18);;(20, 15);1;3379
6;0.25;;(9, 18);;(20, 15);1;3380
6;0.25;;(9, 18);;(20, 15);1;3381
6;0.25;;(9, 18);;(20, 15);1;3382
6;0.25;;(9, 18);;(20, 15);1;3383
6;0.25;;(9, 18);;(20, 15);1;3384
6;0.25;;(9, 18);;(20, 15);1;3385
6;0.25;;(9, 18);;(20, 15);1;3386
6;0.25;;(9, 18);;(20, 15);1;3387
6;0.25;;(9, 18);;(20, 15);1;3388
6;0.25;;(9, 18);;(20, 15);1;3389
6;0.25;;(9, 18);;(20, 15);1;3390
6;0.25;;(9, 18);;(20, 15);1;3391
6;0.25;;(9, 18);;(20, 15);1;3392
6;0.25;;(9, 18);;(20, 15);1;3393
6;0.25;;(9, 18);;(20, 15);1;3394
6;0.25;;(9, 18);;(20, 15);1;3395
6;0.25;;(9, 18);;(20, 15);1;3396
6;0.25;;(9, 18);;(20, 15);1;3397
6;0.25;;(9, 18);;(20, 15);1;3398
6;0.25;;(9, 18);;(20, 15);1;3399
6;0.25;;(9, 18);;(20, 15);1;3400
6;0.25;;(9, 18);;(20, 15);1;3401
6;0.25;;(9, 18);;(20, 15);1;3402
6;0.25;;(9, 18);;(20, 15);1;3403
6;0.25;;(9, 18);;(20, 15);1;3404
6;0.25;;(9, 18);;(20, 15);1;3405
6;0.25;;(9, 18);;(20, 15);1;3406
6;0.25;;(9, 18);;(20, 15);1;3407
6;0.25;;(9, 18);;(20, 15);1;3408
6;0.25;;(9, 18);;(20, 15);1;3409
6;0.25;;(9, 18);;(20, 15);1;3410
6;0.25;;(9, 18);;(20, 15);1;3411
6;0.25;;(9, 18);;(20, 15);1;3412
6;0.25;;(9, 18);;(20, 15);1;3413
6;0.25;;(9, 18);;(20, 15);1;3414
6;0.25;;(9, 18);;(20, 15);1;3415
6;0.25;;(9, 18);;(20, 15);1;3416
6;0.25;;(9, 18);;(20, 15);1;3417
6;0.25;;(9, 18);;(20, 15);1;3418
6;0.25;;(9, 18);;(20, 15);1;3419
6;0.25;;(9, 18);;(20, 15);1;3420
6;0.25;;(9, 18);;(20, 15);1;3421
6;0.25;;(9, 18);;(20, 15);1;3422
6;0.25;;(9, 18);;(20, 15);1;3423
6;0.25;;(9, 18);;(20, 15);1;3424
6;0.25;;(9, 18);;(20, 15);1;3425
6;0.25;;(9, 18);;(20, 15);1;3426
6;0.25;;(9, 18);;(20, 15);1;3427
6;0.25;;(9, 18);;(20, 15);1;3428
6;0.25;;(9, 18);;(20, 15);1;3429
6;0.25;;(9, 18);;(20, 15);1;3430
6;0.25;;(9, 18);;(20, 15);1;3431
6;0.25;;(9, 18);;(20, 15);1;3432
6;0.25;;(9, 18);;(20, 15);1;3433
6;0.25;;(9, 18);;(20, 15);1;3434
6;0.25;;(9, 18);;(20, 15);1;3435
6;0.25;;(9, 18);;(20, 15);1;3436
6;0.25;;(9, 18);;(20, 15);1;3437
6;0.25;;(9, 18);;(20, 15);1;3438
6;0.25;;(9, 18);;(20, 15);1;3439
6;0.25;;(9, 18);;(20, 15);1;3440
6;0.25;;(9, 18);;(20, 15);1;3441
6;0.25;;(9, 18);;(20, 15);1;3442
6;0.25;;(9, 18);;(20, 15);1;3443
6;0.25;;(9, 18);;(20, 15);1;3444
6;0.25;;(9, 18);;(20, 15);1;3445
6;0.25;;(9, 18);;(20, 15);1;3446
6;0.25;;(9, 18);;(20, 15);1;3447
6;0.25;;(9, 18);;(20, 15);1;3448
6;0.25;;(9, 18);;(20, 15);1;3449
6;0.25;;(9, 18);;(20, 15);1;3450
6;0.25;;(9, 18);;(20, 15);1;3451
6;0.25;;(9, 18);;(20, 15);1;3452
6;0.25;;(9, 18);;(20, 15);1;3453
6;0.25;;(9, 18);;(20, 15);1;3454
6;0.25;;(9, 18);;(20, 15);1;3455
6;0.25;;(9, 18);;(20, 15);1;3456
6;0.25;;(9, 18);;(20, 15);1;3457
6;0.25;;(9, 18);;(20, 15);1;3458
6;0.25;;(9, 18);;(20, 15);1;3459
6;0.25;;(9, 18);;(20, 15);1;3460
6;0.25;;(9, 18);;(20, 15);1;3461
6;0.25;;(9, 18);;(20, 15);1;3462
6;0.25;;(9, 18);;(20, 15);1;3463
6;0.25;;(9, 18);;(20, 15);1;3464
6;0.25;;(9, 18);;(20, 15);1;3465
6;0.25;;(9, 18);;(20, 15);1;3466
6;0.25;;(9, 18);;(20, 15);1;3467
6;0.25;;(9, 18);;(20, 15);1;3468
6;0.25;;(9, 18);;(20, 15);1;3469
6;0.25;;(9, 18);;(20, 15);1;3470
6;0.25;;(9, 18);;(20, 15);1;3471
6;0.25;;(9, 18);;(20, 15);1;3472
6;0.25;;(9, 18);;(20, 15);1;3473
6;0.25;;(9, 18);;(20, 15);1;3474
6;0.25;;(9, 18);;(20, 15);1;3475
6;0.25;;(9, 18);;(20, 15);1;3476
6;0.25;;(9, 18);;(20, 15);1;3477
6;0.25;;(9, 18);;(20, 15);1;3478
6;0.25;;(9, 18);;(20, 15);1;3479
6;0.25;;(9, 18);;(20, 15);1;3480
6;0.25;;(9, 18);;(20, 15);1;3481
6;0.25;;(9, 18);;(20, 15);1;3482
6;0.25;;(9, 18);;(20, 15);1;3483
6;0.25;;(9, 18);;(20, 15);1;3484
6;0.25;;(9, 18);;(20, 15);1;3485
6;0.25;;(9, 18);;(20, 15);1;3486
6;0.25;;(9, 18);;(20, 15);1;3487
6;0.25;;(9, 18);;(20, 15);1;3488
6;0.25;;(9, 18);;(20, 15);1;3489
6;0.25;;(9, 18);;(20, 15);1;3490
6;0.25;;(9, 18);;(20, 15);1;3491
6;0.25;;(9, 18);;(20, 15);1;3492
6;0.25;;(9, 18);;(20, 15);1;3493
6;0.25;;(9, 18);;(20, 15);1;3494
6;0.25;;(9, 18);;(20, 15);1;3495
6;0.25;;(9, 18);;(20, 15);1;3496
6;0.25;;(9, 18);;(20, 15);1;3497
6;0.25;;(9, 18);;(20, 15);1;3498
6;0.25;;(9, 18);;(20, 15);1;3499
6;0.25;;(9, 18);;(20, 15);1;3500
6;0.25;;(9, 18);;(20, 15);1;3501
6;0.25;;(9, 18);;(20, 15);1;3502
6;0.25;;(9, 18);;(20, 15);1;3503
6;0.25;;(9, 18);;(20, 15);1;3504
6;0.25;;(9, 18);;(20, 15);1;3505
6;0.25;;(9, 18);;(20, 15);1;3506
6;0.25;;(9, 18);;(20, 15);1;3507
6;0.25;;(9, 18);;(20, 15);1;3508
6;0.25;;(9, 18);;(20, 15);1;3509
6;0.25;;(9, 18);;(20, 15);1;3510
6;0.25;;(9, 18);;(20, 15);1;3511
6;0.25;;(9, 18);;(20, 15);1;3512
6;0.25;;(9, 18);;(20, 15);1;3513
6;0.25;;(9, 18);;(20, 15);1;3514
6;0.25;;(9, 18);;(20, 15);1;3515
6;0.25;;(9, 18);;(20, 15);1;3516
6;0.25;;(9, 18);;(20, 15);1;3517
6;0.25;;(9, 18);;(20, 15);1;3518
6;0.25;;(9, 18);;(20, 15);1;3519
6;0.25;;(9, 18);;(20, 15);1;3520
6;0.25;;(9, 18);;(20, 15);1;3521
6;0.25;;(9, 18);;(20, 15);1;3522
6;0.25;;(9, 18);;(20, 15);1;3523
6;0.25;;(9, 18);;(20, 15);1;3524
6;0.25;;(9, 18);;(20, 15);1;3525
6;0.25;;(9, 18);;(20, 15);1;3526
6;0.25;;(9, 18);;(20, 15);1;3527
6;0.25;;(9, 18);;(20, 15);1;3528
6;0.25;;(9, 18);;(20, 15);1;3529
6;0.25;;(9, 18);;(20, 15);1;3530
6;0.25;;(9, 18);;(20, 15);1;3531
6;0.25;;(9, 18);;(20, 15);1;3532
6;0.25;;(9, 18);;(20, 15);1;3533
6;0.25;;(9, 18);;(20, 15);1;3534
6;0.25;;(9, 18);;(20, 15);1;3535
6;0.25;;(9, 18);;(20, 15);1;3536
6;0.25;;(9, 18);;(20, 15);1;3537
6;0.25;;(9, 18);;(20, 15);1;3538
6;0.25;;(9, 18);;(20, 15);1;3539
6;0.25;;(9, 18);;(20, 15);1;3540
6;0.25;;(9, 18);;(20, 15);1;3541
6;0.25;;(9, 18);;(20, 15);1;3542
6;0.25;;(9, 18);;(20, 15);1;3543
6;0.25;;(9, 18);;(20, 15);1;3544
6;0.25;;(9, 18);;(20, 15);1;3545
6;0.25;;(9, 18);;(20, 15);1;3546
6;0.25;;(9, 18);;(20, 15);1;3547
6;0.25;;(9, 18);;(20, 15);1;3548
6;0.25;;(9, 18);;(20, 15);1;3549
6;0.25;;(9, 18);;(20, 15);1;3550
6;0.25;;(9, 18);;(20, 15);1;3551
6;0.25;;(9, 18);;(20, 15);1;3552
6;0.25;;(9, 18);;(20, 15);1;3553
6;0.25;;(9, 18);;(20, 15);1;3554
6;0.25;;(9, 18);;(20, 15);1;3555
6;0.25;;(9, 18);;(20, 15);1;3556
6;0.25;;(9, 18);;(20, 15);1;3557
6;0.25;;(9, 18);;(20, 15);1;3558
6;0.25;;(9, 18);;(20, 15);1;3559
6;0.25;;(9, 18);;(20, 15);1;3560
6;0.25;;(9, 18);;(20, 15);1;3561
6;0.25;;(9, 18);;(20, 15);1;3562
6;0.25;;(9, 18);;(20, 15);1;3563
6;0.25;;(9, 18);;(20, 15);1;3564
6;0.25;;(9, 18);;(20, 15);1;3565
6;0.25;;(9, 18);;(20, 15);1;3566
6;0.25;;(9, 18);;(20, 15);1;3567
6;0.25;;(9, 18);;(20, 15);1;3568
6;0.25;;(9, 18);;(20, 15);1;3569
6;0.25;;(9, 18);;(20, 15);1;3570
6;0.25;;(9, 18);;(20, 15);1;3571
6;0.25;;(9, 18);;(20, 15);1;3572
6;0.25;;(9, 18);;(20, 15);1;3573
6;0.25;;(9, 18);;(20, 15);1;3574
6;0.25;;(9, 18);;(20, 15);1;3575
6;0.25;;(9, 18);;(20, 15);1;3576
6;0.25;;(9, 18);;(20, 15);1;3577
6;0.25;;(9, 18);;(20, 15);1;3578
6;0.25;;(9, 18);;(20, 15);1;3579
6;0.25;;(9, 18);;(20, 15);1;3580
6;0.25;;(9, 18);;(20, 15);1;3581
6;0.25;;(9, 18);;(20, 15);1;3582
6;0.25;;(9, 18);;(20, 15);1;3583
6;0.25;;(9, 18);;(20, 15);1;3584
6;0.25;;(9, 18);;(20, 15);1;3585
6;0.25;;(9, 18);;(20, 15);1;3586
6;0.25;;(9, 18);;(20, 15);1;3587
6;0.25;;(9, 18);;(20, 15);1;3588
6;0.25;;(9, 18);;(20, 15);1;3589
6;0.25;;(9, 18);;(20, 15);1;3590
6;0.25;;(9, 18);;(20, 15);1;3591
6;0.25;;(9, 18);;(20, 15);1;3592
6;0.25;;(9, 18);;(20, 15);1;3593
6;0.25;;(9, 18);;(20, 15);1;3594
6;0.25;;(9, 18);;(20, 15);1;3595
6;0.25;;(9, 18);;(20, 15);1;3596
6;0.25;;(9, 18);;(20, 15);1;3597
6;0.25;;(9, 18);;(20, 15);1;3598
6;0.25;;(9, 18);;(20, 15);1;3599
6;0.25;;(9, 18);;(20, 15);1;3600
6;0.25;;(9, 18);;(20, 15);1;3601
6;0.25;;(9, 18);;(20, 15);1;3602
6;0.25;;(9, 18);;(20, 15);1;3603
6;0.25;;(9, 18);;(20, 15);1;3604
6;0.25;;(9, 18);;(20, 15);1;3605
6;0.25;;(9, 18);;(20, 15);1;3606
6;0.25;;(9, 18);;(20, 15);1;3607
6;0.25;;(9, 18);;(20, 15);1;3608
6;0.25;;(9, 18);;(20, 15);1;3609
6;0.25;;(9, 18);;(20, 15);1;3610
6;0.25;;(9, 18);;(20, 15);1;3611
6;0.25;;(9, 18);;(20, 15);1;3612
6;0.25;;(9, 18);;(20, 15);1;3613
6;0.25;;(9, 18);;(20, 15);1;3614
6;0.25;;(9, 18);;(20, 15);1;3615
6;0.25;;(9, 18);;(20, 15);1;3616
6;0.25;;(9, 18);;(20, 15);1;3617
6;0.25;;(9, 18);;(20, 15);1;3618
6;0.25;;(9, 18);;(20, 15);1;3619
6;0.25;;(9, 18);;(20, 15);1;3620
6;0.25;;(9, 18);;(20, 15);1;3621
6;0.25;;(9, 18);;(20, 15);1;3622
6;0.25;;(9, 18);;(20, 15);1;3623
6;0.25;;(9, 18);;(20, 15);1;3624
6;0.25;;(9, 18);;(20, 15);1;3625
6;0.25;;(9, 18);;(20, 15);1;3626
6;0.25;;(9, 18);;(20, 15);1;3627
6;0.25;;(9, 18);;(20, 15);1;3628
6;0.25;;(9, 18);;(20, 15);1;3629
6;0.25;;(9, 18);;(20, 15);1;3630
6;0.25;;(9, 18);;(20, 15);1;3631
6;0.25;;(9, 18);;(20, 15);1;3632
6;0.25;;(9, 18);;(20, 15);1;3633
6;0.25;;(9, 18);;(20, 15);1;3634
6;0.25;;(9, 18);;(20, 15);1;3635
6;0.25;;(9, 18);;(20, 15);1;3636
6;0.25;;(9, 18);;(20, 15);1;3637
6;0.25;;(9, 18);;(20, 15);1;3638
6;0.25;;(9, 18);;(20, 15);1;3639
6;0.25;;(9, 18);;(20, 15);1;3640
6;0.25;;(9, 18);;(20, 15);1;3641
6;0.25;;(9, 18);;(20, 15);1;3642
6;0.25;;(9, 18);;(20, 15);1;3643
6;0.25;;(9, 18);;(20, 15);1;3644
6;0.25;;(9, 18);;(20, 15);1;3645
6;0.25;;(9, 18);;(20, 15);1;3646
6;0.25;;(9, 18);;(20, 15);1;3647
6;0.25;;(9, 18);;(20, 15);1;3648
6;0.25;;(9, 18);;(20, 15);1;3649
6;0.25;;(9, 18);;(20, 15);1;3650
6;0.25;;(9, 18);;(20, 15);1;3651
6;0.25;;(9, 18);;(20, 15);1;3652
6;0.25;;(9, 18);;(20, 15);1;3653
6;0.25;;(9, 18);;(20, 15);1;3654
6;0.25;;(9, 18);;(20, 15);1;3655
6;0.25;;(9, 18);;(20, 15);1;3656
6;0.25;;(9, 18);;(20, 15);1;3657
6;0.25;;(9, 18);;(20, 15);1;3658
6;0.25;;(9, 18);;(20, 15);1;3659
6;0.25;;(9, 18);;(20, 15);1;3660
6;0.25;;(9, 18);;(20, 15);1;3661
6;0.25;;(9, 18);;(20, 15);1;3662
6;0.25;;(9, 18);;(20, 15);1;3663
6;0.25;;(9, 18);;(20, 15);1;3664
6;0.25;;(9, 18);;(20, 15);1;3665
6;0.25;;(9, 18);;(20, 15);1;3666
6;0.25;;(9, 18);;(20, 15);1;3667
6;0.25;;(9, 18);;(20, 15);1;3668
6;0.25;;(9, 18);;(20, 15);1;3669
6;0.25;;(9, 18);;(20, 15);1;3670
6;0.25;;(9, 18);;(20, 15);1;3671
6;0.25;;(9, 18);;(20, 15);1;3672
6;0.25;;(9, 18);;(20, 15);1;3673
6;0.25;;(9, 18);;(20, 15);1;3674
6;0.25;;(9, 18);;(20, 15);1;3675
6;0.25;;(9, 18);;(20, 15);1;3676
6;0.25;;(9, 18);;(20, 15);1;3677
6;0.25;;(9, 18);;(20, 15);1;3678
6;0.25;;(9, 18);;(20, 15);1;3679
6;0.25;;(9, 18);;(20, 15);1;3680
6;0.25;;(9, 18);;(20, 15);1;3681
6;0.25;;(9, 18);;(20, 15);1;3682
6;0.25;;(9, 18);;(20, 15);1;3683
6;0.25;;(9, 18);;(20, 15);1;3684
6;0.25;;(9, 18);;(20, 15);1;3685
6;0.25;;(9, 18);;(20, 15);1;3686
6;0.25;;(9, 18);;(20, 15);1;3687
6;0.25;;(9, 18);;(20, 15);1;3688
6;0.25;;(9, 18);;(20, 15);1;3689
6;0.25;;(9, 18);;(20, 15);1;3690
6;0.25;;(9, 18);;(20, 15);1;3691
6;0.25;;(9, 18);;(20, 15);1;3692
6;0.25;;(9, 18);;(20, 15);1;3693
6;0.25;;(9, 18);;(20, 15);1;3694
6;0.25;;(9, 18);;(20, 15);1;3695
6;0.25;;(9, 18);;(20, 15);1;3696
6;0.25;;(9, 18);;(20, 15);1;3697
6;0.25;;(9, 18);;(20, 15);1;3698
6;0.25;;(9, 18);;(20, 15);1;3699
6;0.25;;(9, 18);;(20, 15);1;3700
6;0.25;;(9, 18);;(20, 15);1;3701
6;0.25;;(9, 18);;(20, 15);1;3702
6;0.25;;(9, 18);;(20, 15);1;3703
6;0.25;;(9, 18);;(20, 15);1;3704
6;0.25;;(9, 18);;(20, 15);1;3705
6;0.25;;(9, 18);;(20, 15);1;3706
6;0.25;;(9, 18);;(20, 15);1;3707
6;0.25;;(9, 18);;(20, 15);1;3708
6;0.25;;(9, 18);;(20, 15);1;3709
6;0.25;;(9, 18);;(20, 15);1;3710
6;0.25;;(9, 18);;(20, 15);1;3711
6;0.25;;(9, 18);;(20, 15);1;3712
6;0.25;;(9, 18);;(20, 15);1;3713
6;0.25;;(9, 18);;(20, 15);1;3714
6;0.25;;(9, 18);;(20, 15);1;3715
6;0.25;;(9, 18);;(20, 15);1;3716
6;0.25;;(9, 18);;(20, 15);1;3717
6;0.25;;(9, 18);;(20, 15);1;3718
6;0.25;;(9, 18);;(20, 15);1;3719
6;0.25;;(9, 18);;(20, 15);1;3720
6;0.25;;(9, 18);;(20, 15);1;3721
6;0.25;;(9, 18);;(20, 15);1;3722
6;0.25;;(9, 18);;(20, 15);1;3723
6;0.25;;(9, 18);;(20, 15);1;3724
6;0.25;;(9, 18);;(20, 15);1;3725
6;0.25;;(9, 18);;(20, 15);1;3726
6;0.25;;(9, 18);;(20, 15);1;3727
6;0.25;;(9, 18);;(20, 15);1;3728
6;0.25;;(9, 18);;(20, 15);1;3729
6;0.25;;(9, 18);;(20, 15);1;3730
6;0.25;;(9, 18);;(20, 15);1;3731
6;0.25;;(9, 18);;(20, 15);1;3732
6;0.25;;(9, 18);;(20, 15);1;3733
6;0.25;;(9, 18);;(20, 15);1;3734
6;0.25;;(9, 18);;(20, 15);1;3735
6;0.25;;(9, 18);;(20, 15);1;3736
6;0.25;;(9, 18);;(20, 15);1;3737
6;0.25;;(9, 18);;(20, 15);1;3738
6;0.25;;(9, 18);;(20, 15);1;3739
6;0.25;;(9, 18);;(20, 15);1;3740
6;0.25;;(9, 18);;(20, 15);1;3741
6;0.25;;(9, 18);;(20, 15);1;3742
6;0.25;;(9, 18);;(20, 15);1;3743
6;0.25;;(9, 18);;(20, 15);1;3744
6;0.25;;(9, 18);;(20, 15);1;3745
6;0.25;;(9, 18);;(20, 15);1;3746
6;0.25;;(9, 18);;(20, 15);1;3747
6;0.25;;(9, 18);;(20, 15);1;3748
6;0.25;;(9, 18);;(20, 15);1;3749
6;0.25;;(9, 18);;(20, 15);1;3750
6;0.25;;(9, 18);;(20, 15);1;3751
6;0.25;;(9, 18);;(20, 15);1;3752
6;0.25;;(9, 18);;(20, 15);1;3753
6;0.25;;(9, 18);;(20, 15);1;3754
6;0.25;;(9, 18);;(20, 15);1;3755
6;0.25;;(9, 18);;(20, 15);1;3756
6;0.25;;(9, 18);;(20, 15);1;3757
6;0.25;;(9, 18);;(20, 15);1;3758
6;0.25;;(9, 18);;(20, 15);1;3759
6;0.25;;(9, 18);;(20, 15);1;3760
6;0.25;;(9, 18);;(20, 15);1;3761
6;0.25;;(9, 18);;(20, 15);1;3762
6;0.25;;(9, 18);;(20, 15);1;3763
6;0.25;;(9, 18);;(20, 15);1;3764
6;0.25;;(9, 18);;(20, 15);1;3765
6;0.25;;(9, 18);;(20, 15);1;3766
6;0.25;;(9, 18);;(20, 15);1;3767
6;0.25;;(9, 18);;(20, 15);1;3768
6;0.25;;(9, 18);;(20, 15);1;3769
6;0.25;;(9, 18);;(20, 15);1;3770
6;0.25;;(9, 18);;(20, 15);1;3771
6;0.25;;(9, 18);;(20, 15);1;3772
6;0.25;;(9, 18);;(20, 15);1;3773
6;0.25;;(9, 18);;(20, 15);1;3774
6;0.25;;(9, 18);;(20, 15);1;3775
6;0.25;;(9, 18);;(20, 15);1;3776
6;0.25;;(9, 18);;(20, 15);1;3777
6;0.25;;(9, 18);;(20, 15);1;3778
6;0.25;;(9, 18);;(20, 15);1;3779
6;0.25;;(9, 18);;(20, 15);1;3780
6;0.25;;(9, 18);;(20, 15);1;3781
6;0.25;;(9, 18);;(20, 15);1;3782
6;0.25;;(9, 18);;(20, 15);1;3783
6;0.25;;(9, 18);;(20, 15);1;3784
6;0.25;;(9, 18);;(20, 15);1;3785
6;0.25;;(9, 18);;(20, 15);1;3786
6;0.25;;(9, 18);;(20, 15);1;3787
6;0.25;;(9, 18);;(20, 15);1;3788
6;0.25;;(9, 18);;(20, 15);1;3789
6;0.25;;(9, 18);;(20, 15);1;3790
6;0.25;;(9, 18);;(20, 15);1;3791
6;0.25;;(9, 18);;(20, 15);1;3792
6;0.25;;(9, 18);;(20, 15);1;3793
6;0.25;;(9, 18);;(20, 15);1;3794
6;0.25;;(9, 18);;(20, 15);1;3795
6;0.25;;(9, 18);;(20, 15);1;3796
6;0.25;;(9, 18);;(20, 15);1;3797
6;0.25;;(9, 18);;(20, 15);1;3798
6;0.25;;(9, 18);;(20, 15);1;3799
6;0.25;;(9, 18);;(20, 15);1;3800
6;0.25;;(9, 18);;(20, 15);1;3801
6;0.25;;(9, 18);;(20, 15);1;3802
6;0.25;;(9, 18);;(20, 15);1;3803
6;0.25;;(9, 18);;(20, 15);1;3804
6;0.25;;(9, 18);;(20, 15);1;3805
6;0.25;;(9, 18);;(20, 15);1;3806
6;0.25;;(9, 18);;(20, 15);1;3807
6;0.25;;(9, 18);;(20, 15);1;3808
6;0.25;;(9, 18);;(20, 15);1;3809
6;0.25;;(9, 18);;(20, 15);1;3810
6;0.25;;(9, 18);;(20, 15);1;3811
6;0.25;;(9, 18);;(20, 15);1;3812
6;0.25;;(9, 18);;(20, 15);1;3813
6;0.25;;(9, 18);;(20, 15);1;3814
6;0.25;;(9, 18);;(20, 15);1;3815
6;0.25;;(9, 18);;(20, 15);1;3816
6;0.25;;(9, 18);;(20, 15);1;3817
6;0.25;;(9, 18);;(20, 15);1;3818
6;0.25;;(9, 18);;(20, 15);1;3819
6;0.25;;(9, 18);;(20, 15);1;3820
6;0.25;;(9, 18);;(20, 15);1;3821
6;0.25;;(9, 18);;(20, 15);1;3822
6;0.25;;(9, 18);;(20, 15);1;3823
6;0.25;;(9, 18);;(20, 15);1;3824
6;0.25;;(9, 18);;(20, 15);1;3825
6;0.25;;(9, 18);;(20, 15);1;3826
6;0.25;;(9, 18);;(20, 15);1;3827
6;0.25;;(9, 18);;(20, 15);1;3828
6;0.25;;(9, 18);;(20, 15);1;3829
6;0.25;;(9, 18);;(20, 15);1;3830
6;0.25;;(9, 18);;(20, 15);1;3831
6;0.25;;(9, 18);;(20, 15);1;3832
6;0.25;;(9, 18);;(20, 15);1;3833
6;0.25;;(9, 18);;(20, 15);1;3834
6;0.25;;(9, 18);;(20, 15);1;3835
6;0.25;;(9, 18);;(20, 15);1;3836
6;0.25;;(9, 18);;(20, 15);1;3837
6;0.25;;(9, 18);;(20, 15);1;3838
6;0.25;;(9, 18);;(20, 15);1;3839
6;0.25;;(9, 18);;(20, 15);1;3840
6;0.25;;(9, 18);;(20, 15);1;3841
6;0.25;;(9, 18);;(20, 15);1;3842
6;0.25;;(9, 18);;(20, 15);1;3843
6;0.25;;(9, 18);;(20, 15);1;3844
6;0.25;;(9, 18);;(20, 15);1;3845
6;0.25;;(9, 18);;(20, 15);1;3846
6;0.25;;(9, 18);;(20, 15);1;3847
6;0.25;;(9, 18);;(20, 15);1;3848
6;0.25;;(9, 18);;(20, 15);1;3849
6;0.25;;(9, 18);;(20, 15);1;3850
6;0.25;;(9, 18);;(20, 15);1;3851
6;0.25;;(9, 18);;(20, 15);1;3852
6;0.25;;(9, 18);;(20, 15);1;3853
6;0.25;;(9, 18);;(20, 15);1;3854
6;0.25;;(9, 18);;(20, 15);1;3855
6;0.25;;(9, 18);;(20, 15);1;3856
6;0.25;;(9, 18);;(20, 15);1;3857
6;0.25;;(9, 18);;(20, 15);1;3858
6;0.25;;(9, 18);;(20, 15);1;3859
6;0.25;;(9, 18);;(20, 15);1;3860
6;0.25;;(9, 18);;(20, 15);1;3861
6;0.25;;(9, 18);;(20, 15);1;3862
6;0.25;;(9, 18);;(20, 15);1;3863
6;0.25;;(9, 18);;(20, 15);1;3864
6;0.25;;(9, 18);;(20, 15);1;3865
6;0.25;;(9, 18);;(20, 15);1;3866
6;0.25;;(9, 18);;(20, 15);1;3867
6;0.25;;(9, 18);;(20, 15);1;3868
6;0.25;;(9, 18);;(20, 15);1;3869
6;0.25;;(9, 18);;(20, 15);1;3870
6;0.25;;(9, 18);;(20, 15);1;3871
6;0.25;;(9, 18);;(20, 15);1;3872
6;0.25;;(9, 18);;(20, 15);1;3873
6;0.25;;(9, 18);;(20, 15);1;3874
6;0.25;;(9, 18);;(20, 15);1;3875
6;0.25;;(9, 18);;(20, 15);1;3876
6;0.25;;(9, 18);;(20, 15);1;3877
6;0.25;;(9, 18);;(20, 15);1;3878
6;0.25;;(9, 18);;(20, 15);1;3879
6;0.25;;(9, 18);;(20, 15);1;3880
6;0.25;;(9, 18);;(20, 15);1;3881
6;0.25;;(9, 18);;(20, 15);1;3882
6;0.25;;(9, 18);;(20, 15);1;3883
6;0.25;;(9, 18);;(20, 15);1;3884
6;0.25;;(9, 18);;(20, 15);1;3885
6;0.25;;(9, 18);;(20, 15);1;3886
6;0.25;;(9, 18);;(20, 15);1;3887
6;0.25;;(9, 18);;(20, 15);1;3888
6;0.25;;(9, 18);;(20, 15);1;3889
6;0.25;;(9, 18);;(20, 15);1;3890
6;0.25;;(9, 18);;(20, 15);1;3891
6;0.25;;(9, 18);;(20, 15);1;3892
6;0.25;;(9, 18);;(20, 15);1;3893
6;0.25;;(9, 18);;(20, 15);1;3894
6;0.25;;(9, 18);;(20, 15);1;3895
6;0.25;;(9, 18);;(20, 15);1;3896
6;0.25;;(9, 18);;(20, 15);1;3897
6;0.25;;(9, 18);;(20, 15);1;3898
6;0.25;;(9, 18);;(20, 15);1;3899
6;0.25;;(9, 18);;(20, 15);1;3900
6;0.25;;(9, 18);;(20, 15);1;3901
6;0.25;;(9, 18);;(20, 15);1;3902
6;0.25;;(9, 18);;(20, 15);1;3903
6;0.25;;(9, 18);;(20, 15);1;3904
6;0.25;;(9, 18);;(20, 15);1;3905
6;0.25;;(9, 18);;(20, 15);1;3906
6;0.25;;(9, 18);;(20, 15);1;3907
6;0.25;;(9, 18);;(20, 15);1;3908
6;0.25;;(9, 18);;(20, 15);1;3909
6;0.25;;(9, 18);;(20, 15);1;3910
6;0.25;;(9, 18);;(20, 15);1;3911
6;0.25;;(9, 18);;(20, 15);1;3912
6;0.25;;(9, 18);;(20, 15);1;3913
6;0.25;;(9, 18);;(20, 15);1;3914
6;0.25;;(9, 18);;(20, 15);1;3915
6;0.25;;(9, 18);;(20, 15);1;3916
6;0.25;;(9, 18);;(20, 15);1;3917
6;0.25;;(9, 18);;(20, 15);1;3918
6;0.25;;(9, 18);;(20, 15);1;3919
6;0.25;;(9, 18);;(20, 15);1;3920
6;0.25;;(9, 18);;(20, 15);1;3921
6;0.25;;(9, 18);;(20, 15);1;3922
6;0.25;;(9, 18);;(20, 15);1;3923
6;0.25;;(9, 18);;(20, 15);1;3924
6;0.25;;(9, 18);;(20, 15);1;3925
6;0.25;;(9, 18);;(20, 15);1;3926
6;0.25;;(9, 18);;(20, 15);1;3927
6;0.25;;(9, 18);;(20, 15);1;3928
6;0.25;;(9, 18);;(20, 15);1;3929
6;0.25;;(9, 18);;(20, 15);1;3930
6;0.25;;(9, 18);;(20, 15);1;3931
6;0.25;;(9, 18);;(20, 15);1;3932
6;0.25;;(9, 18);;(20, 15);1;3933
6;0.25;;(9, 18);;(20, 15);1;3934
6;0.25;;(9, 18);;(20, 15);1;3935
6;0.25;;(9, 18);;(20, 15);1;3936
6;0.25;;(9, 18);;(20, 15);1;3937
6;0.25;;(9, 18);;(20, 15);1;3938
6;0.25;;(9, 18);;(20, 15);1;3939
6;0.25;;(9, 18);;(20, 15);1;3940
6;0.25;;(9, 18);;(20, 15);1;3941
6;0.25;;(9, 18);;(20, 15);1;3942
6;0.25;;(9, 18);;(20, 15);1;3943
6;0.25;;(9, 18);;(20, 15);1;3944
6;0.25;;(9, 18);;(20, 15);1;3945
6;0.25;;(9, 18);;(20, 15);1;3946
6;0.25;;(9, 18);;(20, 15);1;3947
6;0.25;;(9, 18);;(20, 15);1;3948
6;0.25;;(9, 18);;(20, 15);1;3949
6;0.25;;(9, 18);;(20, 15);1;3950
6;0.25;;(9, 18);;(20, 15);1;3951
6;0.25;;(9, 18);;(20, 15);1;3952
6;0.25;;(9, 18);;(20, 15);1;3953
6;0.25;;(9, 18);;(20, 15);1;3954
6;0.25;;(9, 18);;(20, 15);1;3955
6;0.25;;(9, 18);;(20, 15);1;3956
6;0.25;;(9, 18);;(20, 15);1;3957
6;0.25;;(9, 18);;(20, 15);1;3958
6;0.25;;(9, 18);;(20, 15);1;3959
6;0.25;;(9, 18);;(20, 15);1;3960
6;0.25;;(9, 18);;(20, 15);1;3961
6;0.25;;(9, 18);;(20, 15);1;3962
6;0.25;;(9, 18);;(20, 15);1;3963
6;0.25;;(9, 18);;(20, 15);1;3964
6;0.25;;(9, 18);;(20, 15);1;3965
6;0.25;;(9, 18);;(20, 15);1;3966
6;0.25;;(9, 18);;(20, 15);1;3967
6;0.25;;(9, 18);;(20, 15);1;3968
6;0.25;;(9, 18);;(20, 15);1;3969
6;0.25;;(9, 18);;(20, 15);1;3970
6;0.25;;(9, 18);;(20, 15);1;3971
6;0.25;;(9, 18);;(20, 15);1;3972
6;0.25;;(9, 18);;(20, 15);1;3973
6;0.25;;(9, 18);;(20, 15);1;3974
6;0.25;;(9, 18);;(20, 15);1;3975
6;0.25;;(9, 18);;(20, 15);1;3976
6;0.25;;(9, 18);;(20, 15);1;3977
6;0.25;;(9, 18);;(20, 15);1;3978
6;0.25;;(9, 18);;(20, 15);1;3979
6;0.25;;(9, 18);;(20, 15);1;3980
6;0.25;;(9, 18);;(20, 15);1;3981
6;0.25;;(9, 18);;(20, 15);1;3982
6;0.25;;(9, 18);;(20, 15);1;3983
6;0.25;;(9, 18);;(20, 15);1;3984
6;0.25;;(9, 18);;(20, 15);1;3985
6;0.25;;(9, 18);;(20, 15);1;3986
6;0.25;;(9, 18);;(20, 15);1;3987
6;0.25;;(9, 18);;(20, 15);1;3988
6;0.25;;(9, 18);;(20, 15);1;3989
6;0.25;;(9, 18);;(20, 15);1;3990
6;0.25;;(9, 18);;(20, 15);1;3991
6;0.25;;(9, 18);;(20, 15);1;3992
6;0.25;;(9, 18);;(20, 15);1;3993
6;0.25;;(9, 18);;(20, 15);1;3994
6;0.25;;(9, 18);;(20, 15);1;3995
6;0.25;;(9, 18);;(20, 15);1;3996
6;0.25;;(9, 18);;(20, 15);1;3997
6;0.25;;(9, 18);;(20, 15);1;3998
6;0.25;;(9, 18);;(20, 15);1;3999
6;0.25;;(9, 18);;(20, 15);1;4000
6;0.25;;(9, 18);;(20, 15);1;4001
6;0.25;;(9, 18);;(20, 15);1;4002
6;0.25;;(9, 18);;(20, 15);1;4003
6;0.25;;(9, 18);;(20, 15);1;4004
6;0.25;;(9, 18);;(20, 15);1;4005
6;0.25;;(9, 18);;(20, 15);1;4006
6;0.25;;(9, 18);;(20, 15);1;4007
6;0.25;;(9, 18);;(20, 15);1;4008
6;0.25;;(9, 18);;(20, 15);1;4009
6;0.25;;(9, 18);;(20, 15);1;4010
6;0.25;;(9, 18);;(20, 15);1;4011
6;0.25;;(9, 18);;(20, 15);1;4012
6;0.25;;(9, 18);;(20, 15);1;4013
6;0.25;;(9, 18);;(20, 15);1;4014
6;0.25;;(9, 18);;(20, 15);1;4015
6;0.25;;(9, 18);;(20, 15);1;4016
6;0.25;;(9, 18);;(20, 15);1;4017
6;0.25;;(9, 18);;(20, 15);1;4018
6;0.25;;(9, 18);;(20, 15);1;4019
6;0.25;;(9, 18);;(20, 15);1;4020
6;0.25;;(9, 18);;(20, 15);1;4021
6;0.25;;(9, 18);;(20, 15);1;4022
6;0.25;;(9, 18);;(20, 15);1;4023
6;0.25;;(9, 18);;(20, 15);1;4024
6;0.25;;(9, 18);;(20, 15);1;4025
6;0.25;;(9, 18);;(20, 15);1;4026
6;0.25;;(9, 18);;(20, 15);1;4027
6;0.25;;(9, 18);;(20, 15);1;4028
6;0.25;;(9, 18);;(20, 15);1;4029
6;0.25;;(9, 18);;(20, 15);1;4030
6;0.25;;(9, 18);;(20, 15);1;4031
6;0.25;;(9, 18);;(20, 15);1;4032
6;0.25;;(9, 18);;(20, 15);1;4033
6;0.25;;(9, 18);;(20, 15);1;4034
6;0.25;;(9, 18);;(20, 15);1;4035
6;0.25;;(9, 18);;(20, 15);1;4036
6;0.25;;(9, 18);;(20, 15);1;4037
6;0.25;;(9, 18);;(20, 15);1;4038
6;0.25;;(9, 18);;(20, 15);1;4039
6;0.25;;(9, 18);;(20, 15);1;4040
6;0.25;;(9, 18);;(20, 15);1;4041
6;0.25;;(9, 18);;(20, 15);1;4042
6;0.25;;(9, 18);;(20, 15);1;4043
6;0.25;;(9, 18);;(20, 15);1;4044
6;0.25;;(9, 18);;(20, 15);1;4045
6;0.25;;(9, 18);;(20, 15);1;4046
6;0.25;;(9, 18);;(20, 15);1;4047
6;0.25;;(9, 18);;(20, 15);1;4048
6;0.25;;(9, 18);;(20, 15);1;4049
6;0.25;;(9, 18);;(20, 15);1;4050
6;0.25;;(9, 18);;(20, 15);1;4051
6;0.25;;(9, 18);;(20, 15);1;4052
6;0.25;;(9, 18);;(20, 15);1;4053
6;0.25;;(9, 18);;(20, 15);1;4054
6;0.25;;(9, 18);;(20, 15);1;4055
6;0.25;;(9, 18);;(20, 15);1;4056
6;0.25;;(9, 18);;(20, 15);1;4057
6;0.25;;(9, 18);;(20, 15);1;4058
6;0.25;;(9, 18);;(20, 15);1;4059
6;0.25;;(9, 18);;(20, 15);1;4060
6;0.25;;(9, 18);;(20, 15);1;4061
6;0.25;;(9, 18);;(20, 15);1;4062
6;0.25;;(9, 18);;(20, 15);1;4063
6;0.25;;(9, 18);;(20, 15);1;4064
6;0.25;;(9, 18);;(20, 15);1;4065
6;0.25;;(9, 18);;(20, 15);1;4066
6;0.25;;(9, 18);;(20, 15);1;4067
6;0.25;;(9, 18);;(20, 15);1;4068
6;0.25;;(9, 18);;(20, 15);1;4069
6;0.25;;(9, 18);;(20, 15);1;4070
6;0.25;;(9, 18);;(20, 15);1;4071
6;0.25;;(9, 18);;(20, 15);1;4072
6;0.25;;(9, 18);;(20, 15);1;4073
6;0.25;;(9, 18);;(20, 15);1;4074
6;0.25;;(9, 18);;(20, 15);1;4075
6;0.25;;(9, 18);;(20, 15);1;4076
6;0.25;;(9, 18);;(20, 15);1;4077
6;0.25;;(9, 18);;(20, 15);1;4078
6;0.25;;(9, 18);;(20, 15);1;4079
6;0.25;;(9, 18);;(20, 15);1;4080
6;0.25;;(9, 18);;(20, 15);1;4081
6;0.25;;(9, 18);;(20, 15);1;4082
6;0.25;;(9, 18);;(20, 15);1;4083
6;0.25;;(9, 18);;(20, 15);1;4084
6;0.25;;(9, 18);;(20, 15);1;4085
6;0.25;;(9, 18);;(20, 15);1;4086
6;0.25;;(9, 18);;(20, 15);1;4087
6;0.25;;(9, 18);;(20, 15);1;4088
6;0.25;;(9, 18);;(20, 15);1;4089
6;0.25;;(9, 18);;(20, 15);1;4090
6;0.25;;(9, 18);;(20, 15);1;4091
6;0.25;;(9, 18);;(20, 15);1;4092
6;0.25;;(9, 18);;(20, 15);1;4093
6;0.25;;(9, 18);;(20, 15);1;4094
6;0.25;;(9, 18);;(20, 15);1;4095
6;0.25;;(9, 18);;(20, 15);1;4096
6;0.25;;(9, 18);;(20, 15);1;4097
6;0.25;;(9, 18);;(20, 15);1;4098
6;0.25;;(9, 18);;(20, 15);1;4099
6;0.25;;(9, 18);;(20, 15);1;4100
6;0.25;;(9, 18);;(20, 15);1;4101
6;0.25;;(9, 18);;(20, 15);1;4102
6;0.25;;(9, 18);;(20, 15);1;4103
6;0.25;;(9, 18);;(20, 15);1;4104
6;0.25;;(9, 18);;(20, 15);1;4105
6;0.25;;(9, 18);;(20, 15);1;4106
6;0.25;;(9, 18);;(20, 15);1;4107
6;0.25;;(9, 18);;(20, 15);1;4108
6;0.25;;(9, 18);;(20, 15);1;4109
6;0.25;;(9, 18);;(20, 15);1;4110
6;0.25;;(9, 18);;(20, 15);1;4111
6;0.25;;(9, 18);;(20, 15);1;4112
6;0.25;;(9, 18);;(20, 15);1;4113
6;0.25;;(9, 18);;(20, 15);1;4114
6;0.25;;(9, 18);;(20, 15);1;4115
6;0.25;;(9, 18);;(20, 15);1;4116
6;0.25;;(9, 18);;(20, 15);1;4117
6;0.25;;(9, 18);;(20, 15);1;4118
6;0.25;;(9, 18);;(20, 15);1;4119
6;0.25;;(9, 18);;(20, 15);1;4120
6;0.25;;(9, 18);;(20, 15);1;4121
6;0.25;;(9, 18);;(20, 15);1;4122
6;0.25;;(9, 18);;(20, 15);1;4123
6;0.25;;(9, 18);;(20, 15);1;4124
6;0.25;;(9, 18);;(20, 15);1;4125
6;0.25;;(9, 18);;(20, 15);1;4126
6;0.25;;(9, 18);;(20, 15);1;4127
6;0.25;;(9, 18);;(20, 15);1;4128
6;0.25;;(9, 18);;(20, 15);1;4129
6;0.25;;(9, 18);;(20, 15);1;4130
6;0.25;;(9, 18);;(20, 15);1;4131
6;0.25;;(9, 18);;(20, 15);1;4132
6;0.25;;(9, 18);;(20, 15);1;4133
6;0.25;;(9, 18);;(20, 15);1;4134
6;0.25;;(9, 18);;(20, 15);1;4135
6;0.25;;(9, 18);;(20, 15);1;4136
6;0.25;;(9, 18);;(20, 15);1;4137
6;0.25;;(9, 18);;(20, 15);1;4138
6;0.25;;(9, 18);;(20, 15);1;4139
6;0.25;;(9, 18);;(20, 15);1;4140
6;0.25;;(9, 18);;(20, 15);1;4141
6;0.25;;(9, 18);;(20, 15);1;4142
6;0.25;;(9, 18);;(20, 15);1;4143
6;0.25;;(9, 18);;(20, 15);1;4144
6;0.25;;(9, 18);;(20, 15);1;4145
6;0.25;;(9, 18);;(20, 15);1;4146
6;0.25;;(9, 18);;(20, 15);1;4147
6;0.25;;(9, 18);;(20, 15);1;4148
6;0.25;;(9, 18);;(20, 15);1;4149
6;0.25;;(9, 18);;(20, 15);1;4150
6;0.25;;(9, 18);;(20, 15);1;4151
6;0.25;;(9, 18);;(20, 15);1;4152
6;0.25;;(9, 18);;(20, 15);1;4153
6;0.25;;(9, 18);;(20, 15);1;4154
6;0.25;;(9, 18);;(20, 15);1;4155
6;0.25;;(9, 18);;(20, 15);1;4156
6;0.25;;(9, 18);;(20, 15);1;4157
6;0.25;;(9, 18);;(20, 15);1;4158
6;0.25;;(9, 18);;(20, 15);1;4159
6;0.25;;(9, 18);;(20, 15);1;4160
6;0.25;;(9, 18);;(20, 15);1;4161
6;0.25;;(9, 18);;(20, 15);1;4162
6;0.25;;(9, 18);;(20, 15);1;4163
6;0.25;;(9, 18);;(20, 15);1;4164
6;0.25;;(9, 18);;(20, 15);1;4165
6;0.25;;(9, 18);;(20, 15);1;4166
6;0.25;;(9, 18);;(20, 15);1;4167
6;0.25;;(9, 18);;(20, 15);1;4168
6;0.25;;(9, 18);;(20, 15);1;4169
6;0.25;;(9, 18);;(20, 15);1;4170
6;0.25;;(9, 18);;(20, 15);1;4171
6;0.25;;(9, 18);;(20, 15);1;4172
6;0.25;;(9, 18);;(20, 15);1;4173
6;0.25;;(9, 18);;(20, 15);1;4174
6;0.25;;(9, 18);;(20, 15);1;4175
6;0.25;;(9, 18);;(20, 15);1;4176
6;0.25;;(9, 18);;(20, 15);1;4177
6;0.25;;(9, 18);;(20, 15);1;4178
6;0.25;;(9, 18);;(20, 15);1;4179
6;0.25;;(9, 18);;(20, 15);1;4180
6;0.25;;(9, 18);;(20, 15);1;4181
6;0.25;;(9, 18);;(20, 15);1;4182
6;0.25;;(9, 18);;(20, 15);1;4183
6;0.25;;(9, 18);;(20, 15);1;4184
6;0.25;;(9, 18);;(20, 15);1;4185
6;0.25;;(9, 18);;(20, 15);1;4186
6;0.25;;(9, 18);;(20, 15);1;4187
6;0.25;;(9, 18);;(20, 15);1;4188
6;0.25;;(9, 18);;(20, 15);1;4189
6;0.25;;(9, 18);;(20, 15);1;4190
6;0.25;;(9, 18);;(20, 15);1;4191
6;0.25;;(9, 18);;(20, 15);1;4192
6;0.25;;(9, 18);;(20, 15);1;4193
6;0.25;;(9, 18);;(20, 15);1;4194
6;0.25;;(9, 18);;(20, 15);1;4195
6;0.25;;(9, 18);;(20, 15);1;4196
6;0.25;;(9, 18);;(20, 15);1;4197
6;0.25;;(9, 18);;(20, 15);1;4198
6;0.25;;(9, 18);;(20, 15);1;4199
6;0.25;;(9, 18);;(20, 15);1;4200
6;0.25;;(9, 18);;(20, 15);1;4201
6;0.25;;(9, 18);;(20, 15);1;4202
6;0.25;;(9, 18);;(20, 15);1;4203
6;0.25;;(9, 18);;(20, 15);1;4204
6;0.25;;(9, 18);;(20, 15);1;4205
6;0.25;;(9, 18);;(20, 15);1;4206
6;0.25;;(9, 18);;(20, 15);1;4207
6;0.25;;(9, 18);;(20, 15);1;4208
6;0.25;;(9, 18);;(20, 15);1;4209
6;0.25;;(9, 18);;(20, 15);1;4210
6;0.25;;(9, 18);;(20, 15);1;4211
6;0.25;;(9, 18);;(20, 15);1;4212
6;0.25;;(9, 18);;(20, 15);1;4213
6;0.25;;(9, 18);;(20, 15);1;4214
6;0.25;;(9, 18);;(20, 15);1;4215
6;0.25;;(9, 18);;(20, 15);1;4216
6;0.25;;(9, 18);;(20, 15);1;4217
6;0.25;;(9, 18);;(20, 15);1;4218
6;0.25;;(9, 18);;(20, 15);1;4219
6;0.25;;(9, 18);;(20, 15);1;4220
6;0.25;;(9, 18);;(20, 15);1;4221
6;0.25;;(9, 18);;(20, 15);1;4222
6;0.25;;(9, 18);;(20, 15);1;4223
6;0.25;;(9, 18);;(20, 15);1;4224
6;0.25;;(9, 18);;(20, 15);1;4225
6;0.25;;(9, 18);;(20, 15);1;4226
6;0.25;;(9, 18);;(20, 15);1;4227
6;0.25;;(9, 18);;(20, 15);1;4228
6;0.25;;(9, 18);;(20, 15);1;4229
6;0.25;;(9, 18);;(20, 15);1;4230
6;0.25;;(9, 18);;(20, 15);1;4231
6;0.25;;(9, 18);;(20, 15);1;4232
6;0.25;;(9, 18);;(20, 15);1;4233
6;0.25;;(9, 18);;(20, 15);1;4234
6;0.25;;(9, 18);;(20, 15);1;4235
6;0.25;;(9, 18);;(20, 15);1;4236
6;0.25;;(9, 18);;(20, 15);1;4237
6;0.25;;(9, 18);;(20, 15);1;4238
6;0.25;;(9, 18);;(20, 15);1;4239
6;0.25;;(9, 18);;(20, 15);1;4240
6;0.25;;(9, 18);;(20, 15);1;4241
6;0.25;;(9, 18);;(20, 15);1;4242
6;0.25;;(9, 18);;(20, 15);1;4243
6;0.25;;(9, 18);;(20, 15);1;4244
6;0.25;;(9, 18);;(20, 15);1;4245
6;0.25;;(9, 18);;(20, 15);1;4246
6;0.25;;(9, 18);;(20, 15);1;4247
6;0.25;;(9, 18);;(20, 15);1;4248
6;0.25;;(9, 18);;(20, 15);1;4249
6;0.25;;(9, 18);;(20, 15);1;4250
6;0.25;;(9, 18);;(20, 15);1;4251
6;0.25;;(9, 18);;(20, 15);1;4252
6;0.25;;(9, 18);;(20, 15);1;4253
6;0.25;;(9, 18);;(20, 15);1;4254
6;0.25;;(9, 18);;(20, 15);1;4255
6;0.25;;(9, 18);;(20, 15);1;4256
6;0.25;;(9, 18);;(20, 15);1;4257
6;0.25;;(9, 18);;(20, 15);1;4258
6;0.25;;(9, 18);;(20, 15);1;4259
6;0.25;;(9, 18);;(20, 15);1;4260
6;0.25;;(9, 18);;(20, 15);1;4261
6;0.25;;(9, 18);;(20, 15);1;4262
6;0.25;;(9, 18);;(20, 15);1;4263
6;0.25;;(9, 18);;(20, 15);1;4264
6;0.25;;(9, 18);;(20, 15);1;4265
6;0.25;;(9, 18);;(20, 15);1;4266
6;0.25;;(9, 18);;(20, 15);1;4267
6;0.25;;(9, 18);;(20, 15);1;4268
6;0.25;;(9, 18);;(20, 15);1;4269
6;0.25;;(9, 18);;(20, 15);1;4270
6;0.25;;(9, 18);;(20, 15);1;4271
6;0.25;;(9, 18);;(20, 15);1;4272
6;0.25;;(9, 18);;(20, 15);1;4273
6;0.25;;(9, 18);;(20, 15);1;4274
6;0.25;;(9, 18);;(20, 15);1;4275
6;0.25;;(9, 18);;(20, 15);1;4276
6;0.25;;(9, 18);;(20, 15);1;4277
6;0.25;;(9, 18);;(20, 15);1;4278
6;0.25;;(9, 18);;(20, 15);1;4279
6;0.25;;(9, 18);;(20, 15);1;4280
6;0.25;;(9, 18);;(20, 15);1;4281
6;0.25;;(9, 18);;(20, 15);1;4282
6;0.25;;(9, 18);;(20, 15);1;4283
6;0.25;;(9, 18);;(20, 15);1;4284
6;0.25;;(9, 18);;(20, 15);1;4285
6;0.25;;(9, 18);;(20, 15);1;4286
6;0.25;;(9, 18);;(20, 15);1;4287
6;0.25;;(9, 18);;(20, 15);1;4288
6;0.25;;(9, 18);;(20, 15);1;4289
6;0.25;;(9, 18);;(20, 15);1;4290
6;0.25;;(9, 18);;(20, 15);1;4291
6;0.25;;(9, 18);;(20, 15);1;4292
6;0.25;;(9, 18);;(20, 15);1;4293
6;0.25;;(9, 18);;(20, 15);1;4294
6;0.25;;(9, 18);;(20, 15);1;4295
6;0.25;;(9, 18);;(20, 15);1;4296
6;0.25;;(9, 18);;(20, 15);1;4297
6;0.25;;(9, 18);;(20, 15);1;4298
6;0.25;;(9, 18);;(20, 15);1;4299
6;0.25;;(9, 18);;(20, 15);1;4300
6;0.25;;(9, 18);;(20, 15);1;4301
6;0.25;;(9, 18);;(20, 15);1;4302
6;0.25;;(9, 18);;(20, 15);1;4303
6;0.25;;(9, 18);;(20, 15);1;4304
6;0.25;;(9, 18);;(20, 15);1;4305
6;0.25;;(9, 18);;(20, 15);1;4306
6;0.25;;(9, 18);;(20, 15);1;4307
6;0.25;;(9, 18);;(20, 15);1;4308
6;0.25;;(9, 18);;(20, 15);1;4309
6;0.25;;(9, 18);;(20, 15);1;4310
6;0.25;;(9, 18);;(20, 15);1;4311
6;0.25;;(9, 18);;(20, 15);1;4312
6;0.25;;(9, 18);;(20, 15);1;4313
6;0.25;;(9, 18);;(20, 15);1;4314
6;0.25;;(9, 18);;(20, 15);1;4315
6;0.25;;(9, 18);;(20, 15);1;4316
6;0.25;;(9, 18);;(20, 15);1;4317
6;0.25;;(9, 18);;(20, 15);1;4318
6;0.25;;(9, 18);;(20, 15);1;4319
6;0.25;;(9, 18);;(20, 15);1;4320
6;0.25;;(9, 18);;(20, 15);1;4321
6;0.25;;(9, 18);;(20, 15);1;4322
6;0.25;;(9, 18);;(20, 15);1;4323
6;0.25;;(9, 18);;(20, 15);1;4324
6;0.25;;(9, 18);;(20, 15);1;4325
6;0.25;;(9, 18);;(20, 15);1;4326
6;0.25;;(9, 18);;(20, 15);1;4327
6;0.25;;(9, 18);;(20, 15);1;4328
6;0.25;;(9, 18);;(20, 15);1;4329
6;0.25;;(9, 18);;(20, 15);1;4330
6;0.25;;(9, 18);;(20, 15);1;4331
6;0.25;;(9, 18);;(20, 15);1;4332
6;0.25;;(9, 18);;(20, 15);1;4333
6;0.25;;(9, 18);;(20, 15);1;4334
6;0.25;;(9, 18);;(20, 15);1;4335
6;0.25;;(9, 18);;(20, 15);1;4336
6;0.25;;(9, 18);;(20, 15);1;4337
6;0.25;;(9, 18);;(20, 15);1;4338
6;0.25;;(9, 18);;(20, 15);1;4339
6;0.25;;(9, 18);;(20, 15);1;4340
6;0.25;;(9, 18);;(20, 15);1;4341
6;0.25;;(9, 18);;(20, 15);1;4342
6;0.25;;(9, 18);;(20, 15);1;4343
6;0.25;;(9, 18);;(20, 15);1;4344
6;0.25;;(9, 18);;(20, 15);1;4345
6;0.25;;(9, 18);;(20, 15);1;4346
6;0.25;;(9, 18);;(20, 15);1;4347
6;0.25;;(9, 18);;(20, 15);1;4348
6;0.25;;(9, 18);;(20, 15);1;4349
6;0.25;;(9, 18);;(20, 15);1;4350
6;0.25;;(9, 18);;(20, 15);1;4351
6;0.25;;(9, 18);;(20, 15);1;4352
6;0.25;;(9, 18);;(20, 15);1;4353
6;0.25;;(9, 18);;(20, 15);1;4354
6;0.25;;(9, 18);;(20, 15);1;4355
6;0.25;;(9, 18);;(20, 15);1;4356
6;0.25;;(9, 18);;(20, 15);1;4357
6;0.25;;(9, 18);;(20, 15);1;4358
6;0.25;;(9, 18);;(20, 15);1;4359
6;0.25;;(9, 18);;(20, 15);1;4360
6;0.25;;(9, 18);;(20, 15);1;4361
6;0.25;;(9, 18);;(20, 15);1;4362
6;0.25;;(9, 18);;(20, 15);1;4363
6;0.25;;(9, 18);;(20, 15);1;4364
6;0.25;;(9, 18);;(20, 15);1;4365
6;0.25;;(9, 18);;(20, 15);1;4366
6;0.25;;(9, 18);;(20, 15);1;4367
6;0.25;;(9, 18);;(20, 15);1;4368
6;0.25;;(9, 18);;(20, 15);1;4369
6;0.25;;(9, 18);;(20, 15);1;4370
6;0.25;;(9, 18);;(20, 15);1;4371
6;0.25;;(9, 18);;(20, 15);1;4372
6;0.25;;(9, 18);;(20, 15);1;4373
6;0.25;;(9, 18);;(20, 15);1;4374
6;0.25;;(9, 18);;(20, 15);1;4375
6;0.25;;(9, 18);;(20, 15);1;4376
6;0.25;;(9, 18);;(20, 15);1;4377
6;0.25;;(9, 18);;(20, 15);1;4378
6;0.25;;(9, 18);;(20, 15);1;4379
6;0.25;;(9, 18);;(20, 15);1;4380
6;0.25;;(9, 18);;(20, 15);1;4381
6;0.25;;(9, 18);;(20, 15);1;4382
6;0.25;;(9, 18);;(20, 15);1;4383
6;0.25;;(9, 18);;(20, 15);1;4384
6;0.25;;(9, 18);;(20, 15);1;4385
6;0.25;;(9, 18);;(20, 15);1;4386
6;0.25;;(9, 18);;(20, 15);1;4387
6;0.25;;(9, 18);;(20, 15);1;4388
6;0.25;;(9, 18);;(20, 15);1;4389
6;0.25;;(9, 18);;(20, 15);1;4390
6;0.25;;(9, 18);;(20, 15);1;4391
6;0.25;;(9, 18);;(20, 15);1;4392
6;0.25;;(9, 18);;(20, 15);1;4393
6;0.25;;(9, 18);;(20, 15);1;4394
6;0.25;;(9, 18);;(20, 15);1;4395
6;0.25;;(9, 18);;(20, 15);1;4396
6;0.25;;(9, 18);;(20, 15);1;4397
6;0.25;;(9, 18);;(20, 15);1;4398
6;0.25;;(9, 18);;(20, 15);1;4399
6;0.25;;(9, 18);;(20, 15);1;4400
6;0.25;;(9, 18);;(20, 15);1;4401
6;0.25;;(9, 18);;(20, 15);1;4402
6;0.25;;(9, 18);;(20, 15);1;4403
6;0.25;;(9, 18);;(20, 15);1;4404
6;0.25;;(9, 18);;(20, 15);1;4405
6;0.25;;(9, 18);;(20, 15);1;4406
6;0.25;;(9, 18);;(20, 15);1;4407
6;0.25;;(9, 18);;(20, 15);1;4408
6;0.25;;(9, 18);;(20, 15);1;4409
6;0.25;;(9, 18);;(20, 15);1;4410
6;0.25;;(9, 18);;(20, 15);1;4411
6;0.25;;(9, 18);;(20, 15);1;4412
6;0.25;;(9, 18);;(20, 15);1;4413
6;0.25;;(9, 18);;(20, 15);1;4414
6;0.25;;(9, 18);;(20, 15);1;4415
6;0.25;;(9, 18);;(20, 15);1;4416
6;0.25;;(9, 18);;(20, 15);1;4417
6;0.25;;(9, 18);;(20, 15);1;4418
6;0.25;;(9, 18);;(20, 15);1;4419
6;0.25;;(9, 18);;(20, 15);1;4420
6;0.25;;(9, 18);;(20, 15);1;4421
6;0.25;;(9, 18);;(20, 15);1;4422
6;0.25;;(9, 18);;(20, 15);1;4423
6;0.25;;(9, 18);;(20, 15);1;4424
6;0.25;;(9, 18);;(20, 15);1;4425
6;0.25;;(9, 18);;(20, 15);1;4426
6;0.25;;(9, 18);;(20, 15);1;4427
6;0.25;;(9, 18);;(20, 15);1;4428
6;0.25;;(9, 18);;(20, 15);1;4429
6;0.25;;(9, 18);;(20, 15);1;4430
6;0.25;;(9, 18);;(20, 15);1;4431
6;0.25;;(9, 18);;(20, 15);1;4432
6;0.25;;(9, 18);;(20, 15);1;4433
6;0.25;;(9, 18);;(20, 15);1;4434
6;0.25;;(9, 18);;(20, 15);1;4435
6;0.25;;(9, 18);;(20, 15);1;4436
6;0.25;;(9, 18);;(20, 15);1;4437
6;0.25;;(9, 18);;(20, 15);1;4438
6;0.25;;(9, 18);;(20, 15);1;4439
6;0.25;;(9, 18);;(20, 15);1;4440
6;0.25;;(9, 18);;(20, 15);1;4441
6;0.25;;(9, 18);;(20, 15);1;4442
6;0.25;;(9, 18);;(20, 15);1;4443
6;0.25;;(9, 18);;(20, 15);1;4444
6;0.25;;(9, 18);;(20, 15);1;4445
6;0.25;;(9, 18);;(20, 15);1;4446
6;0.25;;(9, 18);;(20, 15);1;4447
6;0.25;;(9, 18);;(20, 15);1;4448
6;0.25;;(9, 18);;(20, 15);1;4449
6;0.25;;(9, 18);;(20, 15);1;4450
6;0.25;;(9, 18);;(20, 15);1;4451
6;0.25;;(9, 18);;(20, 15);1;4452
6;0.25;;(9, 18);;(20, 15);1;4453
6;0.25;;(9, 18);;(20, 15);1;4454
6;0.25;;(9, 18);;(20, 15);1;4455
6;0.25;;(9, 18);;(20, 15);1;4456
6;0.25;;(9, 18);;(20, 15);1;4457
6;0.25;;(9, 18);;(20, 15);1;4458
6;0.25;;(9, 18);;(20, 15);1;4459
6;0.25;;(9, 18);;(20, 15);1;4460
6;0.25;;(9, 18);;(20, 15);1;4461
6;0.25;;(9, 18);;(20, 15);1;4462
6;0.25;;(9, 18);;(20, 15);1;4463
6;0.25;;(9, 18);;(20, 15);1;4464
6;0.25;;(9, 18);;(20, 15);1;4465
6;0.25;;(9, 18);;(20, 15);1;4466
6;0.25;;(9, 18);;(20, 15);1;4467
6;0.25;;(9, 18);;(20, 15);1;4468
6;0.25;;(9, 18);;(20, 15);1;4469
6;0.25;;(9, 18);;(20, 15);1;4470
6;0.25;;(9, 18);;(20, 15);1;4471
6;0.25;;(9, 18);;(20, 15);1;4472
6;0.25;;(9, 18);;(20, 15);1;4473
6;0.25;;(9, 18);;(20, 15);1;4474
6;0.25;;(9, 18);;(20, 15);1;4475
6;0.25;;(9, 18);;(20, 15);1;4476
6;0.25;;(9, 18);;(20, 15);1;4477
6;0.25;;(9, 18);;(20, 15);1;4478
6;0.25;;(9, 18);;(20, 15);1;4479
6;0.25;;(9, 18);;(20, 15);1;4480
6;0.25;;(9, 18);;(20, 15);1;4481
6;0.25;;(9, 18);;(20, 15);1;4482
6;0.25;;(9, 18);;(20, 15);1;4483
6;0.25;;(9, 18);;(20, 15);1;4484
6;0.25;;(9, 18);;(20, 15);1;4485
6;0.25;;(9, 18);;(20, 15);1;4486
6;0.25;;(9, 18);;(20, 15);1;4487
6;0.25;;(9, 18);;(20, 15);1;4488
6;0.25;;(9, 18);;(20, 15);1;4489
6;0.25;;(9, 18);;(20, 15);1;4490
6;0.25;;(9, 18);;(20, 15);1;4491
6;0.25;;(9, 18);;(20, 15);1;4492
6;0.25;;(9, 18);;(20, 15);1;4493
6;0.25;;(9, 18);;(20, 15);1;4494
6;0.25;;(9, 18);;(20, 15);1;4495
6;0.25;;(9, 18);;(20, 15);1;4496
6;0.25;;(9, 18);;(20, 15);1;4497
6;0.25;;(9, 18);;(20, 15);1;4498
6;0.25;;(9, 18);;(20, 15);1;4499
6;0.25;;(9, 18);;(20, 15);1;4500
6;0.25;;(9, 18);;(20, 15);1;4501
6;0.25;;(9, 18);;(20, 15);1;4502
6;0.25;;(9, 18);;(20, 15);1;4503
6;0.25;;(9, 18);;(20, 15);1;4504
6;0.25;;(9, 18);;(20, 15);1;4505
6;0.25;;(9, 18);;(20, 15);1;4506
6;0.25;;(9, 18);;(20, 15);1;4507
6;0.25;;(9, 18);;(20, 15);1;4508
6;0.25;;(9, 18);;(20, 15);1;4509
6;0.25;;(9, 18);;(20, 15);1;4510
6;0.25;;(9, 18);;(20, 15);1;4511
6;0.25;;(9, 18);;(20, 15);1;4512
6;0.25;;(9, 18);;(20, 15);1;4513
6;0.25;;(9, 18);;(20, 15);1;4514
6;0.25;;(9, 18);;(20, 15);1;4515
6;0.25;;(9, 18);;(20, 15);1;4516
6;0.25;;(9, 18);;(20, 15);1;4517
6;0.25;;(9, 18);;(20, 15);1;4518
6;0.25;;(9, 18);;(20, 15);1;4519
6;0.25;;(9, 18);;(20, 15);1;4520
6;0.25;;(9, 18);;(20, 15);1;4521
6;0.25;;(9, 18);;(20, 15);1;4522
6;0.25;;(9, 18);;(20, 15);1;4523
6;0.25;;(9, 18);;(20, 15);1;4524
6;0.25;;(9, 18);;(20, 15);1;4525
6;0.25;;(9, 18);;(20, 15);1;4526
6;0.25;;(9, 18);;(20, 15);1;4527
6;0.25;;(9, 18);;(20, 15);1;4528
6;0.25;;(9, 18);;(20, 15);1;4529
6;0.25;;(9, 18);;(20, 15);1;4530
6;0.25;;(9, 18);;(20, 15);1;4531
6;0.25;;(9, 18);;(20, 15);1;4532
6;0.25;;(9, 18);;(20, 15);1;4533
6;0.25;;(9, 18);;(20, 15);1;4534
6;0.25;;(9, 18);;(20, 15);1;4535
6;0.25;;(9, 18);;(20, 15);1;4536
6;0.25;;(9, 18);;(20, 15);1;4537
6;0.25;;(9, 18);;(20, 15);1;4538
6;0.25;;(9, 18);;(20, 15);1;4539
6;0.25;;(9, 18);;(20, 15);1;4540
6;0.25;;(9, 18);;(20, 15);1;4541
6;0.25;;(9, 18);;(20, 15);1;4542
6;0.25;;(9, 18);;(20, 15);1;4543
6;0.25;;(9, 18);;(20, 15);1;4544
6;0.25;;(9, 18);;(20, 15);1;4545
6;0.25;;(9, 18);;(20, 15);1;4546
6;0.25;;(9, 18);;(20, 15);1;4547
6;0.25;;(9, 18);;(20, 15);1;4548
6;0.25;;(9, 18);;(20, 15);1;4549
6;0.25;;(9, 18);;(20, 15);1;4550
6;0.25;;(9, 18);;(20, 15);1;4551
6;0.25;;(9, 18);;(20, 15);1;4552
6;0.25;;(9, 18);;(20, 15);1;4553
6;0.25;;(9, 18);;(20, 15);1;4554
6;0.25;;(9, 18);;(20, 15);1;4555
6;0.25;;(9, 18);;(20, 15);1;4556
6;0.25;;(9, 18);;(20, 15);1;4557
6;0.25;;(9, 18);;(20, 15);1;4558
6;0.25;;(9, 18);;(20, 15);1;4559
6;0.25;;(9, 18);;(20, 15);1;4560
6;0.25;;(9, 18);;(20, 15);1;4561
6;0.25;;(9, 18);;(20, 15);1;4562
6;0.25;;(9, 18);;(20, 15);1;4563
6;0.25;;(9, 18);;(20, 15);1;4564
6;0.25;;(9, 18);;(20, 15);1;4565
6;0.25;;(9, 18);;(20, 15);1;4566
6;0.25;;(9, 18);;(20, 15);1;4567
6;0.25;;(9, 18);;(20, 15);1;4568
6;0.25;;(9, 18);;(20, 15);1;4569
6;0.25;;(9, 18);;(20, 15);1;4570
6;0.25;;(9, 18);;(20, 15);1;4571
6;0.25;;(9, 18);;(20, 15);1;4572
6;0.25;;(9, 18);;(20, 15);1;4573
6;0.25;;(9, 18);;(20, 15);1;4574
6;0.25;;(9, 18);;(20, 15);1;4575
6;0.25;;(9, 18);;(20, 15);1;4576
6;0.25;;(9, 18);;(20, 15);1;4577
6;0.25;;(9, 18);;(20, 15);1;4578
6;0.25;;(9, 18);;(20, 15);1;4579
6;0.25;;(9, 18);;(20, 15);1;4580
6;0.25;;(9, 18);;(20, 15);1;4581
6;0.25;;(9, 18);;(20, 15);1;4582
6;0.25;;(9, 18);;(20, 15);1;4583
6;0.25;;(9, 18);;(20, 15);1;4584
6;0.25;;(9, 18);;(20, 15);1;4585
6;0.25;;(9, 18);;(20, 15);1;4586
6;0.25;;(9, 18);;(20, 15);1;4587
6;0.25;;(9, 18);;(20, 15);1;4588
6;0.25;;(9, 18);;(20, 15);1;4589
6;0.25;;(9, 18);;(20, 15);1;4590
6;0.25;;(9, 18);;(20, 15);1;4591
6;0.25;;(9, 18);;(20, 15);1;4592
6;0.25;;(9, 18);;(20, 15);1;4593
6;0.25;;(9, 18);;(20, 15);1;4594
6;0.25;;(9, 18);;(20, 15);1;4595
6;0.25;;(9, 18);;(20, 15);1;4596
6;0.25;;(9, 18);;(20, 15);1;4597
6;0.25;;(9, 18);;(20, 15);1;4598
6;0.25;;(9, 18);;(20, 15);1;4599
6;0.25;;(9, 18);;(20, 15);1;4600
6;0.25;;(9, 18);;(20, 15);1;4601
6;0.25;;(9, 18);;(20, 15);1;4602
6;0.25;;(9, 18);;(20, 15);1;4603
6;0.25;;(9, 18);;(20, 15);1;4604
6;0.25;;(9, 18);;(20, 15);1;4605
6;0.25;;(9, 18);;(20, 15);1;4606
6;0.25;;(9, 18);;(20, 15);1;4607
6;0.25;;(9, 18);;(20, 15);1;4608
6;0.25;;(9, 18);;(20, 15);1;4609
6;0.25;;(9, 18);;(20, 15);1;4610
6;0.25;;(9, 18);;(20, 15);1;4611
6;0.25;;(9, 18);;(20, 15);1;4612
6;0.25;;(9, 18);;(20, 15);1;4613
6;0.25;;(9, 18);;(20, 15);1;4614
6;0.25;;(9, 18);;(20, 15);1;4615
6;0.25;;(9, 18);;(20, 15);1;4616
6;0.25;;(9, 18);;(20, 15);1;4617
6;0.25;;(9, 18);;(20, 15);1;4618
6;0.25;;(9, 18);;(20, 15);1;4619
6;0.25;;(9, 18);;(20, 15);1;4620
6;0.25;;(9, 18);;(20, 15);1;4621
6;0.25;;(9, 18);;(20, 15);1;4622
6;0.25;;(9, 18);;(20, 15);1;4623
6;0.25;;(9, 18);;(20, 15);1;4624
6;0.25;;(9, 18);;(20, 15);1;4625
6;0.25;;(9, 18);;(20, 15);1;4626
6;0.25;;(9, 18);;(20, 15);1;4627
6;0.25;;(9, 18);;(20, 15);1;4628
6;0.25;;(9, 18);;(20, 15);1;4629
6;0.25;;(9, 18);;(20, 15);1;4630
6;0.25;;(9, 18);;(20, 15);1;4631
6;0.25;;(9, 18);;(20, 15);1;4632
6;0.25;;(9, 18);;(20, 15);1;4633
6;0.25;;(9, 18);;(20, 15);1;4634
6;0.25;;(9, 18);;(20, 15);1;4635
6;0.25;;(9, 18);;(20, 15);1;4636
6;0.25;;(9, 18);;(20, 15);1;4637
6;0.25;;(9, 18);;(20, 15);1;4638
6;0.25;;(9, 18);;(20, 15);1;4639
6;0.25;;(9, 18);;(20, 15);1;4640
6;0.25;;(9, 18);;(20, 15);1;4641
6;0.25;;(9, 18);;(20, 15);1;4642
6;0.25;;(9, 18);;(20, 15);1;4643
6;0.25;;(9, 18);;(20, 15);1;4644
6;0.25;;(9, 18);;(20, 15);1;4645
6;0.25;;(9, 18);;(20, 15);1;4646
6;0.25;;(9, 18);;(20, 15);1;4647
6;0.25;;(9, 18);;(20, 15);1;4648
6;0.25;;(9, 18);;(20, 15);1;4649
6;0.25;;(9, 18);;(20, 15);1;4650
6;0.25;;(9, 18);;(20, 15);1;4651
6;0.25;;(9, 18);;(20, 15);1;4652
6;0.25;;(9, 18);;(20, 15);1;4653
6;0.25;;(9, 18);;(20, 15);1;4654
6;0.25;;(9, 18);;(20, 15);1;4655
6;0.25;;(9, 18);;(20, 15);1;4656
6;0.25;;(9, 18);;(20, 15);1;4657
6;0.25;;(9, 18);;(20, 15);1;4658
6;0.25;;(9, 18);;(20, 15);1;4659
6;0.25;;(9, 18);;(20, 15);1;4660
6;0.25;;(9, 18);;(20, 15);1;4661
6;0.25;;(9, 18);;(20, 15);1;4662
6;0.25;;(9, 18);;(20, 15);1;4663
6;0.25;;(9, 18);;(20, 15);1;4664
6;0.25;;(9, 18);;(20, 15);1;4665
6;0.25;;(9, 18);;(20, 15);1;4666
6;0.25;;(9, 18);;(20, 15);1;4667
6;0.25;;(9, 18);;(20, 15);1;4668
6;0.25;;(9, 18);;(20, 15);1;4669
6;0.25;;(9, 18);;(20, 15);1;4670
6;0.25;;(9, 18);;(20, 15);1;4671
6;0.25;;(9, 18);;(20, 15);1;4672
6;0.25;;(9, 18);;(20, 15);1;4673
6;0.25;;(9, 18);;(20, 15);1;4674
6;0.25;;(9, 18);;(20, 15);1;4675
6;0.25;;(9, 18);;(20, 15);1;4676
6;0.25;;(9, 18);;(20, 15);1;4677
6;0.25;;(9, 18);;(20, 15);1;4678
6;0.25;;(9, 18);;(20, 15);1;4679
6;0.25;;(9, 18);;(20, 15);1;4680
6;0.25;;(9, 18);;(20, 15);1;4681
6;0.25;;(9, 18);;(20, 15);1;4682
6;0.25;;(9, 18);;(20, 15);1;4683
6;0.25;;(9, 18);;(20, 15);1;4684
6;0.25;;(9, 18);;(20, 15);1;4685
6;0.25;;(9, 18);;(20, 15);1;4686
6;0.25;;(9, 18);;(20, 15);1;4687
6;0.25;;(9, 18);;(20, 15);1;4688
6;0.25;;(9, 18);;(20, 15);1;4689
6;0.25;;(9, 18);;(20, 15);1;4690
6;0.25;;(9, 18);;(20, 15);1;4691
6;0.25;;(9, 18);;(20, 15);1;4692
6;0.25;;(9, 18);;(20, 15);1;4693
6;0.25;;(9, 18);;(20, 15);1;4694
6;0.25;;(9, 18);;(20, 15);1;4695
6;0.25;;(9, 18);;(20, 15);1;4696
6;0.25;;(9, 18);;(20, 15);1;4697
6;0.25;;(9, 18);;(20, 15);1;4698
6;0.25;;(9, 18);;(20, 15);1;4699
6;0.25;;(9, 18);;(20, 15);1;4700
6;0.25;;(9, 18);;(20, 15);1;4701
6;0.25;;(9, 18);;(20, 15);1;4702
6;0.25;;(9, 18);;(20, 15);1;4703
6;0.25;;(9, 18);;(20, 15);1;4704
6;0.25;;(9, 18);;(20, 15);1;4705
6;0.25;;(9, 18);;(20, 15);1;4706
6;0.25;;(9, 18);;(20, 15);1;4707
6;0.25;;(9, 18);;(20, 15);1;4708
6;0.25;;(9, 18);;(20, 15);1;4709
6;0.25;;(9, 18);;(20, 15);1;4710
6;0.25;;(9, 18);;(20, 15);1;4711
6;0.25;;(9, 18);;(20, 15);1;4712
6;0.25;;(9, 18);;(20, 15);1;4713
6;0.25;;(9, 18);;(20, 15);1;4714
6;0.25;;(9, 18);;(20, 15);1;4715
6;0.25;;(9, 18);;(20, 15);1;4716
6;0.25;;(9, 18);;(20, 15);1;4717
6;0.25;;(9, 18);;(20, 15);1;4718
6;0.25;;(9, 18);;(20, 15);1;4719
6;0.25;;(9, 18);;(20, 15);1;4720
6;0.25;;(9, 18);;(20, 15);1;4721
6;0.25;;(9, 18);;(20, 15);1;4722
6;0.25;;(9, 18);;(20, 15);1;4723
6;0.25;;(9, 18);;(20, 15);1;4724
6;0.25;;(9, 18);;(20, 15);1;4725
6;0.25;;(9, 18);;(20, 15);1;4726
6;0.25;;(9, 18);;(20, 15);1;4727
6;0.25;;(9, 18);;(20, 15);1;4728
6;0.25;;(9, 18);;(20, 15);1;4729
6;0.25;;(9, 18);;(20, 15);1;4730
6;0.25;;(9, 18);;(20, 15);1;4731
6;0.25;;(9, 18);;(20, 15);1;4732
6;0.25;;(9, 18);;(20, 15);1;4733
6;0.25;;(9, 18);;(20, 15);1;4734
6;0.25;;(9, 18);;(20, 15);1;4735
6;0.25;;(9, 18);;(20, 15);1;4736
6;0.25;;(9, 18);;(20, 15);1;4737
6;0.25;;(9, 18);;(20, 15);1;4738
6;0.25;;(9, 18);;(20, 15);1;4739
6;0.25;;(9, 18);;(20, 15);1;4740
6;0.25;;(9, 18);;(20, 15);1;4741
6;0.25;;(9, 18);;(20, 15);1;4742
6;0.25;;(9, 18);;(20, 15);1;4743
6;0.25;;(9, 18);;(20, 15);1;4744
6;0.25;;(9, 18);;(20, 15);1;4745
6;0.25;;(9, 18);;(20, 15);1;4746
6;0.25;;(9, 18);;(20, 15);1;4747
6;0.25;;(9, 18);;(20, 15);1;4748
6;0.25;;(9, 18);;(20, 15);1;4749
6;0.25;;(9, 18);;(20, 15);1;4750
6;0.25;;(9, 18);;(20, 15);1;4751
6;0.25;;(9, 18);;(20, 15);1;4752
6;0.25;;(9, 18);;(20, 15);1;4753
6;0.25;;(9, 18);;(20, 15);1;4754
6;0.25;;(9, 18);;(20, 15);1;4755
6;0.25;;(9, 18);;(20, 15);1;4756
6;0.25;;(9, 18);;(20, 15);1;4757
6;0.25;;(9, 18);;(20, 15);1;4758
6;0.25;;(9, 18);;(20, 15);1;4759
6;0.25;;(9, 18);;(20, 15);1;4760
6;0.25;;(9, 18);;(20, 15);1;4761
6;0.25;;(9, 18);;(20, 15);1;4762
6;0.25;;(9, 18);;(20, 15);1;4763
6;0.25;;(9, 18);;(20, 15);1;4764
6;0.25;;(9, 18);;(20, 15);1;4765
6;0.25;;(9, 18);;(20, 15);1;4766
6;0.25;;(9, 18);;(20, 15);1;4767
6;0.25;;(9, 18);;(20, 15);1;4768
6;0.25;;(9, 18);;(20, 15);1;4769
6;0.25;;(9, 18);;(20, 15);1;4770
6;0.25;;(9, 18);;(20, 15);1;4771
6;0.25;;(9, 18);;(20, 15);1;4772
6;0.25;;(9, 18);;(20, 15);1;4773
6;0.25;;(9, 18);;(20, 15);1;4774
6;0.25;;(9, 18);;(20, 15);1;4775
6;0.25;;(9, 18);;(20, 15);1;4776
6;0.25;;(9, 18);;(20, 15);1;4777
6;0.25;;(9, 18);;(20, 15);1;4778
6;0.25;;(9, 18);;(20, 15);1;4779
6;0.25;;(9, 18);;(20, 15);1;4780
6;0.25;;(9, 18);;(20, 15);1;4781
6;0.25;;(9, 18);;(20, 15);1;4782
6;0.25;;(9, 18);;(20, 15);1;4783
6;0.25;;(9, 18);;(20, 15);1;4784
6;0.25;;(9, 18);;(20, 15);1;4785
6;0.25;;(9, 18);;(20, 15);1;4786
6;0.25;;(9, 18);;(20, 15);1;4787
6;0.25;;(9, 18);;(20, 15);1;4788
6;0.25;;(9, 18);;(20, 15);1;4789
6;0.25;;(9, 18);;(20, 15);1;4790
6;0.25;;(9, 18);;(20, 15);1;4791
6;0.25;;(9, 18);;(20, 15);1;4792
6;0.25;;(9, 18);;(20, 15);1;4793
6;0.25;;(9, 18);;(20, 15);1;4794
6;0.25;;(9, 18);;(20, 15);1;4795
6;0.25;;(9, 18);;(20, 15);1;4796
6;0.25;;(9, 18);;(20, 15);1;4797
6;0.25;;(9, 18);;(20, 15);1;4798
6;0.25;;(9, 18);;(20, 15);1;4799
6;0.25;;(9, 18);;(20, 15);1;4800
6;0.25;;(9, 18);;(20, 15);1;4801
6;0.25;;(9, 18);;(20, 15);1;4802
6;0.25;;(9, 18);;(20, 15);1;4803
6;0.25;;(9, 18);;(20, 15);1;4804
6;0.25;;(9, 18);;(20, 15);1;4805
6;0.25;;(9, 18);;(20, 15);1;4806
6;0.25;;(9, 18);;(20, 15);1;4807
6;0.25;;(9, 18);;(20, 15);1;4808
6;0.25;;(9, 18);;(20, 15);1;4809
6;0.25;;(9, 18);;(20, 15);1;4810
6;0.25;;(9, 18);;(20, 15);1;4811
6;0.25;;(9, 18);;(20, 15);1;4812
6;0.25;;(9, 18);;(20, 15);1;4813
6;0.25;;(9, 18);;(20, 15);1;4814
6;0.25;;(9, 18);;(20, 15);1;4815
6;0.25;;(9, 18);;(20, 15);1;4816
6;0.25;;(9, 18);;(20, 15);1;4817
6;0.25;;(9, 18);;(20, 15);1;4818
6;0.25;;(9, 18);;(20, 15);1;4819
6;0.25;;(9, 18);;(20, 15);1;4820
6;0.25;;(9, 18);;(20, 15);1;4821
6;0.25;;(9, 18);;(20, 15);1;4822
6;0.25;;(9, 18);;(20, 15);1;4823
6;0.25;;(9, 18);;(20, 15);1;4824
6;0.25;;(9, 18);;(20, 15);1;4825
6;0.25;;(9, 18);;(20, 15);1;4826
6;0.25;;(9, 18);;(20, 15);1;4827
6;0.25;;(9, 18);;(20, 15);1;4828
6;0.25;;(9, 18);;(20, 15);1;4829
6;0.25;;(9, 18);;(20, 15);1;4830
6;0.25;;(9, 18);;(20, 15);1;4831
6;0.25;;(9, 18);;(20, 15);1;4832
6;0.25;;(9, 18);;(20, 15);1;4833
6;0.25;;(9, 18);;(20, 15);1;4834
6;0.25;;(9, 18);;(20, 15);1;4835
6;0.25;;(9, 18);;(20, 15);1;4836
6;0.25;;(9, 18);;(20, 15);1;4837
6;0.25;;(9, 18);;(20, 15);1;4838
6;0.25;;(9, 18);;(20, 15);1;4839
6;0.25;;(9, 18);;(20, 15);1;4840
6;0.25;;(9, 18);;(20, 15);1;4841
6;0.25;;(9, 18);;(20, 15);1;4842
6;0.25;;(9, 18);;(20, 15);1;4843
6;0.25;;(9, 18);;(20, 15);1;4844
6;0.25;;(9, 18);;(20, 15);1;4845
6;0.25;;(9, 18);;(20, 15);1;4846
6;0.25;;(9, 18);;(20, 15);1;4847
6;0.25;;(9, 18);;(20, 15);1;4848
6;0.25;;(9, 18);;(20, 15);1;4849
6;0.25;;(9, 18);;(20, 15);1;4850
6;0.25;;(9, 18);;(20, 15);1;4851
6;0.25;;(9, 18);;(20, 15);1;4852
6;0.25;;(9, 18);;(20, 15);1;4853
6;0.25;;(9, 18);;(20, 15);1;4854
6;0.25;;(9, 18);;(20, 15);1;4855
6;0.25;;(9, 18);;(20, 15);1;4856
6;0.25;;(9, 18);;(20, 15);1;4857
6;0.25;;(9, 18);;(20, 15);1;4858
6;0.25;;(9, 18);;(20, 15);1;4859
6;0.25;;(9, 18);;(20, 15);1;4860
6;0.25;;(9, 18);;(20, 15);1;4861
6;0.25;;(9, 18);;(20, 15);1;4862
6;0.25;;(9, 18);;(20, 15);1;4863
6;0.25;;(9, 18);;(20, 15);1;4864
6;0.25;;(9, 18);;(20, 15);1;4865
6;0.25;;(9, 18);;(20, 15);1;4866
6;0.25;;(9, 18);;(20, 15);1;4867
6;0.25;;(9, 18);;(20, 15);1;4868
6;0.25;;(9, 18);;(20, 15);1;4869
6;0.25;;(9, 18);;(20, 15);1;4870
6;0.25;;(9, 18);;(20, 15);1;4871
6;0.25;;(9, 18);;(20, 15);1;4872
6;0.25;;(9, 18);;(20, 15);1;4873
6;0.25;;(9, 18);;(20, 15);1;4874
6;0.25;;(9, 18);;(20, 15);1;4875
6;0.25;;(9, 18);;(20, 15);1;4876
6;0.25;;(9, 18);;(20, 15);1;4877
6;0.25;;(9, 18);;(20, 15);1;4878
6;0.25;;(9, 18);;(20, 15);1;4879
6;0.25;;(9, 18);;(20, 15);1;4880
6;0.25;;(9, 18);;(20, 15);1;4881
6;0.25;;(9, 18);;(20, 15);1;4882
6;0.25;;(9, 18);;(20, 15);1;4883
6;0.25;;(9, 18);;(20, 15);1;4884
6;0.25;;(9, 18);;(20, 15);1;4885
6;0.25;;(9, 18);;(20, 15);1;4886
6;0.25;;(9, 18);;(20, 15);1;4887
6;0.25;;(9, 18);;(20, 15);1;4888
6;0.25;;(9, 18);;(20, 15);1;4889
6;0.25;;(9, 18);;(20, 15);1;4890
6;0.25;;(9, 18);;(20, 15);1;4891
6;0.25;;(9, 18);;(20, 15);1;4892
6;0.25;;(9, 18);;(20, 15);1;4893
6;0.25;;(9, 18);;(20, 15);1;4894
6;0.25;;(9, 18);;(20, 15);1;4895
6;0.25;;(9, 18);;(20, 15);1;4896
6;0.25;;(9, 18);;(20, 15);1;4897
6;0.25;;(9, 18);;(20, 15);1;4898
6;0.25;;(9, 18);;(20, 15);1;4899
6;0.25;;(9, 18);;(20, 15);1;4900
6;0.25;;(9, 18);;(20, 15);1;4901
6;0.25;;(9, 18);;(20, 15);1;4902
6;0.25;;(9, 18);;(20, 15);1;4903
6;0.25;;(9, 18);;(20, 15);1;4904
6;0.25;;(9, 18);;(20, 15);1;4905
6;0.25;;(9, 18);;(20, 15);1;4906
6;0.25;;(9, 18);;(20, 15);1;4907
6;0.25;;(9, 18);;(20, 15);1;4908
6;0.25;;(9, 18);;(20, 15);1;4909
6;0.25;;(9, 18);;(20, 15);1;4910
6;0.25;;(9, 18);;(20, 15);1;4911
6;0.25;;(9, 18);;(20, 15);1;4912
6;0.25;;(9, 18);;(20, 15);1;4913
6;0.25;;(9, 18);;(20, 15);1;4914
6;0.25;;(9, 18);;(20, 15);1;4915
6;0.25;;(9, 18);;(20, 15);1;4916
6;0.25;;(9, 18);;(20, 15);1;4917
6;0.25;;(9, 18);;(20, 15);1;4918
6;0.25;;(9, 18);;(20, 15);1;4919
6;0.25;;(9, 18);;(20, 15);1;4920
6;0.25;;(9, 18);;(20, 15);1;4921
6;0.25;;(9, 18);;(20, 15);1;4922
6;0.25;;(9, 18);;(20, 15);1;4923
6;0.25;;(9, 18);;(20, 15);1;4924
6;0.25;;(9, 18);;(20, 15);1;4925
6;0.25;;(9, 18);;(20, 15);1;4926
6;0.25;;(9, 18);;(20, 15);1;4927
6;0.25;;(9, 18);;(20, 15);1;4928
6;0.25;;(9, 18);;(20, 15);1;4929
6;0.25;;(9, 18);;(20, 15);1;4930
6;0.25;;(9, 18);;(20, 15);1;4931
6;0.25;;(9, 18);;(20, 15);1;4932
6;0.25;;(9, 18);;(20, 15);1;4933
6;0.25;;(9, 18);;(20, 15);1;4934
6;0.25;;(9, 18);;(20, 15);1;4935
6;0.25;;(9, 18);;(20, 15);1;4936
6;0.25;;(9, 18);;(20, 15);1;4937
6;0.25;;(9, 18);;(20, 15);1;4938
6;0.25;;(9, 18);;(20, 15);1;4939
6;0.25;;(9, 18);;(20, 15);1;4940
6;0.25;;(9, 18);;(20, 15);1;4941
6;0.25;;(9, 18);;(20, 15);1;4942
6;0.25;;(9, 18);;(20, 15);1;4943
6;0.25;;(9, 18);;(20, 15);1;4944
6;0.25;;(9, 18);;(20, 15);1;4945
6;0.25;;(9, 18);;(20, 15);1;4946
6;0.25;;(9, 18);;(20, 15);1;4947
6;0.25;;(9, 18);;(20, 15);1;4948
6;0.25;;(9, 18);;(20, 15);1;4949
6;0.25;;(9, 18);;(20, 15);1;4950
6;0.25;;(9, 18);;(20, 15);1;4951
6;0.25;;(9, 18);;(20, 15);1;4952
6;0.25;;(9, 18);;(20, 15);1;4953
6;0.25;;(9, 18);;(20, 15);1;4954
6;0.25;;(9, 18);;(20, 15);1;4955
6;0.25;;(9, 18);;(20, 15);1;4956
6;0.25;;(9, 18);;(20, 15);1;4957
6;0.25;;(9, 18);;(20, 15);1;4958
6;0.25;;(9, 18);;(20, 15);1;4959
6;0.25;;(9, 18);;(20, 15);1;4960
6;0.25;;(9, 18);;(20, 15);1;4961
6;0.25;;(9, 18);;(20, 15);1;4962
6;0.25;;(9, 18);;(20, 15);1;4963
6;0.25;;(9, 18);;(20, 15);1;4964
6;0.25;;(9, 18);;(20, 15);1;4965
6;0.25;;(9, 18);;(20, 15);1;4966
6;0.25;;(9, 18);;(20, 15);1;4967
6;0.25;;(9, 18);;(20, 15);1;4968
6;0.25;;(9, 18);;(20, 15);1;4969
6;0.25;;(9, 18);;(20, 15);1;4970
6;0.25;;(9, 18);;(20, 15);1;4971
6;0.25;;(9, 18);;(20, 15);1;4972
6;0.25;;(9, 18);;(20, 15);1;4973
6;0.25;;(9, 18);;(20, 15);1;4974
6;0.25;;(9, 18);;(20, 15);1;4975
6;0.25;;(9, 18);;(20, 15);1;4976
6;0.25;;(9, 18);;(20, 15);1;4977
6;0.25;;(9, 18);;(20, 15);1;4978
6;0.25;;(9, 18);;(20, 15);1;4979
6;0.25;;(9, 18);;(20, 15);1;4980
6;0.25;;(9, 18);;(20, 15);1;4981
6;0.25;;(9, 18);;(20, 15);1;4982
6;0.25;;(9, 18);;(20, 15);1;4983
6;0.25;;(9, 18);;(20, 15);1;4984
6;0.25;;(9, 18);;(20, 15);1;4985
6;0.25;;(9, 18);;(20, 15);1;4986
6;0.25;;(9, 18);;(20, 15);1;4987
6;0.25;;(9, 18);;(20, 15);1;4988
6;0.25;;(9, 18);;(20, 15);1;4989
6;0.25;;(9, 18);;(20, 15);1;4990
6;0.25;;(9, 18);;(20, 15);1;4991
6;0.25;;(9, 18);;(20, 15);1;4992
6;0.25;;(9, 18);;(20, 15);1;4993
6;0.25;;(9, 18);;(20, 15);1;4994
6;0.25;;(9, 18);;(20, 15);1;4995
6;0.25;;(9, 18);;(20, 15);1;4996
6;0.25;;(9, 18);;(20, 15);1;4997
6;0.25;;(9, 18);;(20, 15);1;4998
6;0.25;;(9, 18);;(20, 15);1;4999
6;0.25;;(9, 18);;(20, 15);1;5000
6;0.25;;(9, 18);;(20, 15);1;5001
6;0.25;;(9, 18);;(20, 15);1;5002
6;0.25;;(9, 18);;(20, 15);1;5003
6;0.25;;(9, 18);;(20, 15);1;5004
6;0.25;;(9, 18);;(20, 15);1;5005
6;0.25;;(9, 18);;(20, 15);1;5006
6;0.25;;(9, 18);;(20, 15);1;5007
6;0.25;;(9, 18);;(20, 15);1;5008
6;0.25;;(9, 18);;(20, 15);1;5009
6;0.25;;(9, 18);;(20, 15);1;5010
6;0.25;;(9, 18);;(20, 15);1;5011
6;0.25;;(9, 18);;(20, 15);1;5012
6;0.25;;(9, 18);;(20, 15);1;5013
6;0.25;;(9, 18);;(20, 15);1;5014
6;0.25;;(9, 18);;(20, 15);1;5015
6;0.25;;(9, 18);;(20, 15);1;5016
6;0.25;;(9, 18);;(20, 15);1;5017
6;0.25;;(9, 18);;(20, 15);1;5018
6;0.25;;(9, 18);;(20, 15);1;5019
6;0.25;;(9, 18);;(20, 15);1;5020
6;0.25;;(9, 18);;(20, 15);1;5021
6;0.25;;(9, 18);;(20, 15);1;5022
6;0.25;;(9, 18);;(20, 15);1;5023
6;0.25;;(9, 18);;(20, 15);1;5024
6;0.25;;(9, 18);;(20, 15);1;5025
6;0.25;;(9, 18);;(20, 15);1;5026
6;0.25;;(9, 18);;(20, 15);1;5027
6;0.25;;(9, 18);;(20, 15);1;5028
6;0.25;;(9, 18);;(20, 15);1;5029
6;0.25;;(9, 18);;(20, 15);1;5030
6;0.25;;(9, 18);;(20, 15);1;5031
6;0.25;;(9, 18);;(20, 15);1;5032
6;0.25;;(9, 18);;(20, 15);1;5033
6;0.25;;(9, 18);;(20, 15);1;5034
6;0.25;;(9, 18);;(20, 15);1;5035
6;0.25;;(9, 18);;(20, 15);1;5036
6;0.25;;(9, 18);;(20, 15);1;5037
6;0.25;;(9, 18);;(20, 15);1;5038
6;0.25;;(9, 18);;(20, 15);1;5039
6;0.25;;(9, 18);;(20, 15);1;5040
6;0.25;;(9, 18);;(20, 15);1;5041
6;0.25;;(9, 18);;(20, 15);1;5042
6;0.25;;(9, 18);;(20, 15);1;5043
6;0.25;;(9, 18);;(20, 15);1;5044
6;0.25;;(9, 18);;(20, 15);1;5045
6;0.25;;(9, 18);;(20, 15);1;5046
6;0.25;;(9, 18);;(20, 15);1;5047
6;0.25;;(9, 18);;(20, 15);1;5048
6;0.25;;(9, 18);;(20, 15);1;5049
6;0.25;;(9, 18);;(20, 15);1;5050
6;0.25;;(9, 18);;(20, 15);1;5051
6;0.25;;(9, 18);;(20, 15);1;5052
6;0.25;;(9, 18);;(20, 15);1;5053
6;0.25;;(9, 18);;(20, 15);1;5054
6;0.25;;(9, 18);;(20, 15);1;5055
6;0.25;;(9, 18);;(20, 15);1;5056
6;0.25;;(9, 18);;(20, 15);1;5057
6;0.25;;(9, 18);;(20, 15);1;5058
6;0.25;;(9, 18);;(20, 15);1;5059
6;0.25;;(9, 18);;(20, 15);1;5060
6;0.25;;(9, 18);;(20, 15);1;5061
6;0.25;;(9, 18);;(20, 15);1;5062
6;0.25;;(9, 18);;(20, 15);1;5063
6;0.25;;(9, 18);;(20, 15);1;5064
6;0.25;;(9, 18);;(20, 15);1;5065
6;0.25;;(9, 18);;(20, 15);1;5066
6;0.25;;(9, 18);;(20, 15);1;5067
6;0.25;;(9, 18);;(20, 15);1;5068
6;0.25;;(9, 18);;(20, 15);1;5069
6;0.25;;(9, 18);;(20, 15);1;5070
6;0.25;;(9, 18);;(20, 15);1;5071
6;0.25;;(9, 18);;(20, 15);1;5072
6;0.25;;(9, 18);;(20, 15);1;5073
6;0.25;;(9, 18);;(20, 15);1;5074
6;0.25;;(9, 18);;(20, 15);1;5075
6;0.25;;(9, 18);;(20, 15);1;5076
6;0.25;;(9, 18);;(20, 15);1;5077
6;0.25;;(9, 18);;(20, 15);1;5078
6;0.25;;(9, 18);;(20, 15);1;5079
6;0.25;;(9, 18);;(20, 15);1;5080
6;0.25;;(9, 18);;(20, 15);1;5081
6;0.25;;(9, 18);;(20, 15);1;5082
6;0.25;;(9, 18);;(20, 15);1;5083
6;0.25;;(9, 18);;(20, 15);1;5084
6;0.25;;(9, 18);;(20, 15);1;5085
6;0.25;;(9, 18);;(20, 15);1;5086
6;0.25;;(9, 18);;(20, 15);1;5087
6;0.25;;(9, 18);;(20, 15);1;5088
6;0.25;;(9, 18);;(20, 15);1;5089
6;0.25;;(9, 18);;(20, 15);1;5090
6;0.25;;(9, 18);;(20, 15);1;5091
6;0.25;;(9, 18);;(20, 15);1;5092
6;0.25;;(9, 18);;(20, 15);1;5093
6;0.25;;(9, 18);;(20, 15);1;5094
6;0.25;;(9, 18);;(20, 15);1;5095
6;0.25;;(9, 18);;(20, 15);1;5096
6;0.25;;(9, 18);;(20, 15);1;5097
6;0.25;;(9, 18);;(20, 15);1;5098
6;0.25;;(9, 18);;(20, 15);1;5099
6;0.25;;(9, 18);;(20, 15);1;5100
6;0.25;;(9, 18);;(20, 15);1;5101
6;0.25;;(9, 18);;(20, 15);1;5102
6;0.25;;(9, 18);;(20, 15);1;5103
6;0.25;;(9, 18);;(20, 15);1;5104
6;0.25;;(9, 18);;(20, 15);1;5105
6;0.25;;(9, 18);;(20, 15);1;5106
6;0.25;;(9, 18);;(20, 15);1;5107
6;0.25;;(9, 18);;(20, 15);1;5108
6;0.25;;(9, 18);;(20, 15);1;5109
6;0.25;;(9, 18);;(20, 15);1;5110
6;0.25;;(9, 18);;(20, 15);1;5111
6;0.25;;(9, 18);;(20, 15);1;5112
6;0.25;;(9, 18);;(20, 15);1;5113
6;0.25;;(9, 18);;(20, 15);1;5114
6;0.25;;(9, 18);;(20, 15);1;5115
6;0.25;;(9, 18);;(20, 15);1;5116
6;0.25;;(9, 18);;(20, 15);1;5117
6;0.25;;(9, 18);;(20, 15);1;5118
6;0.25;;(9, 18);;(20, 15);1;5119
6;0.25;;(9, 18);;(20, 15);1;5120
6;0.25;;(9, 18);;(20, 15);1;5121
6;0.25;;(9, 18);;(20, 15);1;5122
6;0.25;;(9, 18);;(20, 15);1;5123
6;0.25;;(9, 18);;(20, 15);1;5124
6;0.25;;(9, 18);;(20, 15);1;5125
6;0.25;;(9, 18);;(20, 15);1;5126
6;0.25;;(9, 18);;(20, 15);1;5127
6;0.25;;(9, 18);;(20, 15);1;5128
6;0.25;;(9, 18);;(20, 15);1;5129
6;0.25;;(9, 18);;(20, 15);1;5130
6;0.25;;(9, 18);;(20, 15);1;5131
6;0.25;;(9, 18);;(20, 15);1;5132
6;0.25;;(9, 18);;(20, 15);1;5133
6;0.25;;(9, 18);;(20, 15);1;5134
6;0.25;;(9, 18);;(20, 15);1;5135
6;0.25;;(9, 18);;(20, 15);1;5136
6;0.25;;(9, 18);;(20, 15);1;5137
6;0.25;;(9, 18);;(20, 15);1;5138
6;0.25;;(9, 18);;(20, 15);1;5139
6;0.25;;(9, 18);;(20, 15);1;5140
6;0.25;;(9, 18);;(20, 15);1;5141
6;0.25;;(9, 18);;(20, 15);1;5142
6;0.25;;(9, 18);;(20, 15);1;5143
6;0.25;;(9, 18);;(20, 15);1;5144
6;0.25;;(9, 18);;(20, 15);1;5145
6;0.25;;(9, 18);;(20, 15);1;5146
6;0.25;;(9, 18);;(20, 15);1;5147
6;0.25;;(9, 18);;(20, 15);1;5148
6;0.25;;(9, 18);;(20, 15);1;5149
6;0.25;;(9, 18);;(20, 15);1;5150
6;0.25;;(9, 18);;(20, 15);1;5151
6;0.25;;(9, 18);;(20, 15);1;5152
6;0.25;;(9, 18);;(20, 15);1;5153
6;0.25;;(9, 18);;(20, 15);1;5154
6;0.25;;(9, 18);;(20, 15);1;5155
6;0.25;;(9, 18);;(20, 15);1;5156
6;0.25;;(9, 18);;(20, 15);1;5157
6;0.25;;(9, 18);;(20, 15);1;5158
6;0.25;;(9, 18);;(20, 15);1;5159
6;0.25;;(9, 18);;(20, 15);1;5160
6;0.25;;(9, 18);;(20, 15);1;5161
6;0.25;;(9, 18);;(20, 15);1;5162
6;0.25;;(9, 18);;(20, 15);1;5163
6;0.25;;(9, 18);;(20, 15);1;5164
6;0.25;;(9, 18);;(20, 15);1;5165
6;0.25;;(9, 18);;(20, 15);1;5166
6;0.25;;(9, 18);;(20, 15);1;5167
6;0.25;;(9, 18);;(20, 15);1;5168
6;0.25;;(9, 18);;(20, 15);1;5169
6;0.25;;(9, 18);;(20, 15);1;5170
6;0.25;;(9, 18);;(20, 15);1;5171
6;0.25;;(9, 18);;(20, 15);1;5172
6;0.25;;(9, 18);;(20, 15);1;5173
6;0.25;;(9, 18);;(20, 15);1;5174
6;0.25;;(9, 18);;(20, 15);1;5175
6;0.25;;(9, 18);;(20, 15);1;5176
6;0.25;;(9, 18);;(20, 15);1;5177
6;0.25;;(9, 18);;(20, 15);1;5178
6;0.25;;(9, 18);;(20, 15);1;5179
6;0.25;;(9, 18);;(20, 15);1;5180
6;0.25;;(9, 18);;(20, 15);1;5181
6;0.25;;(9, 18);;(20, 15);1;5182
6;0.25;;(9, 18);;(20, 15);1;5183
6;0.25;;(9, 18);;(20, 15);1;5184
6;0.25;;(9, 18);;(20, 15);1;5185
6;0.25;;(9, 18);;(20, 15);1;5186
6;0.25;;(9, 18);;(20, 15);1;5187
6;0.25;;(9, 18);;(20, 15);1;5188
6;0.25;;(9, 18);;(20, 15);1;5189
6;0.25;;(9, 18);;(20, 15);1;5190
6;0.25;;(9, 18);;(20, 15);1;5191
6;0.25;;(9, 18);;(20, 15);1;5192
6;0.25;;(9, 18);;(20, 15);1;5193
6;0.25;;(9, 18);;(20, 15);1;5194
6;0.25;;(9, 18);;(20, 15);1;5195
6;0.25;;(9, 18);;(20, 15);1;5196
6;0.25;;(9, 18);;(20, 15);1;5197
6;0.25;;(9, 18);;(20, 15);1;5198
6;0.25;;(9, 18);;(20, 15);1;5199
6;0.25;;(9, 18);;(20, 15);1;5200
6;0.25;;(9, 18);;(20, 15);1;5201
6;0.25;;(9, 18);;(20, 15);1;5202
6;0.25;;(9, 18);;(20, 15);1;5203
6;0.25;;(9, 18);;(20, 15);1;5204
6;0.25;;(9, 18);;(20, 15);1;5205
6;0.25;;(9, 18);;(20, 15);1;5206
6;0.25;;(9, 18);;(20, 15);1;5207
6;0.25;;(9, 18);;(20, 15);1;5208
6;0.25;;(9, 18);;(20, 15);1;5209
6;0.25;;(9, 18);;(20, 15);1;5210
6;0.25;;(9, 18);;(20, 15);1;5211
6;0.25;;(9, 18);;(20, 15);1;5212
6;0.25;;(9, 18);;(20, 15);1;5213
6;0.25;;(9, 18);;(20, 15);1;5214
6;0.25;;(9, 18);;(20, 15);1;5215
6;0.25;;(9, 18);;(20, 15);1;5216
6;0.25;;(9, 18);;(20, 15);1;5217
6;0.25;;(9, 18);;(20, 15);1;5218
6;0.25;;(9, 18);;(20, 15);1;5219
6;0.25;;(9, 18);;(20, 15);1;5220
6;0.25;;(9, 18);;(20, 15);1;5221
6;0.25;;(9, 18);;(20, 15);1;5222
6;0.25;;(9, 18);;(20, 15);1;5223
6;0.25;;(9, 18);;(20, 15);1;5224
6;0.25;;(9, 18);;(20, 15);1;5225
6;0.25;;(9, 18);;(20, 15);1;5226
6;0.25;;(9, 18);;(20, 15);1;5227
6;0.25;;(9, 18);;(20, 15);1;5228
6;0.25;;(9, 18);;(20, 15);1;5229
6;0.25;;(9, 18);;(20, 15);1;5230
6;0.25;;(9, 18);;(20, 15);1;5231
6;0.25;;(9, 18);;(20, 15);1;5232
6;0.25;;(9, 18);;(20, 15);1;5233
6;0.25;;(9, 18);;(20, 15);1;5234
6;0.25;;(9, 18);;(20, 15);1;5235
6;0.25;;(9, 18);;(20, 15);1;5236
6;0.25;;(9, 18);;(20, 15);1;5237
6;0.25;;(9, 18);;(20, 15);1;5238
6;0.25;;(9, 18);;(20, 15);1;5239
6;0.25;;(9, 18);;(20, 15);1;5240
6;0.25;;(9, 18);;(20, 15);1;5241
6;0.25;;(9, 18);;(20, 15);1;5242
6;0.25;;(9, 18);;(20, 15);1;5243
6;0.25;;(9, 18);;(20, 15);1;5244
6;0.25;;(9, 18);;(20, 15);1;5245
6;0.25;;(9, 18);;(20, 15);1;5246
6;0.25;;(9, 18);;(20, 15);1;5247
6;0.25;;(9, 18);;(20, 15);1;5248
6;0.25;;(9, 18);;(20, 15);1;5249
6;0.25;;(9, 18);;(20, 15);1;5250
6;0.25;;(9, 18);;(20, 15);1;5251
6;0.25;;(9, 18);;(20, 15);1;5252
6;0.25;;(9, 18);;(20, 15);1;5253
6;0.25;;(9, 18);;(20, 15);1;5254
6;0.25;;(9, 18);;(20, 15);1;5255
6;0.25;;(9, 18);;(20, 15);1;5256
6;0.25;;(9, 18);;(20, 15);1;5257
6;0.25;;(9, 18);;(20, 15);1;5258
6;0.25;;(9, 18);;(20, 15);1;5259
6;0.25;;(9, 18);;(20, 15);1;5260
6;0.25;;(9, 18);;(20, 15);1;5261
6;0.25;;(9, 18);;(20, 15);1;5262
6;0.25;;(9, 18);;(20, 15);1;5263
6;0.25;;(9, 18);;(20, 15);1;5264
6;0.25;;(9, 18);;(20, 15);1;5265
6;0.25;;(9, 18);;(20, 15);1;5266
6;0.25;;(9, 18);;(20, 15);1;5267
6;0.25;;(9, 18);;(20, 15);1;5268
6;0.25;;(9, 18);;(20, 15);1;5269
6;0.25;;(9, 18);;(20, 15);1;5270
6;0.25;;(9, 18);;(20, 15);1;5271
6;0.25;;(9, 18);;(20, 15);1;5272
6;0.25;;(9, 18);;(20, 15);1;5273
6;0.25;;(9, 18);;(20, 15);1;5274
6;0.25;;(9, 18);;(20, 15);1;5275
6;0.25;;(9, 18);;(20, 15);1;5276
6;0.25;;(9, 18);;(20, 15);1;5277
6;0.25;;(9, 18);;(20, 15);1;5278
6;0.25;;(9, 18);;(20, 15);1;5279
6;0.25;;(9, 18);;(20, 15);1;5280
6;0.25;;(9, 18);;(20, 15);1;5281
6;0.25;;(9, 18);;(20, 15);1;5282
6;0.25;;(9, 18);;(20, 15);1;5283
6;0.25;;(9, 18);;(20, 15);1;5284
6;0.25;;(9, 18);;(20, 15);1;5285
6;0.25;;(9, 18);;(20, 15);1;5286
6;0.25;;(9, 18);;(20, 15);1;5287
6;0.25;;(9, 18);;(20, 15);1;5288
6;0.25;;(9, 18);;(20, 15);1;5289
6;0.25;;(9, 18);;(20, 15);1;5290
6;0.25;;(9, 18);;(20, 15);1;5291
6;0.25;;(9, 18);;(20, 15);1;5292
6;0.25;;(9, 18);;(20, 15);1;5293
6;0.25;;(9, 18);;(20, 15);1;5294
6;0.25;;(9, 18);;(20, 15);1;5295
6;0.25;;(9, 18);;(20, 15);1;5296
6;0.25;;(9, 18);;(20, 15);1;5297
6;0.25;;(9, 18);;(20, 15);1;5298
6;0.25;;(9, 18);;(20, 15);1;5299
6;0.25;;(9, 18);;(20, 15);1;5300
6;0.25;;(9, 18);;(20, 15);1;5301
6;0.25;;(9, 18);;(20, 15);1;5302
6;0.25;;(9, 18);;(20, 15);1;5303
6;0.25;;(9, 18);;(20, 15);1;5304
6;0.25;;(9, 18);;(20, 15);1;5305
6;0.25;;(9, 18);;(20, 15);1;5306
6;0.25;;(9, 18);;(20, 15);1;5307
6;0.25;;(9, 18);;(20, 15);1;5308
6;0.25;;(9, 18);;(20, 15);1;5309
6;0.25;;(9, 18);;(20, 15);1;5310
6;0.25;;(9, 18);;(20, 15);1;5311
6;0.25;;(9, 18);;(20, 15);1;5312
6;0.25;;(9, 18);;(20, 15);1;5313
6;0.25;;(9, 18);;(20, 15);1;5314
6;0.25;;(9, 18);;(20, 15);1;5315
6;0.25;;(9, 18);;(20, 15);1;5316
6;0.25;;(9, 18);;(20, 15);1;5317
6;0.25;;(9, 18);;(20, 15);1;5318
6;0.25;;(9, 18);;(20, 15);1;5319
6;0.25;;(9, 18);;(20, 15);1;5320
6;0.25;;(9, 18);;(20, 15);1;5321
6;0.25;;(9, 18);;(20, 15);1;5322
6;0.25;;(9, 18);;(20, 15);1;5323
6;0.25;;(9, 18);;(20, 15);1;5324
6;0.25;;(9, 18);;(20, 15);1;5325
6;0.25;;(9, 18);;(20, 15);1;5326
6;0.25;;(9, 18);;(20, 15);1;5327
6;0.25;;(9, 18);;(20, 15);1;5328
6;0.25;;(9, 18);;(20, 15);1;5329
6;0.25;;(9, 18);;(20, 15);1;5330
6;0.25;;(9, 18);;(20, 15);1;5331
6;0.25;;(9, 18);;(20, 15);1;5332
6;0.25;;(9, 18);;(20, 15);1;5333
6;0.25;;(9, 18);;(20, 15);1;5334
6;0.25;;(9, 18);;(20, 15);1;5335
6;0.25;;(9, 18);;(20, 15);1;5336
6;0.25;;(9, 18);;(20, 15);1;5337
6;0.25;;(9, 18);;(20, 15);1;5338
6;0.25;;(9, 18);;(20, 15);1;5339
6;0.25;;(9, 18);;(20, 15);1;5340
6;0.25;;(9, 18);;(20, 15);1;5341
6;0.25;;(9, 18);;(20, 15);1;5342
6;0.25;;(9, 18);;(20, 15);1;5343
6;0.25;;(9, 18);;(20, 15);1;5344
6;0.25;;(9, 18);;(20, 15);1;5345
6;0.25;;(9, 18);;(20, 15);1;5346
6;0.25;;(9, 18);;(20, 15);1;5347
6;0.25;;(9, 18);;(20, 15);1;5348
6;0.25;;(9, 18);;(20, 15);1;5349
6;0.25;;(9, 18);;(20, 15);1;5350
6;0.25;;(9, 18);;(20, 15);1;5351
6;0.25;;(9, 18);;(20, 15);1;5352
6;0.25;;(9, 18);;(20, 15);1;5353
6;0.25;;(9, 18);;(20, 15);1;5354
6;0.25;;(9, 18);;(20, 15);1;5355
6;0.25;;(9, 18);;(20, 15);1;5356
6;0.25;;(9, 18);;(20, 15);1;5357
6;0.25;;(9, 18);;(20, 15);1;5358
6;0.25;;(9, 18);;(20, 15);1;5359
6;0.25;;(9, 18);;(20, 15);1;5360
6;0.25;;(9, 18);;(20, 15);1;5361
6;0.25;;(9, 18);;(20, 15);1;5362
6;0.25;;(9, 18);;(20, 15);1;5363
6;0.25;;(9, 18);;(20, 15);1;5364
6;0.25;;(9, 18);;(20, 15);1;5365
6;0.25;;(9, 18);;(20, 15);1;5366
6;0.25;;(9, 18);;(20, 15);1;5367
6;0.25;;(9, 18);;(20, 15);1;5368
6;0.25;;(9, 18);;(20, 15);1;5369
6;0.25;;(9, 18);;(20, 15);1;5370
6;0.25;;(9, 18);;(20, 15);1;5371
6;0.25;;(9, 18);;(20, 15);1;5372
6;0.25;;(9, 18);;(20, 15);1;5373
6;0.25;;(9, 18);;(20, 15);1;5374
6;0.25;;(9, 18);;(20, 15);1;5375
6;0.25;;(9, 18);;(20, 15);1;5376
6;0.25;;(9, 18);;(20, 15);1;5377
6;0.25;;(9, 18);;(20, 15);1;5378
6;0.25;;(9, 18);;(20, 15);1;5379
6;0.25;;(9, 18);;(20, 15);1;5380
6;0.25;;(9, 18);;(20, 15);1;5381
6;0.25;;(9, 18);;(20, 15);1;5382
6;0.25;;(9, 18);;(20, 15);1;5383
6;0.25;;(9, 18);;(20, 15);1;5384
6;0.25;;(9, 18);;(20, 15);1;5385
6;0.25;;(9, 18);;(20, 15);1;5386
6;0.25;;(9, 18);;(20, 15);1;5387
6;0.25;;(9, 18);;(20, 15);1;5388
6;0.25;;(9, 18);;(20, 15);1;5389
6;0.25;;(9, 18);;(20, 15);1;5390
6;0.25;;(9, 18);;(20, 15);1;5391
6;0.25;;(9, 18);;(20, 15);1;5392
6;0.25;;(9, 18);;(20, 15);1;5393
6;0.25;;(9, 18);;(20, 15);1;5394
6;0.25;;(9, 18);;(20, 15);1;5395
6;0.25;;(9, 18);;(20, 15);1;5396
6;0.25;;(9, 18);;(20, 15);1;5397
6;0.25;;(9, 18);;(20, 15);1;5398
6;0.25;;(9, 18);;(20, 15);1;5399
6;0.25;;(9, 18);;(20, 15);1;5400
6;0.25;;(9, 18);;(20, 15);1;5401
6;0.25;;(9, 18);;(20, 15);1;5402
6;0.25;;(9, 18);;(20, 15);1;5403
6;0.25;;(9, 18);;(20, 15);1;5404
6;0.25;;(9, 18);;(20, 15);1;5405
6;0.25;;(9, 18);;(20, 15);1;5406
6;0.25;;(9, 18);;(20, 15);1;5407
6;0.25;;(9, 18);;(20, 15);1;5408
6;0.25;;(9, 18);;(20, 15);1;5409
6;0.25;;(9, 18);;(20, 15);1;5410
6;0.25;;(9, 18);;(20, 15);1;5411
6;0.25;;(9, 18);;(20, 15);1;5412
6;0.25;;(9, 18);;(20, 15);1;5413
6;0.25;;(9, 18);;(20, 15);1;5414
6;0.25;;(9, 18);;(20, 15);1;5415
6;0.25;;(9, 18);;(20, 15);1;5416
6;0.25;;(9, 18);;(20, 15);1;5417
6;0.25;;(9, 18);;(20, 15);1;5418
6;0.25;;(9, 18);;(20, 15);1;5419
6;0.25;;(9, 18);;(20, 15);1;5420
6;0.25;;(9, 18);;(20, 15);1;5421
6;0.25;;(9, 18);;(20, 15);1;5422
6;0.25;;(9, 18);;(20, 15);1;5423
6;0.25;;(9, 18);;(20, 15);1;5424
6;0.25;;(9, 18);;(20, 15);1;5425
6;0.25;;(9, 18);;(20, 15);1;5426
6;0.25;;(9, 18);;(20, 15);1;5427
6;0.25;;(9, 18);;(20, 15);1;5428
6;0.25;;(9, 18);;(20, 15);1;5429
6;0.25;;(9, 18);;(20, 15);1;5430
6;0.25;;(9, 18);;(20, 15);1;5431
6;0.25;;(9, 18);;(20, 15);1;5432
6;0.25;;(9, 18);;(20, 15);1;5433
6;0.25;;(9, 18);;(20, 15);1;5434
6;0.25;;(9, 18);;(20, 15);1;5435
6;0.25;;(9, 18);;(20, 15);1;5436
6;0.25;;(9, 18);;(20, 15);1;5437
6;0.25;;(9, 18);;(20, 15);1;5438
6;0.25;;(9, 18);;(20, 15);1;5439
6;0.25;;(9, 18);;(20, 15);1;5440
6;0.25;;(9, 18);;(20, 15);1;5441
6;0.25;;(9, 18);;(20, 15);1;5442
6;0.25;;(9, 18);;(20, 15);1;5443
6;0.25;;(9, 18);;(20, 15);1;5444
6;0.25;;(9, 18);;(20, 15);1;5445
6;0.25;;(9, 18);;(20, 15);1;5446
6;0.25;;(9, 18);;(20, 15);1;5447
6;0.25;;(9, 18);;(20, 15);1;5448
6;0.25;;(9, 18);;(20, 15);1;5449
6;0.25;;(9, 18);;(20, 15);1;5450
6;0.25;;(9, 18);;(20, 15);1;5451
6;0.25;;(9, 18);;(20, 15);1;5452
6;0.25;;(9, 18);;(20, 15);1;5453
6;0.25;;(9, 18);;(20, 15);1;5454
6;0.25;;(9, 18);;(20, 15);1;5455
6;0.25;;(9, 18);;(20, 15);1;5456
6;0.25;;(9, 18);;(20, 15);1;5457
6;0.25;;(9, 18);;(20, 15);1;5458
6;0.25;;(9, 18);;(20, 15);1;5459
6;0.25;;(9, 18);;(20, 15);1;5460
6;0.25;;(9, 18);;(20, 15);1;5461
6;0.25;;(9, 18);;(20, 15);1;5462
6;0.25;;(9, 18);;(20, 15);1;5463
6;0.25;;(9, 18);;(20, 15);1;5464
6;0.25;;(9, 18);;(20, 15);1;5465
6;0.25;;(9, 18);;(20, 15);1;5466
6;0.25;;(9, 18);;(20, 15);1;5467
6;0.25;;(9, 18);;(20, 15);1;5468
6;0.25;;(9, 18);;(20, 15);1;5469
6;0.25;;(9, 18);;(20, 15);1;5470
6;0.25;;(9, 18);;(20, 15);1;5471
6;0.25;;(9, 18);;(20, 15);1;5472
6;0.25;;(9, 18);;(20, 15);1;5473
6;0.25;;(9, 18);;(20, 15);1;5474
6;0.25;;(9, 18);;(20, 15);1;5475
6;0.25;;(9, 18);;(20, 15);1;5476
6;0.25;;(9, 18);;(20, 15);1;5477
6;0.25;;(9, 18);;(20, 15);1;5478
6;0.25;;(9, 18);;(20, 15);1;5479
6;0.25;;(9, 18);;(20, 15);1;5480
6;0.25;;(9, 18);;(20, 15);1;5481
6;0.25;;(9, 18);;(20, 15);1;5482
6;0.25;;(9, 18);;(20, 15);1;5483
6;0.25;;(9, 18);;(20, 15);1;5484
6;0.25;;(9, 18);;(20, 15);1;5485
6;0.25;;(9, 18);;(20, 15);1;5486
6;0.25;;(9, 18);;(20, 15);1;5487
6;0.25;;(9, 18);;(20, 15);1;5488
6;0.25;;(9, 18);;(20, 15);1;5489
6;0.25;;(9, 18);;(20, 15);1;5490
6;0.25;;(9, 18);;(20, 15);1;5491
6;0.25;;(9, 18);;(20, 15);1;5492
6;0.25;;(9, 18);;(20, 15);1;5493
6;0.25;;(9, 18);;(20, 15);1;5494
6;0.25;;(9, 18);;(20, 15);1;5495
6;0.25;;(9, 18);;(20, 15);1;5496
6;0.25;;(9, 18);;(20, 15);1;5497
6;0.25;;(9, 18);;(20, 15);1;5498
6;0.25;;(9, 18);;(20, 15);1;5499
6;0.25;;(9, 18);;(20, 15);1;5500
6;0.25;;(9, 18);;(20, 15);1;5501
6;0.25;;(9, 18);;(20, 15);1;5502
6;0.25;;(9, 18);;(20, 15);1;5503
6;0.25;;(9, 18);;(20, 15);1;5504
6;0.25;;(9, 18);;(20, 15);1;5505
6;0.25;;(9, 18);;(20, 15);1;5506
6;0.25;;(9, 18);;(20, 15);1;5507
6;0.25;;(9, 18);;(20, 15);1;5508
6;0.25;;(9, 18);;(20, 15);1;5509
6;0.25;;(9, 18);;(20, 15);1;5510
6;0.25;;(9, 18);;(20, 15);1;5511
6;0.25;;(9, 18);;(20, 15);1;5512
6;0.25;;(9, 18);;(20, 15);1;5513
6;0.25;;(9, 18);;(20, 15);1;5514
6;0.25;;(9, 18);;(20, 15);1;5515
6;0.25;;(9, 18);;(20, 15);1;5516
6;0.25;;(9, 18);;(20, 15);1;5517
6;0.25;;(9, 18);;(20, 15);1;5518
6;0.25;;(9, 18);;(20, 15);1;5519
6;0.25;;(9, 18);;(20, 15);1;5520
6;0.25;;(9, 18);;(20, 15);1;5521
6;0.25;;(9, 18);;(20, 15);1;5522
6;0.25;;(9, 18);;(20, 15);1;5523
6;0.25;;(9, 18);;(20, 15);1;5524
6;0.25;;(9, 18);;(20, 15);1;5525
6;0.25;;(9, 18);;(20, 15);1;5526
6;0.25;;(9, 18);;(20, 15);1;5527
6;0.25;;(9, 18);;(20, 15);1;5528
6;0.25;;(9, 18);;(20, 15);1;5529
6;0.25;;(9, 18);;(20, 15);1;5530
6;0.25;;(9, 18);;(20, 15);1;5531
6;0.25;;(9, 18);;(20, 15);1;5532
6;0.25;;(9, 18);;(20, 15);1;5533
6;0.25;;(9, 18);;(20, 15);1;5534
6;0.25;;(9, 18);;(20, 15);1;5535
6;0.25;;(9, 18);;(20, 15);1;5536
6;0.25;;(9, 18);;(20, 15);1;5537
6;0.25;;(9, 18);;(20, 15);1;5538
6;0.25;;(9, 18);;(20, 15);1;5539
6;0.25;;(9, 18);;(20, 15);1;5540
6;0.25;;(9, 18);;(20, 15);1;5541
6;0.25;;(9, 18);;(20, 15);1;5542
6;0.25;;(9, 18);;(20, 15);1;5543
6;0.25;;(9, 18);;(20, 15);1;5544
6;0.25;;(9, 18);;(20, 15);1;5545
6;0.25;;(9, 18);;(20, 15);1;5546
6;0.25;;(9, 18);;(20, 15);1;5547
6;0.25;;(9, 18);;(20, 15);1;5548
6;0.25;;(9, 18);;(20, 15);1;5549
6;0.25;;(9, 18);;(20, 15);1;5550
6;0.25;;(9, 18);;(20, 15);1;5551
6;0.25;;(9, 18);;(20, 15);1;5552
6;0.25;;(9, 18);;(20, 15);1;5553
6;0.25;;(9, 18);;(20, 15);1;5554
6;0.25;;(9, 18);;(20, 15);1;5555
6;0.25;;(9, 18);;(20, 15);1;5556
6;0.25;;(9, 18);;(20, 15);1;5557
6;0.25;;(9, 18);;(20, 15);1;5558
6;0.25;;(9, 18);;(20, 15);1;5559
6;0.25;;(9, 18);;(20, 15);1;5560
6;0.25;;(9, 18);;(20, 15);1;5561
6;0.25;;(9, 18);;(20, 15);1;5562
6;0.25;;(9, 18);;(20, 15);1;5563
6;0.25;;(9, 18);;(20, 15);1;5564
6;0.25;;(9, 18);;(20, 15);1;5565
6;0.25;;(9, 18);;(20, 15);1;5566
6;0.25;;(9, 18);;(20, 15);1;5567
6;0.25;;(9, 18);;(20, 15);1;5568
6;0.25;;(9, 18);;(20, 15);1;5569
6;0.25;;(9, 18);;(20, 15);1;5570
6;0.25;;(9, 18);;(20, 15);1;5571
6;0.25;;(9, 18);;(20, 15);1;5572
6;0.25;;(9, 18);;(20, 15);1;5573
6;0.25;;(9, 18);;(20, 15);1;5574
6;0.25;;(9, 18);;(20, 15);1;5575
6;0.25;;(9, 18);;(20, 15);1;5576
6;0.25;;(9, 18);;(20, 15);1;5577
6;0.25;;(9, 18);;(20, 15);1;5578
6;0.25;;(9, 18);;(20, 15);1;5579
6;0.25;;(9, 18);;(20, 15);1;5580
6;0.25;;(9, 18);;(20, 15);1;5581
6;0.25;;(9, 18);;(20, 15);1;5582
6;0.25;;(9, 18);;(20, 15);1;5583
6;0.25;;(9, 18);;(20, 15);1;5584
6;0.25;;(9, 18);;(20, 15);1;5585
6;0.25;;(9, 18);;(20, 15);1;5586
6;0.25;;(9, 18);;(20, 15);1;5587
6;0.25;;(9, 18);;(20, 15);1;5588
6;0.25;;(9, 18);;(20, 15);1;5589
6;0.25;;(9, 18);;(20, 15);1;5590
6;0.25;;(9, 18);;(20, 15);1;5591
6;0.25;;(9, 18);;(20, 15);1;5592
6;0.25;;(9, 18);;(20, 15);1;5593
6;0.25;;(9, 18);;(20, 15);1;5594
6;0.25;;(9, 18);;(20, 15);1;5595
6;0.25;;(9, 18);;(20, 15);1;5596
6;0.25;;(9, 18);;(20, 15);1;5597
6;0.25;;(9, 18);;(20, 15);1;5598
6;0.25;;(9, 18);;(20, 15);1;5599
6;0.25;;(9, 18);;(20, 15);1;5600
6;0.25;;(9, 18);;(20, 15);1;5601
6;0.25;;(9, 18);;(20, 15);1;5602
6;0.25;;(9, 18);;(20, 15);1;5603
6;0.25;;(9, 18);;(20, 15);1;5604
6;0.25;;(9, 18);;(20, 15);1;5605
6;0.25;;(9, 18);;(20, 15);1;5606
6;0.25;;(9, 18);;(20, 15);1;5607
6;0.25;;(9, 18);;(20, 15);1;5608
6;0.25;;(9, 18);;(20, 15);1;5609
6;0.25;;(9, 18);;(20, 15);1;5610
6;0.25;;(9, 18);;(20, 15);1;5611
6;0.25;;(9, 18);;(20, 15);1;5612
6;0.25;;(9, 18);;(20, 15);1;5613
6;0.25;;(9, 18);;(20, 15);1;5614
6;0.25;;(9, 18);;(20, 15);1;5615
6;0.25;;(9, 18);;(20, 15);1;5616
6;0.25;;(9, 18);;(20, 15);1;5617
6;0.25;;(9, 18);;(20, 15);1;5618
6;0.25;;(9, 18);;(20, 15);1;5619
6;0.25;;(9, 18);;(20, 15);1;5620
6;0.25;;(9, 18);;(20, 15);1;5621
6;0.25;;(9, 18);;(20, 15);1;5622
6;0.25;;(9, 18);;(20, 15);1;5623
6;0.25;;(9, 18);;(20, 15);1;5624
6;0.25;;(9, 18);;(20, 15);1;5625
6;0.25;;(9, 18);;(20, 15);1;5626
6;0.25;;(9, 18);;(20, 15);1;5627
6;0.25;;(9, 18);;(20, 15);1;5628
6;0.25;;(9, 18);;(20, 15);1;5629
6;0.25;;(9, 18);;(20, 15);1;5630
6;0.25;;(9, 18);;(20, 15);1;5631
6;0.25;;(9, 18);;(20, 15);1;5632
6;0.25;;(9, 18);;(20, 15);1;5633
6;0.25;;(9, 18);;(20, 15);1;5634
6;0.25;;(9, 18);;(20, 15);1;5635
6;0.25;;(9, 18);;(20, 15);1;5636
6;0.25;;(9, 18);;(20, 15);1;5637
6;0.25;;(9, 18);;(20, 15);1;5638
6;0.25;;(9, 18);;(20, 15);1;5639
6;0.25;;(9, 18);;(20, 15);1;5640
6;0.25;;(9, 18);;(20, 15);1;5641
6;0.25;;(9, 18);;(20, 15);1;5642
6;0.25;;(9, 18);;(20, 15);1;5643
6;0.25;;(9, 18);;(20, 15);1;5644
6;0.25;;(9, 18);;(20, 15);1;5645
6;0.25;;(9, 18);;(20, 15);1;5646
6;0.25;;(9, 18);;(20, 15);1;5647
6;0.25;;(9, 18);;(20, 15);1;5648
6;0.25;;(9, 18);;(20, 15);1;5649
6;0.25;;(9, 18);;(20, 15);1;5650
6;0.25;;(9, 18);;(20, 15);1;5651
6;0.25;;(9, 18);;(20, 15);1;5652
6;0.25;;(9, 18);;(20, 15);1;5653
6;0.25;;(9, 18);;(20, 15);1;5654
6;0.25;;(9, 18);;(20, 15);1;5655
6;0.25;;(9, 18);;(20, 15);1;5656
6;0.25;;(9, 18);;(20, 15);1;5657
6;0.25;;(9, 18);;(20, 15);1;5658
6;0.25;;(9, 18);;(20, 15);1;5659
6;0.25;;(9, 18);;(20, 15);1;5660
6;0.25;;(9, 18);;(20, 15);1;5661
6;0.25;;(9, 18);;(20, 15);1;5662
6;0.25;;(9, 18);;(20, 15);1;5663
6;0.25;;(9, 18);;(20, 15);1;5664
6;0.25;;(9, 18);;(20, 15);1;5665
6;0.25;;(9, 18);;(20, 15);1;5666
6;0.25;;(9, 18);;(20, 15);1;5667
6;0.25;;(9, 18);;(20, 15);1;5668
6;0.25;;(9, 18);;(20, 15);1;5669
6;0.25;;(9, 18);;(20, 15);1;5670
6;0.25;;(9, 18);;(20, 15);1;5671
6;0.25;;(9, 18);;(20, 15);1;5672
6;0.25;;(9, 18);;(20, 15);1;5673
6;0.25;;(9, 18);;(20, 15);1;5674
6;0.25;;(9, 18);;(20, 15);1;5675
6;0.25;;(9, 18);;(20, 15);1;5676
6;0.25;;(9, 18);;(20, 15);1;5677
6;0.25;;(9, 18);;(20, 15);1;5678
6;0.25;;(9, 18);;(20, 15);1;5679
6;0.25;;(9, 18);;(20, 15);1;5680
6;0.25;;(9, 18);;(20, 15);1;5681
6;0.25;;(9, 18);;(20, 15);1;5682
6;0.25;;(9, 18);;(20, 15);1;5683
6;0.25;;(9, 18);;(20, 15);1;5684
6;0.25;;(9, 18);;(20, 15);1;5685
6;0.25;;(9, 18);;(20, 15);1;5686
6;0.25;;(9, 18);;(20, 15);1;5687
6;0.25;;(9, 18);;(20, 15);1;5688
6;0.25;;(9, 18);;(20, 15);1;5689
6;0.25;;(9, 18);;(20, 15);1;5690
6;0.25;;(9, 18);;(20, 15);1;5691
6;0.25;;(9, 18);;(20, 15);1;5692
6;0.25;;(9, 18);;(20, 15);1;5693
6;0.25;;(9, 18);;(20, 15);1;5694
6;0.25;;(9, 18);;(20, 15);1;5695
6;0.25;;(9, 18);;(20, 15);1;5696
6;0.25;;(9, 18);;(20, 15);1;5697
6;0.25;;(9, 18);;(20, 15);1;5698
6;0.25;;(9, 18);;(20, 15);1;5699
6;0.25;;(9, 18);;(20, 15);1;5700
6;0.25;;(9, 18);;(20, 15);1;5701
6;0.25;;(9, 18);;(20, 15);1;5702
6;0.25;;(9, 18);;(20, 15);1;5703
6;0.25;;(9, 18);;(20, 15);1;5704
6;0.25;;(9, 18);;(20, 15);1;5705
6;0.25;;(9, 18);;(20, 15);1;5706
6;0.25;;(9, 18);;(20, 15);1;5707
6;0.25;;(9, 18);;(20, 15);1;5708
6;0.25;;(9, 18);;(20, 15);1;5709
6;0.25;;(9, 18);;(20, 15);1;5710
6;0.25;;(9, 18);;(20, 15);1;5711
6;0.25;;(9, 18);;(20, 15);1;5712
6;0.25;;(9, 18);;(20, 15);1;5713
6;0.25;;(9, 18);;(20, 15);1;5714
6;0.25;;(9, 18);;(20, 15);1;5715
6;0.25;;(9, 18);;(20, 15);1;5716
6;0.25;;(9, 18);;(20, 15);1;5717
6;0.25;;(9, 18);;(20, 15);1;5718
6;0.25;;(9, 18);;(20, 15);1;5719
6;0.25;;(9, 18);;(20, 15);1;5720
6;0.25;;(9, 18);;(20, 15);1;5721
6;0.25;;(9, 18);;(20, 15);1;5722
6;0.25;;(9, 18);;(20, 15);1;5723
6;0.25;;(9, 18);;(20, 15);1;5724
6;0.25;;(9, 18);;(20, 15);1;5725
6;0.25;;(9, 18);;(20, 15);1;5726
6;0.25;;(9, 18);;(20, 15);1;5727
6;0.25;;(9, 18);;(20, 15);1;5728
6;0.25;;(9, 18);;(20, 15);1;5729
6;0.25;;(9, 18);;(20, 15);1;5730
6;0.25;;(9, 18);;(20, 15);1;5731
6;0.25;;(9, 18);;(20, 15);1;5732
6;0.25;;(9, 18);;(20, 15);1;5733
6;0.25;;(9, 18);;(20, 15);1;5734
6;0.25;;(9, 18);;(20, 15);1;5735
6;0.25;;(9, 18);;(20, 15);1;5736
6;0.25;;(9, 18);;(20, 15);1;5737
6;0.25;;(9, 18);;(20, 15);1;5738
6;0.25;;(9, 18);;(20, 15);1;5739
6;0.25;;(9, 18);;(20, 15);1;5740
6;0.25;;(9, 18);;(20, 15);1;5741
6;0.25;;(9, 18);;(20, 15);1;5742
6;0.25;;(9, 18);;(20, 15);1;5743
6;0.25;;(9, 18);;(20, 15);1;5744
6;0.25;;(9, 18);;(20, 15);1;5745
6;0.25;;(9, 18);;(20, 15);1;5746
6;0.25;;(9, 18);;(20, 15);1;5747
6;0.25;;(9, 18);;(20, 15);1;5748
6;0.25;;(9, 18);;(20, 15);1;5749
6;0.25;;(9, 18);;(20, 15);1;5750
6;0.25;;(9, 18);;(20, 15);1;5751
6;0.25;;(9, 18);;(20, 15);1;5752
6;0.25;;(9, 18);;(20, 15);1;5753
6;0.25;;(9, 18);;(20, 15);1;5754
6;0.25;;(9, 18);;(20, 15);1;5755
6;0.25;;(9, 18);;(20, 15);1;5756
6;0.25;;(9, 18);;(20, 15);1;5757
6;0.25;;(9, 18);;(20, 15);1;5758
6;0.25;;(9, 18);;(20, 15);1;5759
6;0.25;;(9, 18);;(20, 15);1;5760
6;0.25;;(9, 18);;(20, 15);1;5761
6;0.25;;(9, 18);;(20, 15);1;5762
6;0.25;;(9, 18);;(20, 15);1;5763
6;0.25;;(9, 18);;(20, 15);1;5764
6;0.25;;(9, 18);;(20, 15);1;5765
6;0.25;;(9, 18);;(20, 15);1;5766
6;0.25;;(9, 18);;(20, 15);1;5767
6;0.25;;(9, 18);;(20, 15);1;5768
6;0.25;;(9, 18);;(20, 15);1;5769
6;0.25;;(9, 18);;(20, 15);1;5770
6;0.25;;(9, 18);;(20, 15);1;5771
6;0.25;;(9, 18);;(20, 15);1;5772
6;0.25;;(9, 18);;(20, 15);1;5773
6;0.25;;(9, 18);;(20, 15);1;5774
6;0.25;;(9, 18);;(20, 15);1;5775
6;0.25;;(9, 18);;(20, 15);1;5776
6;0.25;;(9, 18);;(20, 15);1;5777
6;0.25;;(9, 18);;(20, 15);1;5778
6;0.25;;(9, 18);;(20, 15);1;5779
6;0.25;;(9, 18);;(20, 15);1;5780
6;0.25;;(9, 18);;(20, 15);1;5781
6;0.25;;(9, 18);;(20, 15);1;5782
6;0.25;;(9, 18);;(20, 15);1;5783
6;0.25;;(9, 18);;(20, 15);1;5784
6;0.25;;(9, 18);;(20, 15);1;5785
6;0.25;;(9, 18);;(20, 15);1;5786
6;0.25;;(9, 18);;(20, 15);1;5787
6;0.25;;(9, 18);;(20, 15);1;5788
6;0.25;;(9, 18);;(20, 15);1;5789
6;0.25;;(9, 18);;(20, 15);1;5790
6;0.25;;(9, 18);;(20, 15);1;5791
6;0.25;;(9, 18);;(20, 15);1;5792
6;0.25;;(9, 18);;(20, 15);1;5793
6;0.25;;(9, 18);;(20, 15);1;5794
6;0.25;;(9, 18);;(20, 15);1;5795
6;0.25;;(9, 18);;(20, 15);1;5796
6;0.25;;(9, 18);;(20, 15);1;5797
6;0.25;;(9, 18);;(20, 15);1;5798
6;0.25;;(9, 18);;(20, 15);1;5799
6;0.25;;(9, 18);;(20, 15);1;5800
6;0.25;;(9, 18);;(20, 15);1;5801
6;0.25;;(9, 18);;(20, 15);1;5802
6;0.25;;(9, 18);;(20, 15);1;5803
6;0.25;;(9, 18);;(20, 15);1;5804
6;0.25;;(9, 18);;(20, 15);1;5805
6;0.25;;(9, 18);;(20, 15);1;5806
6;0.25;;(9, 18);;(20, 15);1;5807
6;0.25;;(9, 18);;(20, 15);1;5808
6;0.25;;(9, 18);;(20, 15);1;5809
6;0.25;;(9, 18);;(20, 15);1;5810
6;0.25;;(9, 18);;(20, 15);1;5811
6;0.25;;(9, 18);;(20, 15);1;5812
6;0.25;;(9, 18);;(20, 15);1;5813
6;0.25;;(9, 18);;(20, 15);1;5814
6;0.25;;(9, 18);;(20, 15);1;5815
6;0.25;;(9, 18);;(20, 15);1;5816
6;0.25;;(9, 18);;(20, 15);1;5817
6;0.25;;(9, 18);;(20, 15);1;5818
6;0.25;;(9, 18);;(20, 15);1;5819
6;0.25;;(9, 18);;(20, 15);1;5820
6;0.25;;(9, 18);;(20, 15);1;5821
6;0.25;;(9, 18);;(20, 15);1;5822
6;0.25;;(9, 18);;(20, 15);1;5823
6;0.25;;(9, 18);;(20, 15);1;5824
6;0.25;;(9, 18);;(20, 15);1;5825
6;0.25;;(9, 18);;(20, 15);1;5826
6;0.25;;(9, 18);;(20, 15);1;5827
6;0.25;;(9, 18);;(20, 15);1;5828
6;0.25;;(9, 18);;(20, 15);1;5829
6;0.25;;(9, 18);;(20, 15);1;5830
6;0.25;;(9, 18);;(20, 15);1;5831
6;0.25;;(9, 18);;(20, 15);1;5832
6;0.25;;(9, 18);;(20, 15);1;5833
6;0.25;;(9, 18);;(20, 15);1;5834
6;0.25;;(9, 18);;(20, 15);1;5835
6;0.25;;(9, 18);;(20, 15);1;5836
6;0.25;;(9, 18);;(20, 15);1;5837
6;0.25;;(9, 18);;(20, 15);1;5838
6;0.25;;(9, 18);;(20, 15);1;5839
6;0.25;;(9, 18);;(20, 15);1;5840
6;0.25;;(9, 18);;(20, 15);1;5841
6;0.25;;(9, 18);;(20, 15);1;5842
6;0.25;;(9, 18);;(20, 15);1;5843
6;0.25;;(9, 18);;(20, 15);1;5844
6;0.25;;(9, 18);;(20, 15);1;5845
6;0.25;;(9, 18);;(20, 15);1;5846
6;0.25;;(9, 18);;(20, 15);1;5847
6;0.25;;(9, 18);;(20, 15);1;5848
6;0.25;;(9, 18);;(20, 15);1;5849
6;0.25;;(9, 18);;(20, 15);1;5850
6;0.25;;(9, 18);;(20, 15);1;5851
6;0.25;;(9, 18);;(20, 15);1;5852
6;0.25;;(9, 18);;(20, 15);1;5853
6;0.25;;(9, 18);;(20, 15);1;5854
6;0.25;;(9, 18);;(20, 15);1;5855
6;0.25;;(9, 18);;(20, 15);1;5856
6;0.25;;(9, 18);;(20, 15);1;5857
6;0.25;;(9, 18);;(20, 15);1;5858
6;0.25;;(9, 18);;(20, 15);1;5859
6;0.25;;(9, 18);;(20, 15);1;5860
6;0.25;;(9, 18);;(20, 15);1;5861
6;0.25;;(9, 18);;(20, 15);1;5862
6;0.25;;(9, 18);;(20, 15);1;5863
6;0.25;;(9, 18);;(20, 15);1;5864
6;0.25;;(9, 18);;(20, 15);1;5865
6;0.25;;(9, 18);;(20, 15);1;5866
6;0.25;;(9, 18);;(20, 15);1;5867
6;0.25;;(9, 18);;(20, 15);1;5868
6;0.25;;(9, 18);;(20, 15);1;5869
6;0.25;;(9, 18);;(20, 15);1;5870
6;0.25;;(9, 18);;(20, 15);1;5871
6;0.25;;(9, 18);;(20, 15);1;5872
6;0.25;;(9, 18);;(20, 15);1;5873
6;0.25;;(9, 18);;(20, 15);1;5874
6;0.25;;(9, 18);;(20, 15);1;5875
6;0.25;;(9, 18);;(20, 15);1;5876
6;0.25;;(9, 18);;(20, 15);1;5877
6;0.25;;(9, 18);;(20, 15);1;5878
6;0.25;;(9, 18);;(20, 15);1;5879
6;0.25;;(9, 18);;(20, 15);1;5880
6;0.25;;(9, 18);;(20, 15);1;5881
6;0.25;;(9, 18);;(20, 15);1;5882
6;0.25;;(9, 18);;(20, 15);1;5883
6;0.25;;(9, 18);;(20, 15);1;5884
6;0.25;;(9, 18);;(20, 15);1;5885
6;0.25;;(9, 18);;(20, 15);1;5886
6;0.25;;(9, 18);;(20, 15);1;5887
6;0.25;;(9, 18);;(20, 15);1;5888
6;0.25;;(9, 18);;(20, 15);1;5889
6;0.25;;(9, 18);;(20, 15);1;5890
6;0.25;;(9, 18);;(20, 15);1;5891
6;0.25;;(9, 18);;(20, 15);1;5892
6;0.25;;(9, 18);;(20, 15);1;5893
6;0.25;;(9, 18);;(20, 15);1;5894
6;0.25;;(9, 18);;(20, 15);1;5895
6;0.25;;(9, 18);;(20, 15);1;5896
6;0.25;;(9, 18);;(20, 15);1;5897
6;0.25;;(9, 18);;(20, 15);1;5898
6;0.25;;(9, 18);;(20, 15);1;5899
6;0.25;;(9, 18);;(20, 15);1;5900
6;0.25;;(9, 18);;(20, 15);1;5901
6;0.25;;(9, 18);;(20, 15);1;5902
6;0.25;;(9, 18);;(20, 15);1;5903
6;0.25;;(9, 18);;(20, 15);1;5904
6;0.25;;(9, 18);;(20, 15);1;5905
6;0.25;;(9, 18);;(20, 15);1;5906
6;0.25;;(9, 18);;(20, 15);1;5907
6;0.25;;(9, 18);;(20, 15);1;5908
6;0.25;;(9, 18);;(20, 15);1;5909
6;0.25;;(9, 18);;(20, 15);1;5910
6;0.25;;(9, 18);;(20, 15);1;5911
6;0.25;;(9, 18);;(20, 15);1;5912
6;0.25;;(9, 18);;(20, 15);1;5913
6;0.25;;(9, 18);;(20, 15);1;5914
6;0.25;;(9, 18);;(20, 15);1;5915
6;0.25;;(9, 18);;(20, 15);1;5916
6;0.25;;(9, 18);;(20, 15);1;5917
6;0.25;;(9, 18);;(20, 15);1;5918
6;0.25;;(9, 18);;(20, 15);1;5919
6;0.25;;(9, 18);;(20, 15);1;5920
6;0.25;;(9, 18);;(20, 15);1;5921
6;0.25;;(9, 18);;(20, 15);1;5922
6;0.25;;(9, 18);;(20, 15);1;5923
6;0.25;;(9, 18);;(20, 15);1;5924
6;0.25;;(9, 18);;(20, 15);1;5925
6;0.25;;(9, 18);;(20, 15);1;5926
6;0.25;;(9, 18);;(20, 15);1;5927
6;0.25;;(9, 18);;(20, 15);1;5928
6;0.25;;(9, 18);;(20, 15);1;5929
6;0.25;;(9, 18);;(20, 15);1;5930
6;0.25;;(9, 18);;(20, 15);1;5931
6;0.25;;(9, 18);;(20, 15);1;5932
6;0.25;;(9, 18);;(20, 15);1;5933
6;0.25;;(9, 18);;(20, 15);1;5934
6;0.25;;(9, 18);;(20, 15);1;5935
6;0.25;;(9, 18);;(20, 15);1;5936
6;0.25;;(9, 18);;(20, 15);1;5937
6;0.25;;(9, 18);;(20, 15);1;5938
6;0.25;;(9, 18);;(20, 15);1;5939
6;0.25;;(9, 18);;(20, 15);1;5940
6;0.25;;(9, 18);;(20, 15);1;5941
6;0.25;;(9, 18);;(20, 15);1;5942
6;0.25;;(9, 18);;(20, 15);1;5943
6;0.25;;(9, 18);;(20, 15);1;5944
6;0.25;;(9, 18);;(20, 15);1;5945
6;0.25;;(9, 18);;(20, 15);1;5946
6;0.25;;(9, 18);;(20, 15);1;5947
6;0.25;;(9, 18);;(20, 15);1;5948
6;0.25;;(9, 18);;(20, 15);1;5949
6;0.25;;(9, 18);;(20, 15);1;5950
6;0.25;;(9, 18);;(20, 15);1;5951
6;0.25;;(9, 18);;(20, 15);1;5952
6;0.25;;(9, 18);;(20, 15);1;5953
6;0.25;;(9, 18);;(20, 15);1;5954
6;0.25;;(9, 18);;(20, 15);1;5955
6;0.25;;(9, 18);;(20, 15);1;5956
6;0.25;;(9, 18);;(20, 15);1;5957
6;0.25;;(9, 18);;(20, 15);1;5958
6;0.25;;(9, 18);;(20, 15);1;5959
6;0.25;;(9, 18);;(20, 15);1;5960
6;0.25;;(9, 18);;(20, 15);1;5961
6;0.25;;(9, 18);;(20, 15);1;5962
6;0.25;;(9, 18);;(20, 15);1;5963
6;0.25;;(9, 18);;(20, 15);1;5964
6;0.25;;(9, 18);;(20, 15);1;5965
6;0.25;;(9, 18);;(20, 15);1;5966
6;0.25;;(9, 18);;(20, 15);1;5967
6;0.25;;(9, 18);;(20, 15);1;5968
6;0.25;;(9, 18);;(20, 15);1;5969
6;0.25;;(9, 18);;(20, 15);1;5970
6;0.25;;(9, 18);;(20, 15);1;5971
6;0.25;;(9, 18);;(20, 15);1;5972
6;0.25;;(9, 18);;(20, 15);1;5973
6;0.25;;(9, 18);;(20, 15);1;5974
6;0.25;;(9, 18);;(20, 15);1;5975
6;0.25;;(9, 18);;(20, 15);1;5976
6;0.25;;(9, 18);;(20, 15);1;5977
6;0.25;;(9, 18);;(20, 15);1;5978
6;0.25;;(9, 18);;(20, 15);1;5979
6;0.25;;(9, 18);;(20, 15);1;5980
6;0.25;;(9, 18);;(20, 15);1;5981
6;0.25;;(9, 18);;(20, 15);1;5982
6;0.25;;(9, 18);;(20, 15);1;5983
6;0.25;;(9, 18);;(20, 15);1;5984
6;0.25;;(9, 18);;(20, 15);1;5985
6;0.25;;(9, 18);;(20, 15);1;5986
6;0.25;;(9, 18);;(20, 15);1;5987
6;0.25;;(9, 18);;(20, 15);1;5988
6;0.25;;(9, 18);;(20, 15);1;5989
6;0.25;;(9, 18);;(20, 15);1;5990
6;0.25;;(9, 18);;(20, 15);1;5991
6;0.25;;(9, 18);;(20, 15);1;5992
6;0.25;;(9, 18);;(20, 15);1;5993
6;0.25;;(9, 18);;(20, 15);1;5994
6;0.25;;(9, 18);;(20, 15);1;5995
6;0.25;;(9, 18);;(20, 15);1;5996
6;0.25;;(9, 18);;(20, 15);1;5997
6;0.25;;(9, 18);;(20, 15);1;5998
6;0.25;;(9, 18);;(20, 15);1;5999
6;0.25;;(9, 18);;(20, 15);1;6000
6;0.25;;(9, 18);;(20, 15);1;6001
6;0.25;;(9, 18);;(20, 15);1;6002
6;0.25;;(9, 18);;(20, 15);1;6003
6;0.25;;(9, 18);;(20, 15);1;6004
6;0.25;;(9, 18);;(20, 15);1;6005
6;0.25;;(9, 18);;(20, 15);1;6006
6;0.25;;(9, 18);;(20, 15);1;6007
6;0.25;;(9, 18);;(20, 15);1;6008
6;0.25;;(9, 18);;(20, 15);1;6009
6;0.25;;(9, 18);;(20, 15);1;6010
6;0.25;;(9, 18);;(20, 15);1;6011
6;0.25;;(9, 18);;(20, 15);1;6012
6;0.25;;(9, 18);;(20, 15);1;6013
6;0.25;;(9, 18);;(20, 15);1;6014
6;0.25;;(9, 18);;(20, 15);1;6015
6;0.25;;(9, 18);;(20, 15);1;6016
6;0.25;;(9, 18);;(20, 15);1;6017
6;0.25;;(9, 18);;(20, 15);1;6018
6;0.25;;(9, 18);;(20, 15);1;6019
6;0.25;;(9, 18);;(20, 15);1;6020
6;0.25;;(9, 18);;(20, 15);1;6021
6;0.25;;(9, 18);;(20, 15);1;6022
6;0.25;;(9, 18);;(20, 15);1;6023
6;0.25;;(9, 18);;(20, 15);1;6024
6;0.25;;(9, 18);;(20, 15);1;6025
6;0.25;;(9, 18);;(20, 15);1;6026
6;0.25;;(9, 18);;(20, 15);1;6027
6;0.25;;(9, 18);;(20, 15);1;6028
6;0.25;;(9, 18);;(20, 15);1;6029
6;0.25;;(9, 18);;(20, 15);1;6030
6;0.25;;(9, 18);;(20, 15);1;6031
6;0.25;;(9, 18);;(20, 15);1;6032
6;0.25;;(9, 18);;(20, 15);1;6033
6;0.25;;(9, 18);;(20, 15);1;6034
6;0.25;;(9, 18);;(20, 15);1;6035
6;0.25;;(9, 18);;(20, 15);1;6036
6;0.25;;(9, 18);;(20, 15);1;6037
6;0.25;;(9, 18);;(20, 15);1;6038
6;0.25;;(9, 18);;(20, 15);1;6039
6;0.25;;(9, 18);;(20, 15);1;6040
6;0.25;;(9, 18);;(20, 15);1;6041
6;0.25;;(9, 18);;(20, 15);1;6042
6;0.25;;(9, 18);;(20, 15);1;6043
6;0.25;;(9, 18);;(20, 15);1;6044
6;0.25;;(9, 18);;(20, 15);1;6045
6;0.25;;(9, 18);;(20, 15);1;6046
6;0.25;;(9, 18);;(20, 15);1;6047
6;0.25;;(9, 18);;(20, 15);1;6048
6;0.25;;(9, 18);;(20, 15);1;6049
6;0.25;;(9, 18);;(20, 15);1;6050
6;0.25;;(9, 18);;(20, 15);1;6051
6;0.25;;(9, 18);;(20, 15);1;6052
6;0.25;;(9, 18);;(20, 15);1;6053
6;0.25;;(9, 18);;(20, 15);1;6054
6;0.25;;(9, 18);;(20, 15);1;6055
6;0.25;;(9, 18);;(20, 15);1;6056
6;0.25;;(9, 18);;(20, 15);1;6057
6;0.25;;(9, 18);;(20, 15);1;6058
6;0.25;;(9, 18);;(20, 15);1;6059
6;0.25;;(9, 18);;(20, 15);1;6060
6;0.25;;(9, 18);;(20, 15);1;6061
6;0.25;;(9, 18);;(20, 15);1;6062
6;0.25;;(9, 18);;(20, 15);1;6063
6;0.25;;(9, 18);;(20, 15);1;6064
6;0.25;;(9, 18);;(20, 15);1;6065
6;0.25;;(9, 18);;(20, 15);1;6066
6;0.25;;(9, 18);;(20, 15);1;6067
6;0.25;;(9, 18);;(20, 15);1;6068
6;0.25;;(9, 18);;(20, 15);1;6069
6;0.25;;(9, 18);;(20, 15);1;6070
6;0.25;;(9, 18);;(20, 15);1;6071
6;0.25;;(9, 18);;(20, 15);1;6072
6;0.25;;(9, 18);;(20, 15);1;6073
6;0.25;;(9, 18);;(20, 15);1;6074
6;0.25;;(9, 18);;(20, 15);1;6075
6;0.25;;(9, 18);;(20, 15);1;6076
6;0.25;;(9, 18);;(20, 15);1;6077
6;0.25;;(9, 18);;(20, 15);1;6078
6;0.25;;(9, 18);;(20, 15);1;6079
6;0.25;;(9, 18);;(20, 15);1;6080
6;0.25;;(9, 18);;(20, 15);1;6081
6;0.25;;(9, 18);;(20, 15);1;6082
6;0.25;;(9, 18);;(20, 15);1;6083
6;0.25;;(9, 18);;(20, 15);1;6084
6;0.25;;(9, 18);;(20, 15);1;6085
6;0.25;;(9, 18);;(20, 15);1;6086
6;0.25;;(9, 18);;(20, 15);1;6087
6;0.25;;(9, 18);;(20, 15);1;6088
6;0.25;;(9, 18);;(20, 15);1;6089
6;0.25;;(9, 18);;(20, 15);1;6090
6;0.25;;(9, 18);;(20, 15);1;6091
6;0.25;;(9, 18);;(20, 15);1;6092
6;0.25;;(9, 18);;(20, 15);1;6093
6;0.25;;(9, 18);;(20, 15);1;6094
6;0.25;;(9, 18);;(20, 15);1;6095
6;0.25;;(9, 18);;(20, 15);1;6096
6;0.25;;(9, 18);;(20, 15);1;6097
6;0.25;;(9, 18);;(20, 15);1;6098
6;0.25;;(9, 18);;(20, 15);1;6099
6;0.25;;(9, 18);;(20, 15);1;6100
6;0.25;;(9, 18);;(20, 15);1;6101
6;0.25;;(9, 18);;(20, 15);1;6102
6;0.25;;(9, 18);;(20, 15);1;6103
6;0.25;;(9, 18);;(20, 15);1;6104
6;0.25;;(9, 18);;(20, 15);1;6105
6;0.25;;(9, 18);;(20, 15);1;6106
6;0.25;;(9, 18);;(20, 15);1;6107
6;0.25;;(9, 18);;(20, 15);1;6108
6;0.25;;(9, 18);;(20, 15);1;6109
6;0.25;;(9, 18);;(20, 15);1;6110
6;0.25;;(9, 18);;(20, 15);1;6111
6;0.25;;(9, 18);;(20, 15);1;6112
6;0.25;;(9, 18);;(20, 15);1;6113
6;0.25;;(9, 18);;(20, 15);1;6114
6;0.25;;(9, 18);;(20, 15);1;6115
6;0.25;;(9, 18);;(20, 15);1;6116
6;0.25;;(9, 18);;(20, 15);1;6117
6;0.25;;(9, 18);;(20, 15);1;6118
6;0.25;;(9, 18);;(20, 15);1;6119
6;0.25;;(9, 18);;(20, 15);1;6120
6;0.25;;(9, 18);;(20, 15);1;6121
6;0.25;;(9, 18);;(20, 15);1;6122
6;0.25;;(9, 18);;(20, 15);1;6123
6;0.25;;(9, 18);;(20, 15);1;6124
6;0.25;;(9, 18);;(20, 15);1;6125
6;0.25;;(9, 18);;(20, 15);1;6126
6;0.25;;(9, 18);;(20, 15);1;6127
6;0.25;;(9, 18);;(20, 15);1;6128
6;0.25;;(9, 18);;(20, 15);1;6129
6;0.25;;(9, 18);;(20, 15);1;6130
6;0.25;;(9, 18);;(20, 15);1;6131
6;0.25;;(9, 18);;(20, 15);1;6132
6;0.25;;(9, 18);;(20, 15);1;6133
6;0.25;;(9, 18);;(20, 15);1;6134
6;0.25;;(9, 18);;(20, 15);1;6135
6;0.25;;(9, 18);;(20, 15);1;6136
6;0.25;;(9, 18);;(20, 15);1;6137
6;0.25;;(9, 18);;(20, 15);1;6138
6;0.25;;(9, 18);;(20, 15);1;6139
6;0.25;;(9, 18);;(20, 15);1;6140
6;0.25;;(9, 18);;(20, 15);1;6141
6;0.25;;(9, 18);;(20, 15);1;6142
6;0.25;;(9, 18);;(20, 15);1;6143
6;0.25;;(9, 18);;(20, 15);1;6144
6;0.25;;(9, 18);;(20, 15);1;6145
6;0.25;;(9, 18);;(20, 15);1;6146
6;0.25;;(9, 18);;(20, 15);1;6147
6;0.25;;(9, 18);;(20, 15);1;6148
6;0.25;;(9, 18);;(20, 15);1;6149
6;0.25;;(9, 18);;(20, 15);1;6150
6;0.25;;(9, 18);;(20, 15);1;6151
6;0.25;;(9, 18);;(20, 15);1;6152
6;0.25;;(9, 18);;(20, 15);1;6153
6;0.25;;(9, 18);;(20, 15);1;6154
6;0.25;;(9, 18);;(20, 15);1;6155
6;0.25;;(9, 18);;(20, 15);1;6156
6;0.25;;(9, 18);;(20, 15);1;6157
6;0.25;;(9, 18);;(20, 15);1;6158
6;0.25;;(9, 18);;(20, 15);1;6159
6;0.25;;(9, 18);;(20, 15);1;6160
6;0.25;;(9, 18);;(20, 15);1;6161
6;0.25;;(9, 18);;(20, 15);1;6162
6;0.25;;(9, 18);;(20, 15);1;6163
6;0.25;;(9, 18);;(20, 15);1;6164
6;0.25;;(9, 18);;(20, 15);1;6165
6;0.25;;(9, 18);;(20, 15);1;6166
6;0.25;;(9, 18);;(20, 15);1;6167
6;0.25;;(9, 18);;(20, 15);1;6168
6;0.25;;(9, 18);;(20, 15);1;6169
6;0.25;;(9, 18);;(20, 15);1;6170
6;0.25;;(9, 18);;(20, 15);1;6171
6;0.25;;(9, 18);;(20, 15);1;6172
6;0.25;;(9, 18);;(20, 15);1;6173
6;0.25;;(9, 18);;(20, 15);1;6174
6;0.25;;(9, 18);;(20, 15);1;6175
6;0.25;;(9, 18);;(20, 15);1;6176
6;0.25;;(9, 18);;(20, 15);1;6177
6;0.25;;(9, 18);;(20, 15);1;6178
6;0.25;;(9, 18);;(20, 15);1;6179
6;0.25;;(9, 18);;(20, 15);1;6180
6;0.25;;(9, 18);;(20, 15);1;6181
6;0.25;;(9, 18);;(20, 15);1;6182
6;0.25;;(9, 18);;(20, 15);1;6183
6;0.25;;(9, 18);;(20, 15);1;6184
6;0.25;;(9, 18);;(20, 15);1;6185
6;0.25;;(9, 18);;(20, 15);1;6186
6;0.25;;(9, 18);;(20, 15);1;6187
6;0.25;;(9, 18);;(20, 15);1;6188
6;0.25;;(9, 18);;(20, 15);1;6189
6;0.25;;(9, 18);;(20, 15);1;6190
6;0.25;;(9, 18);;(20, 15);1;6191
6;0.25;;(9, 18);;(20, 15);1;6192
6;0.25;;(9, 18);;(20, 15);1;6193
6;0.25;;(9, 18);;(20, 15);1;6194
6;0.25;;(9, 18);;(20, 15);1;6195
6;0.25;;(9, 18);;(20, 15);1;6196
6;0.25;;(9, 18);;(20, 15);1;6197
6;0.25;;(9, 18);;(20, 15);1;6198
6;0.25;;(9, 18);;(20, 15);1;6199
6;0.25;;(9, 18);;(20, 15);1;6200
6;0.25;;(9, 18);;(20, 15);1;6201
6;0.25;;(9, 18);;(20, 15);1;6202
6;0.25;;(9, 18);;(20, 15);1;6203
6;0.25;;(9, 18);;(20, 15);1;6204
6;0.25;;(9, 18);;(20, 15);1;6205
6;0.25;;(9, 18);;(20, 15);1;6206
6;0.25;;(9, 18);;(20, 15);1;6207
6;0.25;;(9, 18);;(20, 15);1;6208
6;0.25;;(9, 18);;(20, 15);1;6209
6;0.25;;(9, 18);;(20, 15);1;6210
6;0.25;;(9, 18);;(20, 15);1;6211
6;0.25;;(9, 18);;(20, 15);1;6212
6;0.25;;(9, 18);;(20, 15);1;6213
6;0.25;;(9, 18);;(20, 15);1;6214
6;0.25;;(9, 18);;(20, 15);1;6215
6;0.25;;(9, 18);;(20, 15);1;6216
6;0.25;;(9, 18);;(20, 15);1;6217
6;0.25;;(9, 18);;(20, 15);1;6218
6;0.25;;(9, 18);;(20, 15);1;6219
6;0.25;;(9, 18);;(20, 15);1;6220
6;0.25;;(9, 18);;(20, 15);1;6221
6;0.25;;(9, 18);;(20, 15);1;6222
6;0.25;;(9, 18);;(20, 15);1;6223
6;0.25;;(9, 18);;(20, 15);1;6224
6;0.25;;(9, 18);;(20, 15);1;6225
6;0.25;;(9, 18);;(20, 15);1;6226
6;0.25;;(9, 18);;(20, 15);1;6227
6;0.25;;(9, 18);;(20, 15);1;6228
6;0.25;;(9, 18);;(20, 15);1;6229
6;0.25;;(9, 18);;(20, 15);1;6230
6;0.25;;(9, 18);;(20, 15);1;6231
6;0.25;;(9, 18);;(20, 15);1;6232
6;0.25;;(9, 18);;(20, 15);1;6233
6;0.25;;(9, 18);;(20, 15);1;6234
6;0.25;;(9, 18);;(20, 15);1;6235
6;0.25;;(9, 18);;(20, 15);1;6236
6;0.25;;(9, 18);;(20, 15);1;6237
6;0.25;;(9, 18);;(20, 15);1;6238
6;0.25;;(9, 18);;(20, 15);1;6239
6;0.25;;(9, 18);;(20, 15);1;6240
6;0.25;;(9, 18);;(20, 15);1;6241
6;0.25;;(9, 18);;(20, 15);1;6242
6;0.25;;(9, 18);;(20, 15);1;6243
6;0.25;;(9, 18);;(20, 15);1;6244
6;0.25;;(9, 18);;(20, 15);1;6245
6;0.25;;(9, 18);;(20, 15);1;6246
6;0.25;;(9, 18);;(20, 15);1;6247
6;0.25;;(9, 18);;(20, 15);1;6248
6;0.25;;(9, 18);;(20, 15);1;6249
6;0.25;;(9, 18);;(20, 15);1;6250
6;0.25;;(9, 18);;(20, 15);1;6251
6;0.25;;(9, 18);;(20, 15);1;6252
6;0.25;;(9, 18);;(20, 15);1;6253
6;0.25;;(9, 18);;(20, 15);1;6254
6;0.25;;(9, 18);;(20, 15);1;6255
6;0.25;;(9, 18);;(20, 15);1;6256
6;0.25;;(9, 18);;(20, 15);1;6257
6;0.25;;(9, 18);;(20, 15);1;6258
6;0.25;;(9, 18);;(20, 15);1;6259
6;0.25;;(9, 18);;(20, 15);1;6260
6;0.25;;(9, 18);;(20, 15);1;6261
6;0.25;;(9, 18);;(20, 15);1;6262
6;0.25;;(9, 18);;(20, 15);1;6263
6;0.25;;(9, 18);;(20, 15);1;6264
6;0.25;;(9, 18);;(20, 15);1;6265
6;0.25;;(9, 18);;(20, 15);1;6266
6;0.25;;(9, 18);;(20, 15);1;6267
6;0.25;;(9, 18);;(20, 15);1;6268
6;0.25;;(9, 18);;(20, 15);1;6269
6;0.25;;(9, 18);;(20, 15);1;6270
6;0.25;;(9, 18);;(20, 15);1;6271
6;0.25;;(9, 18);;(20, 15);1;6272
6;0.25;;(9, 18);;(20, 15);1;6273
6;0.25;;(9, 18);;(20, 15);1;6274
6;0.25;;(9, 18);;(20, 15);1;6275
6;0.25;;(9, 18);;(20, 15);1;6276
6;0.25;;(9, 18);;(20, 15);1;6277
6;0.25;;(9, 18);;(20, 15);1;6278
6;0.25;;(9, 18);;(20, 15);1;6279
6;0.25;;(9, 18);;(20, 15);1;6280
6;0.25;;(9, 18);;(20, 15);1;6281
6;0.25;;(9, 18);;(20, 15);1;6282
6;0.25;;(9, 18);;(20, 15);1;6283
6;0.25;;(9, 18);;(20, 15);1;6284
6;0.25;;(9, 18);;(20, 15);1;6285
6;0.25;;(9, 18);;(20, 15);1;6286
6;0.25;;(9, 18);;(20, 15);1;6287
6;0.25;;(9, 18);;(20, 15);1;6288
6;0.25;;(9, 18);;(20, 15);1;6289
6;0.25;;(9, 18);;(20, 15);1;6290
6;0.25;;(9, 18);;(20, 15);1;6291
6;0.25;;(9, 18);;(20, 15);1;6292
6;0.25;;(9, 18);;(20, 15);1;6293
6;0.25;;(9, 18);;(20, 15);1;6294
6;0.25;;(9, 18);;(20, 15);1;6295
6;0.25;;(9, 18);;(20, 15);1;6296
6;0.25;;(9, 18);;(20, 15);1;6297
6;0.25;;(9, 18);;(20, 15);1;6298
6;0.25;;(9, 18);;(20, 15);1;6299
6;0.25;;(9, 18);;(20, 15);1;6300
6;0.25;;(9, 18);;(20, 15);1;6301
6;0.25;;(9, 18);;(20, 15);1;6302
6;0.25;;(9, 18);;(20, 15);1;6303
6;0.25;;(9, 18);;(20, 15);1;6304
6;0.25;;(9, 18);;(20, 15);1;6305
6;0.25;;(9, 18);;(20, 15);1;6306
6;0.25;;(9, 18);;(20, 15);1;6307
6;0.25;;(9, 18);;(20, 15);1;6308
6;0.25;;(9, 18);;(20, 15);1;6309
6;0.25;;(9, 18);;(20, 15);1;6310
6;0.25;;(9, 18);;(20, 15);1;6311
6;0.25;;(9, 18);;(20, 15);1;6312
6;0.25;;(9, 18);;(20, 15);1;6313
6;0.25;;(9, 18);;(20, 15);1;6314
6;0.25;;(9, 18);;(20, 15);1;6315
6;0.25;;(9, 18);;(20, 15);1;6316
6;0.25;;(9, 18);;(20, 15);1;6317
6;0.25;;(9, 18);;(20, 15);1;6318
6;0.25;;(9, 18);;(20, 15);1;6319
6;0.25;;(9, 18);;(20, 15);1;6320
6;0.25;;(9, 18);;(20, 15);1;6321
6;0.25;;(9, 18);;(20, 15);1;6322
6;0.25;;(9, 18);;(20, 15);1;6323
6;0.25;;(9, 18);;(20, 15);1;6324
6;0.25;;(9, 18);;(20, 15);1;6325
6;0.25;;(9, 18);;(20, 15);1;6326
6;0.25;;(9, 18);;(20, 15);1;6327
6;0.25;;(9, 18);;(20, 15);1;6328
6;0.25;;(9, 18);;(20, 15);1;6329
6;0.25;;(9, 18);;(20, 15);1;6330
6;0.25;;(9, 18);;(20, 15);1;6331
6;0.25;;(9, 18);;(20, 15);1;6332
6;0.25;;(9, 18);;(20, 15);1;6333
6;0.25;;(9, 18);;(20, 15);1;6334
6;0.25;;(9, 18);;(20, 15);1;6335
6;0.25;;(9, 18);;(20, 15);1;6336
6;0.25;;(9, 18);;(20, 15);1;6337
6;0.25;;(9, 18);;(20, 15);1;6338
6;0.25;;(9, 18);;(20, 15);1;6339
6;0.25;;(9, 18);;(20, 15);1;6340
6;0.25;;(9, 18);;(20, 15);1;6341
6;0.25;;(9, 18);;(20, 15);1;6342
6;0.25;;(9, 18);;(20, 15);1;6343
6;0.25;;(9, 18);;(20, 15);1;6344
6;0.25;;(9, 18);;(20, 15);1;6345
6;0.25;;(9, 18);;(20, 15);1;6346
6;0.25;;(9, 18);;(20, 15);1;6347
6;0.25;;(9, 18);;(20, 15);1;6348
6;0.25;;(9, 18);;(20, 15);1;6349
6;0.25;;(9, 18);;(20, 15);1;6350
6;0.25;;(9, 18);;(20, 15);1;6351
6;0.25;;(9, 18);;(20, 15);1;6352
6;0.25;;(9, 18);;(20, 15);1;6353
6;0.25;;(9, 18);;(20, 15);1;6354
6;0.25;;(9, 18);;(20, 15);1;6355
6;0.25;;(9, 18);;(20, 15);1;6356
6;0.25;;(9, 18);;(20, 15);1;6357
6;0.25;;(9, 18);;(20, 15);1;6358
6;0.25;;(9, 18);;(20, 15);1;6359
6;0.25;;(9, 18);;(20, 15);1;6360
6;0.25;;(9, 18);;(20, 15);1;6361
6;0.25;;(9, 18);;(20, 15);1;6362
6;0.25;;(9, 18);;(20, 15);1;6363
6;0.25;;(9, 18);;(20, 15);1;6364
6;0.25;;(9, 18);;(20, 15);1;6365
6;0.25;;(9, 18);;(20, 15);1;6366
6;0.25;;(9, 18);;(20, 15);1;6367
6;0.25;;(9, 18);;(20, 15);1;6368
6;0.25;;(9, 18);;(20, 15);1;6369
6;0.25;;(9, 18);;(20, 15);1;6370
6;0.25;;(9, 18);;(20, 15);1;6371
6;0.25;;(9, 18);;(20, 15);1;6372
6;0.25;;(9, 18);;(20, 15);1;6373
6;0.25;;(9, 18);;(20, 15);1;6374
6;0.25;;(9, 18);;(20, 15);1;6375
6;0.25;;(9, 18);;(20, 15);1;6376
6;0.25;;(9, 18);;(20, 15);1;6377
6;0.25;;(9, 18);;(20, 15);1;6378
6;0.25;;(9, 18);;(20, 15);1;6379
6;0.25;;(9, 18);;(20, 15);1;6380
6;0.25;;(9, 18);;(20, 15);1;6381
6;0.25;;(9, 18);;(20, 15);1;6382
6;0.25;;(9, 18);;(20, 15);1;6383
6;0.25;;(9, 18);;(20, 15);1;6384
6;0.25;;(9, 18);;(20, 15);1;6385
6;0.25;;(9, 18);;(20, 15);1;6386
6;0.25;;(9, 18);;(20, 15);1;6387
6;0.25;;(9, 18);;(20, 15);1;6388
6;0.25;;(9, 18);;(20, 15);1;6389
6;0.25;;(9, 18);;(20, 15);1;6390
6;0.25;;(9, 18);;(20, 15);1;6391
6;0.25;;(9, 18);;(20, 15);1;6392
6;0.25;;(9, 18);;(20, 15);1;6393
6;0.25;;(9, 18);;(20, 15);1;6394
6;0.25;;(9, 18);;(20, 15);1;6395
6;0.25;;(9, 18);;(20, 15);1;6396
6;0.25;;(9, 18);;(20, 15);1;6397
6;0.25;;(9, 18);;(20, 15);1;6398
6;0.25;;(9, 18);;(20, 15);1;6399
6;0.25;;(9, 18);;(20, 15);1;6400
6;0.25;;(9, 18);;(20, 15);1;6401
6;0.25;;(9, 18);;(20, 15);1;6402
6;0.25;;(9, 18);;(20, 15);1;6403
6;0.25;;(9, 18);;(20, 15);1;6404
6;0.25;;(9, 18);;(20, 15);1;6405
6;0.25;;(9, 18);;(20, 15);1;6406
6;0.25;;(9, 18);;(20, 15);1;6407
6;0.25;;(9, 18);;(20, 15);1;6408
6;0.25;;(9, 18);;(20, 15);1;6409
6;0.25;;(9, 18);;(20, 15);1;6410
6;0.25;;(9, 18);;(20, 15);1;6411
6;0.25;;(9, 18);;(20, 15);1;6412
6;0.25;;(9, 18);;(20, 15);1;6413
6;0.25;;(9, 18);;(20, 15);1;6414
6;0.25;;(9, 18);;(20, 15);1;6415
6;0.25;;(9, 18);;(20, 15);1;6416
6;0.25;;(9, 18);;(20, 15);1;6417
6;0.25;;(9, 18);;(20, 15);1;6418
6;0.25;;(9, 18);;(20, 15);1;6419
6;0.25;;(9, 18);;(20, 15);1;6420
6;0.25;;(9, 18);;(20, 15);1;6421
6;0.25;;(9, 18);;(20, 15);1;6422
6;0.25;;(9, 18);;(20, 15);1;6423
6;0.25;;(9, 18);;(20, 15);1;6424
6;0.25;;(9, 18);;(20, 15);1;6425
6;0.25;;(9, 18);;(20, 15);1;6426
6;0.25;;(9, 18);;(20, 15);1;6427
6;0.25;;(9, 18);;(20, 15);1;6428
6;0.25;;(9, 18);;(20, 15);1;6429
6;0.25;;(9, 18);;(20, 15);1;6430
6;0.25;;(9, 18);;(20, 15);1;6431
6;0.25;;(9, 18);;(20, 15);1;6432
6;0.25;;(9, 18);;(20, 15);1;6433
6;0.25;;(9, 18);;(20, 15);1;6434
6;0.25;;(9, 18);;(20, 15);1;6435
6;0.25;;(9, 18);;(20, 15);1;6436
6;0.25;;(9, 18);;(20, 15);1;6437
6;0.25;;(9, 18);;(20, 15);1;6438
6;0.25;;(9, 18);;(20, 15);1;6439
6;0.25;;(9, 18);;(20, 15);1;6440
6;0.25;;(9, 18);;(20, 15);1;6441
6;0.25;;(9, 18);;(20, 15);1;6442
6;0.25;;(9, 18);;(20, 15);1;6443
6;0.25;;(9, 18);;(20, 15);1;6444
6;0.25;;(9, 18);;(20, 15);1;6445
6;0.25;;(9, 18);;(20, 15);1;6446
6;0.25;;(9, 18);;(20, 15);1;6447
6;0.25;;(9, 18);;(20, 15);1;6448
6;0.25;;(9, 18);;(20, 15);1;6449
6;0.25;;(9, 18);;(20, 15);1;6450
6;0.25;;(9, 18);;(20, 15);1;6451
6;0.25;;(9, 18);;(20, 15);1;6452
6;0.25;;(9, 18);;(20, 15);1;6453
6;0.25;;(9, 18);;(20, 15);1;6454
6;0.25;;(9, 18);;(20, 15);1;6455
6;0.25;;(9, 18);;(20, 15);1;6456
6;0.25;;(9, 18);;(20, 15);1;6457
6;0.25;;(9, 18);;(20, 15);1;6458
6;0.25;;(9, 18);;(20, 15);1;6459
6;0.25;;(9, 18);;(20, 15);1;6460
6;0.25;;(9, 18);;(20, 15);1;6461
6;0.25;;(9, 18);;(20, 15);1;6462
6;0.25;;(9, 18);;(20, 15);1;6463
6;0.25;;(9, 18);;(20, 15);1;6464
6;0.25;;(9, 18);;(20, 15);1;6465
6;0.25;;(9, 18);;(20, 15);1;6466
6;0.25;;(9, 18);;(20, 15);1;6467
6;0.25;;(9, 18);;(20, 15);1;6468
6;0.25;;(9, 18);;(20, 15);1;6469
6;0.25;;(9, 18);;(20, 15);1;6470
6;0.25;;(9, 18);;(20, 15);1;6471
6;0.25;;(9, 18);;(20, 15);1;6472
6;0.25;;(9, 18);;(20, 15);1;6473
6;0.25;;(9, 18);;(20, 15);1;6474
6;0.25;;(9, 18);;(20, 15);1;6475
6;0.25;;(9, 18);;(20, 15);1;6476
6;0.25;;(9, 18);;(20, 15);1;6477
6;0.25;;(9, 18);;(20, 15);1;6478
6;0.25;;(9, 18);;(20, 15);1;6479
6;0.25;;(9, 18);;(20, 15);1;6480
6;0.25;;(9, 18);;(20, 15);1;6481
6;0.25;;(9, 18);;(20, 15);1;6482
6;0.25;;(9, 18);;(20, 15);1;6483
6;0.25;;(9, 18);;(20, 15);1;6484
6;0.25;;(9, 18);;(20, 15);1;6485
6;0.25;;(9, 18);;(20, 15);1;6486
6;0.25;;(9, 18);;(20, 15);1;6487
6;0.25;;(9, 18);;(20, 15);1;6488
6;0.25;;(9, 18);;(20, 15);1;6489
6;0.25;;(9, 18);;(20, 15);1;6490
6;0.25;;(9, 18);;(20, 15);1;6491
6;0.25;;(9, 18);;(20, 15);1;6492
6;0.25;;(9, 18);;(20, 15);1;6493
6;0.25;;(9, 18);;(20, 15);1;6494
6;0.25;;(9, 18);;(20, 15);1;6495
6;0.25;;(9, 18);;(20, 15);1;6496
6;0.25;;(9, 18);;(20, 15);1;6497
6;0.25;;(9, 18);;(20, 15);1;6498
6;0.25;;(9, 18);;(20, 15);1;6499
6;0.25;;(9, 18);;(20, 15);1;6500
6;0.25;;(9, 18);;(20, 15);1;6501
6;0.25;;(9, 18);;(20, 15);1;6502
6;0.25;;(9, 18);;(20, 15);1;6503
6;0.25;;(9, 18);;(20, 15);1;6504
6;0.25;;(9, 18);;(20, 15);1;6505
6;0.25;;(9, 18);;(20, 15);1;6506
6;0.25;;(9, 18);;(20, 15);1;6507
6;0.25;;(9, 18);;(20, 15);1;6508
6;0.25;;(9, 18);;(20, 15);1;6509
6;0.25;;(9, 18);;(20, 15);1;6510
6;0.25;;(9, 18);;(20, 15);1;6511
6;0.25;;(9, 18);;(20, 15);1;6512
6;0.25;;(9, 18);;(20, 15);1;6513
6;0.25;;(9, 18);;(20, 15);1;6514
6;0.25;;(9, 18);;(20, 15);1;6515
6;0.25;;(9, 18);;(20, 15);1;6516
6;0.25;;(9, 18);;(20, 15);1;6517
6;0.25;;(9, 18);;(20, 15);1;6518
6;0.25;;(9, 18);;(20, 15);1;6519
6;0.25;;(9, 18);;(20, 15);1;6520
6;0.25;;(9, 18);;(20, 15);1;6521
6;0.25;;(9, 18);;(20, 15);1;6522
6;0.25;;(9, 18);;(20, 15);1;6523
6;0.25;;(9, 18);;(20, 15);1;6524
6;0.25;;(9, 18);;(20, 15);1;6525
6;0.25;;(9, 18);;(20, 15);1;6526
6;0.25;;(9, 18);;(20, 15);1;6527
6;0.25;;(9, 18);;(20, 15);1;6528
6;0.25;;(9, 18);;(20, 15);1;6529
6;0.25;;(9, 18);;(20, 15);1;6530
6;0.25;;(9, 18);;(20, 15);1;6531
6;0.25;;(9, 18);;(20, 15);1;6532
6;0.25;;(9, 18);;(20, 15);1;6533
6;0.25;;(9, 18);;(20, 15);1;6534
6;0.25;;(9, 18);;(20, 15);1;6535
6;0.25;;(9, 18);;(20, 15);1;6536
6;0.25;;(9, 18);;(20, 15);1;6537
6;0.25;;(9, 18);;(20, 15);1;6538
6;0.25;;(9, 18);;(20, 15);1;6539
6;0.25;;(9, 18);;(20, 15);1;6540
6;0.25;;(9, 18);;(20, 15);1;6541
6;0.25;;(9, 18);;(20, 15);1;6542
6;0.25;;(9, 18);;(20, 15);1;6543
6;0.25;;(9, 18);;(20, 15);1;6544
6;0.25;;(9, 18);;(20, 15);1;6545
6;0.25;;(9, 18);;(20, 15);1;6546
6;0.25;;(9, 18);;(20, 15);1;6547
6;0.25;;(9, 18);;(20, 15);1;6548
6;0.25;;(9, 18);;(20, 15);1;6549
6;0.25;;(9, 18);;(20, 15);1;6550
6;0.25;;(9, 18);;(20, 15);1;6551
6;0.25;;(9, 18);;(20, 15);1;6552
6;0.25;;(9, 18);;(20, 15);1;6553
6;0.25;;(9, 18);;(20, 15);1;6554
6;0.25;;(9, 18);;(20, 15);1;6555
6;0.25;;(9, 18);;(20, 15);1;6556
6;0.25;;(9, 18);;(20, 15);1;6557
6;0.25;;(9, 18);;(20, 15);1;6558
6;0.25;;(9, 18);;(20, 15);1;6559
6;0.25;;(9, 18);;(20, 15);1;6560
6;0.25;;(9, 18);;(20, 15);1;6561
6;0.25;;(9, 18);;(20, 15);1;6562
6;0.25;;(9, 18);;(20, 15);1;6563
6;0.25;;(9, 18);;(20, 15);1;6564
6;0.25;;(9, 18);;(20, 15);1;6565
6;0.25;;(9, 18);;(20, 15);1;6566
6;0.25;;(9, 18);;(20, 15);1;6567
6;0.25;;(9, 18);;(20, 15);1;6568
6;0.25;;(9, 18);;(20, 15);1;6569
6;0.25;;(9, 18);;(20, 15);1;6570
6;0.25;;(9, 18);;(20, 15);1;6571
6;0.25;;(9, 18);;(20, 15);1;6572
6;0.25;;(9, 18);;(20, 15);1;6573
6;0.25;;(9, 18);;(20, 15);1;6574
6;0.25;;(9, 18);;(20, 15);1;6575
6;0.25;;(9, 18);;(20, 15);1;6576
6;0.25;;(9, 18);;(20, 15);1;6577
6;0.25;;(9, 18);;(20, 15);1;6578
6;0.25;;(9, 18);;(20, 15);1;6579
6;0.25;;(9, 18);;(20, 15);1;6580
6;0.25;;(9, 18);;(20, 15);1;6581
6;0.25;;(9, 18);;(20, 15);1;6582
6;0.25;;(9, 18);;(20, 15);1;6583
6;0.25;;(9, 18);;(20, 15);1;6584
6;0.25;;(9, 18);;(20, 15);1;6585
6;0.25;;(9, 18);;(20, 15);1;6586
6;0.25;;(9, 18);;(20, 15);1;6587
6;0.25;;(9, 18);;(20, 15);1;6588
6;0.25;;(9, 18);;(20, 15);1;6589
6;0.25;;(9, 18);;(20, 15);1;6590
6;0.25;;(9, 18);;(20, 15);1;6591
6;0.25;;(9, 18);;(20, 15);1;6592
6;0.25;;(9, 18);;(20, 15);1;6593
6;0.25;;(9, 18);;(20, 15);1;6594
6;0.25;;(9, 18);;(20, 15);1;6595
6;0.25;;(9, 18);;(20, 15);1;6596
6;0.25;;(9, 18);;(20, 15);1;6597
6;0.25;;(9, 18);;(20, 15);1;6598
6;0.25;;(9, 18);;(20, 15);1;6599
6;0.25;;(9, 18);;(20, 15);1;6600
6;0.25;;(9, 18);;(20, 15);1;6601
6;0.25;;(9, 18);;(20, 15);1;6602
6;0.25;;(9, 18);;(20, 15);1;6603
6;0.25;;(9, 18);;(20, 15);1;6604
6;0.25;;(9, 18);;(20, 15);1;6605
6;0.25;;(9, 18);;(20, 15);1;6606
6;0.25;;(9, 18);;(20, 15);1;6607
6;0.25;;(9, 18);;(20, 15);1;6608
6;0.25;;(9, 18);;(20, 15);1;6609
6;0.25;;(9, 18);;(20, 15);1;6610
6;0.25;;(9, 18);;(20, 15);1;6611
6;0.25;;(9, 18);;(20, 15);1;6612
6;0.25;;(9, 18);;(20, 15);1;6613
6;0.25;;(9, 18);;(20, 15);1;6614
6;0.25;;(9, 18);;(20, 15);1;6615
6;0.25;;(9, 18);;(20, 15);1;6616
6;0.25;;(9, 18);;(20, 15);1;6617
6;0.25;;(9, 18);;(20, 15);1;6618
6;0.25;;(9, 18);;(20, 15);1;6619
6;0.25;;(9, 18);;(20, 15);1;6620
6;0.25;;(9, 18);;(20, 15);1;6621
6;0.25;;(9, 18);;(20, 15);1;6622
6;0.25;;(9, 18);;(20, 15);1;6623
6;0.25;;(9, 18);;(20, 15);1;6624
6;0.25;;(9, 18);;(20, 15);1;6625
6;0.25;;(9, 18);;(20, 15);1;6626
6;0.25;;(9, 18);;(20, 15);1;6627
6;0.25;;(9, 18);;(20, 15);1;6628
6;0.25;;(9, 18);;(20, 15);1;6629
6;0.25;;(9, 18);;(20, 15);1;6630
6;0.25;;(9, 18);;(20, 15);1;6631
6;0.25;;(9, 18);;(20, 15);1;6632
6;0.25;;(9, 18);;(20, 15);1;6633
6;0.25;;(9, 18);;(20, 15);1;6634
6;0.25;;(9, 18);;(20, 15);1;6635
6;0.25;;(9, 18);;(20, 15);1;6636
6;0.25;;(9, 18);;(20, 15);1;6637
6;0.25;;(9, 18);;(20, 15);1;6638
6;0.25;;(9, 18);;(20, 15);1;6639
6;0.25;;(9, 18);;(20, 15);1;6640
6;0.25;;(9, 18);;(20, 15);1;6641
6;0.25;;(9, 18);;(20, 15);1;6642
6;0.25;;(9, 18);;(20, 15);1;6643
6;0.25;;(9, 18);;(20, 15);1;6644
6;0.25;;(9, 18);;(20, 15);1;6645
6;0.25;;(9, 18);;(20, 15);1;6646
6;0.25;;(9, 18);;(20, 15);1;6647
6;0.25;;(9, 18);;(20, 15);1;6648
6;0.25;;(9, 18);;(20, 15);1;6649
6;0.25;;(9, 18);;(20, 15);1;6650
6;0.25;;(9, 18);;(20, 15);1;6651
6;0.25;;(9, 18);;(20, 15);1;6652
6;0.25;;(9, 18);;(20, 15);1;6653
6;0.25;;(9, 18);;(20, 15);1;6654
6;0.25;;(9, 18);;(20, 15);1;6655
6;0.25;;(9, 18);;(20, 15);1;6656
6;0.25;;(9, 18);;(20, 15);1;6657
6;0.25;;(9, 18);;(20, 15);1;6658
6;0.25;;(9, 18);;(20, 15);1;6659
6;0.25;;(9, 18);;(20, 15);1;6660
6;0.25;;(9, 18);;(20, 15);1;6661
6;0.25;;(9, 18);;(20, 15);1;6662
6;0.25;;(9, 18);;(20, 15);1;6663
6;0.25;;(9, 18);;(20, 15);1;6664
6;0.25;;(9, 18);;(20, 15);1;6665
6;0.25;;(9, 18);;(20, 15);1;6666
6;0.25;;(9, 18);;(20, 15);1;6667
6;0.25;;(9, 18);;(20, 15);1;6668
6;0.25;;(9, 18);;(20, 15);1;6669
6;0.25;;(9, 18);;(20, 15);1;6670
6;0.25;;(9, 18);;(20, 15);1;6671
6;0.25;;(9, 18);;(20, 15);1;6672
6;0.25;;(9, 18);;(20, 15);1;6673
6;0.25;;(9, 18);;(20, 15);1;6674
6;0.25;;(9, 18);;(20, 15);1;6675
6;0.25;;(9, 18);;(20, 15);1;6676
6;0.25;;(9, 18);;(20, 15);1;6677
6;0.25;;(9, 18);;(20, 15);1;6678
6;0.25;;(9, 18);;(20, 15);1;6679
6;0.25;;(9, 18);;(20, 15);1;6680
6;0.25;;(9, 18);;(20, 15);1;6681
6;0.25;;(9, 18);;(20, 15);1;6682
6;0.25;;(9, 18);;(20, 15);1;6683
6;0.25;;(9, 18);;(20, 15);1;6684
6;0.25;;(9, 18);;(20, 15);1;6685
6;0.25;;(9, 18);;(20, 15);1;6686
6;0.25;;(9, 18);;(20, 15);1;6687
6;0.25;;(9, 18);;(20, 15);1;6688
6;0.25;;(9, 18);;(20, 15);1;6689
6;0.25;;(9, 18);;(20, 15);1;6690
6;0.25;;(9, 18);;(20, 15);1;6691
6;0.25;;(9, 18);;(20, 15);1;6692
6;0.25;;(9, 18);;(20, 15);1;6693
6;0.25;;(9, 18);;(20, 15);1;6694
6;0.25;;(9, 18);;(20, 15);1;6695
6;0.25;;(9, 18);;(20, 15);1;6696
6;0.25;;(9, 18);;(20, 15);1;6697
6;0.25;;(9, 18);;(20, 15);1;6698
6;0.25;;(9, 18);;(20, 15);1;6699
6;0.25;;(9, 18);;(20, 15);1;6700
6;0.25;;(9, 18);;(20, 15);1;6701
6;0.25;;(9, 18);;(20, 15);1;6702
6;0.25;;(9, 18);;(20, 15);1;6703
6;0.25;;(9, 18);;(20, 15);1;6704
6;0.25;;(9, 18);;(20, 15);1;6705
6;0.25;;(9, 18);;(20, 15);1;6706
6;0.25;;(9, 18);;(20, 15);1;6707
6;0.25;;(9, 18);;(20, 15);1;6708
6;0.25;;(9, 18);;(20, 15);1;6709
6;0.25;;(9, 18);;(20, 15);1;6710
6;0.25;;(9, 18);;(20, 15);1;6711
6;0.25;;(9, 18);;(20, 15);1;6712
6;0.25;;(9, 18);;(20, 15);1;6713
6;0.25;;(9, 18);;(20, 15);1;6714
6;0.25;;(9, 18);;(20, 15);1;6715
6;0.25;;(9, 18);;(20, 15);1;6716
6;0.25;;(9, 18);;(20, 15);1;6717
6;0.25;;(9, 18);;(20, 15);1;6718
6;0.25;;(9, 18);;(20, 15);1;6719
6;0.25;;(9, 18);;(20, 15);1;6720
6;0.25;;(9, 18);;(20, 15);1;6721
6;0.25;;(9, 18);;(20, 15);1;6722
6;0.25;;(9, 18);;(20, 15);1;6723
6;0.25;;(9, 18);;(20, 15);1;6724
6;0.25;;(9, 18);;(20, 15);1;6725
6;0.25;;(9, 18);;(20, 15);1;6726
6;0.25;;(9, 18);;(20, 15);1;6727
6;0.25;;(9, 18);;(20, 15);1;6728
6;0.25;;(9, 18);;(20, 15);1;6729
6;0.25;;(9, 18);;(20, 15);1;6730
6;0.25;;(9, 18);;(20, 15);1;6731
6;0.25;;(9, 18);;(20, 15);1;6732
6;0.25;;(9, 18);;(20, 15);1;6733
6;0.25;;(9, 18);;(20, 15);1;6734
6;0.25;;(9, 18);;(20, 15);1;6735
6;0.25;;(9, 18);;(20, 15);1;6736
6;0.25;;(9, 18);;(20, 15);1;6737
6;0.25;;(9, 18);;(20, 15);1;6738
6;0.25;;(9, 18);;(20, 15);1;6739
6;0.25;;(9, 18);;(20, 15);1;6740
6;0.25;;(9, 18);;(20, 15);1;6741
6;0.25;;(9, 18);;(20, 15);1;6742
6;0.25;;(9, 18);;(20, 15);1;6743
6;0.25;;(9, 18);;(20, 15);1;6744
6;0.25;;(9, 18);;(20, 15);1;6745
6;0.25;;(9, 18);;(20, 15);1;6746
6;0.25;;(9, 18);;(20, 15);1;6747
6;0.25;;(9, 18);;(20, 15);1;6748
6;0.25;;(9, 18);;(20, 15);1;6749
6;0.25;;(9, 18);;(20, 15);1;6750
6;0.25;;(9, 18);;(20, 15);1;6751
6;0.25;;(9, 18);;(20, 15);1;6752
6;0.25;;(9, 18);;(20, 15);1;6753
6;0.25;;(9, 18);;(20, 15);1;6754
6;0.25;;(9, 18);;(20, 15);1;6755
6;0.25;;(9, 18);;(20, 15);1;6756
6;0.25;;(9, 18);;(20, 15);1;6757
6;0.25;;(9, 18);;(20, 15);1;6758
6;0.25;;(9, 18);;(20, 15);1;6759
6;0.25;;(9, 18);;(20, 15);1;6760
6;0.25;;(9, 18);;(20, 15);1;6761
6;0.25;;(9, 18);;(20, 15);1;6762
6;0.25;;(9, 18);;(20, 15);1;6763
6;0.25;;(9, 18);;(20, 15);1;6764
6;0.25;;(9, 18);;(20, 15);1;6765
6;0.25;;(9, 18);;(20, 15);1;6766
6;0.25;;(9, 18);;(20, 15);1;6767
6;0.25;;(9, 18);;(20, 15);1;6768
6;0.25;;(9, 18);;(20, 15);1;6769
6;0.25;;(9, 18);;(20, 15);1;6770
6;0.25;;(9, 18);;(20, 15);1;6771
6;0.25;;(9, 18);;(20, 15);1;6772
6;0.25;;(9, 18);;(20, 15);1;6773
6;0.25;;(9, 18);;(20, 15);1;6774
6;0.25;;(9, 18);;(20, 15);1;6775
6;0.25;;(9, 18);;(20, 15);1;6776
6;0.25;;(9, 18);;(20, 15);1;6777
6;0.25;;(9, 18);;(20, 15);1;6778
6;0.25;;(9, 18);;(20, 15);1;6779
6;0.25;;(9, 18);;(20, 15);1;6780
6;0.25;;(9, 18);;(20, 15);1;6781
6;0.25;;(9, 18);;(20, 15);1;6782
6;0.25;;(9, 18);;(20, 15);1;6783
6;0.25;;(9, 18);;(20, 15);1;6784
6;0.25;;(9, 18);;(20, 15);1;6785
6;0.25;;(9, 18);;(20, 15);1;6786
6;0.25;;(9, 18);;(20, 15);1;6787
6;0.25;;(9, 18);;(20, 15);1;6788
6;0.25;;(9, 18);;(20, 15);1;6789
6;0.25;;(9, 18);;(20, 15);1;6790
6;0.25;;(9, 18);;(20, 15);1;6791
6;0.25;;(9, 18);;(20, 15);1;6792
6;0.25;;(9, 18);;(20, 15);1;6793
6;0.25;;(9, 18);;(20, 15);1;6794
6;0.25;;(9, 18);;(20, 15);1;6795
6;0.25;;(9, 18);;(20, 15);1;6796
6;0.25;;(9, 18);;(20, 15);1;6797
6;0.25;;(9, 18);;(20, 15);1;6798
6;0.25;;(9, 18);;(20, 15);1;6799
6;0.25;;(9, 18);;(20, 15);1;6800
6;0.25;;(9, 18);;(20, 15);1;6801
6;0.25;;(9, 18);;(20, 15);1;6802
6;0.25;;(9, 18);;(20, 15);1;6803
6;0.25;;(9, 18);;(20, 15);1;6804
6;0.25;;(9, 18);;(20, 15);1;6805
6;0.25;;(9, 18);;(20, 15);1;6806
6;0.25;;(9, 18);;(20, 15);1;6807
6;0.25;;(9, 18);;(20, 15);1;6808
6;0.25;;(9, 18);;(20, 15);1;6809
6;0.25;;(9, 18);;(20, 15);1;6810
6;0.25;;(9, 18);;(20, 15);1;6811
6;0.25;;(9, 18);;(20, 15);1;6812
6;0.25;;(9, 18);;(20, 15);1;6813
6;0.25;;(9, 18);;(20, 15);1;6814
6;0.25;;(9, 18);;(20, 15);1;6815
6;0.25;;(9, 18);;(20, 15);1;6816
6;0.25;;(9, 18);;(20, 15);1;6817
6;0.25;;(9, 18);;(20, 15);1;6818
6;0.25;;(9, 18);;(20, 15);1;6819
6;0.25;;(9, 18);;(20, 15);1;6820
6;0.25;;(9, 18);;(20, 15);1;6821
6;0.25;;(9, 18);;(20, 15);1;6822
6;0.25;;(9, 18);;(20, 15);1;6823
6;0.25;;(9, 18);;(20, 15);1;6824
6;0.25;;(9, 18);;(20, 15);1;6825
6;0.25;;(9, 18);;(20, 15);1;6826
6;0.25;;(9, 18);;(20, 15);1;6827
6;0.25;;(9, 18);;(20, 15);1;6828
6;0.25;;(9, 18);;(20, 15);1;6829
6;0.25;;(9, 18);;(20, 15);1;6830
6;0.25;;(9, 18);;(20, 15);1;6831
6;0.25;;(9, 18);;(20, 15);1;6832
6;0.25;;(9, 18);;(20, 15);1;6833
6;0.25;;(9, 18);;(20, 15);1;6834
6;0.25;;(9, 18);;(20, 15);1;6835
6;0.25;;(9, 18);;(20, 15);1;6836
6;0.25;;(9, 18);;(20, 15);1;6837
6;0.25;;(9, 18);;(20, 15);1;6838
6;0.25;;(9, 18);;(20, 15);1;6839
6;0.25;;(9, 18);;(20, 15);1;6840
6;0.25;;(9, 18);;(20, 15);1;6841
6;0.25;;(9, 18);;(20, 15);1;6842
6;0.25;;(9, 18);;(20, 15);1;6843
6;0.25;;(9, 18);;(20, 15);1;6844
6;0.25;;(9, 18);;(20, 15);1;6845
6;0.25;;(9, 18);;(20, 15);1;6846
6;0.25;;(9, 18);;(20, 15);1;6847
6;0.25;;(9, 18);;(20, 15);1;6848
6;0.25;;(9, 18);;(20, 15);1;6849
6;0.25;;(9, 18);;(20, 15);1;6850
6;0.25;;(9, 18);;(20, 15);1;6851
6;0.25;;(9, 18);;(20, 15);1;6852
6;0.25;;(9, 18);;(20, 15);1;6853
6;0.25;;(9, 18);;(20, 15);1;6854
6;0.25;;(9, 18);;(20, 15);1;6855
6;0.25;;(9, 18);;(20, 15);1;6856
6;0.25;;(9, 18);;(20, 15);1;6857
6;0.25;;(9, 18);;(20, 15);1;6858
6;0.25;;(9, 18);;(20, 15);1;6859
6;0.25;;(9, 18);;(20, 15);1;6860
6;0.25;;(9, 18);;(20, 15);1;6861
6;0.25;;(9, 18);;(20, 15);1;6862
6;0.25;;(9, 18);;(20, 15);1;6863
6;0.25;;(9, 18);;(20, 15);1;6864
6;0.25;;(9, 18);;(20, 15);1;6865
6;0.25;;(9, 18);;(20, 15);1;6866
6;0.25;;(9, 18);;(20, 15);1;6867
6;0.25;;(9, 18);;(20, 15);1;6868
6;0.25;;(9, 18);;(20, 15);1;6869
6;0.25;;(9, 18);;(20, 15);1;6870
6;0.25;;(9, 18);;(20, 15);1;6871
6;0.25;;(9, 18);;(20, 15);1;6872
6;0.25;;(9, 18);;(20, 15);1;6873
6;0.25;;(9, 18);;(20, 15);1;6874
6;0.25;;(9, 18);;(20, 15);1;6875
6;0.25;;(9, 18);;(20, 15);1;6876
6;0.25;;(9, 18);;(20, 15);1;6877
6;0.25;;(9, 18);;(20, 15);1;6878
6;0.25;;(9, 18);;(20, 15);1;6879
6;0.25;;(9, 18);;(20, 15);1;6880
6;0.25;;(9, 18);;(20, 15);1;6881
6;0.25;;(9, 18);;(20, 15);1;6882
6;0.25;;(9, 18);;(20, 15);1;6883
6;0.25;;(9, 18);;(20, 15);1;6884
6;0.25;;(9, 18);;(20, 15);1;6885
6;0.25;;(9, 18);;(20, 15);1;6886
6;0.25;;(9, 18);;(20, 15);1;6887
6;0.25;;(9, 18);;(20, 15);1;6888
6;0.25;;(9, 18);;(20, 15);1;6889
6;0.25;;(9, 18);;(20, 15);1;6890
6;0.25;;(9, 18);;(20, 15);1;6891
6;0.25;;(9, 18);;(20, 15);1;6892
6;0.25;;(9, 18);;(20, 15);1;6893
6;0.25;;(9, 18);;(20, 15);1;6894
6;0.25;;(9, 18);;(20, 15);1;6895
6;0.25;;(9, 18);;(20, 15);1;6896
6;0.25;;(9, 18);;(20, 15);1;6897
6;0.25;;(9, 18);;(20, 15);1;6898
6;0.25;;(9, 18);;(20, 15);1;6899
6;0.25;;(9, 18);;(20, 15);1;6900
6;0.25;;(9, 18);;(20, 15);1;6901
6;0.25;;(9, 18);;(20, 15);1;6902
6;0.25;;(9, 18);;(20, 15);1;6903
6;0.25;;(9, 18);;(20, 15);1;6904
6;0.25;;(9, 18);;(20, 15);1;6905
6;0.25;;(9, 18);;(20, 15);1;6906
6;0.25;;(9, 18);;(20, 15);1;6907
6;0.25;;(9, 18);;(20, 15);1;6908
6;0.25;;(9, 18);;(20, 15);1;6909
6;0.25;;(9, 18);;(20, 15);1;6910
6;0.25;;(9, 18);;(20, 15);1;6911
6;0.25;;(9, 18);;(20, 15);1;6912
6;0.25;;(9, 18);;(20, 15);1;6913
6;0.25;;(9, 18);;(20, 15);1;6914
6;0.25;;(9, 18);;(20, 15);1;6915
6;0.25;;(9, 18);;(20, 15);1;6916
6;0.25;;(9, 18);;(20, 15);1;6917
6;0.25;;(9, 18);;(20, 15);1;6918
6;0.25;;(9, 18);;(20, 15);1;6919
6;0.25;;(9, 18);;(20, 15);1;6920
6;0.25;;(9, 18);;(20, 15);1;6921
6;0.25;;(9, 18);;(20, 15);1;6922
6;0.25;;(9, 18);;(20, 15);1;6923
6;0.25;;(9, 18);;(20, 15);1;6924
6;0.25;;(9, 18);;(20, 15);1;6925
6;0.25;;(9, 18);;(20, 15);1;6926
6;0.25;;(9, 18);;(20, 15);1;6927
6;0.25;;(9, 18);;(20, 15);1;6928
6;0.25;;(9, 18);;(20, 15);1;6929
6;0.25;;(9, 18);;(20, 15);1;6930
6;0.25;;(9, 18);;(20, 15);1;6931
6;0.25;;(9, 18);;(20, 15);1;6932
6;0.25;;(9, 18);;(20, 15);1;6933
6;0.25;;(9, 18);;(20, 15);1;6934
6;0.25;;(9, 18);;(20, 15);1;6935
6;0.25;;(9, 18);;(20, 15);1;6936
6;0.25;;(9, 18);;(20, 15);1;6937
6;0.25;;(9, 18);;(20, 15);1;6938
6;0.25;;(9, 18);;(20, 15);1;6939
6;0.25;;(9, 18);;(20, 15);1;6940
6;0.25;;(9, 18);;(20, 15);1;6941
6;0.25;;(9, 18);;(20, 15);1;6942
6;0.25;;(9, 18);;(20, 15);1;6943
6;0.25;;(9, 18);;(20, 15);1;6944
6;0.25;;(9, 18);;(20, 15);1;6945
6;0.25;;(9, 18);;(20, 15);1;6946
6;0.25;;(9, 18);;(20, 15);1;6947
6;0.25;;(9, 18);;(20, 15);1;6948
6;0.25;;(9, 18);;(20, 15);1;6949
6;0.25;;(9, 18);;(20, 15);1;6950
6;0.25;;(9, 18);;(20, 15);1;6951
6;0.25;;(9, 18);;(20, 15);1;6952
6;0.25;;(9, 18);;(20, 15);1;6953
6;0.25;;(9, 18);;(20, 15);1;6954
6;0.25;;(9, 18);;(20, 15);1;6955
6;0.25;;(9, 18);;(20, 15);1;6956
6;0.25;;(9, 18);;(20, 15);1;6957
6;0.25;;(9, 18);;(20, 15);1;6958
6;0.25;;(9, 18);;(20, 15);1;6959
6;0.25;;(9, 18);;(20, 15);1;6960
6;0.25;;(9, 18);;(20, 15);1;6961
6;0.25;;(9, 18);;(20, 15);1;6962
6;0.25;;(9, 18);;(20, 15);1;6963
6;0.25;;(9, 18);;(20, 15);1;6964
6;0.25;;(9, 18);;(20, 15);1;6965
6;0.25;;(9, 18);;(20, 15);1;6966
6;0.25;;(9, 18);;(20, 15);1;6967
6;0.25;;(9, 18);;(20, 15);1;6968
6;0.25;;(9, 18);;(20, 15);1;6969
6;0.25;;(9, 18);;(20, 15);1;6970
6;0.25;;(9, 18);;(20, 15);1;6971
6;0.25;;(9, 18);;(20, 15);1;6972
6;0.25;;(9, 18);;(20, 15);1;6973
6;0.25;;(9, 18);;(20, 15);1;6974
6;0.25;;(9, 18);;(20, 15);1;6975
6;0.25;;(9, 18);;(20, 15);1;6976
6;0.25;;(9, 18);;(20, 15);1;6977
6;0.25;;(9, 18);;(20, 15);1;6978
6;0.25;;(9, 18);;(20, 15);1;6979
6;0.25;;(9, 18);;(20, 15);1;6980
6;0.25;;(9, 18);;(20, 15);1;6981
6;0.25;;(9, 18);;(20, 15);1;6982
6;0.25;;(9, 18);;(20, 15);1;6983
6;0.25;;(9, 18);;(20, 15);1;6984
6;0.25;;(9, 18);;(20, 15);1;6985
6;0.25;;(9, 18);;(20, 15);1;6986
6;0.25;;(9, 18);;(20, 15);1;6987
6;0.25;;(9, 18);;(20, 15);1;6988
6;0.25;;(9, 18);;(20, 15);1;6989
6;0.25;;(9, 18);;(20, 15);1;6990
6;0.25;;(9, 18);;(20, 15);1;6991
6;0.25;;(9, 18);;(20, 15);1;6992
6;0.25;;(9, 18);;(20, 15);1;6993
6;0.25;;(9, 18);;(20, 15);1;6994
6;0.25;;(9, 18);;(20, 15);1;6995
6;0.25;;(9, 18);;(20, 15);1;6996
6;0.25;;(9, 18);;(20, 15);1;6997
6;0.25;;(9, 18);;(20, 15);1;6998
6;0.25;;(9, 18);;(20, 15);1;6999
6;0.25;;(9, 18);;(20, 15);1;7000
6;0.25;;(9, 18);;(20, 15);1;7001
6;0.25;;(9, 18);;(20, 15);1;7002
6;0.25;;(9, 18);;(20, 15);1;7003
6;0.25;;(9, 18);;(20, 15);1;7004
6;0.25;;(9, 18);;(20, 15);1;7005
6;0.25;;(9, 18);;(20, 15);1;7006
6;0.25;;(9, 18);;(20, 15);1;7007
6;0.25;;(9, 18);;(20, 15);1;7008
6;0.25;;(9, 18);;(20, 15);1;7009
6;0.25;;(9, 18);;(20, 15);1;7010
6;0.25;;(9, 18);;(20, 15);1;7011
6;0.25;;(9, 18);;(20, 15);1;7012
6;0.25;;(9, 18);;(20, 15);1;7013
6;0.25;;(9, 18);;(20, 15);1;7014
6;0.25;;(9, 18);;(20, 15);1;7015
6;0.25;;(9, 18);;(20, 15);1;7016
6;0.25;;(9, 18);;(20, 15);1;7017
6;0.25;;(9, 18);;(20, 15);1;7018
6;0.25;;(9, 18);;(20, 15);1;7019
6;0.25;;(9, 18);;(20, 15);1;7020
6;0.25;;(9, 18);;(20, 15);1;7021
6;0.25;;(9, 18);;(20, 15);1;7022
6;0.25;;(9, 18);;(20, 15);1;7023
6;0.25;;(9, 18);;(20, 15);1;7024
6;0.25;;(9, 18);;(20, 15);1;7025
6;0.25;;(9, 18);;(20, 15);1;7026
6;0.25;;(9, 18);;(20, 15);1;7027
6;0.25;;(9, 18);;(20, 15);1;7028
6;0.25;;(9, 18);;(20, 15);1;7029
6;0.25;;(9, 18);;(20, 15);1;7030
6;0.25;;(9, 18);;(20, 15);1;7031
6;0.25;;(9, 18);;(20, 15);1;7032
6;0.25;;(9, 18);;(20, 15);1;7033
6;0.25;;(9, 18);;(20, 15);1;7034
6;0.25;;(9, 18);;(20, 15);1;7035
6;0.25;;(9, 18);;(20, 15);1;7036
6;0.25;;(9, 18);;(20, 15);1;7037
6;0.25;;(9, 18);;(20, 15);1;7038
6;0.25;;(9, 18);;(20, 15);1;7039
6;0.25;;(9, 18);;(20, 15);1;7040
6;0.25;;(9, 18);;(20, 15);1;7041
6;0.25;;(9, 18);;(20, 15);1;7042
6;0.25;;(9, 18);;(20, 15);1;7043
6;0.25;;(9, 18);;(20, 15);1;7044
6;0.25;;(9, 18);;(20, 15);1;7045
6;0.25;;(9, 18);;(20, 15);1;7046
6;0.25;;(9, 18);;(20, 15);1;7047
6;0.25;;(9, 18);;(20, 15);1;7048
6;0.25;;(9, 18);;(20, 15);1;7049
6;0.25;;(9, 18);;(20, 15);1;7050
6;0.25;;(9, 18);;(20, 15);1;7051
6;0.25;;(9, 18);;(20, 15);1;7052
6;0.25;;(9, 18);;(20, 15);1;7053
6;0.25;;(9, 18);;(20, 15);1;7054
6;0.25;;(9, 18);;(20, 15);1;7055
6;0.25;;(9, 18);;(20, 15);1;7056
6;0.25;;(9, 18);;(20, 15);1;7057
6;0.25;;(9, 18);;(20, 15);1;7058
6;0.25;;(9, 18);;(20, 15);1;7059
6;0.25;;(9, 18);;(20, 15);1;7060
6;0.25;;(9, 18);;(20, 15);1;7061
6;0.25;;(9, 18);;(20, 15);1;7062
6;0.25;;(9, 18);;(20, 15);1;7063
6;0.25;;(9, 18);;(20, 15);1;7064
6;0.25;;(9, 18);;(20, 15);1;7065
6;0.25;;(9, 18);;(20, 15);1;7066
6;0.25;;(9, 18);;(20, 15);1;7067
6;0.25;;(9, 18);;(20, 15);1;7068
6;0.25;;(9, 18);;(20, 15);1;7069
6;0.25;;(9, 18);;(20, 15);1;7070
6;0.25;;(9, 18);;(20, 15);1;7071
6;0.25;;(9, 18);;(20, 15);1;7072
6;0.25;;(9, 18);;(20, 15);1;7073
6;0.25;;(9, 18);;(20, 15);1;7074
6;0.25;;(9, 18);;(20, 15);1;7075
6;0.25;;(9, 18);;(20, 15);1;7076
6;0.25;;(9, 18);;(20, 15);1;7077
6;0.25;;(9, 18);;(20, 15);1;7078
6;0.25;;(9, 18);;(20, 15);1;7079
6;0.25;;(9, 18);;(20, 15);1;7080
6;0.25;;(9, 18);;(20, 15);1;7081
6;0.25;;(9, 18);;(20, 15);1;7082
6;0.25;;(9, 18);;(20, 15);1;7083
6;0.25;;(9, 18);;(20, 15);1;7084
6;0.25;;(9, 18);;(20, 15);1;7085
6;0.25;;(9, 18);;(20, 15);1;7086
6;0.25;;(9, 18);;(20, 15);1;7087
6;0.25;;(9, 18);;(20, 15);1;7088
6;0.25;;(9, 18);;(20, 15);1;7089
6;0.25;;(9, 18);;(20, 15);1;7090
6;0.25;;(9, 18);;(20, 15);1;7091
6;0.25;;(9, 18);;(20, 15);1;7092
6;0.25;;(9, 18);;(20, 15);1;7093
6;0.25;;(9, 18);;(20, 15);1;7094
6;0.25;;(9, 18);;(20, 15);1;7095
6;0.25;;(9, 18);;(20, 15);1;7096
6;0.25;;(9, 18);;(20, 15);1;7097
6;0.25;;(9, 18);;(20, 15);1;7098
6;0.25;;(9, 18);;(20, 15);1;7099
6;0.25;;(9, 18);;(20, 15);1;7100
6;0.25;;(9, 18);;(20, 15);1;7101
6;0.25;;(9, 18);;(20, 15);1;7102
6;0.25;;(9, 18);;(20, 15);1;7103
6;0.25;;(9, 18);;(20, 15);1;7104
6;0.25;;(9, 18);;(20, 15);1;7105
6;0.25;;(9, 18);;(20, 15);1;7106
6;0.25;;(9, 18);;(20, 15);1;7107
6;0.25;;(9, 18);;(20, 15);1;7108
6;0.25;;(9, 18);;(20, 15);1;7109
6;0.25;;(9, 18);;(20, 15);1;7110
6;0.25;;(9, 18);;(20, 15);1;7111
6;0.25;;(9, 18);;(20, 15);1;7112
6;0.25;;(9, 18);;(20, 15);1;7113
6;0.25;;(9, 18);;(20, 15);1;7114
6;0.25;;(9, 18);;(20, 15);1;7115
6;0.25;;(9, 18);;(20, 15);1;7116
6;0.25;;(9, 18);;(20, 15);1;7117
6;0.25;;(9, 18);;(20, 15);1;7118
6;0.25;;(9, 18);;(20, 15);1;7119
6;0.25;;(9, 18);;(20, 15);1;7120
6;0.25;;(9, 18);;(20, 15);1;7121
6;0.25;;(9, 18);;(20, 15);1;7122
6;0.25;;(9, 18);;(20, 15);1;7123
6;0.25;;(9, 18);;(20, 15);1;7124
6;0.25;;(9, 18);;(20, 15);1;7125
6;0.25;;(9, 18);;(20, 15);1;7126
6;0.25;;(9, 18);;(20, 15);1;7127
6;0.25;;(9, 18);;(20, 15);1;7128
6;0.25;;(9, 18);;(20, 15);1;7129
6;0.25;;(9, 18);;(20, 15);1;7130
6;0.25;;(9, 18);;(20, 15);1;7131
6;0.25;;(9, 18);;(20, 15);1;7132
6;0.25;;(9, 18);;(20, 15);1;7133
6;0.25;;(9, 18);;(20, 15);1;7134
6;0.25;;(9, 18);;(20, 15);1;7135
6;0.25;;(9, 18);;(20, 15);1;7136
6;0.25;;(9, 18);;(20, 15);1;7137
6;0.25;;(9, 18);;(20, 15);1;7138
6;0.25;;(9, 18);;(20, 15);1;7139
6;0.25;;(9, 18);;(20, 15);1;7140
6;0.25;;(9, 18);;(20, 15);1;7141
6;0.25;;(9, 18);;(20, 15);1;7142
6;0.25;;(9, 18);;(20, 15);1;7143
6;0.25;;(9, 18);;(20, 15);1;7144
6;0.25;;(9, 18);;(20, 15);1;7145
6;0.25;;(9, 18);;(20, 15);1;7146
6;0.25;;(9, 18);;(20, 15);1;7147
6;0.25;;(9, 18);;(20, 15);1;7148
6;0.25;;(9, 18);;(20, 15);1;7149
6;0.25;;(9, 18);;(20, 15);1;7150
6;0.25;;(9, 18);;(20, 15);1;7151
6;0.25;;(9, 18);;(20, 15);1;7152
6;0.25;;(9, 18);;(20, 15);1;7153
6;0.25;;(9, 18);;(20, 15);1;7154
6;0.25;;(9, 18);;(20, 15);1;7155
6;0.25;;(9, 18);;(20, 15);1;7156
6;0.25;;(9, 18);;(20, 15);1;7157
6;0.25;;(9, 18);;(20, 15);1;7158
6;0.25;;(9, 18);;(20, 15);1;7159
6;0.25;;(9, 18);;(20, 15);1;7160
6;0.25;;(9, 18);;(20, 15);1;7161
6;0.25;;(9, 18);;(20, 15);1;7162
6;0.25;;(9, 18);;(20, 15);1;7163
6;0.25;;(9, 18);;(20, 15);1;7164
6;0.25;;(9, 18);;(20, 15);1;7165
6;0.25;;(9, 18);;(20, 15);1;7166
6;0.25;;(9, 18);;(20, 15);1;7167
6;0.25;;(9, 18);;(20, 15);1;7168
6;0.25;;(9, 18);;(20, 15);1;7169
6;0.25;;(9, 18);;(20, 15);1;7170
6;0.25;;(9, 18);;(20, 15);1;7171
6;0.25;;(9, 18);;(20, 15);1;7172
6;0.25;;(9, 18);;(20, 15);1;7173
6;0.25;;(9, 18);;(20, 15);1;7174
6;0.25;;(9, 18);;(20, 15);1;7175
6;0.25;;(9, 18);;(20, 15);1;7176
6;0.25;;(9, 18);;(20, 15);1;7177
6;0.25;;(9, 18);;(20, 15);1;7178
6;0.25;;(9, 18);;(20, 15);1;7179
6;0.25;;(9, 18);;(20, 15);1;7180
6;0.25;;(9, 18);;(20, 15);1;7181
6;0.25;;(9, 18);;(20, 15);1;7182
6;0.25;;(9, 18);;(20, 15);1;7183
6;0.25;;(9, 18);;(20, 15);1;7184
6;0.25;;(9, 18);;(20, 15);1;7185
6;0.25;;(9, 18);;(20, 15);1;7186
6;0.25;;(9, 18);;(20, 15);1;7187
6;0.25;;(9, 18);;(20, 15);1;7188
6;0.25;;(9, 18);;(20, 15);1;7189
6;0.25;;(9, 18);;(20, 15);1;7190
6;0.25;;(9, 18);;(20, 15);1;7191
6;0.25;;(9, 18);;(20, 15);1;7192
6;0.25;;(9, 18);;(20, 15);1;7193
6;0.25;;(9, 18);;(20, 15);1;7194
6;0.25;;(9, 18);;(20, 15);1;7195
6;0.25;;(9, 18);;(20, 15);1;7196
6;0.25;;(9, 18);;(20, 15);1;7197
6;0.25;;(9, 18);;(20, 15);1;7198
6;0.25;;(9, 18);;(20, 15);1;7199
6;0.25;;(9, 18);;(20, 15);1;7200
6;0.25;;(9, 18);;(20, 15);1;7201
6;0.25;;(9, 18);;(20, 15);1;7202
6;0.25;;(9, 18);;(20, 15);1;7203
6;0.25;;(9, 18);;(20, 15);1;7204
6;0.25;;(9, 18);;(20, 15);1;7205
6;0.25;;(9, 18);;(20, 15);1;7206
6;0.25;;(9, 18);;(20, 15);1;7207
6;0.25;;(9, 18);;(20, 15);1;7208
6;0.25;;(9, 18);;(20, 15);1;7209
6;0.25;;(9, 18);;(20, 15);1;7210
6;0.25;;(9, 18);;(20, 15);1;7211
6;0.25;;(9, 18);;(20, 15);1;7212
6;0.25;;(9, 18);;(20, 15);1;7213
6;0.25;;(9, 18);;(20, 15);1;7214
6;0.25;;(9, 18);;(20, 15);1;7215
6;0.25;;(9, 18);;(20, 15);1;7216
6;0.25;;(9, 18);;(20, 15);1;7217
6;0.25;;(9, 18);;(20, 15);1;7218
6;0.25;;(9, 18);;(20, 15);1;7219
6;0.25;;(9, 18);;(20, 15);1;7220
6;0.25;;(9, 18);;(20, 15);1;7221
6;0.25;;(9, 18);;(20, 15);1;7222
6;0.25;;(9, 18);;(20, 15);1;7223
6;0.25;;(9, 18);;(20, 15);1;7224
6;0.25;;(9, 18);;(20, 15);1;7225
6;0.25;;(9, 18);;(20, 15);1;7226
6;0.25;;(9, 18);;(20, 15);1;7227
6;0.25;;(9, 18);;(20, 15);1;7228
6;0.25;;(9, 18);;(20, 15);1;7229
6;0.25;;(9, 18);;(20, 15);1;7230
6;0.25;;(9, 18);;(20, 15);1;7231
6;0.25;;(9, 18);;(20, 15);1;7232
6;0.25;;(9, 18);;(20, 15);1;7233
6;0.25;;(9, 18);;(20, 15);1;7234
6;0.25;;(9, 18);;(20, 15);1;7235
6;0.25;;(9, 18);;(20, 15);1;7236
6;0.25;;(9, 18);;(20, 15);1;7237
6;0.25;;(9, 18);;(20, 15);1;7238
6;0.25;;(9, 18);;(20, 15);1;7239
6;0.25;;(9, 18);;(20, 15);1;7240
6;0.25;;(9, 18);;(20, 15);1;7241
6;0.25;;(9, 18);;(20, 15);1;7242
6;0.25;;(9, 18);;(20, 15);1;7243
6;0.25;;(9, 18);;(20, 15);1;7244
6;0.25;;(9, 18);;(20, 15);1;7245
6;0.25;;(9, 18);;(20, 15);1;7246
6;0.25;;(9, 18);;(20, 15);1;7247
6;0.25;;(9, 18);;(20, 15);1;7248
6;0.25;;(9, 18);;(20, 15);1;7249
6;0.25;;(9, 18);;(20, 15);1;7250
6;0.25;;(9, 18);;(20, 15);1;7251
6;0.25;;(9, 18);;(20, 15);1;7252
6;0.25;;(9, 18);;(20, 15);1;7253
6;0.25;;(9, 18);;(20, 15);1;7254
6;0.25;;(9, 18);;(20, 15);1;7255
6;0.25;;(9, 18);;(20, 15);1;7256
6;0.25;;(9, 18);;(20, 15);1;7257
6;0.25;;(9, 18);;(20, 15);1;7258
6;0.25;;(9, 18);;(20, 15);1;7259
6;0.25;;(9, 18);;(20, 15);1;7260
6;0.25;;(9, 18);;(20, 15);1;7261
6;0.25;;(9, 18);;(20, 15);1;7262
6;0.25;;(9, 18);;(20, 15);1;7263
6;0.25;;(9, 18);;(20, 15);1;7264
6;0.25;;(9, 18);;(20, 15);1;7265
6;0.25;;(9, 18);;(20, 15);1;7266
6;0.25;;(9, 18);;(20, 15);1;7267
6;0.25;;(9, 18);;(20, 15);1;7268
6;0.25;;(9, 18);;(20, 15);1;7269
6;0.25;;(9, 18);;(20, 15);1;7270
6;0.25;;(9, 18);;(20, 15);1;7271
6;0.25;;(9, 18);;(20, 15);1;7272
6;0.25;;(9, 18);;(20, 15);1;7273
6;0.25;;(9, 18);;(20, 15);1;7274
6;0.25;;(9, 18);;(20, 15);1;7275
6;0.25;;(9, 18);;(20, 15);1;7276
6;0.25;;(9, 18);;(20, 15);1;7277
6;0.25;;(9, 18);;(20, 15);1;7278
6;0.25;;(9, 18);;(20, 15);1;7279
6;0.25;;(9, 18);;(20, 15);1;7280
6;0.25;;(9, 18);;(20, 15);1;7281
6;0.25;;(9, 18);;(20, 15);1;7282
6;0.25;;(9, 18);;(20, 15);1;7283
6;0.25;;(9, 18);;(20, 15);1;7284
6;0.25;;(9, 18);;(20, 15);1;7285
6;0.25;;(9, 18);;(20, 15);1;7286
6;0.25;;(9, 18);;(20, 15);1;7287
6;0.25;;(9, 18);;(20, 15);1;7288
6;0.25;;(9, 18);;(20, 15);1;7289
6;0.25;;(9, 18);;(20, 15);1;7290
6;0.25;;(9, 18);;(20, 15);1;7291
6;0.25;;(9, 18);;(20, 15);1;7292
6;0.25;;(9, 18);;(20, 15);1;7293
6;0.25;;(9, 18);;(20, 15);1;7294
6;0.25;;(9, 18);;(20, 15);1;7295
6;0.25;;(9, 18);;(20, 15);1;7296
6;0.25;;(9, 18);;(20, 15);1;7297
6;0.25;;(9, 18);;(20, 15);1;7298
6;0.25;;(9, 18);;(20, 15);1;7299
6;0.25;;(9, 18);;(20, 15);1;7300
6;0.25;;(9, 18);;(20, 15);1;7301
6;0.25;;(9, 18);;(20, 15);1;7302
6;0.25;;(9, 18);;(20, 15);1;7303
6;0.25;;(9, 18);;(20, 15);1;7304
6;0.25;;(9, 18);;(20, 15);1;7305
6;0.25;;(9, 18);;(20, 15);1;7306
6;0.25;;(9, 18);;(20, 15);1;7307
6;0.25;;(9, 18);;(20, 15);1;7308
6;0.25;;(9, 18);;(20, 15);1;7309
6;0.25;;(9, 18);;(20, 15);1;7310
6;0.25;;(9, 18);;(20, 15);1;7311
6;0.25;;(9, 18);;(20, 15);1;7312
6;0.25;;(9, 18);;(20, 15);1;7313
6;0.25;;(9, 18);;(20, 15);1;7314
6;0.25;;(9, 18);;(20, 15);1;7315
6;0.25;;(9, 18);;(20, 15);1;7316
6;0.25;;(9, 18);;(20, 15);1;7317
6;0.25;;(9, 18);;(20, 15);1;7318
6;0.25;;(9, 18);;(20, 15);1;7319
6;0.25;;(9, 18);;(20, 15);1;7320
6;0.25;;(9, 18);;(20, 15);1;7321
6;0.25;;(9, 18);;(20, 15);1;7322
6;0.25;;(9, 18);;(20, 15);1;7323
6;0.25;;(9, 18);;(20, 15);1;7324
6;0.25;;(9, 18);;(20, 15);1;7325
6;0.25;;(9, 18);;(20, 15);1;7326
6;0.25;;(9, 18);;(20, 15);1;7327
6;0.25;;(9, 18);;(20, 15);1;7328
6;0.25;;(9, 18);;(20, 15);1;7329
6;0.25;;(9, 18);;(20, 15);1;7330
6;0.25;;(9, 18);;(20, 15);1;7331
6;0.25;;(9, 18);;(20, 15);1;7332
6;0.25;;(9, 18);;(20, 15);1;7333
6;0.25;;(9, 18);;(20, 15);1;7334
6;0.25;;(9, 18);;(20, 15);1;7335
6;0.25;;(9, 18);;(20, 15);1;7336
6;0.25;;(9, 18);;(20, 15);1;7337
6;0.25;;(9, 18);;(20, 15);1;7338
6;0.25;;(9, 18);;(20, 15);1;7339
6;0.25;;(9, 18);;(20, 15);1;7340
6;0.25;;(9, 18);;(20, 15);1;7341
6;0.25;;(9, 18);;(20, 15);1;7342
6;0.25;;(9, 18);;(20, 15);1;7343
6;0.25;;(9, 18);;(20, 15);1;7344
6;0.25;;(9, 18);;(20, 15);1;7345
6;0.25;;(9, 18);;(20, 15);1;7346
6;0.25;;(9, 18);;(20, 15);1;7347
6;0.25;;(9, 18);;(20, 15);1;7348
6;0.25;;(9, 18);;(20, 15);1;7349
6;0.25;;(9, 18);;(20, 15);1;7350
6;0.25;;(9, 18);;(20, 15);1;7351
6;0.25;;(9, 18);;(20, 15);1;7352
6;0.25;;(9, 18);;(20, 15);1;7353
6;0.25;;(9, 18);;(20, 15);1;7354
6;0.25;;(9, 18);;(20, 15);1;7355
6;0.25;;(9, 18);;(20, 15);1;7356
6;0.25;;(9, 18);;(20, 15);1;7357
6;0.25;;(9, 18);;(20, 15);1;7358
6;0.25;;(9, 18);;(20, 15);1;7359
6;0.25;;(9, 18);;(20, 15);1;7360
6;0.25;;(9, 18);;(20, 15);1;7361
6;0.25;;(9, 18);;(20, 15);1;7362
6;0.25;;(9, 18);;(20, 15);1;7363
6;0.25;;(9, 18);;(20, 15);1;7364
6;0.25;;(9, 18);;(20, 15);1;7365
6;0.25;;(9, 18);;(20, 15);1;7366
6;0.25;;(9, 18);;(20, 15);1;7367
6;0.25;;(9, 18);;(20, 15);1;7368
6;0.25;;(9, 18);;(20, 15);1;7369
6;0.25;;(9, 18);;(20, 15);1;7370
6;0.25;;(9, 18);;(20, 15);1;7371
6;0.25;;(9, 18);;(20, 15);1;7372
6;0.25;;(9, 18);;(20, 15);1;7373
6;0.25;;(9, 18);;(20, 15);1;7374
6;0.25;;(9, 18);;(20, 15);1;7375
6;0.25;;(9, 18);;(20, 15);1;7376
6;0.25;;(9, 18);;(20, 15);1;7377
6;0.25;;(9, 18);;(20, 15);1;7378
6;0.25;;(9, 18);;(20, 15);1;7379
6;0.25;;(9, 18);;(20, 15);1;7380
6;0.25;;(9, 18);;(20, 15);1;7381
6;0.25;;(9, 18);;(20, 15);1;7382
6;0.25;;(9, 18);;(20, 15);1;7383
6;0.25;;(9, 18);;(20, 15);1;7384
6;0.25;;(9, 18);;(20, 15);1;7385
6;0.25;;(9, 18);;(20, 15);1;7386
6;0.25;;(9, 18);;(20, 15);1;7387
6;0.25;;(9, 18);;(20, 15);1;7388
6;0.25;;(9, 18);;(20, 15);1;7389
6;0.25;;(9, 18);;(20, 15);1;7390
6;0.25;;(9, 18);;(20, 15);1;7391
6;0.25;;(9, 18);;(20, 15);1;7392
6;0.25;;(9, 18);;(20, 15);1;7393
6;0.25;;(9, 18);;(20, 15);1;7394
6;0.25;;(9, 18);;(20, 15);1;7395
6;0.25;;(9, 18);;(20, 15);1;7396
6;0.25;;(9, 18);;(20, 15);1;7397
6;0.25;;(9, 18);;(20, 15);1;7398
6;0.25;;(9, 18);;(20, 15);1;7399
6;0.25;;(9, 18);;(20, 15);1;7400
6;0.25;;(9, 18);;(20, 15);1;7401
6;0.25;;(9, 18);;(20, 15);1;7402
6;0.25;;(9, 18);;(20, 15);1;7403
6;0.25;;(9, 18);;(20, 15);1;7404
6;0.25;;(9, 18);;(20, 15);1;7405
6;0.25;;(9, 18);;(20, 15);1;7406
6;0.25;;(9, 18);;(20, 15);1;7407
6;0.25;;(9, 18);;(20, 15);1;7408
6;0.25;;(9, 18);;(20, 15);1;7409
6;0.25;;(9, 18);;(20, 15);1;7410
6;0.25;;(9, 18);;(20, 15);1;7411
6;0.25;;(9, 18);;(20, 15);1;7412
6;0.25;;(9, 18);;(20, 15);1;7413
6;0.25;;(9, 18);;(20, 15);1;7414
6;0.25;;(9, 18);;(20, 15);1;7415
6;0.25;;(9, 18);;(20, 15);1;7416
6;0.25;;(9, 18);;(20, 15);1;7417
6;0.25;;(9, 18);;(20, 15);1;7418
6;0.25;;(9, 18);;(20, 15);1;7419
6;0.25;;(9, 18);;(20, 15);1;7420
6;0.25;;(9, 18);;(20, 15);1;7421
6;0.25;;(9, 18);;(20, 15);1;7422
6;0.25;;(9, 18);;(20, 15);1;7423
6;0.25;;(9, 18);;(20, 15);1;7424
6;0.25;;(9, 18);;(20, 15);1;7425
6;0.25;;(9, 18);;(20, 15);1;7426
6;0.25;;(9, 18);;(20, 15);1;7427
6;0.25;;(9, 18);;(20, 15);1;7428
6;0.25;;(9, 18);;(20, 15);1;7429
6;0.25;;(9, 18);;(20, 15);1;7430
6;0.25;;(9, 18);;(20, 15);1;7431
6;0.25;;(9, 18);;(20, 15);1;7432
6;0.25;;(9, 18);;(20, 15);1;7433
6;0.25;;(9, 18);;(20, 15);1;7434
6;0.25;;(9, 18);;(20, 15);1;7435
6;0.25;;(9, 18);;(20, 15);1;7436
6;0.25;;(9, 18);;(20, 15);1;7437
6;0.25;;(9, 18);;(20, 15);1;7438
6;0.25;;(9, 18);;(20, 15);1;7439
6;0.25;;(9, 18);;(20, 15);1;7440
6;0.25;;(9, 18);;(20, 15);1;7441
6;0.25;;(9, 18);;(20, 15);1;7442
6;0.25;;(9, 18);;(20, 15);1;7443
6;0.25;;(9, 18);;(20, 15);1;7444
6;0.25;;(9, 18);;(20, 15);1;7445
6;0.25;;(9, 18);;(20, 15);1;7446
6;0.25;;(9, 18);;(20, 15);1;7447
6;0.25;;(9, 18);;(20, 15);1;7448
6;0.25;;(9, 18);;(20, 15);1;7449
6;0.25;;(9, 18);;(20, 15);1;7450
6;0.25;;(9, 18);;(20, 15);1;7451
6;0.25;;(9, 18);;(20, 15);1;7452
6;0.25;;(9, 18);;(20, 15);1;7453
6;0.25;;(9, 18);;(20, 15);1;7454
6;0.25;;(9, 18);;(20, 15);1;7455
6;0.25;;(9, 18);;(20, 15);1;7456
6;0.25;;(9, 18);;(20, 15);1;7457
6;0.25;;(9, 18);;(20, 15);1;7458
6;0.25;;(9, 18);;(20, 15);1;7459
6;0.25;;(9, 18);;(20, 15);1;7460
6;0.25;;(9, 18);;(20, 15);1;7461
6;0.25;;(9, 18);;(20, 15);1;7462
6;0.25;;(9, 18);;(20, 15);1;7463
6;0.25;;(9, 18);;(20, 15);1;7464
6;0.25;;(9, 18);;(20, 15);1;7465
6;0.25;;(9, 18);;(20, 15);1;7466
6;0.25;;(9, 18);;(20, 15);1;7467
6;0.25;;(9, 18);;(20, 15);1;7468
6;0.25;;(9, 18);;(20, 15);1;7469
6;0.25;;(9, 18);;(20, 15);1;7470
6;0.25;;(9, 18);;(20, 15);1;7471
6;0.25;;(9, 18);;(20, 15);1;7472
6;0.25;;(9, 18);;(20, 15);1;7473
6;0.25;;(9, 18);;(20, 15);1;7474
6;0.25;;(9, 18);;(20, 15);1;7475
6;0.25;;(9, 18);;(20, 15);1;7476
6;0.25;;(9, 18);;(20, 15);1;7477
6;0.25;;(9, 18);;(20, 15);1;7478
6;0.25;;(9, 18);;(20, 15);1;7479
6;0.25;;(9, 18);;(20, 15);1;7480
6;0.25;;(9, 18);;(20, 15);1;7481
6;0.25;;(9, 18);;(20, 15);1;7482
6;0.25;;(9, 18);;(20, 15);1;7483
6;0.25;;(9, 18);;(20, 15);1;7484
6;0.25;;(9, 18);;(20, 15);1;7485
6;0.25;;(9, 18);;(20, 15);1;7486
6;0.25;;(9, 18);;(20, 15);1;7487
6;0.25;;(9, 18);;(20, 15);1;7488
6;0.25;;(9, 18);;(20, 15);1;7489
6;0.25;;(9, 18);;(20, 15);1;7490
6;0.25;;(9, 18);;(20, 15);1;7491
6;0.25;;(9, 18);;(20, 15);1;7492
6;0.25;;(9, 18);;(20, 15);1;7493
6;0.25;;(9, 18);;(20, 15);1;7494
6;0.25;;(9, 18);;(20, 15);1;7495
6;0.25;;(9, 18);;(20, 15);1;7496
6;0.25;;(9, 18);;(20, 15);1;7497
6;0.25;;(9, 18);;(20, 15);1;7498
6;0.25;;(9, 18);;(20, 15);1;7499
6;0.25;;(9, 18);;(20, 15);1;7500
6;0.25;;(9, 18);;(20, 15);1;7501
6;0.25;;(9, 18);;(20, 15);1;7502
6;0.25;;(9, 18);;(20, 15);1;7503
6;0.25;;(9, 18);;(20, 15);1;7504
6;0.25;;(9, 18);;(20, 15);1;7505
6;0.25;;(9, 18);;(20, 15);1;7506
6;0.25;;(9, 18);;(20, 15);1;7507
6;0.25;;(9, 18);;(20, 15);1;7508
6;0.25;;(9, 18);;(20, 15);1;7509
6;0.25;;(9, 18);;(20, 15);1;7510
6;0.25;;(9, 18);;(20, 15);1;7511
6;0.25;;(9, 18);;(20, 15);1;7512
6;0.25;;(9, 18);;(20, 15);1;7513
6;0.25;;(9, 18);;(20, 15);1;7514
6;0.25;;(9, 18);;(20, 15);1;7515
6;0.25;;(9, 18);;(20, 15);1;7516
6;0.25;;(9, 18);;(20, 15);1;7517
6;0.25;;(9, 18);;(20, 15);1;7518
6;0.25;;(9, 18);;(20, 15);1;7519
6;0.25;;(9, 18);;(20, 15);1;7520
6;0.25;;(9, 18);;(20, 15);1;7521
6;0.25;;(9, 18);;(20, 15);1;7522
6;0.25;;(9, 18);;(20, 15);1;7523
6;0.25;;(9, 18);;(20, 15);1;7524
6;0.25;;(9, 18);;(20, 15);1;7525
6;0.25;;(9, 18);;(20, 15);1;7526
6;0.25;;(9, 18);;(20, 15);1;7527
6;0.25;;(9, 18);;(20, 15);1;7528
6;0.25;;(9, 18);;(20, 15);1;7529
6;0.25;;(9, 18);;(20, 15);1;7530
6;0.25;;(9, 18);;(20, 15);1;7531
6;0.25;;(9, 18);;(20, 15);1;7532
6;0.25;;(9, 18);;(20, 15);1;7533
6;0.25;;(9, 18);;(20, 15);1;7534
6;0.25;;(9, 18);;(20, 15);1;7535
6;0.25;;(9, 18);;(20, 15);1;7536
6;0.25;;(9, 18);;(20, 15);1;7537
6;0.25;;(9, 18);;(20, 15);1;7538
6;0.25;;(9, 18);;(20, 15);1;7539
6;0.25;;(9, 18);;(20, 15);1;7540
6;0.25;;(9, 18);;(20, 15);1;7541
6;0.25;;(9, 18);;(20, 15);1;7542
6;0.25;;(9, 18);;(20, 15);1;7543
6;0.25;;(9, 18);;(20, 15);1;7544
6;0.25;;(9, 18);;(20, 15);1;7545
6;0.25;;(9, 18);;(20, 15);1;7546
6;0.25;;(9, 18);;(20, 15);1;7547
6;0.25;;(9, 18);;(20, 15);1;7548
6;0.25;;(9, 18);;(20, 15);1;7549
6;0.25;;(9, 18);;(20, 15);1;7550
6;0.25;;(9, 18);;(20, 15);1;7551
6;0.25;;(9, 18);;(20, 15);1;7552
6;0.25;;(9, 18);;(20, 15);1;7553
6;0.25;;(9, 18);;(20, 15);1;7554
6;0.25;;(9, 18);;(20, 15);1;7555
6;0.25;;(9, 18);;(20, 15);1;7556
6;0.25;;(9, 18);;(20, 15);1;7557
6;0.25;;(9, 18);;(20, 15);1;7558
6;0.25;;(9, 18);;(20, 15);1;7559
6;0.25;;(9, 18);;(20, 15);1;7560
6;0.25;;(9, 18);;(20, 15);1;7561
6;0.25;;(9, 18);;(20, 15);1;7562
6;0.25;;(9, 18);;(20, 15);1;7563
6;0.25;;(9, 18);;(20, 15);1;7564
6;0.25;;(9, 18);;(20, 15);1;7565
6;0.25;;(9, 18);;(20, 15);1;7566
6;0.25;;(9, 18);;(20, 15);1;7567
6;0.25;;(9, 18);;(20, 15);1;7568
6;0.25;;(9, 18);;(20, 15);1;7569
6;0.25;;(9, 18);;(20, 15);1;7570
6;0.25;;(9, 18);;(20, 15);1;7571
6;0.25;;(9, 18);;(20, 15);1;7572
6;0.25;;(9, 18);;(20, 15);1;7573
6;0.25;;(9, 18);;(20, 15);1;7574
6;0.25;;(9, 18);;(20, 15);1;7575
6;0.25;;(9, 18);;(20, 15);1;7576
6;0.25;;(9, 18);;(20, 15);1;7577
6;0.25;;(9, 18);;(20, 15);1;7578
6;0.25;;(9, 18);;(20, 15);1;7579
6;0.25;;(9, 18);;(20, 15);1;7580
6;0.25;;(9, 18);;(20, 15);1;7581
6;0.25;;(9, 18);;(20, 15);1;7582
6;0.25;;(9, 18);;(20, 15);1;7583
6;0.25;;(9, 18);;(20, 15);1;7584
6;0.25;;(9, 18);;(20, 15);1;7585
6;0.25;;(9, 18);;(20, 15);1;7586
6;0.25;;(9, 18);;(20, 15);1;7587
6;0.25;;(9, 18);;(20, 15);1;7588
6;0.25;;(9, 18);;(20, 15);1;7589
6;0.25;;(9, 18);;(20, 15);1;7590
6;0.25;;(9, 18);;(20, 15);1;7591
6;0.25;;(9, 18);;(20, 15);1;7592
6;0.25;;(9, 18);;(20, 15);1;7593
6;0.25;;(9, 18);;(20, 15);1;7594
6;0.25;;(9, 18);;(20, 15);1;7595
6;0.25;;(9, 18);;(20, 15);1;7596
6;0.25;;(9, 18);;(20, 15);1;7597
6;0.25;;(9, 18);;(20, 15);1;7598
6;0.25;;(9, 18);;(20, 15);1;7599
6;0.25;;(9, 18);;(20, 15);1;7600
6;0.25;;(9, 18);;(20, 15);1;7601
6;0.25;;(9, 18);;(20, 15);1;7602
6;0.25;;(9, 18);;(20, 15);1;7603
6;0.25;;(9, 18);;(20, 15);1;7604
6;0.25;;(9, 18);;(20, 15);1;7605
6;0.25;;(9, 18);;(20, 15);1;7606
6;0.25;;(9, 18);;(20, 15);1;7607
6;0.25;;(9, 18);;(20, 15);1;7608
6;0.25;;(9, 18);;(20, 15);1;7609
6;0.25;;(9, 18);;(20, 15);1;7610
6;0.25;;(9, 18);;(20, 15);1;7611
6;0.25;;(9, 18);;(20, 15);1;7612
6;0.25;;(9, 18);;(20, 15);1;7613
6;0.25;;(9, 18);;(20, 15);1;7614
6;0.25;;(9, 18);;(20, 15);1;7615
6;0.25;;(9, 18);;(20, 15);1;7616
6;0.25;;(9, 18);;(20, 15);1;7617
6;0.25;;(9, 18);;(20, 15);1;7618
6;0.25;;(9, 18);;(20, 15);1;7619
6;0.25;;(9, 18);;(20, 15);1;7620
6;0.25;;(9, 18);;(20, 15);1;7621
6;0.25;;(9, 18);;(20, 15);1;7622
6;0.25;;(9, 18);;(20, 15);1;7623
6;0.25;;(9, 18);;(20, 15);1;7624
6;0.25;;(9, 18);;(20, 15);1;7625
6;0.25;;(9, 18);;(20, 15);1;7626
6;0.25;;(9, 18);;(20, 15);1;7627
6;0.25;;(9, 18);;(20, 15);1;7628
6;0.25;;(9, 18);;(20, 15);1;7629
6;0.25;;(9, 18);;(20, 15);1;7630
6;0.25;;(9, 18);;(20, 15);1;7631
6;0.25;;(9, 18);;(20, 15);1;7632
6;0.25;;(9, 18);;(20, 15);1;7633
6;0.25;;(9, 18);;(20, 15);1;7634
6;0.25;;(9, 18);;(20, 15);1;7635
6;0.25;;(9, 18);;(20, 15);1;7636
6;0.25;;(9, 18);;(20, 15);1;7637
6;0.25;;(9, 18);;(20, 15);1;7638
6;0.25;;(9, 18);;(20, 15);1;7639
6;0.25;;(9, 18);;(20, 15);1;7640
6;0.25;;(9, 18);;(20, 15);1;7641
6;0.25;;(9, 18);;(20, 15);1;7642
6;0.25;;(9, 18);;(20, 15);1;7643
6;0.25;;(9, 18);;(20, 15);1;7644
6;0.25;;(9, 18);;(20, 15);1;7645
6;0.25;;(9, 18);;(20, 15);1;7646
6;0.25;;(9, 18);;(20, 15);1;7647
6;0.25;;(9, 18);;(20, 15);1;7648
6;0.25;;(9, 18);;(20, 15);1;7649
6;0.25;;(9, 18);;(20, 15);1;7650
6;0.25;;(9, 18);;(20, 15);1;7651
6;0.25;;(9, 18);;(20, 15);1;7652
6;0.25;;(9, 18);;(20, 15);1;7653
6;0.25;;(9, 18);;(20, 15);1;7654
6;0.25;;(9, 18);;(20, 15);1;7655
6;0.25;;(9, 18);;(20, 15);1;7656
6;0.25;;(9, 18);;(20, 15);1;7657
6;0.25;;(9, 18);;(20, 15);1;7658
6;0.25;;(9, 18);;(20, 15);1;7659
6;0.25;;(9, 18);;(20, 15);1;7660
6;0.25;;(9, 18);;(20, 15);1;7661
6;0.25;;(9, 18);;(20, 15);1;7662
6;0.25;;(9, 18);;(20, 15);1;7663
6;0.25;;(9, 18);;(20, 15);1;7664
6;0.25;;(9, 18);;(20, 15);1;7665
6;0.25;;(9, 18);;(20, 15);1;7666
6;0.25;;(9, 18);;(20, 15);1;7667
6;0.25;;(9, 18);;(20, 15);1;7668
6;0.25;;(9, 18);;(20, 15);1;7669
6;0.25;;(9, 18);;(20, 15);1;7670
6;0.25;;(9, 18);;(20, 15);1;7671
6;0.25;;(9, 18);;(20, 15);1;7672
6;0.25;;(9, 18);;(20, 15);1;7673
6;0.25;;(9, 18);;(20, 15);1;7674
6;0.25;;(9, 18);;(20, 15);1;7675
6;0.25;;(9, 18);;(20, 15);1;7676
6;0.25;;(9, 18);;(20, 15);1;7677
6;0.25;;(9, 18);;(20, 15);1;7678
6;0.25;;(9, 18);;(20, 15);1;7679
6;0.25;;(9, 18);;(20, 15);1;7680
6;0.25;;(9, 18);;(20, 15);1;7681
6;0.25;;(9, 18);;(20, 15);1;7682
6;0.25;;(9, 18);;(20, 15);1;7683
6;0.25;;(9, 18);;(20, 15);1;7684
6;0.25;;(9, 18);;(20, 15);1;7685
6;0.25;;(9, 18);;(20, 15);1;7686
6;0.25;;(9, 18);;(20, 15);1;7687
6;0.25;;(9, 18);;(20, 15);1;7688
6;0.25;;(9, 18);;(20, 15);1;7689
6;0.25;;(9, 18);;(20, 15);1;7690
6;0.25;;(9, 18);;(20, 15);1;7691
6;0.25;;(9, 18);;(20, 15);1;7692
6;0.25;;(9, 18);;(20, 15);1;7693
6;0.25;;(9, 18);;(20, 15);1;7694
6;0.25;;(9, 18);;(20, 15);1;7695
6;0.25;;(9, 18);;(20, 15);1;7696
6;0.25;;(9, 18);;(20, 15);1;7697
6;0.25;;(9, 18);;(20, 15);1;7698
6;0.25;;(9, 18);;(20, 15);1;7699
6;0.25;;(9, 18);;(20, 15);1;7700
6;0.25;;(9, 18);;(20, 15);1;7701
6;0.25;;(9, 18);;(20, 15);1;7702
6;0.25;;(9, 18);;(20, 15);1;7703
6;0.25;;(9, 18);;(20, 15);1;7704
6;0.25;;(9, 18);;(20, 15);1;7705
6;0.25;;(9, 18);;(20, 15);1;7706
6;0.25;;(9, 18);;(20, 15);1;7707
6;0.25;;(9, 18);;(20, 15);1;7708
6;0.25;;(9, 18);;(20, 15);1;7709
6;0.25;;(9, 18);;(20, 15);1;7710
6;0.25;;(9, 18);;(20, 15);1;7711
6;0.25;;(9, 18);;(20, 15);1;7712
6;0.25;;(9, 18);;(20, 15);1;7713
6;0.25;;(9, 18);;(20, 15);1;7714
6;0.25;;(9, 18);;(20, 15);1;7715
6;0.25;;(9, 18);;(20, 15);1;7716
6;0.25;;(9, 18);;(20, 15);1;7717
6;0.25;;(9, 18);;(20, 15);1;7718
6;0.25;;(9, 18);;(20, 15);1;7719
6;0.25;;(9, 18);;(20, 15);1;7720
6;0.25;;(9, 18);;(20, 15);1;7721
6;0.25;;(9, 18);;(20, 15);1;7722
6;0.25;;(9, 18);;(20, 15);1;7723
6;0.25;;(9, 18);;(20, 15);1;7724
6;0.25;;(9, 18);;(20, 15);1;7725
6;0.25;;(9, 18);;(20, 15);1;7726
6;0.25;;(9, 18);;(20, 15);1;7727
6;0.25;;(9, 18);;(20, 15);1;7728
6;0.25;;(9, 18);;(20, 15);1;7729
6;0.25;;(9, 18);;(20, 15);1;7730
6;0.25;;(9, 18);;(20, 15);1;7731
6;0.25;;(9, 18);;(20, 15);1;7732
6;0.25;;(9, 18);;(20, 15);1;7733
6;0.25;;(9, 18);;(20, 15);1;7734
6;0.25;;(9, 18);;(20, 15);1;7735
6;0.25;;(9, 18);;(20, 15);1;7736
6;0.25;;(9, 18);;(20, 15);1;7737
6;0.25;;(9, 18);;(20, 15);1;7738
6;0.25;;(9, 18);;(20, 15);1;7739
6;0.25;;(9, 18);;(20, 15);1;7740
6;0.25;;(9, 18);;(20, 15);1;7741
6;0.25;;(9, 18);;(20, 15);1;7742
6;0.25;;(9, 18);;(20, 15);1;7743
6;0.25;;(9, 18);;(20, 15);1;7744
6;0.25;;(9, 18);;(20, 15);1;7745
6;0.25;;(9, 18);;(20, 15);1;7746
6;0.25;;(9, 18);;(20, 15);1;7747
6;0.25;;(9, 18);;(20, 15);1;7748
6;0.25;;(9, 18);;(20, 15);1;7749
6;0.25;;(9, 18);;(20, 15);1;7750
6;0.25;;(9, 18);;(20, 15);1;7751
6;0.25;;(9, 18);;(20, 15);1;7752
6;0.25;;(9, 18);;(20, 15);1;7753
6;0.25;;(9, 18);;(20, 15);1;7754
6;0.25;;(9, 18);;(20, 15);1;7755
6;0.25;;(9, 18);;(20, 15);1;7756
6;0.25;;(9, 18);;(20, 15);1;7757
6;0.25;;(9, 18);;(20, 15);1;7758
6;0.25;;(9, 18);;(20, 15);1;7759
6;0.25;;(9, 18);;(20, 15);1;7760
6;0.25;;(9, 18);;(20, 15);1;7761
6;0.25;;(9, 18);;(20, 15);1;7762
6;0.25;;(9, 18);;(20, 15);1;7763
6;0.25;;(9, 18);;(20, 15);1;7764
6;0.25;;(9, 18);;(20, 15);1;7765
6;0.25;;(9, 18);;(20, 15);1;7766
6;0.25;;(9, 18);;(20, 15);1;7767
6;0.25;;(9, 18);;(20, 15);1;7768
6;0.25;;(9, 18);;(20, 15);1;7769
6;0.25;;(9, 18);;(20, 15);1;7770
6;0.25;;(9, 18);;(20, 15);1;7771
6;0.25;;(9, 18);;(20, 15);1;7772
6;0.25;;(9, 18);;(20, 15);1;7773
6;0.25;;(9, 18);;(20, 15);1;7774
6;0.25;;(9, 18);;(20, 15);1;7775
6;0.25;;(9, 18);;(20, 15);1;7776
6;0.25;;(9, 18);;(20, 15);1;7777
6;0.25;;(9, 18);;(20, 15);1;7778
6;0.25;;(9, 18);;(20, 15);1;7779
6;0.25;;(9, 18);;(20, 15);1;7780
6;0.25;;(9, 18);;(20, 15);1;7781
6;0.25;;(9, 18);;(20, 15);1;7782
6;0.25;;(9, 18);;(20, 15);1;7783
6;0.25;;(9, 18);;(20, 15);1;7784
6;0.25;;(9, 18);;(20, 15);1;7785
6;0.25;;(9, 18);;(20, 15);1;7786
6;0.25;;(9, 18);;(20, 15);1;7787
6;0.25;;(9, 18);;(20, 15);1;7788
6;0.25;;(9, 18);;(20, 15);1;7789
6;0.25;;(9, 18);;(20, 15);1;7790
6;0.25;;(9, 18);;(20, 15);1;7791
6;0.25;;(9, 18);;(20, 15);1;7792
6;0.25;;(9, 18);;(20, 15);1;7793
6;0.25;;(9, 18);;(20, 15);1;7794
6;0.25;;(9, 18);;(20, 15);1;7795
6;0.25;;(9, 18);;(20, 15);1;7796
6;0.25;;(9, 18);;(20, 15);1;7797
6;0.25;;(9, 18);;(20, 15);1;7798
6;0.25;;(9, 18);;(20, 15);1;7799
6;0.25;;(9, 18);;(20, 15);1;7800
6;0.25;;(9, 18);;(20, 15);1;7801
6;0.25;;(9, 18);;(20, 15);1;7802
6;0.25;;(9, 18);;(20, 15);1;7803
6;0.25;;(9, 18);;(20, 15);1;7804
6;0.25;;(9, 18);;(20, 15);1;7805
6;0.25;;(9, 18);;(20, 15);1;7806
6;0.25;;(9, 18);;(20, 15);1;7807
6;0.25;;(9, 18);;(20, 15);1;7808
6;0.25;;(9, 18);;(20, 15);1;7809
6;0.25;;(9, 18);;(20, 15);1;7810
6;0.25;;(9, 18);;(20, 15);1;7811
6;0.25;;(9, 18);;(20, 15);1;7812
6;0.25;;(9, 18);;(20, 15);1;7813
6;0.25;;(9, 18);;(20, 15);1;7814
6;0.25;;(9, 18);;(20, 15);1;7815
6;0.25;;(9, 18);;(20, 15);1;7816
6;0.25;;(9, 18);;(20, 15);1;7817
6;0.25;;(9, 18);;(20, 15);1;7818
6;0.25;;(9, 18);;(20, 15);1;7819
6;0.25;;(9, 18);;(20, 15);1;7820
6;0.25;;(9, 18);;(20, 15);1;7821
6;0.25;;(9, 18);;(20, 15);1;7822
6;0.25;;(9, 18);;(20, 15);1;7823
6;0.25;;(9, 18);;(20, 15);1;7824
6;0.25;;(9, 18);;(20, 15);1;7825
6;0.25;;(9, 18);;(20, 15);1;7826
6;0.25;;(9, 18);;(20, 15);1;7827
6;0.25;;(9, 18);;(20, 15);1;7828
6;0.25;;(9, 18);;(20, 15);1;7829
6;0.25;;(9, 18);;(20, 15);1;7830
6;0.25;;(9, 18);;(20, 15);1;7831
6;0.25;;(9, 18);;(20, 15);1;7832
6;0.25;;(9, 18);;(20, 15);1;7833
6;0.25;;(9, 18);;(20, 15);1;7834
6;0.25;;(9, 18);;(20, 15);1;7835
6;0.25;;(9, 18);;(20, 15);1;7836
6;0.25;;(9, 18);;(20, 15);1;7837
6;0.25;;(9, 18);;(20, 15);1;7838
6;0.25;;(9, 18);;(20, 15);1;7839
6;0.25;;(9, 18);;(20, 15);1;7840
6;0.25;;(9, 18);;(20, 15);1;7841
6;0.25;;(9, 18);;(20, 15);1;7842
6;0.25;;(9, 18);;(20, 15);1;7843
6;0.25;;(9, 18);;(20, 15);1;7844
6;0.25;;(9, 18);;(20, 15);1;7845
6;0.25;;(9, 18);;(20, 15);1;7846
6;0.25;;(9, 18);;(20, 15);1;7847
6;0.25;;(9, 18);;(20, 15);1;7848
6;0.25;;(9, 18);;(20, 15);1;7849
6;0.25;;(9, 18);;(20, 15);1;7850
6;0.25;;(9, 18);;(20, 15);1;7851
6;0.25;;(9, 18);;(20, 15);1;7852
6;0.25;;(9, 18);;(20, 15);1;7853
6;0.25;;(9, 18);;(20, 15);1;7854
6;0.25;;(9, 18);;(20, 15);1;7855
6;0.25;;(9, 18);;(20, 15);1;7856
6;0.25;;(9, 18);;(20, 15);1;7857
6;0.25;;(9, 18);;(20, 15);1;7858
6;0.25;;(9, 18);;(20, 15);1;7859
6;0.25;;(9, 18);;(20, 15);1;7860
6;0.25;;(9, 18);;(20, 15);1;7861
6;0.25;;(9, 18);;(20, 15);1;7862
6;0.25;;(9, 18);;(20, 15);1;7863
6;0.25;;(9, 18);;(20, 15);1;7864
6;0.25;;(9, 18);;(20, 15);1;7865
6;0.25;;(9, 18);;(20, 15);1;7866
6;0.25;;(9, 18);;(20, 15);1;7867
6;0.25;;(9, 18);;(20, 15);1;7868
6;0.25;;(9, 18);;(20, 15);1;7869
6;0.25;;(9, 18);;(20, 15);1;7870
6;0.25;;(9, 18);;(20, 15);1;7871
6;0.25;;(9, 18);;(20, 15);1;7872
6;0.25;;(9, 18);;(20, 15);1;7873
6;0.25;;(9, 18);;(20, 15);1;7874
6;0.25;;(9, 18);;(20, 15);1;7875
6;0.25;;(9, 18);;(20, 15);1;7876
6;0.25;;(9, 18);;(20, 15);1;7877
6;0.25;;(9, 18);;(20, 15);1;7878
6;0.25;;(9, 18);;(20, 15);1;7879
6;0.25;;(9, 18);;(20, 15);1;7880
6;0.25;;(9, 18);;(20, 15);1;7881
6;0.25;;(9, 18);;(20, 15);1;7882
6;0.25;;(9, 18);;(20, 15);1;7883
6;0.25;;(9, 18);;(20, 15);1;7884
6;0.25;;(9, 18);;(20, 15);1;7885
6;0.25;;(9, 18);;(20, 15);1;7886
6;0.25;;(9, 18);;(20, 15);1;7887
6;0.25;;(9, 18);;(20, 15);1;7888
6;0.25;;(9, 18);;(20, 15);1;7889
6;0.25;;(9, 18);;(20, 15);1;7890
6;0.25;;(9, 18);;(20, 15);1;7891
6;0.25;;(9, 18);;(20, 15);1;7892
6;0.25;;(9, 18);;(20, 15);1;7893
6;0.25;;(9, 18);;(20, 15);1;7894
6;0.25;;(9, 18);;(20, 15);1;7895
6;0.25;;(9, 18);;(20, 15);1;7896
6;0.25;;(9, 18);;(20, 15);1;7897
6;0.25;;(9, 18);;(20, 15);1;7898
6;0.25;;(9, 18);;(20, 15);1;7899
6;0.25;;(9, 18);;(20, 15);1;7900
6;0.25;;(9, 18);;(20, 15);1;7901
6;0.25;;(9, 18);;(20, 15);1;7902
6;0.25;;(9, 18);;(20, 15);1;7903
6;0.25;;(9, 18);;(20, 15);1;7904
6;0.25;;(9, 18);;(20, 15);1;7905
6;0.25;;(9, 18);;(20, 15);1;7906
6;0.25;;(9, 18);;(20, 15);1;7907
6;0.25;;(9, 18);;(20, 15);1;7908
6;0.25;;(9, 18);;(20, 15);1;7909
6;0.25;;(9, 18);;(20, 15);1;7910
6;0.25;;(9, 18);;(20, 15);1;7911
6;0.25;;(9, 18);;(20, 15);1;7912
6;0.25;;(9, 18);;(20, 15);1;7913
6;0.25;;(9, 18);;(20, 15);1;7914
6;0.25;;(9, 18);;(20, 15);1;7915
6;0.25;;(9, 18);;(20, 15);1;7916
6;0.25;;(9, 18);;(20, 15);1;7917
6;0.25;;(9, 18);;(20, 15);1;7918
6;0.25;;(9, 18);;(20, 15);1;7919
6;0.25;;(9, 18);;(20, 15);1;7920
6;0.25;;(9, 18);;(20, 15);1;7921
6;0.25;;(9, 18);;(20, 15);1;7922
6;0.25;;(9, 18);;(20, 15);1;7923
6;0.25;;(9, 18);;(20, 15);1;7924
6;0.25;;(9, 18);;(20, 15);1;7925
6;0.25;;(9, 18);;(20, 15);1;7926
6;0.25;;(9, 18);;(20, 15);1;7927
6;0.25;;(9, 18);;(20, 15);1;7928
6;0.25;;(9, 18);;(20, 15);1;7929
6;0.25;;(9, 18);;(20, 15);1;7930
6;0.25;;(9, 18);;(20, 15);1;7931
6;0.25;;(9, 18);;(20, 15);1;7932
6;0.25;;(9, 18);;(20, 15);1;7933
6;0.25;;(9, 18);;(20, 15);1;7934
6;0.25;;(9, 18);;(20, 15);1;7935
6;0.25;;(9, 18);;(20, 15);1;7936
6;0.25;;(9, 18);;(20, 15);1;7937
6;0.25;;(9, 18);;(20, 15);1;7938
6;0.25;;(9, 18);;(20, 15);1;7939
6;0.25;;(9, 18);;(20, 15);1;7940
6;0.25;;(9, 18);;(20, 15);1;7941
6;0.25;;(9, 18);;(20, 15);1;7942
6;0.25;;(9, 18);;(20, 15);1;7943
6;0.25;;(9, 18);;(20, 15);1;7944
6;0.25;;(9, 18);;(20, 15);1;7945
6;0.25;;(9, 18);;(20, 15);1;7946
6;0.25;;(9, 18);;(20, 15);1;7947
6;0.25;;(9, 18);;(20, 15);1;7948
6;0.25;;(9, 18);;(20, 15);1;7949
6;0.25;;(9, 18);;(20, 15);1;7950
6;0.25;;(9, 18);;(20, 15);1;7951
6;0.25;;(9, 18);;(20, 15);1;7952
6;0.25;;(9, 18);;(20, 15);1;7953
6;0.25;;(9, 18);;(20, 15);1;7954
6;0.25;;(9, 18);;(20, 15);1;7955
6;0.25;;(9, 18);;(20, 15);1;7956
6;0.25;;(9, 18);;(20, 15);1;7957
6;0.25;;(9, 18);;(20, 15);1;7958
6;0.25;;(9, 18);;(20, 15);1;7959
6;0.25;;(9, 18);;(20, 15);1;7960
6;0.25;;(9, 18);;(20, 15);1;7961
6;0.25;;(9, 18);;(20, 15);1;7962
6;0.25;;(9, 18);;(20, 15);1;7963
6;0.25;;(9, 18);;(20, 15);1;7964
6;0.25;;(9, 18);;(20, 15);1;7965
6;0.25;;(9, 18);;(20, 15);1;7966
6;0.25;;(9, 18);;(20, 15);1;7967
6;0.25;;(9, 18);;(20, 15);1;7968
6;0.25;;(9, 18);;(20, 15);1;7969
6;0.25;;(9, 18);;(20, 15);1;7970
6;0.25;;(9, 18);;(20, 15);1;7971
6;0.25;;(9, 18);;(20, 15);1;7972
6;0.25;;(9, 18);;(20, 15);1;7973
6;0.25;;(9, 18);;(20, 15);1;7974
6;0.25;;(9, 18);;(20, 15);1;7975
6;0.25;;(9, 18);;(20, 15);1;7976
6;0.25;;(9, 18);;(20, 15);1;7977
6;0.25;;(9, 18);;(20, 15);1;7978
6;0.25;;(9, 18);;(20, 15);1;7979
6;0.25;;(9, 18);;(20, 15);1;7980
6;0.25;;(9, 18);;(20, 15);1;7981
6;0.25;;(9, 18);;(20, 15);1;7982
6;0.25;;(9, 18);;(20, 15);1;7983
6;0.25;;(9, 18);;(20, 15);1;7984
6;0.25;;(9, 18);;(20, 15);1;7985
6;0.25;;(9, 18);;(20, 15);1;7986
6;0.25;;(9, 18);;(20, 15);1;7987
6;0.25;;(9, 18);;(20, 15);1;7988
6;0.25;;(9, 18);;(20, 15);1;7989
6;0.25;;(9, 18);;(20, 15);1;7990
6;0.25;;(9, 18);;(20, 15);1;7991
6;0.25;;(9, 18);;(20, 15);1;7992
6;0.25;;(9, 18);;(20, 15);1;7993
6;0.25;;(9, 18);;(20, 15);1;7994
6;0.25;;(9, 18);;(20, 15);1;7995
6;0.25;;(9, 18);;(20, 15);1;7996
6;0.25;;(9, 18);;(20, 15);1;7997
6;0.25;;(9, 18);;(20, 15);1;7998
6;0.25;;(9, 18);;(20, 15);1;7999
6;0.25;;(9, 18);;(20, 15);1;8000
6;0.25;;(9, 18);;(20, 15);1;8001
6;0.25;;(9, 18);;(20, 15);1;8002
6;0.25;;(9, 18);;(20, 15);1;8003
6;0.25;;(9, 18);;(20, 15);1;8004
6;0.25;;(9, 18);;(20, 15);1;8005
6;0.25;;(9, 18);;(20, 15);1;8006
6;0.25;;(9, 18);;(20, 15);1;8007
6;0.25;;(9, 18);;(20, 15);1;8008
6;0.25;;(9, 18);;(20, 15);1;8009
6;0.25;;(9, 18);;(20, 15);1;8010
6;0.25;;(9, 18);;(20, 15);1;8011
6;0.25;;(9, 18);;(20, 15);1;8012
6;0.25;;(9, 18);;(20, 15);1;8013
6;0.25;;(9, 18);;(20, 15);1;8014
6;0.25;;(9, 18);;(20, 15);1;8015
6;0.25;;(9, 18);;(20, 15);1;8016
6;0.25;;(9, 18);;(20, 15);1;8017
6;0.25;;(9, 18);;(20, 15);1;8018
6;0.25;;(9, 18);;(20, 15);1;8019
6;0.25;;(9, 18);;(20, 15);1;8020
6;0.25;;(9, 18);;(20, 15);1;8021
6;0.25;;(9, 18);;(20, 15);1;8022
6;0.25;;(9, 18);;(20, 15);1;8023
6;0.25;;(9, 18);;(20, 15);1;8024
6;0.25;;(9, 18);;(20, 15);1;8025
6;0.25;;(9, 18);;(20, 15);1;8026
6;0.25;;(9, 18);;(20, 15);1;8027
6;0.25;;(9, 18);;(20, 15);1;8028
6;0.25;;(9, 18);;(20, 15);1;8029
6;0.25;;(9, 18);;(20, 15);1;8030
6;0.25;;(9, 18);;(20, 15);1;8031
6;0.25;;(9, 18);;(20, 15);1;8032
6;0.25;;(9, 18);;(20, 15);1;8033
6;0.25;;(9, 18);;(20, 15);1;8034
6;0.25;;(9, 18);;(20, 15);1;8035
6;0.25;;(9, 18);;(20, 15);1;8036
6;0.25;;(9, 18);;(20, 15);1;8037
6;0.25;;(9, 18);;(20, 15);1;8038
6;0.25;;(9, 18);;(20, 15);1;8039
6;0.25;;(9, 18);;(20, 15);1;8040
6;0.25;;(9, 18);;(20, 15);1;8041
6;0.25;;(9, 18);;(20, 15);1;8042
6;0.25;;(9, 18);;(20, 15);1;8043
6;0.25;;(9, 18);;(20, 15);1;8044
6;0.25;;(9, 18);;(20, 15);1;8045
6;0.25;;(9, 18);;(20, 15);1;8046
6;0.25;;(9, 18);;(20, 15);1;8047
6;0.25;;(9, 18);;(20, 15);1;8048
6;0.25;;(9, 18);;(20, 15);1;8049
6;0.25;;(9, 18);;(20, 15);1;8050
6;0.25;;(9, 18);;(20, 15);1;8051
6;0.25;;(9, 18);;(20, 15);1;8052
6;0.25;;(9, 18);;(20, 15);1;8053
6;0.25;;(9, 18);;(20, 15);1;8054
6;0.25;;(9, 18);;(20, 15);1;8055
6;0.25;;(9, 18);;(20, 15);1;8056
6;0.25;;(9, 18);;(20, 15);1;8057
6;0.25;;(9, 18);;(20, 15);1;8058
6;0.25;;(9, 18);;(20, 15);1;8059
6;0.25;;(9, 18);;(20, 15);1;8060
6;0.25;;(9, 18);;(20, 15);1;8061
6;0.25;;(9, 18);;(20, 15);1;8062
6;0.25;;(9, 18);;(20, 15);1;8063
6;0.25;;(9, 18);;(20, 15);1;8064
6;0.25;;(9, 18);;(20, 15);1;8065
6;0.25;;(9, 18);;(20, 15);1;8066
6;0.25;;(9, 18);;(20, 15);1;8067
6;0.25;;(9, 18);;(20, 15);1;8068
6;0.25;;(9, 18);;(20, 15);1;8069
6;0.25;;(9, 18);;(20, 15);1;8070
6;0.25;;(9, 18);;(20, 15);1;8071
6;0.25;;(9, 18);;(20, 15);1;8072
6;0.25;;(9, 18);;(20, 15);1;8073
6;0.25;;(9, 18);;(20, 15);1;8074
6;0.25;;(9, 18);;(20, 15);1;8075
6;0.25;;(9, 18);;(20, 15);1;8076
6;0.25;;(9, 18);;(20, 15);1;8077
6;0.25;;(9, 18);;(20, 15);1;8078
6;0.25;;(9, 18);;(20, 15);1;8079
6;0.25;;(9, 18);;(20, 15);1;8080
6;0.25;;(9, 18);;(20, 15);1;8081
6;0.25;;(9, 18);;(20, 15);1;8082
6;0.25;;(9, 18);;(20, 15);1;8083
6;0.25;;(9, 18);;(20, 15);1;8084
6;0.25;;(9, 18);;(20, 15);1;8085
6;0.25;;(9, 18);;(20, 15);1;8086
6;0.25;;(9, 18);;(20, 15);1;8087
6;0.25;;(9, 18);;(20, 15);1;8088
6;0.25;;(9, 18);;(20, 15);1;8089
6;0.25;;(9, 18);;(20, 15);1;8090
6;0.25;;(9, 18);;(20, 15);1;8091
6;0.25;;(9, 18);;(20, 15);1;8092
6;0.25;;(9, 18);;(20, 15);1;8093
6;0.25;;(9, 18);;(20, 15);1;8094
6;0.25;;(9, 18);;(20, 15);1;8095
6;0.25;;(9, 18);;(20, 15);1;8096
6;0.25;;(9, 18);;(20, 15);1;8097
6;0.25;;(9, 18);;(20, 15);1;8098
6;0.25;;(9, 18);;(20, 15);1;8099
6;0.25;;(9, 18);;(20, 15);1;8100
6;0.25;;(9, 18);;(20, 15);1;8101
6;0.25;;(9, 18);;(20, 15);1;8102
6;0.25;;(9, 18);;(20, 15);1;8103
6;0.25;;(9, 18);;(20, 15);1;8104
6;0.25;;(9, 18);;(20, 15);1;8105
6;0.25;;(9, 18);;(20, 15);1;8106
6;0.25;;(9, 18);;(20, 15);1;8107
6;0.25;;(9, 18);;(20, 15);1;8108
6;0.25;;(9, 18);;(20, 15);1;8109
6;0.25;;(9, 18);;(20, 15);1;8110
6;0.25;;(9, 18);;(20, 15);1;8111
6;0.25;;(9, 18);;(20, 15);1;8112
6;0.25;;(9, 18);;(20, 15);1;8113
6;0.25;;(9, 18);;(20, 15);1;8114
6;0.25;;(9, 18);;(20, 15);1;8115
6;0.25;;(9, 18);;(20, 15);1;8116
6;0.25;;(9, 18);;(20, 15);1;8117
6;0.25;;(9, 18);;(20, 15);1;8118
6;0.25;;(9, 18);;(20, 15);1;8119
6;0.25;;(9, 18);;(20, 15);1;8120
6;0.25;;(9, 18);;(20, 15);1;8121
6;0.25;;(9, 18);;(20, 15);1;8122
6;0.25;;(9, 18);;(20, 15);1;8123
6;0.25;;(9, 18);;(20, 15);1;8124
6;0.25;;(9, 18);;(20, 15);1;8125
6;0.25;;(9, 18);;(20, 15);1;8126
6;0.25;;(9, 18);;(20, 15);1;8127
6;0.25;;(9, 18);;(20, 15);1;8128
6;0.25;;(9, 18);;(20, 15);1;8129
6;0.25;;(9, 18);;(20, 15);1;8130
6;0.25;;(9, 18);;(20, 15);1;8131
6;0.25;;(9, 18);;(20, 15);1;8132
6;0.25;;(9, 18);;(20, 15);1;8133
6;0.25;;(9, 18);;(20, 15);1;8134
6;0.25;;(9, 18);;(20, 15);1;8135
6;0.25;;(9, 18);;(20, 15);1;8136
6;0.25;;(9, 18);;(20, 15);1;8137
6;0.25;;(9, 18);;(20, 15);1;8138
6;0.25;;(9, 18);;(20, 15);1;8139
6;0.25;;(9, 18);;(20, 15);1;8140
6;0.25;;(9, 18);;(20, 15);1;8141
6;0.25;;(9, 18);;(20, 15);1;8142
6;0.25;;(9, 18);;(20, 15);1;8143
6;0.25;;(9, 18);;(20, 15);1;8144
6;0.25;;(9, 18);;(20, 15);1;8145
6;0.25;;(9, 18);;(20, 15);1;8146
6;0.25;;(9, 18);;(20, 15);1;8147
6;0.25;;(9, 18);;(20, 15);1;8148
6;0.25;;(9, 18);;(20, 15);1;8149
6;0.25;;(9, 18);;(20, 15);1;8150
6;0.25;;(9, 18);;(20, 15);1;8151
6;0.25;;(9, 18);;(20, 15);1;8152
6;0.25;;(9, 18);;(20, 15);1;8153
6;0.25;;(9, 18);;(20, 15);1;8154
6;0.25;;(9, 18);;(20, 15);1;8155
6;0.25;;(9, 18);;(20, 15);1;8156
6;0.25;;(9, 18);;(20, 15);1;8157
6;0.25;;(9, 18);;(20, 15);1;8158
6;0.25;;(9, 18);;(20, 15);1;8159
6;0.25;;(9, 18);;(20, 15);1;8160
6;0.25;;(9, 18);;(20, 15);1;8161
6;0.25;;(9, 18);;(20, 15);1;8162
6;0.25;;(9, 18);;(20, 15);1;8163
6;0.25;;(9, 18);;(20, 15);1;8164
6;0.25;;(9, 18);;(20, 15);1;8165
6;0.25;;(9, 18);;(20, 15);1;8166
6;0.25;;(9, 18);;(20, 15);1;8167
6;0.25;;(9, 18);;(20, 15);1;8168
6;0.25;;(9, 18);;(20, 15);1;8169
6;0.25;;(9, 18);;(20, 15);1;8170
6;0.25;;(9, 18);;(20, 15);1;8171
6;0.25;;(9, 18);;(20, 15);1;8172
6;0.25;;(9, 18);;(20, 15);1;8173
6;0.25;;(9, 18);;(20, 15);1;8174
6;0.25;;(9, 18);;(20, 15);1;8175
6;0.25;;(9, 18);;(20, 15);1;8176
6;0.25;;(9, 18);;(20, 15);1;8177
6;0.25;;(9, 18);;(20, 15);1;8178
6;0.25;;(9, 18);;(20, 15);1;8179
6;0.25;;(9, 18);;(20, 15);1;8180
6;0.25;;(9, 18);;(20, 15);1;8181
6;0.25;;(9, 18);;(20, 15);1;8182
6;0.25;;(9, 18);;(20, 15);1;8183
6;0.25;;(9, 18);;(20, 15);1;8184
6;0.25;;(9, 18);;(20, 15);1;8185
6;0.25;;(9, 18);;(20, 15);1;8186
6;0.25;;(9, 18);;(20, 15);1;8187
6;0.25;;(9, 18);;(20, 15);1;8188
6;0.25;;(9, 18);;(20, 15);1;8189
6;0.25;;(9, 18);;(20, 15);1;8190
6;0.25;;(9, 18);;(20, 15);1;8191
6;0.25;;(9, 18);;(20, 15);1;8192
6;0.25;;(9, 18);;(20, 15);1;8193
6;0.25;;(9, 18);;(20, 15);1;8194
6;0.25;;(9, 18);;(20, 15);1;8195
6;0.25;;(9, 18);;(20, 15);1;8196
6;0.25;;(9, 18);;(20, 15);1;8197
6;0.25;;(9, 18);;(20, 15);1;8198
6;0.25;;(9, 18);;(20, 15);1;8199
6;0.25;;(9, 18);;(20, 15);1;8200
6;0.25;;(9, 18);;(20, 15);1;8201
6;0.25;;(9, 18);;(20, 15);1;8202
6;0.25;;(9, 18);;(20, 15);1;8203
6;0.25;;(9, 18);;(20, 15);1;8204
6;0.25;;(9, 18);;(20, 15);1;8205
6;0.25;;(9, 18);;(20, 15);1;8206
6;0.25;;(9, 18);;(20, 15);1;8207
6;0.25;;(9, 18);;(20, 15);1;8208
6;0.25;;(9, 18);;(20, 15);1;8209
6;0.25;;(9, 18);;(20, 15);1;8210
6;0.25;;(9, 18);;(20, 15);1;8211
6;0.25;;(9, 18);;(20, 15);1;8212
6;0.25;;(9, 18);;(20, 15);1;8213
6;0.25;;(9, 18);;(20, 15);1;8214
6;0.25;;(9, 18);;(20, 15);1;8215
6;0.25;;(9, 18);;(20, 15);1;8216
6;0.25;;(9, 18);;(20, 15);1;8217
6;0.25;;(9, 18);;(20, 15);1;8218
6;0.25;;(9, 18);;(20, 15);1;8219
6;0.25;;(9, 18);;(20, 15);1;8220
6;0.25;;(9, 18);;(20, 15);1;8221
6;0.25;;(9, 18);;(20, 15);1;8222
6;0.25;;(9, 18);;(20, 15);1;8223
6;0.25;;(9, 18);;(20, 15);1;8224
6;0.25;;(9, 18);;(20, 15);1;8225
6;0.25;;(9, 18);;(20, 15);1;8226
6;0.25;;(9, 18);;(20, 15);1;8227
6;0.25;;(9, 18);;(20, 15);1;8228
6;0.25;;(9, 18);;(20, 15);1;8229
6;0.25;;(9, 18);;(20, 15);1;8230
6;0.25;;(9, 18);;(20, 15);1;8231
6;0.25;;(9, 18);;(20, 15);1;8232
6;0.25;;(9, 18);;(20, 15);1;8233
6;0.25;;(9, 18);;(20, 15);1;8234
6;0.25;;(9, 18);;(20, 15);1;8235
6;0.25;;(9, 18);;(20, 15);1;8236
6;0.25;;(9, 18);;(20, 15);1;8237
6;0.25;;(9, 18);;(20, 15);1;8238
6;0.25;;(9, 18);;(20, 15);1;8239
6;0.25;;(9, 18);;(20, 15);1;8240
6;0.25;;(9, 18);;(20, 15);1;8241
6;0.25;;(9, 18);;(20, 15);1;8242
6;0.25;;(9, 18);;(20, 15);1;8243
6;0.25;;(9, 18);;(20, 15);1;8244
6;0.25;;(9, 18);;(20, 15);1;8245
6;0.25;;(9, 18);;(20, 15);1;8246
6;0.25;;(9, 18);;(20, 15);1;8247
6;0.25;;(9, 18);;(20, 15);1;8248
6;0.25;;(9, 18);;(20, 15);1;8249
6;0.25;;(9, 18);;(20, 15);1;8250
6;0.25;;(9, 18);;(20, 15);1;8251
6;0.25;;(9, 18);;(20, 15);1;8252
6;0.25;;(9, 18);;(20, 15);1;8253
6;0.25;;(9, 18);;(20, 15);1;8254
6;0.25;;(9, 18);;(20, 15);1;8255
6;0.25;;(9, 18);;(20, 15);1;8256
6;0.25;;(9, 18);;(20, 15);1;8257
6;0.25;;(9, 18);;(20, 15);1;8258
6;0.25;;(9, 18);;(20, 15);1;8259
6;0.25;;(9, 18);;(20, 15);1;8260
6;0.25;;(9, 18);;(20, 15);1;8261
6;0.25;;(9, 18);;(20, 15);1;8262
6;0.25;;(9, 18);;(20, 15);1;8263
6;0.25;;(9, 18);;(20, 15);1;8264
6;0.25;;(9, 18);;(20, 15);1;8265
6;0.25;;(9, 18);;(20, 15);1;8266
6;0.25;;(9, 18);;(20, 15);1;8267
6;0.25;;(9, 18);;(20, 15);1;8268
6;0.25;;(9, 18);;(20, 15);1;8269
6;0.25;;(9, 18);;(20, 15);1;8270
6;0.25;;(9, 18);;(20, 15);1;8271
6;0.25;;(9, 18);;(20, 15);1;8272
6;0.25;;(9, 18);;(20, 15);1;8273
6;0.25;;(9, 18);;(20, 15);1;8274
6;0.25;;(9, 18);;(20, 15);1;8275
6;0.25;;(9, 18);;(20, 15);1;8276
6;0.25;;(9, 18);;(20, 15);1;8277
6;0.25;;(9, 18);;(20, 15);1;8278
6;0.25;;(9, 18);;(20, 15);1;8279
6;0.25;;(9, 18);;(20, 15);1;8280
6;0.25;;(9, 18);;(20, 15);1;8281
6;0.25;;(9, 18);;(20, 15);1;8282
6;0.25;;(9, 18);;(20, 15);1;8283
6;0.25;;(9, 18);;(20, 15);1;8284
6;0.25;;(9, 18);;(20, 15);1;8285
6;0.25;;(9, 18);;(20, 15);1;8286
6;0.25;;(9, 18);;(20, 15);1;8287
6;0.25;;(9, 18);;(20, 15);1;8288
6;0.25;;(9, 18);;(20, 15);1;8289
6;0.25;;(9, 18);;(20, 15);1;8290
6;0.25;;(9, 18);;(20, 15);1;8291
6;0.25;;(9, 18);;(20, 15);1;8292
6;0.25;;(9, 18);;(20, 15);1;8293
6;0.25;;(9, 18);;(20, 15);1;8294
6;0.25;;(9, 18);;(20, 15);1;8295
6;0.25;;(9, 18);;(20, 15);1;8296
6;0.25;;(9, 18);;(20, 15);1;8297
6;0.25;;(9, 18);;(20, 15);1;8298
6;0.25;;(9, 18);;(20, 15);1;8299
6;0.25;;(9, 18);;(20, 15);1;8300
6;0.25;;(9, 18);;(20, 15);1;8301
6;0.25;;(9, 18);;(20, 15);1;8302
6;0.25;;(9, 18);;(20, 15);1;8303
6;0.25;;(9, 18);;(20, 15);1;8304
6;0.25;;(9, 18);;(20, 15);1;8305
6;0.25;;(9, 18);;(20, 15);1;8306
6;0.25;;(9, 18);;(20, 15);1;8307
6;0.25;;(9, 18);;(20, 15);1;8308
6;0.25;;(9, 18);;(20, 15);1;8309
6;0.25;;(9, 18);;(20, 15);1;8310
6;0.25;;(9, 18);;(20, 15);1;8311
6;0.25;;(9, 18);;(20, 15);1;8312
6;0.25;;(9, 18);;(20, 15);1;8313
6;0.25;;(9, 18);;(20, 15);1;8314
6;0.25;;(9, 18);;(20, 15);1;8315
6;0.25;;(9, 18);;(20, 15);1;8316
6;0.25;;(9, 18);;(20, 15);1;8317
6;0.25;;(9, 18);;(20, 15);1;8318
6;0.25;;(9, 18);;(20, 15);1;8319
6;0.25;;(9, 18);;(20, 15);1;8320
6;0.25;;(9, 18);;(20, 15);1;8321
6;0.25;;(9, 18);;(20, 15);1;8322
6;0.25;;(9, 18);;(20, 15);1;8323
6;0.25;;(9, 18);;(20, 15);1;8324
6;0.25;;(9, 18);;(20, 15);1;8325
6;0.25;;(9, 18);;(20, 15);1;8326
6;0.25;;(9, 18);;(20, 15);1;8327
6;0.25;;(9, 18);;(20, 15);1;8328
6;0.25;;(9, 18);;(20, 15);1;8329
6;0.25;;(9, 18);;(20, 15);1;8330
6;0.25;;(9, 18);;(20, 15);1;8331
6;0.25;;(9, 18);;(20, 15);1;8332
6;0.25;;(9, 18);;(20, 15);1;8333
6;0.25;;(9, 18);;(20, 15);1;8334
6;0.25;;(9, 18);;(20, 15);1;8335
6;0.25;;(9, 18);;(20, 15);1;8336
6;0.25;;(9, 18);;(20, 15);1;8337
6;0.25;;(9, 18);;(20, 15);1;8338
6;0.25;;(9, 18);;(20, 15);1;8339
6;0.25;;(9, 18);;(20, 15);1;8340
6;0.25;;(9, 18);;(20, 15);1;8341
6;0.25;;(9, 18);;(20, 15);1;8342
6;0.25;;(9, 18);;(20, 15);1;8343
6;0.25;;(9, 18);;(20, 15);1;8344
6;0.25;;(9, 18);;(20, 15);1;8345
6;0.25;;(9, 18);;(20, 15);1;8346
6;0.25;;(9, 18);;(20, 15);1;8347
6;0.25;;(9, 18);;(20, 15);1;8348
6;0.25;;(9, 18);;(20, 15);1;8349
6;0.25;;(9, 18);;(20, 15);1;8350
6;0.25;;(9, 18);;(20, 15);1;8351
6;0.25;;(9, 18);;(20, 15);1;8352
6;0.25;;(9, 18);;(20, 15);1;8353
6;0.25;;(9, 18);;(20, 15);1;8354
6;0.25;;(9, 18);;(20, 15);1;8355
6;0.25;;(9, 18);;(20, 15);1;8356
6;0.25;;(9, 18);;(20, 15);1;8357
6;0.25;;(9, 18);;(20, 15);1;8358
6;0.25;;(9, 18);;(20, 15);1;8359
6;0.25;;(9, 18);;(20, 15);1;8360
6;0.25;;(9, 18);;(20, 15);1;8361
6;0.25;;(9, 18);;(20, 15);1;8362
6;0.25;;(9, 18);;(20, 15);1;8363
6;0.25;;(9, 18);;(20, 15);1;8364
6;0.25;;(9, 18);;(20, 15);1;8365
6;0.25;;(9, 18);;(20, 15);1;8366
6;0.25;;(9, 18);;(20, 15);1;8367
6;0.25;;(9, 18);;(20, 15);1;8368
6;0.25;;(9, 18);;(20, 15);1;8369
6;0.25;;(9, 18);;(20, 15);1;8370
6;0.25;;(9, 18);;(20, 15);1;8371
6;0.25;;(9, 18);;(20, 15);1;8372
6;0.25;;(9, 18);;(20, 15);1;8373
6;0.25;;(9, 18);;(20, 15);1;8374
6;0.25;;(9, 18);;(20, 15);1;8375
6;0.25;;(9, 18);;(20, 15);1;8376
6;0.25;;(9, 18);;(20, 15);1;8377
6;0.25;;(9, 18);;(20, 15);1;8378
6;0.25;;(9, 18);;(20, 15);1;8379
6;0.25;;(9, 18);;(20, 15);1;8380
6;0.25;;(9, 18);;(20, 15);1;8381
6;0.25;;(9, 18);;(20, 15);1;8382
6;0.25;;(9, 18);;(20, 15);1;8383
6;0.25;;(9, 18);;(20, 15);1;8384
6;0.25;;(9, 18);;(20, 15);1;8385
6;0.25;;(9, 18);;(20, 15);1;8386
6;0.25;;(9, 18);;(20, 15);1;8387
6;0.25;;(9, 18);;(20, 15);1;8388
6;0.25;;(9, 18);;(20, 15);1;8389
6;0.25;;(9, 18);;(20, 15);1;8390
6;0.25;;(9, 18);;(20, 15);1;8391
6;0.25;;(9, 18);;(20, 15);1;8392
6;0.25;;(9, 18);;(20, 15);1;8393
6;0.25;;(9, 18);;(20, 15);1;8394
6;0.25;;(9, 18);;(20, 15);1;8395
6;0.25;;(9, 18);;(20, 15);1;8396
6;0.25;;(9, 18);;(20, 15);1;8397
6;0.25;;(9, 18);;(20, 15);1;8398
6;0.25;;(9, 18);;(20, 15);1;8399
6;0.25;;(9, 18);;(20, 15);1;8400
6;0.25;;(9, 18);;(20, 15);1;8401
6;0.25;;(9, 18);;(20, 15);1;8402
6;0.25;;(9, 18);;(20, 15);1;8403
6;0.25;;(9, 18);;(20, 15);1;8404
6;0.25;;(9, 18);;(20, 15);1;8405
6;0.25;;(9, 18);;(20, 15);1;8406
6;0.25;;(9, 18);;(20, 15);1;8407
6;0.25;;(9, 18);;(20, 15);1;8408
6;0.25;;(9, 18);;(20, 15);1;8409
6;0.25;;(9, 18);;(20, 15);1;8410
6;0.25;;(9, 18);;(20, 15);1;8411
6;0.25;;(9, 18);;(20, 15);1;8412
6;0.25;;(9, 18);;(20, 15);1;8413
6;0.25;;(9, 18);;(20, 15);1;8414
6;0.25;;(9, 18);;(20, 15);1;8415
6;0.25;;(9, 18);;(20, 15);1;8416
6;0.25;;(9, 18);;(20, 15);1;8417
6;0.25;;(9, 18);;(20, 15);1;8418
6;0.25;;(9, 18);;(20, 15);1;8419
6;0.25;;(9, 18);;(20, 15);1;8420
6;0.25;;(9, 18);;(20, 15);1;8421
6;0.25;;(9, 18);;(20, 15);1;8422
6;0.25;;(9, 18);;(20, 15);1;8423
6;0.25;;(9, 18);;(20, 15);1;8424
6;0.25;;(9, 18);;(20, 15);1;8425
6;0.25;;(9, 18);;(20, 15);1;8426
6;0.25;;(9, 18);;(20, 15);1;8427
6;0.25;;(9, 18);;(20, 15);1;8428
6;0.25;;(9, 18);;(20, 15);1;8429
6;0.25;;(9, 18);;(20, 15);1;8430
6;0.25;;(9, 18);;(20, 15);1;8431
6;0.25;;(9, 18);;(20, 15);1;8432
6;0.25;;(9, 18);;(20, 15);1;8433
6;0.25;;(9, 18);;(20, 15);1;8434
6;0.25;;(9, 18);;(20, 15);1;8435
6;0.25;;(9, 18);;(20, 15);1;8436
6;0.25;;(9, 18);;(20, 15);1;8437
6;0.25;;(9, 18);;(20, 15);1;8438
6;0.25;;(9, 18);;(20, 15);1;8439
6;0.25;;(9, 18);;(20, 15);1;8440
6;0.25;;(9, 18);;(20, 15);1;8441
6;0.25;;(9, 18);;(20, 15);1;8442
6;0.25;;(9, 18);;(20, 15);1;8443
6;0.25;;(9, 18);;(20, 15);1;8444
6;0.25;;(9, 18);;(20, 15);1;8445
6;0.25;;(9, 18);;(20, 15);1;8446
6;0.25;;(9, 18);;(20, 15);1;8447
6;0.25;;(9, 18);;(20, 15);1;8448
6;0.25;;(9, 18);;(20, 15);1;8449
6;0.25;;(9, 18);;(20, 15);1;8450
6;0.25;;(9, 18);;(20, 15);1;8451
6;0.25;;(9, 18);;(20, 15);1;8452
6;0.25;;(9, 18);;(20, 15);1;8453
6;0.25;;(9, 18);;(20, 15);1;8454
6;0.25;;(9, 18);;(20, 15);1;8455
6;0.25;;(9, 18);;(20, 15);1;8456
6;0.25;;(9, 18);;(20, 15);1;8457
6;0.25;;(9, 18);;(20, 15);1;8458
6;0.25;;(9, 18);;(20, 15);1;8459
6;0.25;;(9, 18);;(20, 15);1;8460
6;0.25;;(9, 18);;(20, 15);1;8461
6;0.25;;(9, 18);;(20, 15);1;8462
6;0.25;;(9, 18);;(20, 15);1;8463
6;0.25;;(9, 18);;(20, 15);1;8464
6;0.25;;(9, 18);;(20, 15);1;8465
6;0.25;;(9, 18);;(20, 15);1;8466
6;0.25;;(9, 18);;(20, 15);1;8467
6;0.25;;(9, 18);;(20, 15);1;8468
6;0.25;;(9, 18);;(20, 15);1;8469
6;0.25;;(9, 18);;(20, 15);1;8470
6;0.25;;(9, 18);;(20, 15);1;8471
6;0.25;;(9, 18);;(20, 15);1;8472
6;0.25;;(9, 18);;(20, 15);1;8473
6;0.25;;(9, 18);;(20, 15);1;8474
6;0.25;;(9, 18);;(20, 15);1;8475
6;0.25;;(9, 18);;(20, 15);1;8476
6;0.25;;(9, 18);;(20, 15);1;8477
6;0.25;;(9, 18);;(20, 15);1;8478
6;0.25;;(9, 18);;(20, 15);1;8479
6;0.25;;(9, 18);;(20, 15);1;8480
6;0.25;;(9, 18);;(20, 15);1;8481
6;0.25;;(9, 18);;(20, 15);1;8482
6;0.25;;(9, 18);;(20, 15);1;8483
6;0.25;;(9, 18);;(20, 15);1;8484
6;0.25;;(9, 18);;(20, 15);1;8485
6;0.25;;(9, 18);;(20, 15);1;8486
6;0.25;;(9, 18);;(20, 15);1;8487
6;0.25;;(9, 18);;(20, 15);1;8488
6;0.25;;(9, 18);;(20, 15);1;8489
6;0.25;;(9, 18);;(20, 15);1;8490
6;0.25;;(9, 18);;(20, 15);1;8491
6;0.25;;(9, 18);;(20, 15);1;8492
6;0.25;;(9, 18);;(20, 15);1;8493
6;0.25;;(9, 18);;(20, 15);1;8494
6;0.25;;(9, 18);;(20, 15);1;8495
6;0.25;;(9, 18);;(20, 15);1;8496
6;0.25;;(9, 18);;(20, 15);1;8497
6;0.25;;(9, 18);;(20, 15);1;8498
6;0.25;;(9, 18);;(20, 15);1;8499
6;0.25;;(9, 18);;(20, 15);1;8500
6;0.25;;(9, 18);;(20, 15);1;8501
6;0.25;;(9, 18);;(20, 15);1;8502
6;0.25;;(9, 18);;(20, 15);1;8503
6;0.25;;(9, 18);;(20, 15);1;8504
6;0.25;;(9, 18);;(20, 15);1;8505
6;0.25;;(9, 18);;(20, 15);1;8506
6;0.25;;(9, 18);;(20, 15);1;8507
6;0.25;;(9, 18);;(20, 15);1;8508
6;0.25;;(9, 18);;(20, 15);1;8509
6;0.25;;(9, 18);;(20, 15);1;8510
6;0.25;;(9, 18);;(20, 15);1;8511
6;0.25;;(9, 18);;(20, 15);1;8512
6;0.25;;(9, 18);;(20, 15);1;8513
6;0.25;;(9, 18);;(20, 15);1;8514
6;0.25;;(9, 18);;(20, 15);1;8515
6;0.25;;(9, 18);;(20, 15);1;8516
6;0.25;;(9, 18);;(20, 15);1;8517
6;0.25;;(9, 18);;(20, 15);1;8518
6;0.25;;(9, 18);;(20, 15);1;8519
6;0.25;;(9, 18);;(20, 15);1;8520
6;0.25;;(9, 18);;(20, 15);1;8521
6;0.25;;(9, 18);;(20, 15);1;8522
6;0.25;;(9, 18);;(20, 15);1;8523
6;0.25;;(9, 18);;(20, 15);1;8524
6;0.25;;(9, 18);;(20, 15);1;8525
6;0.25;;(9, 18);;(20, 15);1;8526
6;0.25;;(9, 18);;(20, 15);1;8527
6;0.25;;(9, 18);;(20, 15);1;8528
6;0.25;;(9, 18);;(20, 15);1;8529
6;0.25;;(9, 18);;(20, 15);1;8530
6;0.25;;(9, 18);;(20, 15);1;8531
6;0.25;;(9, 18);;(20, 15);1;8532
6;0.25;;(9, 18);;(20, 15);1;8533
6;0.25;;(9, 18);;(20, 15);1;8534
6;0.25;;(9, 18);;(20, 15);1;8535
6;0.25;;(9, 18);;(20, 15);1;8536
6;0.25;;(9, 18);;(20, 15);1;8537
6;0.25;;(9, 18);;(20, 15);1;8538
6;0.25;;(9, 18);;(20, 15);1;8539
6;0.25;;(9, 18);;(20, 15);1;8540
6;0.25;;(9, 18);;(20, 15);1;8541
6;0.25;;(9, 18);;(20, 15);1;8542
6;0.25;;(9, 18);;(20, 15);1;8543
6;0.25;;(9, 18);;(20, 15);1;8544
6;0.25;;(9, 18);;(20, 15);1;8545
6;0.25;;(9, 18);;(20, 15);1;8546
6;0.25;;(9, 18);;(20, 15);1;8547
6;0.25;;(9, 18);;(20, 15);1;8548
6;0.25;;(9, 18);;(20, 15);1;8549
6;0.25;;(9, 18);;(20, 15);1;8550
6;0.25;;(9, 18);;(20, 15);1;8551
6;0.25;;(9, 18);;(20, 15);1;8552
6;0.25;;(9, 18);;(20, 15);1;8553
6;0.25;;(9, 18);;(20, 15);1;8554
6;0.25;;(9, 18);;(20, 15);1;8555
6;0.25;;(9, 18);;(20, 15);1;8556
6;0.25;;(9, 18);;(20, 15);1;8557
6;0.25;;(9, 18);;(20, 15);1;8558
6;0.25;;(9, 18);;(20, 15);1;8559
6;0.25;;(9, 18);;(20, 15);1;8560
6;0.25;;(9, 18);;(20, 15);1;8561
6;0.25;;(9, 18);;(20, 15);1;8562
6;0.25;;(9, 18);;(20, 15);1;8563
6;0.25;;(9, 18);;(20, 15);1;8564
6;0.25;;(9, 18);;(20, 15);1;8565
6;0.25;;(9, 18);;(20, 15);1;8566
6;0.25;;(9, 18);;(20, 15);1;8567
6;0.25;;(9, 18);;(20, 15);1;8568
6;0.25;;(9, 18);;(20, 15);1;8569
6;0.25;;(9, 18);;(20, 15);1;8570
6;0.25;;(9, 18);;(20, 15);1;8571
6;0.25;;(9, 18);;(20, 15);1;8572
6;0.25;;(9, 18);;(20, 15);1;8573
6;0.25;;(9, 18);;(20, 15);1;8574
6;0.25;;(9, 18);;(20, 15);1;8575
6;0.25;;(9, 18);;(20, 15);1;8576
6;0.25;;(9, 18);;(20, 15);1;8577
6;0.25;;(9, 18);;(20, 15);1;8578
6;0.25;;(9, 18);;(20, 15);1;8579
6;0.25;;(9, 18);;(20, 15);1;8580
6;0.25;;(9, 18);;(20, 15);1;8581
6;0.25;;(9, 18);;(20, 15);1;8582
6;0.25;;(9, 18);;(20, 15);1;8583
6;0.25;;(9, 18);;(20, 15);1;8584
6;0.25;;(9, 18);;(20, 15);1;8585
6;0.25;;(9, 18);;(20, 15);1;8586
6;0.25;;(9, 18);;(20, 15);1;8587
6;0.25;;(9, 18);;(20, 15);1;8588
6;0.25;;(9, 18);;(20, 15);1;8589
6;0.25;;(9, 18);;(20, 15);1;8590
6;0.25;;(9, 18);;(20, 15);1;8591
6;0.25;;(9, 18);;(20, 15);1;8592
6;0.25;;(9, 18);;(20, 15);1;8593
6;0.25;;(9, 18);;(20, 15);1;8594
6;0.25;;(9, 18);;(20, 15);1;8595
6;0.25;;(9, 18);;(20, 15);1;8596
6;0.25;;(9, 18);;(20, 15);1;8597
6;0.25;;(9, 18);;(20, 15);1;8598
6;0.25;;(9, 18);;(20, 15);1;8599
6;0.25;;(9, 18);;(20, 15);1;8600
6;0.25;;(9, 18);;(20, 15);1;8601
6;0.25;;(9, 18);;(20, 15);1;8602
6;0.25;;(9, 18);MoveSouth;(20, 16);1;8603
6;0.25;;(9, 18);;(20, 16);1;8604
6;0.25;;(9, 18);;(20, 16);1;8605
6;0.25;;(9, 18);;(20, 16);1;8606
6;0.25;;(9, 18);;(20, 16);1;8607
6;0.25;;(9, 18);;(20, 16);1;8608
6;0.25;;(9, 18);;(20, 16);1;8609
6;0.25;;(9, 18);;(20, 16);1;8610
6;0.25;;(9, 18);;(20, 16);1;8611
6;0.25;;(9, 18);;(20, 16);1;8612
6;0.25;;(9, 18);;(20, 16);1;8613
6;0.25;;(9, 18);MoveSouth;(20, 17);1;8614
6;0.25;;(9, 18);;(20, 17);1;8615
6;0.25;;(9, 18);;(20, 17);1;8616
6;0.25;;(9, 18);;(20, 17);1;8617
6;0.25;;(9, 18);;(20, 17);1;8618
6;0.25;;(9, 18);;(20, 17);1;8619
6;0.25;;(9, 18);MoveSouth;(20, 17);1;8620
6;0.25;;(9, 18);MoveSouth;(20, 17);1;8621
6;0.25;;(9, 18);MoveSouth;(20, 17);1;8622
6;0.25;;(9, 18);MoveSouth;(20, 17);1;8623
6;0.25;;(9, 18);MoveSouth;(20, 17);1;8624
6;0.25;;(9, 18);MoveSouth;(20, 18);1;8625
6;0.25;;(9, 18);MoveWest;(20, 18);1;8626
6;0.25;;(9, 18);MoveWest;(20, 18);1;8627
6;0.25;;(9, 18);MoveWest;(20, 18);1;8628
6;0.25;;(9, 18);MoveWest;(20, 18);1;8629
6;0.25;;(9, 18);MoveWest;(20, 18);1;8630
6;0.25;;(9, 18);MoveWest;(19, 18);1;8631
6;0.25;;(9, 18);MoveWest;(18, 18);1;8632
6;0.25;;(9, 18);;(18, 18);1;8633
6;0.25;;(9, 18);MoveWest;(17, 18);1;8634
6;0.25;;(9, 18);MoveWest;(16, 18);1;8635
6;0.25;;(9, 18);;(16, 18);1;8636
6;0.25;;(9, 18);MoveWest;(15, 18);1;8637
6;0.25;;(9, 18);;(15, 18);1;8638
6;0.25;;(9, 18);;(15, 18);1;8639
6;0.25;;(9, 18);MoveWest;(14, 18);1;8640
6;0.25;;(9, 18);;(14, 18);1;8641
6;0.25;;(9, 18);MoveWest;(14, 18);1;8642
6;0.25;;(9, 18);MoveWest;(14, 18);1;8643
6;0.25;;(9, 18);MoveWest;(14, 18);1;8644
6;0.25;;(9, 18);MoveWest;(14, 18);1;8645
6;0.25;;(9, 18);MoveWest;(14, 18);1;8646
6;0.25;;(9, 18);MoveWest;(13, 18);1;8647
6;0.25;;(9, 18);MoveWest;(13, 18);1;8648
6;0.25;;(9, 18);MoveWest;(13, 18);1;8649
6;0.25;;(9, 18);MoveWest;(13, 18);1;8650
6;0.25;;(9, 18);MoveWest;(13, 18);1;8651
6;0.25;;(9, 18);MoveWest;(13, 18);1;8652
6;0.25;;(9, 18);MoveWest;(12, 18);1;8653
6;0.25;;(9, 18);;(12, 18);1;8654
6;0.25;;(9, 18);;(12, 18);1;8655
6;0.25;;(9, 18);;(12, 18);1;8656
6;0.25;;(9, 18);;(12, 18);1;8657
6;0.25;;(9, 18);;(12, 18);1;8658
6;0.25;;(9, 18);;(12, 18);1;8659
6;0.25;;(9, 18);MoveWest;(12, 18);1;8660
6;0.25;;(9, 18);MoveWest;(12, 18);1;8661
6;0.25;;(9, 18);MoveWest;(12, 18);1;8662
6;0.25;;(9, 18);MoveWest;(12, 18);1;8663
6;0.25;;(9, 18);MoveWest;(12, 18);1;8664
6;0.25;;(9, 18);MoveWest;(11, 18);1;8665
6;0.25;;(9, 18);;(11, 18);1;8666
6;0.25;;(9, 18);;(11, 18);1;8667
6;0.25;;(9, 18);MoveWest;(11, 18);1;8668
6;0.25;;(9, 18);MoveWest;(11, 18);1;8669
6;0.25;;(9, 18);MoveWest;(11, 18);1;8670
6;0.25;;(9, 18);MoveWest;(11, 18);1;8671
6;0.25;;(9, 18);MoveWest;(11, 18);1;8672
6;0.25;;(9, 18);MoveWest;(10, 18);1;8673
6;0.25;;(9, 18);MoveWest;(10, 18);1;8674
6;0.25;;(9, 18);MoveWest;(10, 18);1;8675
6;0.25;;(9, 18);MoveWest;(10, 18);1;8676
6;0.25;;(9, 18);MoveWest;(10, 18);1;8677
6;0.25;;(9, 18);MoveWest;(10, 18);1;8678
6;0.25;;(9, 18);MoveWest;(9, 18);1;8679
6;0.25;;(9, 18);;(9, 18);1;8680
6;0.25;;(9, 18);;(9, 18);1;8681
6;0.25;;(9, 18);;(9, 18);1;8682
6;0.25;;(9, 18);MoveWest;(8, 18);1;8683
6;0.25;;(9, 18);;(8, 18);1;8684
6;0.25;;(9, 18);;(8, 18);1;8685
6;0.25;;(9, 18);;(8, 18);1;8686
6;0.25;;(9, 18);;(8, 18);1;8687
6;0.25;;(9, 18);;(8, 18);1;8688
6;0.25;;(9, 18);;(8, 18);1;8689
6;0.25;;(9, 18);;(8, 18);1;8690
6;0.25;;(9, 18);;(8, 18);1;8691
6;0.25;;(9, 18);;(8, 18);1;8692
6;0.25;;(9, 18);;(8, 18);1;8693
6;0.25;;(9, 18);;(8, 18);1;8694
6;0.25;;(9, 18);;(8, 18);1;8695
6;0.25;;(9, 18);;(8, 18);1;8696
6;0.25;;(9, 18);;(8, 18);1;8697
6;0.25;;(9, 18);;(8, 18);1;8698
6;0.25;;(9, 18);MoveEast;(9, 18);1;8699
6;0.25;;(9, 18);;(9, 18);1;8700
6;0.25;;(9, 18);;(9, 18);1;8701
6;0.25;;(9, 18);;(9, 18);1;8702
6;0.25;;(9, 18);;(9, 18);1;8703
6;0.25;;(9, 18);;(9, 18);1;8704
6;0.25;;(9, 18);;(9, 18);1;8705
6;0.25;;(9, 18);;(9, 18);1;8706
6;0.25;;(9, 18);;(9, 18);1;8707
6;0.25;;(9, 18);;(9, 18);1;8708
6;0.25;;(9, 18);;(9, 18);1;8709
6;0.25;;(9, 18);;(9, 18);1;8710
6;0.25;;(9, 18);;(9, 18);1;8711
6;0.25;;(9, 18);;(9, 18);1;8712
6;0.25;;(9, 18);;(9, 18);1;8713
6;0.25;;(9, 18);;(9, 18);1;8714
6;0.25;;(9, 18);;(9, 18);1;8715
6;0.25;;(9, 18);;(9, 18);1;8716
6;0.25;;(9, 18);;(9, 18);1;8717
6;0.25;;(9, 18);;(9, 18);1;8718
6;0.25;;(9, 18);;(9, 18);1;8719
6;0.25;;(9, 18);;(9, 18);1;8720
6;0.25;;(9, 18);;(9, 18);1;8721
6;0.25;;(9, 18);;(9, 18);1;8722
6;0.25;;(9, 18);;(9, 18);1;8723
6;0.25;;(9, 18);;(9, 18);1;8724
6;0.25;;(9, 18);;(9, 18);1;8725
6;0.25;;(9, 18);;(9, 18);1;8726
6;0.25;;(9, 18);;(9, 18);1;8727
6;0.25;;(9, 18);RemoveObjectTogether;(9, 18);1;8728
6;0.25;;(9, 18);RemoveObjectTogether;(9, 18);1;8729
6;0.25;;(9, 18);RemoveObjectTogether;(9, 18);1;8730
6;0.25;;(9, 18);RemoveObjectTogether;(9, 18);1;8731
6;0.25;;(9, 18);RemoveObjectTogether;(9, 18);1;8732
6;0.25;;(9, 18);RemoveObjectTogether;(9, 18);1;8733
6;0.25;;(9, 18);RemoveObjectTogether;(9, 18);1;8734
6;0.25;;(9, 18);RemoveObjectTogether;(9, 18);1;8735
6;0.25;;(9, 18);RemoveObjectTogether;(9, 18);1;8736
6;0.25;;(9, 18);RemoveObjectTogether;(9, 18);1;8737
6;0.25;;(9, 18);RemoveObjectTogether;(9, 18);1;8738
6;0.25;;(9, 18);RemoveObjectTogether;(9, 18);1;8739
6;0.25;;(9, 18);RemoveObjectTogether;(9, 18);1;8740
6;0.25;;(9, 18);RemoveObjectTogether;(9, 18);1;8741
6;0.25;;(9, 18);RemoveObjectTogether;(9, 18);1;8742
6;0.25;;(9, 18);RemoveObjectTogether;(9, 18);1;8743
6;0.25;;(9, 18);RemoveObjectTogether;(9, 18);1;8744
6;0.25;;(9, 18);RemoveObjectTogether;(9, 18);1;8745
6;0.25;;(9, 18);RemoveObjectTogether;(9, 18);1;8746
6;0.25;;(9, 18);RemoveObjectTogether;(9, 18);1;8747
6;0.25;;(9, 18);RemoveObjectTogether;(9, 18);1;8748
6;0.25;;(9, 18);RemoveObjectTogether;(9, 18);1;8749
6;0.25;;(9, 18);RemoveObjectTogether;(9, 18);1;8750
6;0.25;;(9, 18);RemoveObjectTogether;(9, 18);1;8751
6;0.25;;(9, 18);RemoveObjectTogether;(9, 18);1;8752
6;0.25;;(9, 18);RemoveObjectTogether;(9, 18);1;8753
6;0.25;MoveSouth;(9, 18);;(9, 18);1;8754
6;0.25;MoveSouth;(9, 18);;(9, 18);1;8755
6;0.25;MoveSouth;(9, 18);;(9, 18);1;8756
6;0.25;MoveSouth;(9, 18);;(9, 18);1;8757
6;0.25;MoveSouth;(9, 18);;(9, 18);1;8758
6;0.25;MoveSouth;(9, 18);;(9, 18);1;8759
6;0.25;MoveSouth;(9, 18);;(9, 18);1;8760
6;0.25;MoveSouth;(9, 18);;(9, 18);1;8761
6;0.25;MoveSouth;(9, 19);;(9, 18);1;8762
6;0.25;MoveSouthWest;(9, 19);;(9, 18);1;8763
6;0.25;MoveSouthWest;(9, 19);;(9, 18);1;8764
6;0.25;MoveSouthWest;(9, 19);;(9, 18);1;8765
6;0.25;MoveSouthWest;(9, 19);;(9, 18);1;8766
6;0.25;MoveSouthWest;(9, 19);;(9, 18);1;8767
6;0.25;MoveSouthWest;(9, 19);;(9, 18);1;8768
6;0.25;MoveSouthWest;(9, 19);;(9, 18);1;8769
6;0.25;MoveSouthWest;(9, 19);;(9, 18);1;8770
6;0.25;MoveSouthWest;(8, 20);MoveSouth;(9, 19);1;8771
6;0.25;MoveSouthEast;(8, 20);;(9, 19);1;8772
6;0.25;MoveSouthEast;(8, 20);;(9, 19);1;8773
6;0.25;MoveSouthEast;(8, 20);;(9, 19);1;8774
6;0.25;MoveSouthEast;(8, 20);;(9, 19);1;8775
6;0.25;MoveSouthEast;(8, 20);;(9, 19);1;8776
6;0.25;MoveSouthEast;(8, 20);;(9, 19);1;8777
6;0.25;MoveSouthEast;(8, 20);;(9, 19);1;8778
6;0.25;MoveSouthEast;(8, 20);;(9, 19);1;8779
6;0.25;MoveSouthEast;(9, 21);;(9, 19);1;8780
6;0.25;MoveNorthEast;(9, 21);;(9, 19);1;8781
6;0.25;MoveNorthEast;(9, 21);MoveSouth;(9, 20);1;8782
6;0.25;MoveNorthEast;(9, 21);;(9, 20);1;8783
6;0.25;MoveNorthEast;(9, 21);;(9, 20);1;8784
6;0.25;MoveNorthEast;(9, 21);;(9, 20);1;8785
6;0.25;MoveNorthEast;(9, 21);;(9, 20);1;8786
6;0.25;MoveNorthEast;(9, 21);;(9, 20);1;8787
6;0.25;MoveNorthEast;(9, 21);;(9, 20);1;8788
6;0.25;MoveNorthEast;(10, 20);;(9, 20);1;8789
6;0.25;Idle;(10, 20);;(9, 20);1;8790
6;0.25;Idle;(10, 20);;(9, 20);1;8791
6;0.25;Idle;(10, 20);;(9, 20);1;8792
6;0.25;Idle;(10, 20);;(9, 20);1;8793
6;0.25;Idle;(10, 20);;(9, 20);1;8794
6;0.25;Idle;(10, 20);MoveSouth;(9, 21);1;8795
6;0.25;Idle;(10, 20);;(9, 21);1;8796
6;0.25;Idle;(10, 20);;(9, 21);1;8797
6;0.25;Idle;(10, 20);;(9, 21);1;8798
6;0.25;Idle;(10, 20);;(9, 21);1;8799
6;0.25;Idle;(10, 20);;(9, 21);1;8800
6;0.25;Idle;(10, 20);;(9, 21);1;8801
6;0.25;Idle;(10, 20);;(9, 21);1;8802
6;0.25;Idle;(10, 20);;(9, 21);1;8803
6;0.25;Idle;(10, 20);;(9, 21);1;8804
6;0.25;Idle;(10, 20);;(9, 21);1;8805
6;0.25;Idle;(10, 20);MoveNorth;(9, 20);1;8806
6;0.25;Idle;(10, 20);;(9, 20);1;8807
6;0.25;Idle;(10, 20);;(9, 20);1;8808
6;0.25;Idle;(10, 20);;(9, 20);1;8809
6;0.25;Idle;(10, 20);;(9, 20);1;8810
6;0.25;Idle;(10, 20);;(9, 20);1;8811
6;0.25;Idle;(10, 20);;(9, 20);1;8812
6;0.25;Idle;(10, 20);;(9, 20);1;8813
6;0.25;Idle;(10, 20);MoveNorth;(9, 19);1;8814
6;0.25;Idle;(10, 20);;(9, 19);1;8815
6;0.25;MoveNorthWest;(10, 20);;(9, 19);1;8816
6;0.25;MoveNorthWest;(10, 20);;(9, 19);1;8817
6;0.25;MoveNorthWest;(10, 20);;(9, 19);1;8818
6;0.25;MoveNorthWest;(10, 20);;(9, 19);1;8819
6;0.25;MoveNorthWest;(10, 20);;(9, 19);1;8820
6;0.25;MoveNorthWest;(10, 20);;(9, 19);1;8821
6;0.25;MoveNorthWest;(10, 20);MoveNorth;(9, 18);1;8822
6;0.25;MoveNorthWest;(10, 20);;(9, 18);1;8823
6;0.25;MoveNorthWest;(9, 19);;(9, 18);1;8824
6;0.25;MoveNorthWest;(9, 19);;(9, 18);1;8825
6;0.25;MoveNorthWest;(9, 19);;(9, 18);1;8826
6;0.25;MoveNorthWest;(9, 19);;(9, 18);1;8827
6;0.25;MoveNorthWest;(9, 19);;(9, 18);1;8828
6;0.25;MoveNorthWest;(9, 19);;(9, 18);1;8829
6;0.25;MoveNorthWest;(9, 19);;(9, 18);1;8830
6;0.25;MoveNorthWest;(9, 19);;(9, 18);1;8831
6;0.25;MoveNorthWest;(9, 19);;(9, 18);1;8832
6;0.25;MoveNorthWest;(8, 18);;(9, 18);1;8833
6;0.25;MoveWest;(8, 18);;(9, 18);1;8834
6;0.25;MoveWest;(8, 18);;(9, 18);1;8835
6;0.25;MoveWest;(8, 18);;(9, 18);1;8836
6;0.25;MoveWest;(8, 18);;(9, 18);1;8837
6;0.25;MoveWest;(8, 18);;(9, 18);1;8838
6;0.25;MoveWest;(8, 18);;(9, 18);1;8839
6;0.25;MoveWest;(8, 18);;(9, 18);1;8840
6;0.25;MoveWest;(8, 18);;(9, 18);1;8841
6;0.25;MoveWest;(7, 18);;(9, 18);1;8842
6;0.25;MoveWest;(7, 18);;(9, 18);1;8843
6;0.25;MoveWest;(7, 18);;(9, 18);1;8844
6;0.25;MoveWest;(7, 18);;(9, 18);1;8845
6;0.25;MoveWest;(7, 18);;(9, 18);1;8846
6;0.25;MoveWest;(7, 18);;(9, 18);1;8847
6;0.25;MoveWest;(7, 18);;(9, 18);1;8848
6;0.25;MoveWest;(7, 18);;(9, 18);1;8849
6;0.25;MoveWest;(7, 18);;(9, 18);1;8850
6;0.25;MoveWest;(6, 18);;(9, 18);1;8851
6;0.25;MoveWest;(6, 18);;(9, 18);1;8852
6;0.25;MoveWest;(6, 18);;(9, 18);1;8853
6;0.25;MoveWest;(6, 18);;(9, 18);1;8854
6;0.25;MoveWest;(6, 18);;(9, 18);1;8855
6;0.25;MoveWest;(6, 18);;(9, 18);1;8856
6;0.25;MoveWest;(6, 18);;(9, 18);1;8857
6;0.25;MoveWest;(6, 18);;(9, 18);1;8858
6;0.25;MoveWest;(6, 18);;(9, 18);1;8859
6;0.25;MoveWest;(5, 18);;(9, 18);1;8860
6;0.25;MoveWest;(5, 18);;(9, 18);1;8861
6;0.25;MoveWest;(5, 18);;(9, 18);1;8862
6;0.25;MoveWest;(5, 18);;(9, 18);1;8863
6;0.25;MoveWest;(5, 18);;(9, 18);1;8864
6;0.25;MoveWest;(5, 18);;(9, 18);1;8865
6;0.25;MoveWest;(5, 18);;(9, 18);1;8866
6;0.25;MoveWest;(5, 18);;(9, 18);1;8867
6;0.25;MoveWest;(5, 18);;(9, 18);1;8868
6;0.25;MoveWest;(4, 18);;(9, 18);1;8869
6;0.25;MoveWest;(4, 18);;(9, 18);1;8870
6;0.25;MoveWest;(4, 18);;(9, 18);1;8871
6;0.25;MoveWest;(4, 18);;(9, 18);1;8872
6;0.25;MoveWest;(4, 18);;(9, 18);1;8873
6;0.25;MoveWest;(4, 18);MoveNorth;(9, 17);1;8874
6;0.25;MoveWest;(4, 18);;(9, 17);1;8875
6;0.25;MoveWest;(4, 18);;(9, 17);1;8876
6;0.25;MoveWest;(4, 18);;(9, 17);1;8877
6;0.25;MoveWest;(3, 18);;(9, 17);1;8878
6;0.25;MoveSouth;(3, 18);;(9, 17);1;8879
6;0.25;MoveSouth;(3, 18);;(9, 17);1;8880
6;0.25;MoveSouth;(3, 18);;(9, 17);1;8881
6;0.25;MoveSouth;(3, 18);;(9, 17);1;8882
6;0.25;MoveSouth;(3, 18);;(9, 17);1;8883
6;0.25;MoveSouth;(3, 18);;(9, 17);1;8884
6;0.25;MoveSouth;(3, 18);MoveWest;(8, 17);1;8885
6;0.25;MoveSouth;(3, 18);;(8, 17);1;8886
6;0.25;MoveSouth;(3, 19);;(8, 17);1;8887
6;0.25;MoveSouthWest;(3, 19);;(8, 17);1;8888
6;0.25;MoveSouthWest;(3, 19);MoveWest;(8, 17);1;8889
6;0.25;MoveSouthWest;(3, 19);MoveWest;(8, 17);1;8890
6;0.25;MoveSouthWest;(3, 19);MoveWest;(8, 17);1;8891
6;0.25;MoveSouthWest;(3, 19);MoveWest;(8, 17);1;8892
6;0.25;MoveSouthWest;(3, 19);MoveWest;(8, 17);1;8893
6;0.25;MoveSouthWest;(3, 19);MoveWest;(7, 17);1;8894
6;0.25;MoveSouthWest;(3, 19);MoveWest;(7, 17);1;8895
6;0.25;MoveSouthWest;(2, 20);MoveWest;(7, 17);1;8896
6;0.25;MoveSouthEast;(2, 20);MoveWest;(7, 17);1;8897
6;0.25;MoveSouthEast;(2, 20);MoveWest;(7, 17);1;8898
6;0.25;MoveSouthEast;(2, 20);MoveWest;(7, 17);1;8899
6;0.25;MoveSouthEast;(2, 20);MoveWest;(6, 17);1;8900
6;0.25;MoveSouthEast;(2, 20);MoveWest;(6, 17);1;8901
6;0.25;MoveSouthEast;(2, 20);MoveWest;(6, 17);1;8902
6;0.25;MoveSouthEast;(2, 20);MoveWest;(6, 17);1;8903
6;0.25;MoveSouthEast;(2, 20);MoveWest;(6, 17);1;8904
6;0.25;MoveSouthEast;(3, 21);MoveWest;(6, 17);1;8905
6;0.25;MoveNorthEast;(3, 21);MoveWest;(5, 17);1;8906
6;0.25;MoveNorthEast;(3, 21);MoveWest;(5, 17);1;8907
6;0.25;MoveNorthEast;(3, 21);MoveWest;(5, 17);1;8908
6;0.25;MoveNorthEast;(3, 21);MoveWest;(5, 17);1;8909
6;0.25;MoveNorthEast;(3, 21);MoveWest;(5, 17);1;8910
6;0.25;MoveNorthEast;(3, 21);MoveWest;(5, 17);1;8911
6;0.25;MoveNorthEast;(3, 21);MoveWest;(4, 17);1;8912
6;0.25;MoveNorthEast;(3, 21);MoveWest;(4, 17);1;8913
6;0.25;MoveNorthEast;(4, 20);MoveWest;(4, 17);1;8914
6;0.25;;(4, 20);MoveWest;(4, 17);1;8915
6;0.25;;(4, 20);MoveWest;(4, 17);1;8916
6;0.25;;(4, 20);MoveWest;(4, 17);1;8917
6;0.25;;(4, 20);MoveWest;(3, 17);1;8918
6;0.25;;(4, 20);;(3, 17);1;8919
6;0.25;;(4, 20);;(3, 17);1;8920
6;0.25;;(4, 20);;(3, 17);1;8921
6;0.25;;(4, 20);MoveWest;(2, 17);1;8922
6;0.25;;(4, 20);;(2, 17);1;8923
6;0.25;;(4, 20);;(2, 17);1;8924
6;0.25;;(4, 20);;(2, 17);1;8925
6;0.25;;(4, 20);;(2, 17);1;8926
6;0.25;;(4, 20);;(2, 17);1;8927
6;0.25;;(4, 20);;(2, 17);1;8928
6;0.25;;(4, 20);;(2, 17);1;8929
6;0.25;;(4, 20);;(2, 17);1;8930
6;0.25;;(4, 20);;(2, 17);1;8931
6;0.25;;(4, 20);;(2, 17);1;8932
6;0.25;;(4, 20);MoveEast;(2, 17);1;8933
6;0.25;;(4, 20);MoveEast;(2, 17);1;8934
6;0.25;;(4, 20);MoveEast;(2, 17);1;8935
6;0.25;;(4, 20);MoveEast;(2, 17);1;8936
6;0.25;;(4, 20);MoveEast;(2, 17);1;8937
6;0.25;;(4, 20);MoveEast;(3, 17);1;8938
6;0.25;;(4, 20);;(3, 17);1;8939
6;0.25;;(4, 20);;(3, 17);1;8940
6;0.25;;(4, 20);;(3, 17);1;8941
6;0.25;;(4, 20);;(3, 17);1;8942
6;0.25;;(4, 20);;(3, 17);1;8943
6;0.25;;(4, 20);;(3, 17);1;8944
6;0.25;;(4, 20);;(3, 17);1;8945
6;0.25;;(4, 20);;(3, 17);1;8946
6;0.25;;(4, 20);;(3, 17);1;8947
6;0.25;;(4, 20);;(3, 17);1;8948
6;0.25;;(4, 20);;(3, 17);1;8949
6;0.25;;(4, 20);;(3, 17);1;8950
6;0.25;;(4, 20);;(3, 17);1;8951
6;0.25;;(4, 20);;(3, 17);1;8952
6;0.25;;(4, 20);;(3, 17);1;8953
6;0.25;;(4, 20);;(3, 17);1;8954
6;0.25;;(4, 20);;(3, 17);1;8955
6;0.25;;(4, 20);;(3, 17);1;8956
6;0.25;;(4, 20);;(3, 17);1;8957
6;0.25;;(4, 20);;(3, 17);1;8958
6;0.25;;(4, 20);;(3, 17);1;8959
6;0.25;;(4, 20);;(3, 17);1;8960
6;0.25;;(4, 20);;(3, 17);1;8961
6;0.25;;(4, 20);;(3, 17);1;8962
6;0.25;;(4, 20);;(3, 17);1;8963
6;0.25;;(4, 20);;(3, 17);1;8964
6;0.25;;(4, 20);;(3, 17);1;8965
6;0.25;;(4, 20);;(3, 17);1;8966
6;0.25;;(4, 20);;(3, 17);1;8967
6;0.25;;(4, 20);;(3, 17);1;8968
6;0.25;;(4, 20);;(3, 17);1;8969
6;0.25;;(4, 20);;(3, 17);1;8970
6;0.25;;(4, 20);;(3, 17);1;8971
6;0.25;;(4, 20);;(3, 17);1;8972
6;0.25;;(4, 20);;(3, 17);1;8973
6;0.25;;(4, 20);;(3, 17);1;8974
6;0.25;;(4, 20);;(3, 17);1;8975
6;0.25;;(4, 20);;(3, 17);1;8976
6;0.25;;(4, 20);;(3, 17);1;8977
6;0.25;;(4, 20);;(3, 17);1;8978
6;0.25;;(4, 20);;(3, 17);1;8979
6;0.25;;(4, 20);;(3, 17);1;8980
6;0.25;;(4, 20);;(3, 17);1;8981
6;0.25;;(4, 20);;(3, 17);1;8982
6;0.25;;(4, 20);;(3, 17);1;8983
6;0.25;;(4, 20);;(3, 17);1;8984
6;0.25;;(4, 20);;(3, 17);1;8985
6;0.25;;(4, 20);;(3, 17);1;8986
6;0.25;;(4, 20);;(3, 17);1;8987
6;0.25;;(4, 20);;(3, 17);1;8988
6;0.25;;(4, 20);;(3, 17);1;8989
6;0.25;;(4, 20);;(3, 17);1;8990
6;0.25;;(4, 20);;(3, 17);1;8991
6;0.25;;(4, 20);;(3, 17);1;8992
6;0.25;;(4, 20);;(3, 17);1;8993
6;0.25;;(4, 20);;(3, 17);1;8994
6;0.25;;(4, 20);;(3, 17);1;8995
6;0.25;;(4, 20);;(3, 17);1;8996
6;0.25;;(4, 20);;(3, 17);1;8997
6;0.25;;(4, 20);;(3, 17);1;8998
6;0.25;;(4, 20);;(3, 17);1;8999
6;0.25;;(4, 20);;(3, 17);1;9000
6;0.25;;(4, 20);;(3, 17);1;9001
6;0.25;;(4, 20);;(3, 17);1;9002
6;0.25;;(4, 20);;(3, 17);1;9003
6;0.25;;(4, 20);;(3, 17);1;9004
6;0.25;;(4, 20);;(3, 17);1;9005
6;0.25;;(4, 20);;(3, 17);1;9006
6;0.25;;(4, 20);;(3, 17);1;9007
6;0.25;;(4, 20);;(3, 17);1;9008
6;0.25;;(4, 20);;(3, 17);1;9009
6;0.25;;(4, 20);;(3, 17);1;9010
6;0.25;;(4, 20);;(3, 17);1;9011
6;0.25;;(4, 20);;(3, 17);1;9012
6;0.25;;(4, 20);;(3, 17);1;9013
6;0.25;;(4, 20);;(3, 17);1;9014
6;0.25;;(4, 20);;(3, 17);1;9015
6;0.25;;(4, 20);;(3, 17);1;9016
6;0.25;;(4, 20);;(3, 17);1;9017
6;0.25;;(4, 20);;(3, 17);1;9018
6;0.25;;(4, 20);;(3, 17);1;9019
6;0.25;;(4, 20);;(3, 17);1;9020
6;0.25;;(4, 20);;(3, 17);1;9021
6;0.25;;(4, 20);;(3, 17);1;9022
6;0.25;;(4, 20);;(3, 17);1;9023
6;0.25;;(4, 20);;(3, 17);1;9024
6;0.25;;(4, 20);;(3, 17);1;9025
6;0.25;;(4, 20);;(3, 17);1;9026
6;0.25;;(4, 20);;(3, 17);1;9027
6;0.25;;(4, 20);;(3, 17);1;9028
6;0.25;;(4, 20);;(3, 17);1;9029
6;0.25;;(4, 20);;(3, 17);1;9030
6;0.25;;(4, 20);;(3, 17);1;9031
6;0.25;;(4, 20);;(3, 17);1;9032
6;0.25;;(4, 20);;(3, 17);1;9033
6;0.25;;(4, 20);;(3, 17);1;9034
6;0.25;;(4, 20);;(3, 17);1;9035
6;0.25;;(4, 20);;(3, 17);1;9036
6;0.25;;(4, 20);;(3, 17);1;9037
6;0.25;;(4, 20);;(3, 17);1;9038
6;0.25;;(4, 20);;(3, 17);1;9039
6;0.25;;(4, 20);;(3, 17);1;9040
6;0.25;;(4, 20);;(3, 17);1;9041
6;0.25;;(4, 20);;(3, 17);1;9042
6;0.25;;(4, 20);;(3, 17);1;9043
6;0.25;;(4, 20);;(3, 17);1;9044
6;0.25;;(4, 20);;(3, 17);1;9045
6;0.25;;(4, 20);;(3, 17);1;9046
6;0.25;;(4, 20);;(3, 17);1;9047
6;0.25;;(4, 20);;(3, 17);1;9048
6;0.25;;(4, 20);;(3, 17);1;9049
6;0.25;;(4, 20);;(3, 17);1;9050
6;0.25;;(4, 20);;(3, 17);1;9051
6;0.25;;(4, 20);;(3, 17);1;9052
6;0.25;;(4, 20);;(3, 17);1;9053
6;0.25;;(4, 20);;(3, 17);1;9054
6;0.25;;(4, 20);;(3, 17);1;9055
6;0.25;;(4, 20);;(3, 17);1;9056
6;0.25;;(4, 20);;(3, 17);1;9057
6;0.25;;(4, 20);;(3, 17);1;9058
6;0.25;;(4, 20);;(3, 17);1;9059
6;0.25;;(4, 20);;(3, 17);1;9060
6;0.25;;(4, 20);;(3, 17);1;9061
6;0.25;;(4, 20);;(3, 17);1;9062
6;0.25;;(4, 20);;(3, 17);1;9063
6;0.25;;(4, 20);;(3, 17);1;9064
6;0.25;;(4, 20);;(3, 17);1;9065
6;0.25;;(4, 20);;(3, 17);1;9066
6;0.25;;(4, 20);;(3, 17);1;9067
6;0.25;;(4, 20);;(3, 17);1;9068
6;0.25;;(4, 20);;(3, 17);1;9069
6;0.25;;(4, 20);;(3, 17);1;9070
6;0.25;;(4, 20);;(3, 17);1;9071
6;0.25;;(4, 20);;(3, 17);1;9072
6;0.25;;(4, 20);;(3, 17);1;9073
6;0.25;;(4, 20);;(3, 17);1;9074
6;0.25;;(4, 20);;(3, 17);1;9075
6;0.25;;(4, 20);;(3, 17);1;9076
6;0.25;;(4, 20);;(3, 17);1;9077
6;0.25;;(4, 20);;(3, 17);1;9078
6;0.25;;(4, 20);;(3, 17);1;9079
6;0.25;;(4, 20);;(3, 17);1;9080
6;0.25;;(4, 20);;(3, 17);1;9081
6;0.25;;(4, 20);;(3, 17);1;9082
6;0.25;;(4, 20);;(3, 17);1;9083
6;0.25;;(4, 20);;(3, 17);1;9084
6;0.25;;(4, 20);;(3, 17);1;9085
6;0.25;;(4, 20);;(3, 17);1;9086
6;0.25;;(4, 20);;(3, 17);1;9087
6;0.25;;(4, 20);;(3, 17);1;9088
6;0.25;;(4, 20);;(3, 17);1;9089
6;0.25;;(4, 20);;(3, 17);1;9090
6;0.25;;(4, 20);;(3, 17);1;9091
6;0.25;;(4, 20);;(3, 17);1;9092
6;0.25;;(4, 20);;(3, 17);1;9093
6;0.25;;(4, 20);;(3, 17);1;9094
6;0.25;;(4, 20);;(3, 17);1;9095
6;0.25;;(4, 20);;(3, 17);1;9096
6;0.25;;(4, 20);;(3, 17);1;9097
6;0.25;;(4, 20);;(3, 17);1;9098
6;0.25;;(4, 20);;(3, 17);1;9099
6;0.25;;(4, 20);;(3, 17);1;9100
6;0.25;;(4, 20);;(3, 17);1;9101
6;0.25;;(4, 20);;(3, 17);1;9102
6;0.25;;(4, 20);;(3, 17);1;9103
6;0.25;;(4, 20);;(3, 17);1;9104
6;0.25;;(4, 20);;(3, 17);1;9105
6;0.25;;(4, 20);;(3, 17);1;9106
6;0.25;;(4, 20);;(3, 17);1;9107
6;0.25;;(4, 20);;(3, 17);1;9108
6;0.25;;(4, 20);;(3, 17);1;9109
6;0.25;;(4, 20);;(3, 17);1;9110
6;0.25;;(4, 20);;(3, 17);1;9111
6;0.25;;(4, 20);;(3, 17);1;9112
6;0.25;;(4, 20);;(3, 17);1;9113
6;0.25;;(4, 20);;(3, 17);1;9114
6;0.25;;(4, 20);;(3, 17);1;9115
6;0.25;;(4, 20);;(3, 17);1;9116
6;0.25;;(4, 20);;(3, 17);1;9117
6;0.25;;(4, 20);;(3, 17);1;9118
6;0.25;;(4, 20);;(3, 17);1;9119
6;0.25;;(4, 20);;(3, 17);1;9120
6;0.25;;(4, 20);;(3, 17);1;9121
6;0.25;;(4, 20);;(3, 17);1;9122
6;0.25;;(4, 20);;(3, 17);1;9123
6;0.25;;(4, 20);;(3, 17);1;9124
6;0.25;;(4, 20);;(3, 17);1;9125
6;0.25;;(4, 20);;(3, 17);1;9126
6;0.25;;(4, 20);;(3, 17);1;9127
6;0.25;;(4, 20);;(3, 17);1;9128
6;0.25;;(4, 20);;(3, 17);1;9129
6;0.25;;(4, 20);;(3, 17);1;9130
6;0.25;;(4, 20);;(3, 17);1;9131
6;0.25;;(4, 20);;(3, 17);1;9132
6;0.25;;(4, 20);;(3, 17);1;9133
6;0.25;;(4, 20);;(3, 17);1;9134
6;0.25;;(4, 20);;(3, 17);1;9135
6;0.25;;(4, 20);;(3, 17);1;9136
6;0.25;;(4, 20);;(3, 17);1;9137
6;0.25;;(4, 20);;(3, 17);1;9138
6;0.25;;(4, 20);;(3, 17);1;9139
6;0.25;;(4, 20);;(3, 17);1;9140
6;0.25;;(4, 20);;(3, 17);1;9141
6;0.25;;(4, 20);;(3, 17);1;9142
6;0.25;;(4, 20);;(3, 17);1;9143
6;0.25;;(4, 20);;(3, 17);1;9144
6;0.25;;(4, 20);;(3, 17);1;9145
6;0.25;;(4, 20);;(3, 17);1;9146
6;0.25;;(4, 20);;(3, 17);1;9147
6;0.25;;(4, 20);;(3, 17);1;9148
6;0.25;;(4, 20);;(3, 17);1;9149
6;0.25;;(4, 20);;(3, 17);1;9150
6;0.25;;(4, 20);;(3, 17);1;9151
6;0.25;;(4, 20);;(3, 17);1;9152
6;0.25;;(4, 20);;(3, 17);1;9153
6;0.25;;(4, 20);;(3, 17);1;9154
6;0.25;;(4, 20);;(3, 17);1;9155
6;0.25;;(4, 20);;(3, 17);1;9156
6;0.25;;(4, 20);;(3, 17);1;9157
6;0.25;;(4, 20);;(3, 17);1;9158
6;0.25;;(4, 20);;(3, 17);1;9159
6;0.25;;(4, 20);;(3, 17);1;9160
6;0.25;;(4, 20);;(3, 17);1;9161
6;0.25;;(4, 20);;(3, 17);1;9162
6;0.25;;(4, 20);;(3, 17);1;9163
6;0.25;;(4, 20);;(3, 17);1;9164
6;0.25;;(4, 20);;(3, 17);1;9165
6;0.25;;(4, 20);;(3, 17);1;9166
6;0.25;;(4, 20);;(3, 17);1;9167
6;0.25;;(4, 20);;(3, 17);1;9168
6;0.25;;(4, 20);;(3, 17);1;9169
6;0.25;;(4, 20);;(3, 17);1;9170
6;0.25;;(4, 20);;(3, 17);1;9171
6;0.25;;(4, 20);;(3, 17);1;9172
6;0.25;;(4, 20);;(3, 17);1;9173
6;0.25;;(4, 20);;(3, 17);1;9174
6;0.25;;(4, 20);;(3, 17);1;9175
6;0.25;;(4, 20);;(3, 17);1;9176
6;0.25;;(4, 20);;(3, 17);1;9177
6;0.25;;(4, 20);;(3, 17);1;9178
6;0.25;;(4, 20);;(3, 17);1;9179
6;0.25;;(4, 20);;(3, 17);1;9180
6;0.25;;(4, 20);;(3, 17);1;9181
6;0.25;;(4, 20);;(3, 17);1;9182
6;0.25;;(4, 20);;(3, 17);1;9183
6;0.25;;(4, 20);;(3, 17);1;9184
6;0.25;;(4, 20);;(3, 17);1;9185
6;0.25;;(4, 20);;(3, 17);1;9186
6;0.25;;(4, 20);;(3, 17);1;9187
6;0.25;;(4, 20);;(3, 17);1;9188
6;0.25;;(4, 20);;(3, 17);1;9189
6;0.25;;(4, 20);;(3, 17);1;9190
6;0.25;;(4, 20);;(3, 17);1;9191
6;0.25;;(4, 20);;(3, 17);1;9192
6;0.25;;(4, 20);;(3, 17);1;9193
6;0.25;;(4, 20);;(3, 17);1;9194
6;0.25;;(4, 20);MoveSouth;(3, 18);1;9195
6;0.25;;(4, 20);;(3, 18);1;9196
6;0.25;;(4, 20);;(3, 18);1;9197
6;0.25;;(4, 20);;(3, 18);1;9198
6;0.25;;(4, 20);;(3, 18);1;9199
6;0.25;;(4, 20);MoveSouth;(3, 19);1;9200
6;0.25;;(4, 20);;(3, 19);1;9201
6;0.25;;(4, 20);;(3, 19);1;9202
6;0.25;;(4, 20);;(3, 19);1;9203
6;0.25;;(4, 20);;(3, 19);1;9204
6;0.25;;(4, 20);;(3, 19);1;9205
6;0.25;;(4, 20);;(3, 19);1;9206
6;0.25;;(4, 20);;(3, 19);1;9207
6;0.25;;(4, 20);;(3, 19);1;9208
6;0.25;;(4, 20);MoveSouth;(3, 20);1;9209
6;0.25;;(4, 20);;(3, 20);1;9210
6;0.25;;(4, 20);;(3, 20);1;9211
6;0.25;;(4, 20);;(3, 20);1;9212
6;0.25;;(4, 20);;(3, 20);1;9213
6;0.25;;(4, 20);;(3, 20);1;9214
6;0.25;;(4, 20);;(3, 20);1;9215
6;0.25;;(4, 20);;(3, 20);1;9216
6;0.25;;(4, 20);;(3, 20);1;9217
6;0.25;;(4, 20);MoveEast;(4, 20);1;9218
6;0.25;;(4, 20);;(4, 20);1;9219
6;0.25;;(4, 20);;(4, 20);1;9220
6;0.25;;(4, 20);;(4, 20);1;9221
6;0.25;;(4, 20);;(4, 20);1;9222
6;0.25;;(4, 20);;(4, 20);1;9223
6;0.25;;(4, 20);;(4, 20);1;9224
6;0.25;;(4, 20);;(4, 20);1;9225
6;0.25;;(4, 20);;(4, 20);1;9226
6;0.25;;(4, 20);;(4, 20);1;9227
6;0.25;;(4, 20);;(4, 20);1;9228
6;0.25;;(4, 20);;(4, 20);1;9229
6;0.25;;(4, 20);;(4, 20);1;9230
6;0.25;;(4, 20);;(4, 20);1;9231
6;0.25;;(4, 20);;(4, 20);1;9232
6;0.25;;(4, 20);MoveSouth;(4, 21);1;9233
6;0.25;;(4, 20);;(4, 21);1;9234
6;0.25;;(4, 20);;(4, 21);1;9235
6;0.25;;(4, 20);;(4, 21);1;9236
6;0.25;;(4, 20);;(4, 21);1;9237
6;0.25;;(4, 20);;(4, 21);1;9238
6;0.25;;(4, 20);;(4, 21);1;9239
6;0.25;;(4, 20);;(4, 21);1;9240
6;0.25;;(4, 20);;(4, 21);1;9241
6;0.25;;(4, 20);;(4, 21);1;9242
6;0.25;;(4, 20);;(4, 21);1;9243
6;0.25;;(4, 20);;(4, 21);1;9244
6;0.25;;(4, 20);;(4, 21);1;9245
6;0.25;;(4, 20);;(4, 21);1;9246
6;0.25;;(4, 20);;(4, 21);1;9247
6;0.25;;(4, 20);;(4, 21);1;9248
6;0.25;;(4, 20);;(4, 21);1;9249
6;0.25;;(4, 20);;(4, 21);1;9250
6;0.25;;(4, 20);;(4, 21);1;9251
6;0.25;;(4, 20);;(4, 21);1;9252
6;0.25;;(4, 20);;(4, 21);1;9253
6;0.25;;(4, 20);;(4, 21);1;9254
6;0.25;;(4, 20);;(4, 21);1;9255
6;0.25;;(4, 20);;(4, 21);1;9256
6;0.25;;(4, 20);;(4, 21);1;9257
6;0.25;;(4, 20);;(4, 21);1;9258
6;0.25;;(4, 20);;(4, 21);1;9259
6;0.25;;(4, 20);;(4, 21);1;9260
6;0.25;;(4, 20);;(4, 21);1;9261
6;0.25;;(4, 20);;(4, 21);1;9262
6;0.25;;(4, 20);;(4, 21);1;9263
6;0.25;;(4, 20);;(4, 21);1;9264
6;0.25;;(4, 20);;(4, 21);1;9265
6;0.25;;(4, 20);;(4, 21);1;9266
6;0.25;;(4, 20);;(4, 21);1;9267
6;0.25;;(4, 20);;(4, 21);1;9268
6;0.25;;(4, 20);;(4, 21);1;9269
6;0.25;;(4, 20);;(4, 21);1;9270
6;0.25;;(4, 20);;(4, 21);1;9271
6;0.25;;(4, 20);;(4, 21);1;9272
6;0.25;;(4, 20);;(4, 21);1;9273
6;0.25;;(4, 20);;(4, 21);1;9274
6;0.25;;(4, 20);;(4, 21);1;9275
6;0.25;;(4, 20);;(4, 21);1;9276
6;0.25;;(4, 20);;(4, 21);1;9277
6;0.25;;(4, 20);;(4, 21);1;9278
6;0.25;;(4, 20);;(4, 21);1;9279
6;0.25;;(4, 20);;(4, 21);1;9280
6;0.25;;(4, 20);;(4, 21);1;9281
6;0.25;;(4, 20);;(4, 21);1;9282
6;0.25;;(4, 20);;(4, 21);1;9283
6;0.25;;(4, 20);;(4, 21);1;9284
6;0.25;;(4, 20);;(4, 21);1;9285
6;0.25;;(4, 20);;(4, 21);1;9286
6;0.25;;(4, 20);;(4, 21);1;9287
6;0.25;;(4, 20);;(4, 21);1;9288
6;0.25;;(4, 20);;(4, 21);1;9289
6;0.25;;(4, 20);;(4, 21);1;9290
6;0.25;;(4, 20);;(4, 21);1;9291
6;0.25;;(4, 20);;(4, 21);1;9292
6;0.25;;(4, 20);;(4, 21);1;9293
6;0.25;;(4, 20);;(4, 21);1;9294
6;0.25;;(4, 20);;(4, 21);1;9295
6;0.25;;(4, 20);;(4, 21);1;9296
6;0.25;;(4, 20);;(4, 21);1;9297
6;0.25;;(4, 20);;(4, 21);1;9298
6;0.25;;(4, 20);;(4, 21);1;9299
6;0.25;;(4, 20);;(4, 21);1;9300
6;0.25;;(4, 20);;(4, 21);1;9301
6;0.25;;(4, 20);;(4, 21);1;9302
6;0.25;;(4, 20);;(4, 21);1;9303
6;0.25;;(4, 20);;(4, 21);1;9304
6;0.25;;(4, 20);;(4, 21);1;9305
6;0.25;;(4, 20);;(4, 21);1;9306
6;0.25;;(4, 20);;(4, 21);1;9307
6;0.25;;(4, 20);;(4, 21);1;9308
6;0.25;;(4, 20);;(4, 21);1;9309
6;0.25;;(4, 20);;(4, 21);1;9310
6;0.25;;(4, 20);;(4, 21);1;9311
6;0.25;;(4, 20);;(4, 21);1;9312
6;0.25;;(4, 20);;(4, 21);1;9313
6;0.25;;(4, 20);;(4, 21);1;9314
6;0.25;Idle;(4, 20);;(4, 21);1;9315
6;0.25;Idle;(4, 20);;(4, 21);1;9316
6;0.25;Idle;(4, 20);;(4, 21);1;9317
6;0.25;Idle;(4, 20);;(4, 21);1;9318
6;0.25;Idle;(4, 20);;(4, 21);1;9319
6;0.25;Idle;(4, 20);;(4, 21);1;9320
6;0.25;Idle;(4, 20);;(4, 21);1;9321
6;0.25;Idle;(4, 20);;(4, 21);1;9322
6;0.25;Idle;(4, 20);;(4, 21);1;9323
6;0.25;Idle;(4, 20);;(4, 21);1;9324
6;0.25;Idle;(4, 20);;(4, 21);1;9325
6;0.25;Idle;(4, 20);;(4, 21);1;9326
6;0.25;Idle;(4, 20);;(4, 21);1;9327
6;0.25;Idle;(4, 20);;(4, 21);1;9328
6;0.25;Idle;(4, 20);;(4, 21);1;9329
6;0.25;Idle;(4, 20);;(4, 21);1;9330
6;0.25;Idle;(4, 20);;(4, 21);1;9331
6;0.25;Idle;(4, 20);;(4, 21);1;9332
6;0.25;Idle;(4, 20);;(4, 21);1;9333
6;0.25;Idle;(4, 20);;(4, 21);1;9334
6;0.25;Idle;(4, 20);;(4, 21);1;9335
6;0.25;Idle;(4, 20);;(4, 21);1;9336
6;0.25;Idle;(4, 20);;(4, 21);1;9337
6;0.25;Idle;(4, 20);;(4, 21);1;9338
6;0.25;Idle;(4, 20);;(4, 21);1;9339
6;0.25;Idle;(4, 20);;(4, 21);1;9340
6;0.25;MoveSouth;(4, 20);;(4, 21);1;9341
6;0.25;MoveSouth;(4, 20);;(4, 21);1;9342
6;0.25;MoveSouth;(4, 20);;(4, 21);1;9343
6;0.25;MoveSouth;(4, 20);;(4, 21);1;9344
6;0.25;MoveSouth;(4, 20);;(4, 21);1;9345
6;0.25;MoveSouth;(4, 20);;(4, 21);1;9346
6;0.25;MoveSouth;(4, 20);;(4, 21);1;9347
6;0.25;MoveSouth;(4, 20);;(4, 21);1;9348
6;0.25;MoveSouth;(4, 21);;(4, 21);1;9349
6;0.25;;(4, 21);;(4, 21);1;9350
6;0.25;;(4, 21);;(4, 21);1;9351
6;0.25;;(4, 21);;(4, 21);1;9352
6;0.25;;(4, 21);;(4, 21);1;9353
6;0.25;;(4, 21);;(4, 21);1;9354
6;0.25;;(4, 21);;(4, 21);1;9355
6;0.25;;(4, 21);;(4, 21);1;9356
6;0.25;;(4, 21);;(4, 21);1;9357
6;0.25;;(4, 21);;(4, 21);1;9358
6;0.25;;(4, 21);;(4, 21);1;9359
6;0.25;;(4, 21);;(4, 21);1;9360
6;0.25;;(4, 21);;(4, 21);1;9361
6;0.25;;(4, 21);;(4, 21);1;9362
6;0.25;;(4, 21);;(4, 21);1;9363
6;0.25;;(4, 21);;(4, 21);1;9364
6;0.25;;(4, 21);;(4, 21);1;9365
6;0.25;;(4, 21);;(4, 21);1;9366
6;0.25;;(4, 21);;(4, 21);1;9367
6;0.25;;(4, 21);;(4, 21);1;9368
6;0.25;;(4, 21);;(4, 21);1;9369
6;0.25;;(4, 21);;(4, 21);1;9370
6;0.25;;(4, 21);;(4, 21);1;9371
6;0.25;;(4, 21);;(4, 21);1;9372
6;0.25;;(4, 21);;(4, 21);1;9373
6;0.25;;(4, 21);;(4, 21);1;9374
6;0.25;;(4, 21);;(4, 21);1;9375
6;0.25;;(4, 21);;(4, 21);1;9376
6;0.25;;(4, 21);;(4, 21);1;9377
6;0.25;;(4, 21);;(4, 21);1;9378
6;0.25;;(4, 21);;(4, 21);1;9379
6;0.25;;(4, 21);;(4, 21);1;9380
6;0.25;;(4, 21);;(4, 21);1;9381
6;0.25;;(4, 21);;(4, 21);1;9382
6;0.25;;(4, 21);;(4, 21);1;9383
6;0.25;;(4, 21);;(4, 21);1;9384
6;0.25;;(4, 21);;(4, 21);1;9385
6;0.25;;(4, 21);;(4, 21);1;9386
6;0.25;;(4, 21);;(4, 21);1;9387
6;0.25;;(4, 21);;(4, 21);1;9388
6;0.25;;(4, 21);;(4, 21);1;9389
6;0.25;;(4, 21);;(4, 21);1;9390
6;0.25;;(4, 21);;(4, 21);1;9391
6;0.25;;(4, 21);;(4, 21);1;9392
6;0.25;;(4, 21);;(4, 21);1;9393
6;0.25;;(4, 21);;(4, 21);1;9394
6;0.25;;(4, 21);;(4, 21);1;9395
6;0.25;;(4, 21);;(4, 21);1;9396
6;0.25;;(4, 21);;(4, 21);1;9397
6;0.25;;(4, 21);;(4, 21);1;9398
6;0.25;;(4, 21);;(4, 21);1;9399
6;0.25;;(4, 21);;(4, 21);1;9400
6;0.25;;(4, 21);;(4, 21);1;9401
6;0.25;;(4, 21);;(4, 21);1;9402
6;0.25;;(4, 21);;(4, 21);1;9403
6;0.25;;(4, 21);;(4, 21);1;9404
6;0.25;;(4, 21);;(4, 21);1;9405
6;0.25;;(4, 21);;(4, 21);1;9406
6;0.25;;(4, 21);;(4, 21);1;9407
6;0.25;;(4, 21);;(4, 21);1;9408
6;0.25;;(4, 21);;(4, 21);1;9409
6;0.25;;(4, 21);;(4, 21);1;9410
6;0.25;;(4, 21);;(4, 21);1;9411
6;0.25;;(4, 21);;(4, 21);1;9412
6;0.25;;(4, 21);;(4, 21);1;9413
6;0.25;;(4, 21);;(4, 21);1;9414
6;0.25;;(4, 21);;(4, 21);1;9415
6;0.25;;(4, 21);;(4, 21);1;9416
6;0.25;;(4, 21);;(4, 21);1;9417
6;0.25;;(4, 21);;(4, 21);1;9418
6;0.25;;(4, 21);;(4, 21);1;9419
6;0.25;;(4, 21);;(4, 21);1;9420
6;0.25;;(4, 21);;(4, 21);1;9421
6;0.25;;(4, 21);;(4, 21);1;9422
6;0.25;;(4, 21);;(4, 21);1;9423
6;0.25;;(4, 21);;(4, 21);1;9424
6;0.25;;(4, 21);;(4, 21);1;9425
6;0.25;;(4, 21);;(4, 21);1;9426
6;0.25;;(4, 21);;(4, 21);1;9427
6;0.25;;(4, 21);;(4, 21);1;9428
6;0.25;;(4, 21);;(4, 21);1;9429
6;0.25;;(4, 21);;(4, 21);1;9430
6;0.25;;(4, 21);;(4, 21);1;9431
6;0.25;;(4, 21);;(4, 21);1;9432
6;0.25;;(4, 21);;(4, 21);1;9433
6;0.25;;(4, 21);;(4, 21);1;9434
6;0.25;;(4, 21);;(4, 21);1;9435
6;0.25;;(4, 21);;(4, 21);1;9436
6;0.25;;(4, 21);;(4, 21);1;9437
6;0.25;;(4, 21);;(4, 21);1;9438
6;0.25;;(4, 21);;(4, 21);1;9439
6;0.25;;(4, 21);;(4, 21);1;9440
6;0.25;;(4, 21);;(4, 21);1;9441
6;0.25;;(4, 21);;(4, 21);1;9442
6;0.25;;(4, 21);;(4, 21);1;9443
6;0.25;;(4, 21);;(4, 21);1;9444
6;0.25;;(4, 21);;(4, 21);1;9445
6;0.25;;(4, 21);;(4, 21);1;9446
6;0.25;;(4, 21);;(4, 21);1;9447
6;0.25;;(4, 21);;(4, 21);1;9448
6;0.25;;(4, 21);;(4, 21);1;9449
6;0.25;;(4, 21);;(4, 21);1;9450
6;0.25;;(4, 21);;(4, 21);1;9451
6;0.25;;(4, 21);;(4, 21);1;9452
6;0.25;;(4, 21);;(4, 21);1;9453
6;0.25;;(4, 21);;(4, 21);1;9454
6;0.25;;(4, 21);;(4, 21);1;9455
6;0.25;;(4, 21);;(4, 21);1;9456
6;0.25;;(4, 21);;(4, 21);1;9457
6;0.25;;(4, 21);;(4, 21);1;9458
6;0.25;;(4, 21);;(4, 21);1;9459
6;0.25;;(4, 21);;(4, 21);1;9460
6;0.25;;(4, 21);;(4, 21);1;9461
6;0.25;;(4, 21);;(4, 21);1;9462
6;0.25;;(4, 21);;(4, 21);1;9463
6;0.25;;(4, 21);;(4, 21);1;9464
6;0.25;;(4, 21);;(4, 21);1;9465
6;0.25;;(4, 21);;(4, 21);1;9466
6;0.25;;(4, 21);;(4, 21);1;9467
6;0.25;;(4, 21);;(4, 21);1;9468
6;0.25;;(4, 21);;(4, 21);1;9469
6;0.25;;(4, 21);;(4, 21);1;9470
6;0.25;;(4, 21);;(4, 21);1;9471
6;0.25;;(4, 21);;(4, 21);1;9472
6;0.25;;(4, 21);;(4, 21);1;9473
6;0.25;;(4, 21);;(4, 21);1;9474
6;0.25;;(4, 21);;(4, 21);1;9475
6;0.25;;(4, 21);;(4, 21);1;9476
6;0.25;;(4, 21);;(4, 21);1;9477
6;0.25;;(4, 21);;(4, 21);1;9478
6;0.25;;(4, 21);;(4, 21);1;9479
6;0.25;;(4, 21);;(4, 21);1;9480
6;0.25;;(4, 21);;(4, 21);1;9481
6;0.25;;(4, 21);;(4, 21);1;9482
6;0.25;;(4, 21);;(4, 21);1;9483
6;0.25;;(4, 21);;(4, 21);1;9484
6;0.25;;(4, 21);;(4, 21);1;9485
6;0.25;;(4, 21);;(4, 21);1;9486
6;0.25;;(4, 21);;(4, 21);1;9487
6;0.25;;(4, 21);;(4, 21);1;9488
6;0.25;;(4, 21);;(4, 21);1;9489
6;0.25;;(4, 21);;(4, 21);1;9490
6;0.25;;(4, 21);;(4, 21);1;9491
6;0.25;;(4, 21);;(4, 21);1;9492
6;0.25;;(4, 21);;(4, 21);1;9493
6;0.25;;(4, 21);;(4, 21);1;9494
6;0.25;;(4, 21);;(4, 21);1;9495
6;0.25;;(4, 21);;(4, 21);1;9496
6;0.25;;(4, 21);;(4, 21);1;9497
6;0.25;;(4, 21);;(4, 21);1;9498
6;0.25;;(4, 21);;(4, 21);1;9499
6;0.25;;(4, 21);;(4, 21);1;9500
6;0.25;;(4, 21);;(4, 21);1;9501
6;0.25;;(4, 21);;(4, 21);1;9502
6;0.25;;(4, 21);;(4, 21);1;9503
6;0.25;;(4, 21);;(4, 21);1;9504
6;0.25;;(4, 21);;(4, 21);1;9505
6;0.25;;(4, 21);;(4, 21);1;9506
6;0.25;;(4, 21);;(4, 21);1;9507
6;0.25;;(4, 21);;(4, 21);1;9508
6;0.25;;(4, 21);;(4, 21);1;9509
6;0.25;;(4, 21);;(4, 21);1;9510
6;0.25;;(4, 21);;(4, 21);1;9511
6;0.25;;(4, 21);;(4, 21);1;9512
6;0.25;;(4, 21);;(4, 21);1;9513
6;0.25;;(4, 21);;(4, 21);1;9514
6;0.25;;(4, 21);;(4, 21);1;9515
6;0.25;;(4, 21);;(4, 21);1;9516
6;0.25;;(4, 21);;(4, 21);1;9517
6;0.25;;(4, 21);;(4, 21);1;9518
6;0.25;;(4, 21);;(4, 21);1;9519
6;0.25;;(4, 21);;(4, 21);1;9520
6;0.25;;(4, 21);;(4, 21);1;9521
6;0.25;;(4, 21);;(4, 21);1;9522
6;0.25;;(4, 21);;(4, 21);1;9523
6;0.25;;(4, 21);;(4, 21);1;9524
6;0.25;;(4, 21);;(4, 21);1;9525
6;0.25;;(4, 21);;(4, 21);1;9526
6;0.25;;(4, 21);;(4, 21);1;9527
6;0.25;;(4, 21);;(4, 21);1;9528
6;0.25;;(4, 21);;(4, 21);1;9529
6;0.25;;(4, 21);;(4, 21);1;9530
6;0.25;;(4, 21);;(4, 21);1;9531
6;0.25;;(4, 21);;(4, 21);1;9532
6;0.25;;(4, 21);;(4, 21);1;9533
6;0.25;;(4, 21);;(4, 21);1;9534
6;0.25;;(4, 21);;(4, 21);1;9535
6;0.25;;(4, 21);;(4, 21);1;9536
6;0.25;;(4, 21);;(4, 21);1;9537
6;0.25;;(4, 21);;(4, 21);1;9538
6;0.25;;(4, 21);;(4, 21);1;9539
6;0.25;;(4, 21);;(4, 21);1;9540
6;0.25;;(4, 21);;(4, 21);1;9541
6;0.25;;(4, 21);;(4, 21);1;9542
6;0.25;;(4, 21);;(4, 21);1;9543
6;0.25;;(4, 21);;(4, 21);1;9544
6;0.25;;(4, 21);;(4, 21);1;9545
6;0.25;;(4, 21);;(4, 21);1;9546
6;0.25;;(4, 21);;(4, 21);1;9547
6;0.25;;(4, 21);;(4, 21);1;9548
6;0.25;;(4, 21);;(4, 21);1;9549
6;0.25;;(4, 21);;(4, 21);1;9550
6;0.25;;(4, 21);;(4, 21);1;9551
6;0.25;;(4, 21);;(4, 21);1;9552
6;0.25;;(4, 21);;(4, 21);1;9553
6;0.25;;(4, 21);;(4, 21);1;9554
6;0.25;;(4, 21);;(4, 21);1;9555
6;0.25;;(4, 21);;(4, 21);1;9556
6;0.25;;(4, 21);;(4, 21);1;9557
6;0.25;;(4, 21);;(4, 21);1;9558
6;0.25;;(4, 21);;(4, 21);1;9559
6;0.25;;(4, 21);;(4, 21);1;9560
6;0.25;;(4, 21);;(4, 21);1;9561
6;0.25;;(4, 21);;(4, 21);1;9562
6;0.25;;(4, 21);;(4, 21);1;9563
6;0.25;;(4, 21);;(4, 21);1;9564
6;0.25;;(4, 21);;(4, 21);1;9565
6;0.25;;(4, 21);;(4, 21);1;9566
6;0.25;;(4, 21);;(4, 21);1;9567
6;0.25;;(4, 21);;(4, 21);1;9568
6;0.25;;(4, 21);;(4, 21);1;9569
6;0.25;;(4, 21);;(4, 21);1;9570
6;0.25;;(4, 21);;(4, 21);1;9571
6;0.25;;(4, 21);;(4, 21);1;9572
6;0.25;;(4, 21);;(4, 21);1;9573
6;0.25;;(4, 21);;(4, 21);1;9574
6;0.25;;(4, 21);;(4, 21);1;9575
6;0.25;;(4, 21);;(4, 21);1;9576
6;0.25;;(4, 21);;(4, 21);1;9577
6;0.25;;(4, 21);;(4, 21);1;9578
6;0.25;;(4, 21);;(4, 21);1;9579
6;0.25;;(4, 21);;(4, 21);1;9580
6;0.25;;(4, 21);;(4, 21);1;9581
6;0.25;;(4, 21);;(4, 21);1;9582
6;0.25;;(4, 21);;(4, 21);1;9583
6;0.25;;(4, 21);;(4, 21);1;9584
6;0.25;;(4, 21);;(4, 21);1;9585
6;0.25;;(4, 21);;(4, 21);1;9586
6;0.25;;(4, 21);;(4, 21);1;9587
6;0.25;;(4, 21);;(4, 21);1;9588
6;0.25;;(4, 21);;(4, 21);1;9589
6;0.25;;(4, 21);;(4, 21);1;9590
6;0.25;;(4, 21);;(4, 21);1;9591
6;0.25;;(4, 21);;(4, 21);1;9592
6;0.25;;(4, 21);;(4, 21);1;9593
6;0.25;;(4, 21);;(4, 21);1;9594
6;0.25;;(4, 21);;(4, 21);1;9595
6;0.25;;(4, 21);;(4, 21);1;9596
6;0.25;;(4, 21);;(4, 21);1;9597
6;0.25;;(4, 21);;(4, 21);1;9598
6;0.25;;(4, 21);;(4, 21);1;9599
6;0.25;;(4, 21);;(4, 21);1;9600
6;0.25;;(4, 21);;(4, 21);1;9601
6;0.25;;(4, 21);;(4, 21);1;9602
6;0.25;;(4, 21);;(4, 21);1;9603
6;0.25;;(4, 21);;(4, 21);1;9604
6;0.25;;(4, 21);;(4, 21);1;9605
6;0.25;;(4, 21);;(4, 21);1;9606
6;0.25;;(4, 21);;(4, 21);1;9607
6;0.25;;(4, 21);;(4, 21);1;9608
6;0.25;;(4, 21);;(4, 21);1;9609
6;0.25;;(4, 21);;(4, 21);1;9610
6;0.25;;(4, 21);;(4, 21);1;9611
6;0.25;;(4, 21);;(4, 21);1;9612
6;0.25;;(4, 21);;(4, 21);1;9613
6;0.25;;(4, 21);;(4, 21);1;9614
6;0.25;;(4, 21);;(4, 21);1;9615
6;0.25;;(4, 21);;(4, 21);1;9616
6;0.25;;(4, 21);;(4, 21);1;9617
6;0.25;;(4, 21);;(4, 21);1;9618
6;0.25;;(4, 21);;(4, 21);1;9619
6;0.25;;(4, 21);;(4, 21);1;9620
6;0.25;;(4, 21);;(4, 21);1;9621
6;0.25;;(4, 21);;(4, 21);1;9622
6;0.25;;(4, 21);;(4, 21);1;9623
6;0.25;;(4, 21);;(4, 21);1;9624
6;0.25;;(4, 21);;(4, 21);1;9625
6;0.25;;(4, 21);;(4, 21);1;9626
6;0.25;;(4, 21);;(4, 21);1;9627
6;0.25;;(4, 21);;(4, 21);1;9628
6;0.25;;(4, 21);;(4, 21);1;9629
6;0.25;;(4, 21);;(4, 21);1;9630
6;0.25;;(4, 21);;(4, 21);1;9631
6;0.25;;(4, 21);;(4, 21);1;9632
6;0.25;;(4, 21);;(4, 21);1;9633
6;0.25;;(4, 21);;(4, 21);1;9634
6;0.25;;(4, 21);;(4, 21);1;9635
6;0.25;;(4, 21);;(4, 21);1;9636
6;0.25;;(4, 21);;(4, 21);1;9637
6;0.25;;(4, 21);;(4, 21);1;9638
6;0.25;;(4, 21);;(4, 21);1;9639
6;0.25;;(4, 21);;(4, 21);1;9640
6;0.25;;(4, 21);;(4, 21);1;9641
6;0.25;;(4, 21);;(4, 21);1;9642
6;0.25;;(4, 21);;(4, 21);1;9643
6;0.25;;(4, 21);;(4, 21);1;9644
6;0.25;;(4, 21);;(4, 21);1;9645
6;0.25;;(4, 21);;(4, 21);1;9646
6;0.25;;(4, 21);;(4, 21);1;9647
6;0.25;;(4, 21);;(4, 21);1;9648
6;0.25;;(4, 21);;(4, 21);1;9649
6;0.25;;(4, 21);;(4, 21);1;9650
6;0.25;;(4, 21);;(4, 21);1;9651
6;0.25;;(4, 21);;(4, 21);1;9652
6;0.25;;(4, 21);;(4, 21);1;9653
6;0.25;;(4, 21);;(4, 21);1;9654
6;0.25;;(4, 21);;(4, 21);1;9655
6;0.25;;(4, 21);;(4, 21);1;9656
6;0.25;;(4, 21);;(4, 21);1;9657
6;0.25;;(4, 21);;(4, 21);1;9658
6;0.25;;(4, 21);;(4, 21);1;9659
6;0.25;;(4, 21);;(4, 21);1;9660
6;0.25;;(4, 21);;(4, 21);1;9661
6;0.25;;(4, 21);;(4, 21);1;9662
6;0.25;;(4, 21);;(4, 21);1;9663
6;0.25;;(4, 21);;(4, 21);1;9664
6;0.25;;(4, 21);;(4, 21);1;9665
6;0.25;;(4, 21);;(4, 21);1;9666
6;0.25;;(4, 21);;(4, 21);1;9667
6;0.25;;(4, 21);;(4, 21);1;9668
6;0.25;;(4, 21);;(4, 21);1;9669
6;0.25;;(4, 21);;(4, 21);1;9670
6;0.25;;(4, 21);;(4, 21);1;9671
6;0.25;;(4, 21);;(4, 21);1;9672
6;0.25;;(4, 21);;(4, 21);1;9673
6;0.25;;(4, 21);;(4, 21);1;9674
6;0.25;;(4, 21);;(4, 21);1;9675
6;0.25;;(4, 21);;(4, 21);1;9676
6;0.25;;(4, 21);;(4, 21);1;9677
6;0.25;;(4, 21);;(4, 21);1;9678
6;0.25;;(4, 21);;(4, 21);1;9679
6;0.25;;(4, 21);;(4, 21);1;9680
6;0.25;;(4, 21);;(4, 21);1;9681
6;0.25;;(4, 21);;(4, 21);1;9682
6;0.25;;(4, 21);;(4, 21);1;9683
6;0.25;;(4, 21);;(4, 21);1;9684
6;0.25;;(4, 21);;(4, 21);1;9685
6;0.25;;(4, 21);;(4, 21);1;9686
6;0.25;;(4, 21);;(4, 21);1;9687
6;0.25;;(4, 21);;(4, 21);1;9688
6;0.25;;(4, 21);;(4, 21);1;9689
6;0.25;;(4, 21);;(4, 21);1;9690
6;0.25;;(4, 21);;(4, 21);1;9691
6;0.25;;(4, 21);;(4, 21);1;9692
6;0.25;;(4, 21);;(4, 21);1;9693
6;0.25;;(4, 21);;(4, 21);1;9694
6;0.25;;(4, 21);;(4, 21);1;9695
6;0.25;;(4, 21);;(4, 21);1;9696
6;0.25;;(4, 21);;(4, 21);1;9697
6;0.25;;(4, 21);;(4, 21);1;9698
6;0.25;;(4, 21);;(4, 21);1;9699
6;0.25;;(4, 21);;(4, 21);1;9700
6;0.25;;(4, 21);;(4, 21);1;9701
6;0.25;;(4, 21);;(4, 21);1;9702
6;0.25;;(4, 21);;(4, 21);1;9703
6;0.25;;(4, 21);;(4, 21);1;9704
6;0.25;;(4, 21);;(4, 21);1;9705
6;0.25;;(4, 21);;(4, 21);1;9706
6;0.25;;(4, 21);;(4, 21);1;9707
6;0.25;;(4, 21);;(4, 21);1;9708
6;0.25;;(4, 21);;(4, 21);1;9709
6;0.25;;(4, 21);;(4, 21);1;9710
6;0.25;;(4, 21);;(4, 21);1;9711
6;0.25;;(4, 21);;(4, 21);1;9712
6;0.25;;(4, 21);;(4, 21);1;9713
6;0.25;;(4, 21);;(4, 21);1;9714
6;0.25;;(4, 21);;(4, 21);1;9715
6;0.25;;(4, 21);;(4, 21);1;9716
6;0.25;;(4, 21);;(4, 21);1;9717
6;0.25;;(4, 21);;(4, 21);1;9718
6;0.25;;(4, 21);;(4, 21);1;9719
6;0.25;;(4, 21);;(4, 21);1;9720
6;0.25;;(4, 21);;(4, 21);1;9721
6;0.25;;(4, 21);;(4, 21);1;9722
6;0.25;;(4, 21);;(4, 21);1;9723
6;0.25;;(4, 21);;(4, 21);1;9724
6;0.25;;(4, 21);;(4, 21);1;9725
6;0.25;;(4, 21);;(4, 21);1;9726
6;0.25;;(4, 21);;(4, 21);1;9727
6;0.25;;(4, 21);;(4, 21);1;9728
6;0.25;;(4, 21);;(4, 21);1;9729
6;0.25;;(4, 21);;(4, 21);1;9730
6;0.25;;(4, 21);;(4, 21);1;9731
6;0.25;;(4, 21);;(4, 21);1;9732
6;0.25;;(4, 21);;(4, 21);1;9733
6;0.25;;(4, 21);;(4, 21);1;9734
6;0.25;;(4, 21);;(4, 21);1;9735
6;0.25;;(4, 21);;(4, 21);1;9736
6;0.25;;(4, 21);;(4, 21);1;9737
6;0.25;;(4, 21);;(4, 21);1;9738
6;0.25;;(4, 21);;(4, 21);1;9739
6;0.25;;(4, 21);;(4, 21);1;9740
6;0.25;;(4, 21);;(4, 21);1;9741
6;0.25;;(4, 21);;(4, 21);1;9742
6;0.25;;(4, 21);;(4, 21);1;9743
6;0.25;;(4, 21);;(4, 21);1;9744
6;0.25;;(4, 21);;(4, 21);1;9745
6;0.25;;(4, 21);;(4, 21);1;9746
6;0.25;;(4, 21);;(4, 21);1;9747
6;0.25;;(4, 21);;(4, 21);1;9748
6;0.25;;(4, 21);;(4, 21);1;9749
6;0.25;;(4, 21);;(4, 21);1;9750
6;0.25;;(4, 21);;(4, 21);1;9751
6;0.25;;(4, 21);;(4, 21);1;9752
6;0.25;;(4, 21);;(4, 21);1;9753
6;0.25;;(4, 21);;(4, 21);1;9754
6;0.25;;(4, 21);;(4, 21);1;9755
6;0.25;;(4, 21);;(4, 21);1;9756
6;0.25;;(4, 21);;(4, 21);1;9757
6;0.25;;(4, 21);;(4, 21);1;9758
6;0.25;;(4, 21);;(4, 21);1;9759
6;0.25;;(4, 21);;(4, 21);1;9760
6;0.25;;(4, 21);;(4, 21);1;9761
6;0.25;;(4, 21);;(4, 21);1;9762
6;0.25;;(4, 21);;(4, 21);1;9763
6;0.25;;(4, 21);;(4, 21);1;9764
6;0.25;;(4, 21);;(4, 21);1;9765
6;0.25;;(4, 21);;(4, 21);1;9766
6;0.25;;(4, 21);;(4, 21);1;9767
6;0.25;;(4, 21);;(4, 21);1;9768
6;0.25;;(4, 21);;(4, 21);1;9769
6;0.25;;(4, 21);;(4, 21);1;9770
6;0.25;;(4, 21);;(4, 21);1;9771
6;0.25;;(4, 21);;(4, 21);1;9772
6;0.25;;(4, 21);;(4, 21);1;9773
6;0.25;;(4, 21);;(4, 21);1;9774
6;0.25;;(4, 21);;(4, 21);1;9775
6;0.25;;(4, 21);;(4, 21);1;9776
6;0.25;;(4, 21);;(4, 21);1;9777
6;0.25;;(4, 21);;(4, 21);1;9778
6;0.25;;(4, 21);;(4, 21);1;9779
6;0.25;;(4, 21);;(4, 21);1;9780
6;0.25;;(4, 21);;(4, 21);1;9781
6;0.25;;(4, 21);;(4, 21);1;9782
6;0.25;;(4, 21);;(4, 21);1;9783
6;0.25;;(4, 21);;(4, 21);1;9784
6;0.25;;(4, 21);;(4, 21);1;9785
6;0.25;;(4, 21);;(4, 21);1;9786
6;0.25;;(4, 21);;(4, 21);1;9787
6;0.25;;(4, 21);;(4, 21);1;9788
6;0.25;;(4, 21);;(4, 21);1;9789
6;0.25;;(4, 21);;(4, 21);1;9790
6;0.25;;(4, 21);;(4, 21);1;9791
6;0.25;;(4, 21);;(4, 21);1;9792
6;0.25;;(4, 21);;(4, 21);1;9793
6;0.25;;(4, 21);;(4, 21);1;9794
6;0.25;;(4, 21);;(4, 21);1;9795
6;0.25;;(4, 21);;(4, 21);1;9796
6;0.25;;(4, 21);;(4, 21);1;9797
6;0.25;;(4, 21);;(4, 21);1;9798
6;0.25;;(4, 21);;(4, 21);1;9799
6;0.25;;(4, 21);;(4, 21);1;9800
6;0.25;;(4, 21);;(4, 21);1;9801
6;0.25;;(4, 21);;(4, 21);1;9802
6;0.25;;(4, 21);;(4, 21);1;9803
6;0.25;;(4, 21);;(4, 21);1;9804
6;0.25;;(4, 21);;(4, 21);1;9805
6;0.25;;(4, 21);;(4, 21);1;9806
6;0.25;;(4, 21);;(4, 21);1;9807
6;0.25;;(4, 21);;(4, 21);1;9808
6;0.25;;(4, 21);;(4, 21);1;9809
6;0.25;;(4, 21);;(4, 21);1;9810
6;0.25;;(4, 21);;(4, 21);1;9811
6;0.25;;(4, 21);;(4, 21);1;9812
6;0.25;;(4, 21);;(4, 21);1;9813
6;0.25;;(4, 21);;(4, 21);1;9814
6;0.25;;(4, 21);;(4, 21);1;9815
6;0.25;;(4, 21);;(4, 21);1;9816
6;0.25;;(4, 21);;(4, 21);1;9817
6;0.25;;(4, 21);;(4, 21);1;9818
6;0.25;;(4, 21);;(4, 21);1;9819
6;0.25;;(4, 21);;(4, 21);1;9820
6;0.25;;(4, 21);;(4, 21);1;9821
6;0.25;;(4, 21);;(4, 21);1;9822
6;0.25;;(4, 21);;(4, 21);1;9823
6;0.25;;(4, 21);;(4, 21);1;9824
6;0.25;;(4, 21);;(4, 21);1;9825
6;0.25;;(4, 21);;(4, 21);1;9826
6;0.25;;(4, 21);;(4, 21);1;9827
6;0.25;;(4, 21);;(4, 21);1;9828
6;0.25;;(4, 21);;(4, 21);1;9829
6;0.25;;(4, 21);;(4, 21);1;9830
6;0.25;;(4, 21);;(4, 21);1;9831
6;0.25;;(4, 21);;(4, 21);1;9832
6;0.25;;(4, 21);;(4, 21);1;9833
6;0.25;;(4, 21);;(4, 21);1;9834
6;0.25;;(4, 21);;(4, 21);1;9835
6;0.25;;(4, 21);;(4, 21);1;9836
6;0.25;;(4, 21);;(4, 21);1;9837
6;0.25;;(4, 21);;(4, 21);1;9838
6;0.25;;(4, 21);;(4, 21);1;9839
6;0.25;;(4, 21);;(4, 21);1;9840
6;0.25;;(4, 21);;(4, 21);1;9841
6;0.25;;(4, 21);;(4, 21);1;9842
6;0.25;;(4, 21);;(4, 21);1;9843
6;0.25;;(4, 21);;(4, 21);1;9844
6;0.25;;(4, 21);;(4, 21);1;9845
6;0.25;;(4, 21);;(4, 21);1;9846
6;0.25;;(4, 21);;(4, 21);1;9847
6;0.25;;(4, 21);;(4, 21);1;9848
6;0.25;;(4, 21);;(4, 21);1;9849
6;0.25;;(4, 21);;(4, 21);1;9850
6;0.25;;(4, 21);;(4, 21);1;9851
6;0.25;;(4, 21);;(4, 21);1;9852
6;0.25;;(4, 21);;(4, 21);1;9853
6;0.25;;(4, 21);;(4, 21);1;9854
6;0.25;;(4, 21);;(4, 21);1;9855
6;0.25;;(4, 21);;(4, 21);1;9856
6;0.25;;(4, 21);;(4, 21);1;9857
6;0.25;;(4, 21);;(4, 21);1;9858
6;0.25;;(4, 21);;(4, 21);1;9859
6;0.25;;(4, 21);;(4, 21);1;9860
6;0.25;;(4, 21);;(4, 21);1;9861
6;0.25;;(4, 21);;(4, 21);1;9862
6;0.25;;(4, 21);;(4, 21);1;9863
6;0.25;;(4, 21);;(4, 21);1;9864
6;0.25;;(4, 21);;(4, 21);1;9865
6;0.25;;(4, 21);;(4, 21);1;9866
6;0.25;;(4, 21);;(4, 21);1;9867
6;0.25;;(4, 21);;(4, 21);1;9868
6;0.25;;(4, 21);;(4, 21);1;9869
6;0.25;;(4, 21);;(4, 21);1;9870
6;0.25;;(4, 21);;(4, 21);1;9871
6;0.25;;(4, 21);;(4, 21);1;9872
6;0.25;;(4, 21);;(4, 21);1;9873
6;0.25;;(4, 21);;(4, 21);1;9874
6;0.25;;(4, 21);;(4, 21);1;9875
6;0.25;;(4, 21);;(4, 21);1;9876
6;0.25;;(4, 21);;(4, 21);1;9877
6;0.25;;(4, 21);;(4, 21);1;9878
6;0.25;;(4, 21);;(4, 21);1;9879
6;0.25;;(4, 21);;(4, 21);1;9880
6;0.25;;(4, 21);;(4, 21);1;9881
6;0.25;;(4, 21);;(4, 21);1;9882
6;0.25;;(4, 21);;(4, 21);1;9883
6;0.25;;(4, 21);;(4, 21);1;9884
6;0.25;;(4, 21);;(4, 21);1;9885
6;0.25;;(4, 21);;(4, 21);1;9886
6;0.25;;(4, 21);;(4, 21);1;9887
6;0.25;;(4, 21);;(4, 21);1;9888
6;0.25;;(4, 21);;(4, 21);1;9889
6;0.25;;(4, 21);;(4, 21);1;9890
6;0.25;;(4, 21);;(4, 21);1;9891
6;0.25;;(4, 21);;(4, 21);1;9892
6;0.25;;(4, 21);;(4, 21);1;9893
6;0.25;;(4, 21);;(4, 21);1;9894
6;0.25;;(4, 21);;(4, 21);1;9895
6;0.25;;(4, 21);;(4, 21);1;9896
6;0.25;;(4, 21);;(4, 21);1;9897
6;0.25;;(4, 21);;(4, 21);1;9898
6;0.25;;(4, 21);;(4, 21);1;9899
6;0.25;;(4, 21);;(4, 21);1;9900
6;0.25;;(4, 21);;(4, 21);1;9901
6;0.25;;(4, 21);;(4, 21);1;9902
6;0.25;;(4, 21);;(4, 21);1;9903
6;0.25;;(4, 21);;(4, 21);1;9904
6;0.25;;(4, 21);;(4, 21);1;9905
6;0.25;;(4, 21);;(4, 21);1;9906
6;0.25;;(4, 21);;(4, 21);1;9907
6;0.25;;(4, 21);;(4, 21);1;9908
6;0.25;;(4, 21);;(4, 21);1;9909
6;0.25;;(4, 21);;(4, 21);1;9910
6;0.25;;(4, 21);;(4, 21);1;9911
6;0.25;;(4, 21);;(4, 21);1;9912
6;0.25;;(4, 21);;(4, 21);1;9913
6;0.25;;(4, 21);;(4, 21);1;9914
6;0.25;;(4, 21);;(4, 21);1;9915
6;0.25;;(4, 21);;(4, 21);1;9916
6;0.25;;(4, 21);;(4, 21);1;9917
6;0.25;;(4, 21);;(4, 21);1;9918
6;0.25;;(4, 21);;(4, 21);1;9919
6;0.25;;(4, 21);;(4, 21);1;9920
6;0.25;;(4, 21);;(4, 21);1;9921
6;0.25;;(4, 21);;(4, 21);1;9922
6;0.25;;(4, 21);;(4, 21);1;9923
6;0.25;;(4, 21);;(4, 21);1;9924
6;0.25;;(4, 21);;(4, 21);1;9925
6;0.25;;(4, 21);;(4, 21);1;9926
6;0.25;;(4, 21);;(4, 21);1;9927
6;0.25;;(4, 21);;(4, 21);1;9928
6;0.25;;(4, 21);;(4, 21);1;9929
6;0.25;;(4, 21);;(4, 21);1;9930
6;0.25;;(4, 21);;(4, 21);1;9931
6;0.25;;(4, 21);;(4, 21);1;9932
6;0.25;;(4, 21);;(4, 21);1;9933
6;0.25;;(4, 21);;(4, 21);1;9934
6;0.25;;(4, 21);;(4, 21);1;9935
6;0.25;;(4, 21);;(4, 21);1;9936
6;0.25;;(4, 21);;(4, 21);1;9937
6;0.25;;(4, 21);;(4, 21);1;9938
6;0.25;;(4, 21);;(4, 21);1;9939
6;0.25;;(4, 21);;(4, 21);1;9940
6;0.25;;(4, 21);;(4, 21);1;9941
6;0.25;;(4, 21);;(4, 21);1;9942
6;0.25;;(4, 21);;(4, 21);1;9943
6;0.25;;(4, 21);;(4, 21);1;9944
6;0.25;;(4, 21);;(4, 21);1;9945
6;0.25;;(4, 21);;(4, 21);1;9946
6;0.25;;(4, 21);;(4, 21);1;9947
6;0.25;;(4, 21);;(4, 21);1;9948
6;0.25;;(4, 21);;(4, 21);1;9949
6;0.25;;(4, 21);;(4, 21);1;9950
6;0.25;;(4, 21);;(4, 21);1;9951
6;0.25;;(4, 21);;(4, 21);1;9952
6;0.25;;(4, 21);;(4, 21);1;9953
6;0.25;;(4, 21);;(4, 21);1;9954
6;0.25;;(4, 21);;(4, 21);1;9955
6;0.25;;(4, 21);;(4, 21);1;9956
6;0.25;;(4, 21);;(4, 21);1;9957
6;0.25;;(4, 21);;(4, 21);1;9958
6;0.25;;(4, 21);;(4, 21);1;9959
6;0.25;;(4, 21);;(4, 21);1;9960
6;0.25;;(4, 21);;(4, 21);1;9961
6;0.25;;(4, 21);;(4, 21);1;9962
6;0.25;;(4, 21);;(4, 21);1;9963
6;0.25;;(4, 21);;(4, 21);1;9964
6;0.25;;(4, 21);;(4, 21);1;9965
6;0.25;;(4, 21);;(4, 21);1;9966
6;0.25;;(4, 21);;(4, 21);1;9967
6;0.25;;(4, 21);;(4, 21);1;9968
6;0.25;;(4, 21);;(4, 21);1;9969
6;0.25;;(4, 21);;(4, 21);1;9970
6;0.25;;(4, 21);;(4, 21);1;9971
6;0.25;;(4, 21);;(4, 21);1;9972
6;0.25;;(4, 21);;(4, 21);1;9973
6;0.25;;(4, 21);;(4, 21);1;9974
6;0.25;;(4, 21);;(4, 21);1;9975
6;0.25;;(4, 21);;(4, 21);1;9976
6;0.25;;(4, 21);;(4, 21);1;9977
6;0.25;;(4, 21);;(4, 21);1;9978
6;0.25;;(4, 21);;(4, 21);1;9979
6;0.25;;(4, 21);;(4, 21);1;9980
6;0.25;;(4, 21);;(4, 21);1;9981
6;0.25;;(4, 21);;(4, 21);1;9982
6;0.25;;(4, 21);;(4, 21);1;9983
6;0.25;;(4, 21);;(4, 21);1;9984
6;0.25;;(4, 21);;(4, 21);1;9985
6;0.25;;(4, 21);;(4, 21);1;9986
6;0.25;;(4, 21);;(4, 21);1;9987
6;0.25;;(4, 21);;(4, 21);1;9988
6;0.25;;(4, 21);;(4, 21);1;9989
6;0.25;;(4, 21);;(4, 21);1;9990
6;0.25;;(4, 21);;(4, 21);1;9991
6;0.25;;(4, 21);;(4, 21);1;9992
6;0.25;;(4, 21);;(4, 21);1;9993
6;0.25;;(4, 21);;(4, 21);1;9994
6;0.25;;(4, 21);;(4, 21);1;9995
6;0.25;;(4, 21);;(4, 21);1;9996
6;0.25;;(4, 21);;(4, 21);1;9997
6;0.25;;(4, 21);;(4, 21);1;9998
6;0.25;;(4, 21);;(4, 21);1;9999
6;0.25;;(4, 21);;(4, 21);1;10000
6;0.25;;(4, 21);;(4, 21);1;10001
6;0.25;;(4, 21);;(4, 21);1;10002
6;0.25;;(4, 21);;(4, 21);1;10003
6;0.25;;(4, 21);;(4, 21);1;10004
6;0.25;;(4, 21);;(4, 21);1;10005
6;0.25;;(4, 21);;(4, 21);1;10006
6;0.25;;(4, 21);;(4, 21);1;10007
6;0.25;;(4, 21);;(4, 21);1;10008
6;0.25;;(4, 21);;(4, 21);1;10009
6;0.25;;(4, 21);;(4, 21);1;10010
6;0.25;;(4, 21);;(4, 21);1;10011
6;0.25;;(4, 21);;(4, 21);1;10012
6;0.25;;(4, 21);;(4, 21);1;10013
6;0.25;;(4, 21);;(4, 21);1;10014
6;0.25;;(4, 21);;(4, 21);1;10015
6;0.25;;(4, 21);;(4, 21);1;10016
6;0.25;;(4, 21);;(4, 21);1;10017
6;0.25;;(4, 21);;(4, 21);1;10018
6;0.25;;(4, 21);;(4, 21);1;10019
6;0.25;;(4, 21);;(4, 21);1;10020
6;0.25;;(4, 21);;(4, 21);1;10021
6;0.25;;(4, 21);;(4, 21);1;10022
6;0.25;;(4, 21);;(4, 21);1;10023
6;0.25;;(4, 21);;(4, 21);1;10024
6;0.25;;(4, 21);;(4, 21);1;10025
6;0.25;;(4, 21);;(4, 21);1;10026
6;0.25;;(4, 21);;(4, 21);1;10027
6;0.25;;(4, 21);;(4, 21);1;10028
6;0.25;;(4, 21);;(4, 21);1;10029
6;0.25;;(4, 21);;(4, 21);1;10030
6;0.25;;(4, 21);;(4, 21);1;10031
6;0.25;;(4, 21);;(4, 21);1;10032
6;0.25;;(4, 21);;(4, 21);1;10033
6;0.25;;(4, 21);;(4, 21);1;10034
6;0.25;;(4, 21);;(4, 21);1;10035
6;0.25;;(4, 21);;(4, 21);1;10036
6;0.25;;(4, 21);;(4, 21);1;10037
6;0.25;;(4, 21);;(4, 21);1;10038
6;0.25;;(4, 21);;(4, 21);1;10039
6;0.25;;(4, 21);;(4, 21);1;10040
6;0.25;;(4, 21);;(4, 21);1;10041
6;0.25;;(4, 21);;(4, 21);1;10042
6;0.25;;(4, 21);;(4, 21);1;10043
6;0.25;;(4, 21);;(4, 21);1;10044
6;0.25;;(4, 21);;(4, 21);1;10045
6;0.25;;(4, 21);;(4, 21);1;10046
6;0.25;;(4, 21);;(4, 21);1;10047
6;0.25;;(4, 21);;(4, 21);1;10048
6;0.25;;(4, 21);;(4, 21);1;10049
6;0.25;;(4, 21);;(4, 21);1;10050
6;0.25;;(4, 21);;(4, 21);1;10051
6;0.25;;(4, 21);;(4, 21);1;10052
6;0.25;;(4, 21);;(4, 21);1;10053
6;0.25;;(4, 21);;(4, 21);1;10054
6;0.25;;(4, 21);;(4, 21);1;10055
6;0.25;;(4, 21);;(4, 21);1;10056
6;0.25;;(4, 21);;(4, 21);1;10057
6;0.25;;(4, 21);;(4, 21);1;10058
6;0.25;;(4, 21);;(4, 21);1;10059
6;0.25;;(4, 21);;(4, 21);1;10060
6;0.25;;(4, 21);;(4, 21);1;10061
6;0.25;;(4, 21);;(4, 21);1;10062
6;0.25;;(4, 21);;(4, 21);1;10063
6;0.25;;(4, 21);;(4, 21);1;10064
6;0.25;;(4, 21);;(4, 21);1;10065
6;0.25;;(4, 21);;(4, 21);1;10066
6;0.25;;(4, 21);;(4, 21);1;10067
6;0.25;;(4, 21);;(4, 21);1;10068
6;0.25;;(4, 21);;(4, 21);1;10069
6;0.25;;(4, 21);;(4, 21);1;10070
6;0.25;;(4, 21);;(4, 21);1;10071
6;0.25;;(4, 21);;(4, 21);1;10072
6;0.25;;(4, 21);;(4, 21);1;10073
6;0.25;;(4, 21);;(4, 21);1;10074
6;0.25;;(4, 21);;(4, 21);1;10075
6;0.25;;(4, 21);;(4, 21);1;10076
6;0.25;;(4, 21);;(4, 21);1;10077
6;0.25;;(4, 21);;(4, 21);1;10078
6;0.25;;(4, 21);;(4, 21);1;10079
6;0.25;;(4, 21);;(4, 21);1;10080
6;0.25;;(4, 21);;(4, 21);1;10081
6;0.25;;(4, 21);;(4, 21);1;10082
6;0.25;;(4, 21);;(4, 21);1;10083
6;0.25;;(4, 21);;(4, 21);1;10084
6;0.25;;(4, 21);;(4, 21);1;10085
6;0.25;;(4, 21);;(4, 21);1;10086
6;0.25;;(4, 21);;(4, 21);1;10087
6;0.25;;(4, 21);;(4, 21);1;10088
6;0.25;;(4, 21);;(4, 21);1;10089
6;0.25;;(4, 21);;(4, 21);1;10090
6;0.25;;(4, 21);;(4, 21);1;10091
6;0.25;;(4, 21);;(4, 21);1;10092
6;0.25;;(4, 21);;(4, 21);1;10093
6;0.25;;(4, 21);;(4, 21);1;10094
6;0.25;;(4, 21);;(4, 21);1;10095
6;0.25;;(4, 21);;(4, 21);1;10096
6;0.25;;(4, 21);;(4, 21);1;10097
6;0.25;;(4, 21);;(4, 21);1;10098
6;0.25;;(4, 21);;(4, 21);1;10099
6;0.25;;(4, 21);;(4, 21);1;10100
6;0.25;;(4, 21);;(4, 21);1;10101
6;0.25;;(4, 21);;(4, 21);1;10102
6;0.25;;(4, 21);;(4, 21);1;10103
6;0.25;;(4, 21);;(4, 21);1;10104
6;0.25;;(4, 21);;(4, 21);1;10105
6;0.25;;(4, 21);;(4, 21);1;10106
6;0.25;;(4, 21);;(4, 21);1;10107
6;0.25;;(4, 21);;(4, 21);1;10108
6;0.25;;(4, 21);;(4, 21);1;10109
6;0.25;;(4, 21);;(4, 21);1;10110
6;0.25;;(4, 21);;(4, 21);1;10111
6;0.25;;(4, 21);;(4, 21);1;10112
6;0.25;;(4, 21);;(4, 21);1;10113
6;0.25;;(4, 21);;(4, 21);1;10114
6;0.25;;(4, 21);;(4, 21);1;10115
6;0.25;;(4, 21);;(4, 21);1;10116
6;0.25;;(4, 21);;(4, 21);1;10117
6;0.25;;(4, 21);;(4, 21);1;10118
6;0.25;;(4, 21);;(4, 21);1;10119
6;0.25;;(4, 21);;(4, 21);1;10120
6;0.25;;(4, 21);;(4, 21);1;10121
6;0.25;;(4, 21);;(4, 21);1;10122
6;0.25;;(4, 21);;(4, 21);1;10123
6;0.25;;(4, 21);;(4, 21);1;10124
6;0.25;;(4, 21);;(4, 21);1;10125
6;0.25;;(4, 21);;(4, 21);1;10126
6;0.25;;(4, 21);;(4, 21);1;10127
6;0.25;;(4, 21);;(4, 21);1;10128
6;0.25;;(4, 21);;(4, 21);1;10129
6;0.25;;(4, 21);;(4, 21);1;10130
6;0.25;;(4, 21);;(4, 21);1;10131
6;0.25;;(4, 21);;(4, 21);1;10132
6;0.25;;(4, 21);;(4, 21);1;10133
6;0.25;;(4, 21);;(4, 21);1;10134
6;0.25;;(4, 21);;(4, 21);1;10135
6;0.25;;(4, 21);;(4, 21);1;10136
6;0.25;;(4, 21);;(4, 21);1;10137
6;0.25;;(4, 21);;(4, 21);1;10138
6;0.25;;(4, 21);;(4, 21);1;10139
6;0.25;;(4, 21);;(4, 21);1;10140
6;0.25;;(4, 21);;(4, 21);1;10141
6;0.25;;(4, 21);;(4, 21);1;10142
6;0.25;;(4, 21);;(4, 21);1;10143
6;0.25;;(4, 21);;(4, 21);1;10144
6;0.25;;(4, 21);;(4, 21);1;10145
6;0.25;;(4, 21);;(4, 21);1;10146
6;0.25;;(4, 21);;(4, 21);1;10147
6;0.25;;(4, 21);;(4, 21);1;10148
6;0.25;;(4, 21);;(4, 21);1;10149
6;0.25;;(4, 21);;(4, 21);1;10150
6;0.25;;(4, 21);;(4, 21);1;10151
6;0.25;;(4, 21);;(4, 21);1;10152
6;0.25;;(4, 21);;(4, 21);1;10153
6;0.25;;(4, 21);;(4, 21);1;10154
6;0.25;;(4, 21);;(4, 21);1;10155
6;0.25;;(4, 21);;(4, 21);1;10156
6;0.25;;(4, 21);;(4, 21);1;10157
6;0.25;;(4, 21);;(4, 21);1;10158
6;0.25;;(4, 21);;(4, 21);1;10159
6;0.25;;(4, 21);;(4, 21);1;10160
6;0.25;;(4, 21);;(4, 21);1;10161
6;0.25;;(4, 21);;(4, 21);1;10162
6;0.25;;(4, 21);;(4, 21);1;10163
6;0.25;;(4, 21);;(4, 21);1;10164
6;0.25;;(4, 21);;(4, 21);1;10165
6;0.25;;(4, 21);;(4, 21);1;10166
6;0.25;;(4, 21);;(4, 21);1;10167
6;0.25;;(4, 21);;(4, 21);1;10168
6;0.25;;(4, 21);;(4, 21);1;10169
6;0.25;;(4, 21);;(4, 21);1;10170
6;0.25;;(4, 21);;(4, 21);1;10171
6;0.25;;(4, 21);;(4, 21);1;10172
6;0.25;;(4, 21);;(4, 21);1;10173
6;0.25;;(4, 21);;(4, 21);1;10174
6;0.25;;(4, 21);;(4, 21);1;10175
6;0.25;;(4, 21);;(4, 21);1;10176
6;0.25;;(4, 21);;(4, 21);1;10177
6;0.25;;(4, 21);;(4, 21);1;10178
6;0.25;;(4, 21);;(4, 21);1;10179
6;0.25;;(4, 21);;(4, 21);1;10180
6;0.25;;(4, 21);;(4, 21);1;10181
6;0.25;;(4, 21);;(4, 21);1;10182
6;0.25;;(4, 21);;(4, 21);1;10183
6;0.25;;(4, 21);;(4, 21);1;10184
6;0.25;;(4, 21);;(4, 21);1;10185
6;0.25;;(4, 21);;(4, 21);1;10186
6;0.25;;(4, 21);;(4, 21);1;10187
6;0.25;;(4, 21);;(4, 21);1;10188
6;0.25;;(4, 21);;(4, 21);1;10189
6;0.25;;(4, 21);;(4, 21);1;10190
6;0.25;;(4, 21);;(4, 21);1;10191
6;0.25;;(4, 21);;(4, 21);1;10192
6;0.25;;(4, 21);;(4, 21);1;10193
6;0.25;;(4, 21);;(4, 21);1;10194
6;0.25;;(4, 21);;(4, 21);1;10195
6;0.25;;(4, 21);;(4, 21);1;10196
6;0.25;;(4, 21);;(4, 21);1;10197
6;0.25;;(4, 21);;(4, 21);1;10198
6;0.25;;(4, 21);;(4, 21);1;10199
6;0.25;;(4, 21);;(4, 21);1;10200
6;0.25;;(4, 21);;(4, 21);1;10201
6;0.25;;(4, 21);;(4, 21);1;10202
6;0.25;;(4, 21);;(4, 21);1;10203
6;0.25;;(4, 21);;(4, 21);1;10204
6;0.25;;(4, 21);;(4, 21);1;10205
6;0.25;;(4, 21);;(4, 21);1;10206
6;0.25;;(4, 21);;(4, 21);1;10207
6;0.25;;(4, 21);;(4, 21);1;10208
6;0.25;;(4, 21);;(4, 21);1;10209
6;0.25;;(4, 21);;(4, 21);1;10210
6;0.25;;(4, 21);;(4, 21);1;10211
6;0.25;;(4, 21);;(4, 21);1;10212
6;0.25;;(4, 21);;(4, 21);1;10213
6;0.25;;(4, 21);;(4, 21);1;10214
6;0.25;;(4, 21);;(4, 21);1;10215
6;0.25;;(4, 21);;(4, 21);1;10216
6;0.25;;(4, 21);;(4, 21);1;10217
6;0.25;;(4, 21);;(4, 21);1;10218
6;0.25;;(4, 21);;(4, 21);1;10219
6;0.25;;(4, 21);;(4, 21);1;10220
6;0.25;;(4, 21);;(4, 21);1;10221
6;0.25;;(4, 21);;(4, 21);1;10222
6;0.25;;(4, 21);;(4, 21);1;10223
6;0.25;;(4, 21);;(4, 21);1;10224
6;0.25;;(4, 21);;(4, 21);1;10225
6;0.25;;(4, 21);;(4, 21);1;10226
6;0.25;;(4, 21);;(4, 21);1;10227
6;0.25;;(4, 21);;(4, 21);1;10228
6;0.25;;(4, 21);;(4, 21);1;10229
6;0.25;;(4, 21);;(4, 21);1;10230
6;0.25;;(4, 21);;(4, 21);1;10231
6;0.25;;(4, 21);;(4, 21);1;10232
6;0.25;;(4, 21);;(4, 21);1;10233
6;0.25;;(4, 21);;(4, 21);1;10234
6;0.25;;(4, 21);;(4, 21);1;10235
6;0.25;;(4, 21);;(4, 21);1;10236
6;0.25;;(4, 21);;(4, 21);1;10237
6;0.25;;(4, 21);;(4, 21);1;10238
6;0.25;;(4, 21);;(4, 21);1;10239
6;0.25;;(4, 21);;(4, 21);1;10240
6;0.25;;(4, 21);;(4, 21);1;10241
6;0.25;;(4, 21);;(4, 21);1;10242
6;0.25;;(4, 21);;(4, 21);1;10243
6;0.25;;(4, 21);;(4, 21);1;10244
6;0.25;;(4, 21);;(4, 21);1;10245
6;0.25;;(4, 21);;(4, 21);1;10246
6;0.25;;(4, 21);;(4, 21);1;10247
6;0.25;;(4, 21);;(4, 21);1;10248
6;0.25;;(4, 21);;(4, 21);1;10249
6;0.25;;(4, 21);;(4, 21);1;10250
6;0.25;;(4, 21);;(4, 21);1;10251
6;0.25;;(4, 21);;(4, 21);1;10252
6;0.25;;(4, 21);;(4, 21);1;10253
6;0.25;;(4, 21);;(4, 21);1;10254
6;0.25;;(4, 21);;(4, 21);1;10255
6;0.25;;(4, 21);;(4, 21);1;10256
6;0.25;;(4, 21);;(4, 21);1;10257
6;0.25;;(4, 21);;(4, 21);1;10258
6;0.25;;(4, 21);;(4, 21);1;10259
6;0.25;;(4, 21);;(4, 21);1;10260
6;0.25;;(4, 21);;(4, 21);1;10261
6;0.25;;(4, 21);;(4, 21);1;10262
6;0.25;;(4, 21);;(4, 21);1;10263
6;0.25;;(4, 21);;(4, 21);1;10264
6;0.25;;(4, 21);;(4, 21);1;10265
6;0.25;;(4, 21);;(4, 21);1;10266
6;0.25;;(4, 21);;(4, 21);1;10267
6;0.25;;(4, 21);;(4, 21);1;10268
6;0.25;;(4, 21);;(4, 21);1;10269
6;0.25;;(4, 21);;(4, 21);1;10270
6;0.25;;(4, 21);;(4, 21);1;10271
6;0.25;;(4, 21);;(4, 21);1;10272
6;0.25;;(4, 21);;(4, 21);1;10273
6;0.25;;(4, 21);;(4, 21);1;10274
6;0.25;;(4, 21);;(4, 21);1;10275
6;0.25;;(4, 21);;(4, 21);1;10276
6;0.25;;(4, 21);;(4, 21);1;10277
6;0.25;;(4, 21);;(4, 21);1;10278
6;0.25;;(4, 21);;(4, 21);1;10279
6;0.25;;(4, 21);;(4, 21);1;10280
6;0.25;;(4, 21);;(4, 21);1;10281
6;0.25;;(4, 21);;(4, 21);1;10282
6;0.25;;(4, 21);;(4, 21);1;10283
6;0.25;;(4, 21);;(4, 21);1;10284
6;0.25;;(4, 21);;(4, 21);1;10285
6;0.25;;(4, 21);;(4, 21);1;10286
6;0.25;;(4, 21);;(4, 21);1;10287
6;0.25;;(4, 21);;(4, 21);1;10288
6;0.25;;(4, 21);;(4, 21);1;10289
6;0.25;;(4, 21);;(4, 21);1;10290
6;0.25;;(4, 21);;(4, 21);1;10291
6;0.25;;(4, 21);;(4, 21);1;10292
6;0.25;;(4, 21);;(4, 21);1;10293
6;0.25;;(4, 21);;(4, 21);1;10294
6;0.25;;(4, 21);;(4, 21);1;10295
6;0.25;;(4, 21);;(4, 21);1;10296
6;0.25;;(4, 21);;(4, 21);1;10297
6;0.25;;(4, 21);;(4, 21);1;10298
6;0.25;;(4, 21);;(4, 21);1;10299
6;0.25;;(4, 21);;(4, 21);1;10300
6;0.25;;(4, 21);;(4, 21);1;10301
6;0.25;;(4, 21);;(4, 21);1;10302
6;0.25;;(4, 21);;(4, 21);1;10303
6;0.25;;(4, 21);;(4, 21);1;10304
6;0.25;;(4, 21);;(4, 21);1;10305
6;0.25;;(4, 21);;(4, 21);1;10306
6;0.25;;(4, 21);;(4, 21);1;10307
6;0.25;;(4, 21);;(4, 21);1;10308
6;0.25;;(4, 21);;(4, 21);1;10309
6;0.25;;(4, 21);;(4, 21);1;10310
6;0.25;;(4, 21);;(4, 21);1;10311
6;0.25;;(4, 21);;(4, 21);1;10312
6;0.25;;(4, 21);;(4, 21);1;10313
6;0.25;;(4, 21);;(4, 21);1;10314
6;0.25;;(4, 21);;(4, 21);1;10315
6;0.25;;(4, 21);;(4, 21);1;10316
6;0.25;;(4, 21);;(4, 21);1;10317
6;0.25;;(4, 21);;(4, 21);1;10318
6;0.25;;(4, 21);;(4, 21);1;10319
6;0.25;;(4, 21);;(4, 21);1;10320
6;0.25;;(4, 21);;(4, 21);1;10321
6;0.25;;(4, 21);;(4, 21);1;10322
6;0.25;;(4, 21);;(4, 21);1;10323
6;0.25;;(4, 21);;(4, 21);1;10324
6;0.25;;(4, 21);;(4, 21);1;10325
6;0.25;;(4, 21);;(4, 21);1;10326
6;0.25;;(4, 21);;(4, 21);1;10327
6;0.25;;(4, 21);;(4, 21);1;10328
6;0.25;;(4, 21);;(4, 21);1;10329
6;0.25;;(4, 21);;(4, 21);1;10330
6;0.25;;(4, 21);;(4, 21);1;10331
6;0.25;;(4, 21);;(4, 21);1;10332
6;0.25;;(4, 21);;(4, 21);1;10333
6;0.25;;(4, 21);;(4, 21);1;10334
6;0.25;;(4, 21);;(4, 21);1;10335
6;0.25;;(4, 21);;(4, 21);1;10336
6;0.25;;(4, 21);;(4, 21);1;10337
6;0.25;;(4, 21);;(4, 21);1;10338
6;0.25;;(4, 21);;(4, 21);1;10339
6;0.25;;(4, 21);;(4, 21);1;10340
6;0.25;;(4, 21);;(4, 21);1;10341
6;0.25;;(4, 21);;(4, 21);1;10342
6;0.25;;(4, 21);;(4, 21);1;10343
6;0.25;;(4, 21);;(4, 21);1;10344
6;0.25;;(4, 21);;(4, 21);1;10345
6;0.25;;(4, 21);;(4, 21);1;10346
6;0.25;;(4, 21);;(4, 21);1;10347
6;0.25;;(4, 21);;(4, 21);1;10348
6;0.25;;(4, 21);;(4, 21);1;10349
6;0.25;;(4, 21);;(4, 21);1;10350
6;0.25;;(4, 21);;(4, 21);1;10351
6;0.25;;(4, 21);;(4, 21);1;10352
6;0.25;;(4, 21);;(4, 21);1;10353
6;0.25;;(4, 21);;(4, 21);1;10354
6;0.25;;(4, 21);;(4, 21);1;10355
6;0.25;;(4, 21);;(4, 21);1;10356
6;0.25;;(4, 21);;(4, 21);1;10357
6;0.25;;(4, 21);;(4, 21);1;10358
6;0.25;;(4, 21);;(4, 21);1;10359
6;0.25;;(4, 21);;(4, 21);1;10360
6;0.25;;(4, 21);;(4, 21);1;10361
6;0.25;;(4, 21);;(4, 21);1;10362
6;0.25;;(4, 21);;(4, 21);1;10363
6;0.25;;(4, 21);;(4, 21);1;10364
6;0.25;;(4, 21);;(4, 21);1;10365
6;0.25;;(4, 21);;(4, 21);1;10366
6;0.25;;(4, 21);;(4, 21);1;10367
6;0.25;;(4, 21);;(4, 21);1;10368
6;0.25;;(4, 21);;(4, 21);1;10369
6;0.25;;(4, 21);;(4, 21);1;10370
6;0.25;;(4, 21);;(4, 21);1;10371
6;0.25;;(4, 21);;(4, 21);1;10372
6;0.25;;(4, 21);;(4, 21);1;10373
6;0.25;;(4, 21);;(4, 21);1;10374
6;0.25;;(4, 21);;(4, 21);1;10375
6;0.25;;(4, 21);;(4, 21);1;10376
6;0.25;;(4, 21);;(4, 21);1;10377
6;0.25;;(4, 21);;(4, 21);1;10378
6;0.25;;(4, 21);;(4, 21);1;10379
6;0.25;;(4, 21);;(4, 21);1;10380
6;0.25;;(4, 21);;(4, 21);1;10381
6;0.25;;(4, 21);;(4, 21);1;10382
6;0.25;;(4, 21);;(4, 21);1;10383
6;0.25;;(4, 21);;(4, 21);1;10384
6;0.25;;(4, 21);;(4, 21);1;10385
6;0.25;;(4, 21);;(4, 21);1;10386
6;0.25;;(4, 21);;(4, 21);1;10387
6;0.25;;(4, 21);;(4, 21);1;10388
6;0.25;;(4, 21);;(4, 21);1;10389
6;0.25;;(4, 21);;(4, 21);1;10390
6;0.25;;(4, 21);;(4, 21);1;10391
6;0.25;;(4, 21);;(4, 21);1;10392
6;0.25;;(4, 21);;(4, 21);1;10393
6;0.25;;(4, 21);;(4, 21);1;10394
6;0.25;;(4, 21);;(4, 21);1;10395
6;0.25;;(4, 21);;(4, 21);1;10396
6;0.25;;(4, 21);;(4, 21);1;10397
6;0.25;;(4, 21);;(4, 21);1;10398
6;0.25;;(4, 21);;(4, 21);1;10399
6;0.25;;(4, 21);;(4, 21);1;10400
6;0.25;;(4, 21);;(4, 21);1;10401
6;0.25;;(4, 21);;(4, 21);1;10402
6;0.25;;(4, 21);;(4, 21);1;10403
6;0.25;;(4, 21);;(4, 21);1;10404
6;0.25;;(4, 21);;(4, 21);1;10405
6;0.25;;(4, 21);;(4, 21);1;10406
6;0.25;;(4, 21);;(4, 21);1;10407
6;0.25;;(4, 21);;(4, 21);1;10408
6;0.25;;(4, 21);;(4, 21);1;10409
6;0.25;;(4, 21);;(4, 21);1;10410
6;0.25;;(4, 21);;(4, 21);1;10411
6;0.25;;(4, 21);;(4, 21);1;10412
6;0.25;;(4, 21);;(4, 21);1;10413
6;0.25;;(4, 21);;(4, 21);1;10414
6;0.25;;(4, 21);;(4, 21);1;10415
6;0.25;;(4, 21);;(4, 21);1;10416
6;0.25;;(4, 21);;(4, 21);1;10417
6;0.25;;(4, 21);;(4, 21);1;10418
6;0.25;;(4, 21);;(4, 21);1;10419
6;0.25;;(4, 21);;(4, 21);1;10420
6;0.25;;(4, 21);;(4, 21);1;10421
6;0.25;;(4, 21);;(4, 21);1;10422
6;0.25;;(4, 21);;(4, 21);1;10423
6;0.25;;(4, 21);;(4, 21);1;10424
6;0.25;;(4, 21);;(4, 21);1;10425
6;0.25;;(4, 21);;(4, 21);1;10426
6;0.25;;(4, 21);;(4, 21);1;10427
6;0.25;;(4, 21);;(4, 21);1;10428
6;0.25;;(4, 21);;(4, 21);1;10429
6;0.25;;(4, 21);;(4, 21);1;10430
6;0.25;;(4, 21);;(4, 21);1;10431
6;0.25;;(4, 21);;(4, 21);1;10432
6;0.25;;(4, 21);;(4, 21);1;10433
6;0.25;;(4, 21);;(4, 21);1;10434
6;0.25;;(4, 21);;(4, 21);1;10435
6;0.25;;(4, 21);;(4, 21);1;10436
6;0.25;;(4, 21);;(4, 21);1;10437
6;0.25;;(4, 21);;(4, 21);1;10438
6;0.25;;(4, 21);;(4, 21);1;10439
6;0.25;;(4, 21);;(4, 21);1;10440
6;0.25;;(4, 21);;(4, 21);1;10441
6;0.25;;(4, 21);;(4, 21);1;10442
6;0.25;;(4, 21);;(4, 21);1;10443
6;0.25;;(4, 21);;(4, 21);1;10444
6;0.25;;(4, 21);;(4, 21);1;10445
6;0.25;;(4, 21);;(4, 21);1;10446
6;0.25;;(4, 21);;(4, 21);1;10447
6;0.25;;(4, 21);;(4, 21);1;10448
6;0.25;;(4, 21);;(4, 21);1;10449
6;0.25;;(4, 21);;(4, 21);1;10450
6;0.25;;(4, 21);;(4, 21);1;10451
6;0.25;;(4, 21);;(4, 21);1;10452
6;0.25;;(4, 21);;(4, 21);1;10453
6;0.25;;(4, 21);;(4, 21);1;10454
6;0.25;;(4, 21);;(4, 21);1;10455
6;0.25;;(4, 21);;(4, 21);1;10456
6;0.25;;(4, 21);;(4, 21);1;10457
6;0.25;;(4, 21);;(4, 21);1;10458
6;0.25;;(4, 21);;(4, 21);1;10459
6;0.25;;(4, 21);;(4, 21);1;10460
6;0.25;;(4, 21);;(4, 21);1;10461
6;0.25;;(4, 21);;(4, 21);1;10462
6;0.25;;(4, 21);;(4, 21);1;10463
6;0.25;;(4, 21);;(4, 21);1;10464
6;0.25;;(4, 21);;(4, 21);1;10465
6;0.25;;(4, 21);;(4, 21);1;10466
6;0.25;;(4, 21);;(4, 21);1;10467
6;0.25;;(4, 21);;(4, 21);1;10468
6;0.25;;(4, 21);;(4, 21);1;10469
6;0.25;;(4, 21);;(4, 21);1;10470
6;0.25;;(4, 21);;(4, 21);1;10471
6;0.25;;(4, 21);;(4, 21);1;10472
6;0.25;;(4, 21);;(4, 21);1;10473
6;0.25;;(4, 21);;(4, 21);1;10474
6;0.25;;(4, 21);;(4, 21);1;10475
6;0.25;;(4, 21);;(4, 21);1;10476
6;0.25;;(4, 21);;(4, 21);1;10477
6;0.25;;(4, 21);;(4, 21);1;10478
6;0.25;;(4, 21);;(4, 21);1;10479
6;0.25;;(4, 21);;(4, 21);1;10480
6;0.25;;(4, 21);;(4, 21);1;10481
6;0.25;;(4, 21);;(4, 21);1;10482
6;0.25;;(4, 21);;(4, 21);1;10483
6;0.25;;(4, 21);;(4, 21);1;10484
6;0.25;;(4, 21);;(4, 21);1;10485
6;0.25;;(4, 21);;(4, 21);1;10486
6;0.25;;(4, 21);;(4, 21);1;10487
6;0.25;;(4, 21);;(4, 21);1;10488
6;0.25;;(4, 21);;(4, 21);1;10489
6;0.25;;(4, 21);;(4, 21);1;10490
6;0.25;;(4, 21);;(4, 21);1;10491
6;0.25;;(4, 21);;(4, 21);1;10492
6;0.25;;(4, 21);;(4, 21);1;10493
6;0.25;;(4, 21);;(4, 21);1;10494
6;0.25;;(4, 21);;(4, 21);1;10495
6;0.25;;(4, 21);;(4, 21);1;10496
6;0.25;;(4, 21);;(4, 21);1;10497
6;0.25;;(4, 21);;(4, 21);1;10498
6;0.25;;(4, 21);;(4, 21);1;10499
6;0.25;;(4, 21);;(4, 21);1;10500
6;0.25;;(4, 21);;(4, 21);1;10501
6;0.25;;(4, 21);;(4, 21);1;10502
6;0.25;;(4, 21);;(4, 21);1;10503
6;0.25;;(4, 21);;(4, 21);1;10504
6;0.25;;(4, 21);;(4, 21);1;10505
6;0.25;;(4, 21);;(4, 21);1;10506
6;0.25;;(4, 21);;(4, 21);1;10507
6;0.25;;(4, 21);;(4, 21);1;10508
6;0.25;;(4, 21);;(4, 21);1;10509
6;0.25;;(4, 21);;(4, 21);1;10510
6;0.25;;(4, 21);;(4, 21);1;10511
6;0.25;;(4, 21);;(4, 21);1;10512
6;0.25;;(4, 21);;(4, 21);1;10513
6;0.25;;(4, 21);;(4, 21);1;10514
6;0.25;;(4, 21);;(4, 21);1;10515
6;0.25;;(4, 21);;(4, 21);1;10516
6;0.25;;(4, 21);;(4, 21);1;10517
6;0.25;;(4, 21);;(4, 21);1;10518
6;0.25;;(4, 21);;(4, 21);1;10519
6;0.25;;(4, 21);;(4, 21);1;10520
6;0.25;;(4, 21);;(4, 21);1;10521
6;0.25;;(4, 21);;(4, 21);1;10522
6;0.25;;(4, 21);;(4, 21);1;10523
6;0.25;;(4, 21);;(4, 21);1;10524
6;0.25;;(4, 21);;(4, 21);1;10525
6;0.25;;(4, 21);;(4, 21);1;10526
6;0.25;;(4, 21);;(4, 21);1;10527
6;0.25;;(4, 21);;(4, 21);1;10528
6;0.25;;(4, 21);;(4, 21);1;10529
6;0.25;;(4, 21);;(4, 21);1;10530
6;0.25;;(4, 21);;(4, 21);1;10531
6;0.25;;(4, 21);;(4, 21);1;10532
6;0.25;;(4, 21);;(4, 21);1;10533
6;0.25;;(4, 21);;(4, 21);1;10534
6;0.25;;(4, 21);;(4, 21);1;10535
6;0.25;;(4, 21);;(4, 21);1;10536
6;0.25;;(4, 21);;(4, 21);1;10537
6;0.25;;(4, 21);;(4, 21);1;10538
6;0.25;;(4, 21);;(4, 21);1;10539
6;0.25;;(4, 21);;(4, 21);1;10540
6;0.25;;(4, 21);;(4, 21);1;10541
6;0.25;;(4, 21);;(4, 21);1;10542
6;0.25;;(4, 21);;(4, 21);1;10543
6;0.25;;(4, 21);;(4, 21);1;10544
6;0.25;;(4, 21);;(4, 21);1;10545
6;0.25;;(4, 21);;(4, 21);1;10546
6;0.25;;(4, 21);;(4, 21);1;10547
6;0.25;;(4, 21);;(4, 21);1;10548
6;0.25;;(4, 21);;(4, 21);1;10549
6;0.25;;(4, 21);;(4, 21);1;10550
6;0.25;;(4, 21);;(4, 21);1;10551
6;0.25;;(4, 21);;(4, 21);1;10552
6;0.25;;(4, 21);;(4, 21);1;10553
6;0.25;;(4, 21);;(4, 21);1;10554
6;0.25;;(4, 21);;(4, 21);1;10555
6;0.25;;(4, 21);;(4, 21);1;10556
6;0.25;;(4, 21);;(4, 21);1;10557
6;0.25;;(4, 21);;(4, 21);1;10558
6;0.25;;(4, 21);;(4, 21);1;10559
6;0.25;;(4, 21);;(4, 21);1;10560
6;0.25;;(4, 21);;(4, 21);1;10561
6;0.25;;(4, 21);;(4, 21);1;10562
6;0.25;;(4, 21);;(4, 21);1;10563
6;0.25;;(4, 21);;(4, 21);1;10564
6;0.25;;(4, 21);;(4, 21);1;10565
6;0.25;;(4, 21);;(4, 21);1;10566
6;0.25;;(4, 21);;(4, 21);1;10567
6;0.25;;(4, 21);;(4, 21);1;10568
6;0.25;;(4, 21);;(4, 21);1;10569
6;0.25;;(4, 21);;(4, 21);1;10570
6;0.25;;(4, 21);;(4, 21);1;10571
6;0.25;;(4, 21);;(4, 21);1;10572
6;0.25;;(4, 21);;(4, 21);1;10573
6;0.25;;(4, 21);;(4, 21);1;10574
6;0.25;;(4, 21);;(4, 21);1;10575
6;0.25;;(4, 21);;(4, 21);1;10576
6;0.25;;(4, 21);;(4, 21);1;10577
6;0.25;;(4, 21);;(4, 21);1;10578
6;0.25;;(4, 21);;(4, 21);1;10579
6;0.25;;(4, 21);;(4, 21);1;10580
6;0.25;;(4, 21);;(4, 21);1;10581
6;0.25;;(4, 21);;(4, 21);1;10582
6;0.25;;(4, 21);;(4, 21);1;10583
6;0.25;;(4, 21);;(4, 21);1;10584
6;0.25;;(4, 21);;(4, 21);1;10585
6;0.25;;(4, 21);;(4, 21);1;10586
6;0.25;;(4, 21);;(4, 21);1;10587
6;0.25;;(4, 21);;(4, 21);1;10588
6;0.25;;(4, 21);;(4, 21);1;10589
6;0.25;;(4, 21);;(4, 21);1;10590
6;0.25;;(4, 21);;(4, 21);1;10591
6;0.25;;(4, 21);;(4, 21);1;10592
6;0.25;;(4, 21);;(4, 21);1;10593
6;0.25;;(4, 21);;(4, 21);1;10594
6;0.25;;(4, 21);;(4, 21);1;10595
6;0.25;;(4, 21);;(4, 21);1;10596
6;0.25;;(4, 21);;(4, 21);1;10597
6;0.25;;(4, 21);;(4, 21);1;10598
6;0.25;;(4, 21);;(4, 21);1;10599
6;0.25;;(4, 21);;(4, 21);1;10600
6;0.25;;(4, 21);;(4, 21);1;10601
6;0.25;;(4, 21);;(4, 21);1;10602
6;0.25;;(4, 21);;(4, 21);1;10603
6;0.25;;(4, 21);;(4, 21);1;10604
6;0.25;;(4, 21);;(4, 21);1;10605
6;0.25;;(4, 21);;(4, 21);1;10606
6;0.25;;(4, 21);;(4, 21);1;10607
6;0.25;;(4, 21);;(4, 21);1;10608
6;0.25;;(4, 21);;(4, 21);1;10609
6;0.25;;(4, 21);;(4, 21);1;10610
6;0.25;;(4, 21);;(4, 21);1;10611
6;0.25;;(4, 21);;(4, 21);1;10612
6;0.25;;(4, 21);;(4, 21);1;10613
6;0.25;;(4, 21);;(4, 21);1;10614
6;0.25;;(4, 21);;(4, 21);1;10615
6;0.25;;(4, 21);;(4, 21);1;10616
6;0.25;;(4, 21);;(4, 21);1;10617
6;0.25;;(4, 21);;(4, 21);1;10618
6;0.25;;(4, 21);;(4, 21);1;10619
6;0.25;;(4, 21);;(4, 21);1;10620
6;0.25;;(4, 21);;(4, 21);1;10621
6;0.25;;(4, 21);;(4, 21);1;10622
6;0.25;;(4, 21);;(4, 21);1;10623
6;0.25;;(4, 21);;(4, 21);1;10624
6;0.25;;(4, 21);;(4, 21);1;10625
6;0.25;;(4, 21);;(4, 21);1;10626
6;0.25;;(4, 21);;(4, 21);1;10627
6;0.25;;(4, 21);;(4, 21);1;10628
6;0.25;;(4, 21);;(4, 21);1;10629
6;0.25;;(4, 21);;(4, 21);1;10630
6;0.25;;(4, 21);;(4, 21);1;10631
6;0.25;;(4, 21);;(4, 21);1;10632
6;0.25;;(4, 21);;(4, 21);1;10633
6;0.25;;(4, 21);;(4, 21);1;10634
6;0.25;;(4, 21);;(4, 21);1;10635
6;0.25;;(4, 21);;(4, 21);1;10636
6;0.25;;(4, 21);;(4, 21);1;10637
6;0.25;;(4, 21);;(4, 21);1;10638
6;0.25;;(4, 21);;(4, 21);1;10639
6;0.25;;(4, 21);;(4, 21);1;10640
6;0.25;;(4, 21);;(4, 21);1;10641
6;0.25;;(4, 21);;(4, 21);1;10642
6;0.25;;(4, 21);;(4, 21);1;10643
6;0.25;;(4, 21);;(4, 21);1;10644
6;0.25;;(4, 21);;(4, 21);1;10645
6;0.25;;(4, 21);;(4, 21);1;10646
6;0.25;;(4, 21);;(4, 21);1;10647
6;0.25;;(4, 21);;(4, 21);1;10648
6;0.25;;(4, 21);;(4, 21);1;10649
6;0.25;;(4, 21);;(4, 21);1;10650
6;0.25;;(4, 21);;(4, 21);1;10651
6;0.25;;(4, 21);;(4, 21);1;10652
6;0.25;;(4, 21);;(4, 21);1;10653
6;0.25;;(4, 21);;(4, 21);1;10654
6;0.25;;(4, 21);;(4, 21);1;10655
6;0.25;;(4, 21);;(4, 21);1;10656
6;0.25;;(4, 21);;(4, 21);1;10657
6;0.25;;(4, 21);;(4, 21);1;10658
6;0.25;;(4, 21);;(4, 21);1;10659
6;0.25;;(4, 21);;(4, 21);1;10660
6;0.25;;(4, 21);;(4, 21);1;10661
6;0.25;;(4, 21);;(4, 21);1;10662
6;0.25;;(4, 21);;(4, 21);1;10663
6;0.25;;(4, 21);;(4, 21);1;10664
6;0.25;;(4, 21);;(4, 21);1;10665
6;0.25;;(4, 21);;(4, 21);1;10666
6;0.25;;(4, 21);;(4, 21);1;10667
6;0.25;;(4, 21);;(4, 21);1;10668
6;0.25;;(4, 21);;(4, 21);1;10669
6;0.25;;(4, 21);;(4, 21);1;10670
6;0.25;;(4, 21);;(4, 21);1;10671
6;0.25;;(4, 21);;(4, 21);1;10672
6;0.25;;(4, 21);;(4, 21);1;10673
6;0.25;;(4, 21);;(4, 21);1;10674
6;0.25;;(4, 21);;(4, 21);1;10675
6;0.25;;(4, 21);;(4, 21);1;10676
6;0.25;;(4, 21);;(4, 21);1;10677
6;0.25;;(4, 21);;(4, 21);1;10678
6;0.25;;(4, 21);;(4, 21);1;10679
6;0.25;;(4, 21);;(4, 21);1;10680
6;0.25;;(4, 21);;(4, 21);1;10681
6;0.25;;(4, 21);;(4, 21);1;10682
6;0.25;;(4, 21);;(4, 21);1;10683
6;0.25;;(4, 21);;(4, 21);1;10684
6;0.25;;(4, 21);;(4, 21);1;10685
6;0.25;;(4, 21);;(4, 21);1;10686
6;0.25;;(4, 21);;(4, 21);1;10687
6;0.25;;(4, 21);;(4, 21);1;10688
6;0.25;;(4, 21);;(4, 21);1;10689
6;0.25;;(4, 21);;(4, 21);1;10690
6;0.25;;(4, 21);;(4, 21);1;10691
6;0.25;;(4, 21);;(4, 21);1;10692
6;0.25;;(4, 21);;(4, 21);1;10693
6;0.25;;(4, 21);;(4, 21);1;10694
6;0.25;;(4, 21);;(4, 21);1;10695
6;0.25;;(4, 21);;(4, 21);1;10696
6;0.25;;(4, 21);;(4, 21);1;10697
6;0.25;;(4, 21);;(4, 21);1;10698
6;0.25;;(4, 21);;(4, 21);1;10699
6;0.25;;(4, 21);;(4, 21);1;10700
6;0.25;;(4, 21);;(4, 21);1;10701
6;0.25;;(4, 21);;(4, 21);1;10702
6;0.25;;(4, 21);;(4, 21);1;10703
6;0.25;;(4, 21);;(4, 21);1;10704
6;0.25;;(4, 21);;(4, 21);1;10705
6;0.25;;(4, 21);;(4, 21);1;10706
6;0.25;;(4, 21);;(4, 21);1;10707
6;0.25;;(4, 21);;(4, 21);1;10708
6;0.25;;(4, 21);;(4, 21);1;10709
6;0.25;;(4, 21);;(4, 21);1;10710
6;0.25;;(4, 21);;(4, 21);1;10711
6;0.25;;(4, 21);;(4, 21);1;10712
6;0.25;;(4, 21);;(4, 21);1;10713
6;0.25;;(4, 21);;(4, 21);1;10714
6;0.25;;(4, 21);;(4, 21);1;10715
6;0.25;;(4, 21);;(4, 21);1;10716
6;0.25;;(4, 21);;(4, 21);1;10717
6;0.25;;(4, 21);;(4, 21);1;10718
6;0.25;;(4, 21);;(4, 21);1;10719
6;0.25;;(4, 21);;(4, 21);1;10720
6;0.25;;(4, 21);;(4, 21);1;10721
6;0.25;;(4, 21);;(4, 21);1;10722
6;0.25;;(4, 21);;(4, 21);1;10723
6;0.25;;(4, 21);;(4, 21);1;10724
6;0.25;;(4, 21);;(4, 21);1;10725
6;0.25;;(4, 21);;(4, 21);1;10726
6;0.25;;(4, 21);;(4, 21);1;10727
6;0.25;;(4, 21);;(4, 21);1;10728
6;0.25;;(4, 21);;(4, 21);1;10729
6;0.25;;(4, 21);;(4, 21);1;10730
6;0.25;;(4, 21);;(4, 21);1;10731
6;0.25;;(4, 21);;(4, 21);1;10732
6;0.25;;(4, 21);;(4, 21);1;10733
6;0.25;;(4, 21);;(4, 21);1;10734
6;0.25;;(4, 21);;(4, 21);1;10735
6;0.25;;(4, 21);;(4, 21);1;10736
6;0.25;;(4, 21);;(4, 21);1;10737
6;0.25;;(4, 21);;(4, 21);1;10738
6;0.25;;(4, 21);;(4, 21);1;10739
6;0.25;;(4, 21);;(4, 21);1;10740
6;0.25;;(4, 21);;(4, 21);1;10741
6;0.25;;(4, 21);;(4, 21);1;10742
6;0.25;;(4, 21);;(4, 21);1;10743
6;0.25;;(4, 21);;(4, 21);1;10744
6;0.25;;(4, 21);;(4, 21);1;10745
6;0.25;;(4, 21);;(4, 21);1;10746
6;0.25;;(4, 21);;(4, 21);1;10747
6;0.25;;(4, 21);;(4, 21);1;10748
6;0.25;;(4, 21);;(4, 21);1;10749
6;0.25;;(4, 21);;(4, 21);1;10750
6;0.25;;(4, 21);;(4, 21);1;10751
6;0.25;;(4, 21);;(4, 21);1;10752
6;0.25;;(4, 21);;(4, 21);1;10753
6;0.25;;(4, 21);;(4, 21);1;10754
6;0.25;;(4, 21);;(4, 21);1;10755
6;0.25;;(4, 21);;(4, 21);1;10756
6;0.25;;(4, 21);;(4, 21);1;10757
6;0.25;;(4, 21);;(4, 21);1;10758
6;0.25;;(4, 21);;(4, 21);1;10759
6;0.25;;(4, 21);;(4, 21);1;10760
6;0.25;;(4, 21);;(4, 21);1;10761
6;0.25;;(4, 21);;(4, 21);1;10762
6;0.25;;(4, 21);;(4, 21);1;10763
6;0.25;;(4, 21);;(4, 21);1;10764
6;0.25;;(4, 21);;(4, 21);1;10765
6;0.25;;(4, 21);;(4, 21);1;10766
6;0.25;;(4, 21);;(4, 21);1;10767
6;0.25;;(4, 21);;(4, 21);1;10768
6;0.25;;(4, 21);;(4, 21);1;10769
6;0.25;;(4, 21);;(4, 21);1;10770
6;0.25;;(4, 21);;(4, 21);1;10771
6;0.25;;(4, 21);;(4, 21);1;10772
6;0.25;;(4, 21);;(4, 21);1;10773
6;0.25;;(4, 21);;(4, 21);1;10774
6;0.25;;(4, 21);;(4, 21);1;10775
6;0.25;;(4, 21);;(4, 21);1;10776
6;0.25;;(4, 21);;(4, 21);1;10777
6;0.25;;(4, 21);;(4, 21);1;10778
6;0.25;;(4, 21);;(4, 21);1;10779
6;0.25;;(4, 21);;(4, 21);1;10780
6;0.25;;(4, 21);;(4, 21);1;10781
6;0.25;;(4, 21);;(4, 21);1;10782
6;0.25;;(4, 21);;(4, 21);1;10783
6;0.25;;(4, 21);;(4, 21);1;10784
6;0.25;;(4, 21);;(4, 21);1;10785
6;0.25;;(4, 21);;(4, 21);1;10786
6;0.25;;(4, 21);;(4, 21);1;10787
6;0.25;;(4, 21);;(4, 21);1;10788
6;0.25;;(4, 21);;(4, 21);1;10789
6;0.25;;(4, 21);;(4, 21);1;10790
6;0.25;;(4, 21);;(4, 21);1;10791
6;0.25;;(4, 21);;(4, 21);1;10792
6;0.25;;(4, 21);;(4, 21);1;10793
6;0.25;;(4, 21);;(4, 21);1;10794
6;0.25;;(4, 21);;(4, 21);1;10795
6;0.25;;(4, 21);;(4, 21);1;10796
6;0.25;;(4, 21);;(4, 21);1;10797
6;0.25;;(4, 21);;(4, 21);1;10798
6;0.25;;(4, 21);;(4, 21);1;10799
6;0.25;;(4, 21);;(4, 21);1;10800
6;0.25;;(4, 21);;(4, 21);1;10801
6;0.25;;(4, 21);;(4, 21);1;10802
6;0.25;;(4, 21);;(4, 21);1;10803
6;0.25;;(4, 21);;(4, 21);1;10804
6;0.25;;(4, 21);;(4, 21);1;10805
6;0.25;;(4, 21);;(4, 21);1;10806
6;0.25;;(4, 21);;(4, 21);1;10807
6;0.25;;(4, 21);;(4, 21);1;10808
6;0.25;;(4, 21);;(4, 21);1;10809
6;0.25;;(4, 21);;(4, 21);1;10810
6;0.25;;(4, 21);;(4, 21);1;10811
6;0.25;;(4, 21);;(4, 21);1;10812
6;0.25;;(4, 21);;(4, 21);1;10813
6;0.25;;(4, 21);;(4, 21);1;10814
6;0.25;;(4, 21);;(4, 21);1;10815
6;0.25;;(4, 21);;(4, 21);1;10816
6;0.25;;(4, 21);;(4, 21);1;10817
6;0.25;;(4, 21);;(4, 21);1;10818
6;0.25;;(4, 21);;(4, 21);1;10819
6;0.25;;(4, 21);;(4, 21);1;10820
6;0.25;;(4, 21);;(4, 21);1;10821
6;0.25;;(4, 21);;(4, 21);1;10822
6;0.25;;(4, 21);;(4, 21);1;10823
6;0.25;;(4, 21);;(4, 21);1;10824
6;0.25;;(4, 21);;(4, 21);1;10825
6;0.25;;(4, 21);;(4, 21);1;10826
6;0.25;;(4, 21);;(4, 21);1;10827
6;0.25;;(4, 21);;(4, 21);1;10828
6;0.25;;(4, 21);;(4, 21);1;10829
6;0.25;;(4, 21);;(4, 21);1;10830
6;0.25;;(4, 21);;(4, 21);1;10831
6;0.25;;(4, 21);;(4, 21);1;10832
6;0.25;;(4, 21);;(4, 21);1;10833
6;0.25;;(4, 21);;(4, 21);1;10834
6;0.25;;(4, 21);;(4, 21);1;10835
6;0.25;;(4, 21);;(4, 21);1;10836
6;0.25;;(4, 21);;(4, 21);1;10837
6;0.25;;(4, 21);;(4, 21);1;10838
6;0.25;;(4, 21);;(4, 21);1;10839
6;0.25;;(4, 21);;(4, 21);1;10840
6;0.25;;(4, 21);;(4, 21);1;10841
6;0.25;;(4, 21);;(4, 21);1;10842
6;0.25;;(4, 21);;(4, 21);1;10843
6;0.25;;(4, 21);;(4, 21);1;10844
6;0.25;;(4, 21);;(4, 21);1;10845
6;0.25;;(4, 21);;(4, 21);1;10846
6;0.25;;(4, 21);;(4, 21);1;10847
6;0.25;;(4, 21);;(4, 21);1;10848
6;0.25;;(4, 21);;(4, 21);1;10849
6;0.25;;(4, 21);;(4, 21);1;10850
6;0.25;;(4, 21);;(4, 21);1;10851
6;0.25;;(4, 21);;(4, 21);1;10852
6;0.25;;(4, 21);;(4, 21);1;10853
6;0.25;;(4, 21);;(4, 21);1;10854
6;0.25;;(4, 21);;(4, 21);1;10855
6;0.25;;(4, 21);;(4, 21);1;10856
6;0.25;;(4, 21);;(4, 21);1;10857
6;0.25;;(4, 21);;(4, 21);1;10858
6;0.25;;(4, 21);;(4, 21);1;10859
6;0.25;;(4, 21);;(4, 21);1;10860
6;0.25;;(4, 21);;(4, 21);1;10861
6;0.25;;(4, 21);;(4, 21);1;10862
6;0.25;;(4, 21);;(4, 21);1;10863
6;0.25;;(4, 21);;(4, 21);1;10864
6;0.25;;(4, 21);;(4, 21);1;10865
6;0.25;;(4, 21);;(4, 21);1;10866
6;0.25;;(4, 21);;(4, 21);1;10867
6;0.25;;(4, 21);;(4, 21);1;10868
6;0.25;;(4, 21);;(4, 21);1;10869
6;0.25;;(4, 21);;(4, 21);1;10870
6;0.25;;(4, 21);;(4, 21);1;10871
6;0.25;;(4, 21);;(4, 21);1;10872
6;0.25;;(4, 21);;(4, 21);1;10873
6;0.25;;(4, 21);;(4, 21);1;10874
6;0.25;;(4, 21);;(4, 21);1;10875
6;0.25;;(4, 21);;(4, 21);1;10876
6;0.25;;(4, 21);;(4, 21);1;10877
6;0.25;;(4, 21);;(4, 21);1;10878
6;0.25;;(4, 21);;(4, 21);1;10879
6;0.25;;(4, 21);;(4, 21);1;10880
6;0.25;;(4, 21);;(4, 21);1;10881
6;0.25;;(4, 21);;(4, 21);1;10882
6;0.25;;(4, 21);;(4, 21);1;10883
6;0.25;;(4, 21);;(4, 21);1;10884
6;0.25;;(4, 21);;(4, 21);1;10885
6;0.25;;(4, 21);;(4, 21);1;10886
6;0.25;;(4, 21);;(4, 21);1;10887
6;0.25;;(4, 21);;(4, 21);1;10888
6;0.25;;(4, 21);;(4, 21);1;10889
6;0.25;;(4, 21);;(4, 21);1;10890
6;0.25;;(4, 21);;(4, 21);1;10891
6;0.25;;(4, 21);;(4, 21);1;10892
6;0.25;;(4, 21);;(4, 21);1;10893
6;0.25;;(4, 21);;(4, 21);1;10894
6;0.25;;(4, 21);;(4, 21);1;10895
6;0.25;;(4, 21);;(4, 21);1;10896
6;0.25;;(4, 21);;(4, 21);1;10897
6;0.25;;(4, 21);;(4, 21);1;10898
6;0.25;;(4, 21);;(4, 21);1;10899
6;0.25;;(4, 21);;(4, 21);1;10900
6;0.25;;(4, 21);;(4, 21);1;10901
6;0.25;;(4, 21);;(4, 21);1;10902
6;0.25;;(4, 21);;(4, 21);1;10903
6;0.25;;(4, 21);;(4, 21);1;10904
6;0.25;;(4, 21);;(4, 21);1;10905
6;0.25;;(4, 21);;(4, 21);1;10906
6;0.25;;(4, 21);;(4, 21);1;10907
6;0.25;;(4, 21);;(4, 21);1;10908
6;0.25;;(4, 21);;(4, 21);1;10909
6;0.25;;(4, 21);;(4, 21);1;10910
6;0.25;;(4, 21);;(4, 21);1;10911
6;0.25;;(4, 21);;(4, 21);1;10912
6;0.25;;(4, 21);;(4, 21);1;10913
6;0.25;;(4, 21);;(4, 21);1;10914
6;0.25;;(4, 21);;(4, 21);1;10915
6;0.25;;(4, 21);;(4, 21);1;10916
6;0.25;;(4, 21);;(4, 21);1;10917
6;0.25;;(4, 21);;(4, 21);1;10918
6;0.25;;(4, 21);;(4, 21);1;10919
6;0.25;;(4, 21);;(4, 21);1;10920
6;0.25;;(4, 21);;(4, 21);1;10921
6;0.25;;(4, 21);;(4, 21);1;10922
6;0.25;;(4, 21);;(4, 21);1;10923
6;0.25;;(4, 21);;(4, 21);1;10924
6;0.25;;(4, 21);;(4, 21);1;10925
6;0.25;;(4, 21);;(4, 21);1;10926
6;0.25;;(4, 21);;(4, 21);1;10927
6;0.25;;(4, 21);;(4, 21);1;10928
6;0.25;;(4, 21);;(4, 21);1;10929
6;0.25;;(4, 21);;(4, 21);1;10930
6;0.25;;(4, 21);;(4, 21);1;10931
6;0.25;;(4, 21);;(4, 21);1;10932
6;0.25;;(4, 21);;(4, 21);1;10933
6;0.25;;(4, 21);;(4, 21);1;10934
6;0.25;;(4, 21);;(4, 21);1;10935
6;0.25;;(4, 21);;(4, 21);1;10936
6;0.25;;(4, 21);;(4, 21);1;10937
6;0.25;;(4, 21);;(4, 21);1;10938
6;0.25;;(4, 21);;(4, 21);1;10939
6;0.25;;(4, 21);;(4, 21);1;10940
6;0.25;;(4, 21);;(4, 21);1;10941
6;0.25;;(4, 21);;(4, 21);1;10942
6;0.25;;(4, 21);;(4, 21);1;10943
6;0.25;;(4, 21);;(4, 21);1;10944
6;0.25;;(4, 21);;(4, 21);1;10945
6;0.25;;(4, 21);;(4, 21);1;10946
6;0.25;;(4, 21);;(4, 21);1;10947
6;0.25;;(4, 21);;(4, 21);1;10948
6;0.25;;(4, 21);;(4, 21);1;10949
6;0.25;;(4, 21);;(4, 21);1;10950
6;0.25;;(4, 21);;(4, 21);1;10951
6;0.25;;(4, 21);;(4, 21);1;10952
6;0.25;;(4, 21);;(4, 21);1;10953
6;0.25;;(4, 21);;(4, 21);1;10954
6;0.25;;(4, 21);;(4, 21);1;10955
6;0.25;;(4, 21);;(4, 21);1;10956
6;0.25;;(4, 21);;(4, 21);1;10957
6;0.25;;(4, 21);;(4, 21);1;10958
6;0.25;;(4, 21);;(4, 21);1;10959
6;0.25;;(4, 21);;(4, 21);1;10960
6;0.25;;(4, 21);;(4, 21);1;10961
6;0.25;;(4, 21);;(4, 21);1;10962
6;0.25;;(4, 21);;(4, 21);1;10963
6;0.25;;(4, 21);;(4, 21);1;10964
6;0.25;;(4, 21);;(4, 21);1;10965
6;0.25;;(4, 21);;(4, 21);1;10966
6;0.25;;(4, 21);;(4, 21);1;10967
6;0.25;;(4, 21);;(4, 21);1;10968
6;0.25;;(4, 21);;(4, 21);1;10969
6;0.25;;(4, 21);;(4, 21);1;10970
6;0.25;;(4, 21);;(4, 21);1;10971
6;0.25;;(4, 21);;(4, 21);1;10972
6;0.25;;(4, 21);;(4, 21);1;10973
6;0.25;;(4, 21);;(4, 21);1;10974
6;0.25;;(4, 21);;(4, 21);1;10975
6;0.25;;(4, 21);;(4, 21);1;10976
6;0.25;;(4, 21);;(4, 21);1;10977
6;0.25;;(4, 21);;(4, 21);1;10978
6;0.25;;(4, 21);;(4, 21);1;10979
6;0.25;;(4, 21);;(4, 21);1;10980
6;0.25;;(4, 21);;(4, 21);1;10981
6;0.25;;(4, 21);;(4, 21);1;10982
6;0.25;;(4, 21);;(4, 21);1;10983
6;0.25;;(4, 21);;(4, 21);1;10984
6;0.25;;(4, 21);;(4, 21);1;10985
6;0.25;;(4, 21);;(4, 21);1;10986
6;0.25;;(4, 21);;(4, 21);1;10987
6;0.25;;(4, 21);;(4, 21);1;10988
6;0.25;;(4, 21);;(4, 21);1;10989
6;0.25;;(4, 21);;(4, 21);1;10990
6;0.25;;(4, 21);;(4, 21);1;10991
6;0.25;;(4, 21);;(4, 21);1;10992
6;0.25;;(4, 21);;(4, 21);1;10993
6;0.25;;(4, 21);;(4, 21);1;10994
6;0.25;;(4, 21);;(4, 21);1;10995
6;0.25;;(4, 21);;(4, 21);1;10996
6;0.25;;(4, 21);;(4, 21);1;10997
6;0.25;;(4, 21);;(4, 21);1;10998
6;0.25;;(4, 21);;(4, 21);1;10999
6;0.25;;(4, 21);;(4, 21);1;11000
6;0.25;;(4, 21);;(4, 21);1;11001
6;0.25;;(4, 21);;(4, 21);1;11002
6;0.25;;(4, 21);;(4, 21);1;11003
6;0.25;;(4, 21);;(4, 21);1;11004
6;0.25;;(4, 21);;(4, 21);1;11005
6;0.25;;(4, 21);;(4, 21);1;11006
6;0.25;;(4, 21);;(4, 21);1;11007
6;0.25;;(4, 21);;(4, 21);1;11008
6;0.25;;(4, 21);;(4, 21);1;11009
6;0.25;;(4, 21);;(4, 21);1;11010
6;0.25;;(4, 21);;(4, 21);1;11011
6;0.25;;(4, 21);;(4, 21);1;11012
6;0.25;;(4, 21);;(4, 21);1;11013
6;0.25;;(4, 21);;(4, 21);1;11014
6;0.25;;(4, 21);;(4, 21);1;11015
6;0.25;;(4, 21);;(4, 21);1;11016
6;0.25;;(4, 21);;(4, 21);1;11017
6;0.25;;(4, 21);;(4, 21);1;11018
6;0.25;;(4, 21);;(4, 21);1;11019
6;0.25;;(4, 21);;(4, 21);1;11020
6;0.25;;(4, 21);;(4, 21);1;11021
6;0.25;;(4, 21);;(4, 21);1;11022
6;0.25;;(4, 21);;(4, 21);1;11023
6;0.25;;(4, 21);;(4, 21);1;11024
6;0.25;;(4, 21);;(4, 21);1;11025
6;0.25;;(4, 21);;(4, 21);1;11026
6;0.25;;(4, 21);;(4, 21);1;11027
6;0.25;;(4, 21);;(4, 21);1;11028
6;0.25;;(4, 21);;(4, 21);1;11029
6;0.25;;(4, 21);;(4, 21);1;11030
6;0.25;;(4, 21);;(4, 21);1;11031
6;0.25;;(4, 21);;(4, 21);1;11032
6;0.25;;(4, 21);;(4, 21);1;11033
6;0.25;;(4, 21);;(4, 21);1;11034
6;0.25;;(4, 21);;(4, 21);1;11035
6;0.25;;(4, 21);;(4, 21);1;11036
6;0.25;;(4, 21);;(4, 21);1;11037
6;0.25;;(4, 21);;(4, 21);1;11038
6;0.25;;(4, 21);;(4, 21);1;11039
6;0.25;;(4, 21);;(4, 21);1;11040
6;0.25;;(4, 21);;(4, 21);1;11041
6;0.25;;(4, 21);;(4, 21);1;11042
6;0.25;;(4, 21);;(4, 21);1;11043
6;0.25;;(4, 21);;(4, 21);1;11044
6;0.25;;(4, 21);;(4, 21);1;11045
6;0.25;;(4, 21);;(4, 21);1;11046
6;0.25;;(4, 21);;(4, 21);1;11047
6;0.25;;(4, 21);;(4, 21);1;11048
6;0.25;;(4, 21);;(4, 21);1;11049
6;0.25;;(4, 21);;(4, 21);1;11050
6;0.25;;(4, 21);;(4, 21);1;11051
6;0.25;;(4, 21);;(4, 21);1;11052
6;0.25;;(4, 21);;(4, 21);1;11053
6;0.25;;(4, 21);;(4, 21);1;11054
6;0.25;;(4, 21);;(4, 21);1;11055
6;0.25;;(4, 21);;(4, 21);1;11056
6;0.25;;(4, 21);;(4, 21);1;11057
6;0.25;;(4, 21);;(4, 21);1;11058
6;0.25;;(4, 21);;(4, 21);1;11059
6;0.25;;(4, 21);;(4, 21);1;11060
6;0.25;;(4, 21);;(4, 21);1;11061
6;0.25;;(4, 21);;(4, 21);1;11062
6;0.25;;(4, 21);;(4, 21);1;11063
6;0.25;;(4, 21);;(4, 21);1;11064
6;0.25;;(4, 21);;(4, 21);1;11065
6;0.25;;(4, 21);;(4, 21);1;11066
6;0.25;;(4, 21);;(4, 21);1;11067
6;0.25;;(4, 21);;(4, 21);1;11068
6;0.25;;(4, 21);;(4, 21);1;11069
6;0.25;;(4, 21);;(4, 21);1;11070
6;0.25;;(4, 21);;(4, 21);1;11071
6;0.25;;(4, 21);;(4, 21);1;11072
6;0.25;;(4, 21);;(4, 21);1;11073
6;0.25;;(4, 21);;(4, 21);1;11074
6;0.25;;(4, 21);;(4, 21);1;11075
6;0.25;;(4, 21);;(4, 21);1;11076
6;0.25;;(4, 21);;(4, 21);1;11077
6;0.25;;(4, 21);;(4, 21);1;11078
6;0.25;;(4, 21);;(4, 21);1;11079
6;0.25;;(4, 21);;(4, 21);1;11080
6;0.25;;(4, 21);;(4, 21);1;11081
6;0.25;;(4, 21);;(4, 21);1;11082
6;0.25;;(4, 21);;(4, 21);1;11083
6;0.25;;(4, 21);;(4, 21);1;11084
6;0.25;;(4, 21);;(4, 21);1;11085
6;0.25;;(4, 21);;(4, 21);1;11086
6;0.25;;(4, 21);;(4, 21);1;11087
6;0.25;;(4, 21);;(4, 21);1;11088
6;0.25;;(4, 21);;(4, 21);1;11089
6;0.25;;(4, 21);;(4, 21);1;11090
6;0.25;;(4, 21);;(4, 21);1;11091
6;0.25;;(4, 21);;(4, 21);1;11092
6;0.25;;(4, 21);;(4, 21);1;11093
6;0.25;;(4, 21);;(4, 21);1;11094
6;0.25;;(4, 21);;(4, 21);1;11095
6;0.25;;(4, 21);;(4, 21);1;11096
6;0.25;;(4, 21);;(4, 21);1;11097
6;0.25;;(4, 21);;(4, 21);1;11098
6;0.25;;(4, 21);;(4, 21);1;11099
6;0.25;;(4, 21);;(4, 21);1;11100
6;0.25;;(4, 21);;(4, 21);1;11101
6;0.25;;(4, 21);;(4, 21);1;11102
6;0.25;;(4, 21);;(4, 21);1;11103
6;0.25;;(4, 21);;(4, 21);1;11104
6;0.25;;(4, 21);;(4, 21);1;11105
6;0.25;;(4, 21);;(4, 21);1;11106
6;0.25;;(4, 21);;(4, 21);1;11107
6;0.25;;(4, 21);;(4, 21);1;11108
6;0.25;;(4, 21);;(4, 21);1;11109
6;0.25;;(4, 21);;(4, 21);1;11110
6;0.25;;(4, 21);;(4, 21);1;11111
6;0.25;;(4, 21);;(4, 21);1;11112
6;0.25;;(4, 21);;(4, 21);1;11113
6;0.25;;(4, 21);;(4, 21);1;11114
6;0.25;;(4, 21);;(4, 21);1;11115
6;0.25;;(4, 21);;(4, 21);1;11116
6;0.25;;(4, 21);;(4, 21);1;11117
6;0.25;;(4, 21);;(4, 21);1;11118
6;0.25;;(4, 21);;(4, 21);1;11119
6;0.25;;(4, 21);;(4, 21);1;11120
6;0.25;;(4, 21);;(4, 21);1;11121
6;0.25;;(4, 21);;(4, 21);1;11122
6;0.25;;(4, 21);;(4, 21);1;11123
6;0.25;;(4, 21);;(4, 21);1;11124
6;0.25;;(4, 21);;(4, 21);1;11125
6;0.25;;(4, 21);;(4, 21);1;11126
6;0.25;;(4, 21);;(4, 21);1;11127
6;0.25;;(4, 21);;(4, 21);1;11128
6;0.25;;(4, 21);;(4, 21);1;11129
6;0.25;;(4, 21);;(4, 21);1;11130
6;0.25;;(4, 21);;(4, 21);1;11131
6;0.25;;(4, 21);;(4, 21);1;11132
6;0.25;;(4, 21);;(4, 21);1;11133
6;0.25;;(4, 21);;(4, 21);1;11134
6;0.25;;(4, 21);;(4, 21);1;11135
6;0.25;;(4, 21);;(4, 21);1;11136
6;0.25;;(4, 21);;(4, 21);1;11137
6;0.25;;(4, 21);;(4, 21);1;11138
6;0.25;;(4, 21);;(4, 21);1;11139
6;0.25;;(4, 21);;(4, 21);1;11140
6;0.25;;(4, 21);;(4, 21);1;11141
6;0.25;;(4, 21);;(4, 21);1;11142
6;0.25;;(4, 21);;(4, 21);1;11143
6;0.25;;(4, 21);;(4, 21);1;11144
6;0.25;;(4, 21);;(4, 21);1;11145
6;0.25;;(4, 21);;(4, 21);1;11146
6;0.25;;(4, 21);;(4, 21);1;11147
6;0.25;;(4, 21);;(4, 21);1;11148
6;0.25;;(4, 21);;(4, 21);1;11149
6;0.25;;(4, 21);;(4, 21);1;11150
6;0.25;;(4, 21);;(4, 21);1;11151
6;0.25;;(4, 21);;(4, 21);1;11152
6;0.25;;(4, 21);;(4, 21);1;11153
6;0.25;;(4, 21);;(4, 21);1;11154
6;0.25;;(4, 21);;(4, 21);1;11155
6;0.25;;(4, 21);;(4, 21);1;11156
6;0.25;;(4, 21);;(4, 21);1;11157
6;0.25;;(4, 21);;(4, 21);1;11158
6;0.25;;(4, 21);;(4, 21);1;11159
6;0.25;;(4, 21);;(4, 21);1;11160
6;0.25;;(4, 21);;(4, 21);1;11161
6;0.25;;(4, 21);;(4, 21);1;11162
6;0.25;;(4, 21);;(4, 21);1;11163
6;0.25;;(4, 21);;(4, 21);1;11164
6;0.25;;(4, 21);;(4, 21);1;11165
6;0.25;;(4, 21);;(4, 21);1;11166
6;0.25;;(4, 21);;(4, 21);1;11167
6;0.25;;(4, 21);;(4, 21);1;11168
6;0.25;;(4, 21);;(4, 21);1;11169
6;0.25;;(4, 21);;(4, 21);1;11170
6;0.25;;(4, 21);;(4, 21);1;11171
6;0.25;;(4, 21);;(4, 21);1;11172
6;0.25;;(4, 21);;(4, 21);1;11173
6;0.25;;(4, 21);;(4, 21);1;11174
6;0.25;;(4, 21);;(4, 21);1;11175
6;0.25;;(4, 21);;(4, 21);1;11176
6;0.25;;(4, 21);;(4, 21);1;11177
6;0.25;;(4, 21);;(4, 21);1;11178
6;0.25;;(4, 21);;(4, 21);1;11179
6;0.25;;(4, 21);;(4, 21);1;11180
6;0.25;;(4, 21);;(4, 21);1;11181
6;0.25;;(4, 21);;(4, 21);1;11182
6;0.25;;(4, 21);;(4, 21);1;11183
6;0.25;;(4, 21);;(4, 21);1;11184
6;0.25;;(4, 21);;(4, 21);1;11185
6;0.25;;(4, 21);;(4, 21);1;11186
6;0.25;;(4, 21);;(4, 21);1;11187
6;0.25;;(4, 21);;(4, 21);1;11188
6;0.25;;(4, 21);;(4, 21);1;11189
6;0.25;;(4, 21);;(4, 21);1;11190
6;0.25;;(4, 21);;(4, 21);1;11191
6;0.25;;(4, 21);;(4, 21);1;11192
6;0.25;;(4, 21);;(4, 21);1;11193
6;0.25;;(4, 21);;(4, 21);1;11194
6;0.25;;(4, 21);;(4, 21);1;11195
6;0.25;;(4, 21);;(4, 21);1;11196
6;0.25;;(4, 21);;(4, 21);1;11197
6;0.25;;(4, 21);;(4, 21);1;11198
6;0.25;;(4, 21);;(4, 21);1;11199
6;0.25;;(4, 21);;(4, 21);1;11200
6;0.25;;(4, 21);;(4, 21);1;11201
6;0.25;;(4, 21);;(4, 21);1;11202
6;0.25;;(4, 21);;(4, 21);1;11203
6;0.25;;(4, 21);;(4, 21);1;11204
6;0.25;;(4, 21);;(4, 21);1;11205
6;0.25;;(4, 21);;(4, 21);1;11206
6;0.25;;(4, 21);;(4, 21);1;11207
6;0.25;;(4, 21);;(4, 21);1;11208
6;0.25;;(4, 21);;(4, 21);1;11209
6;0.25;;(4, 21);;(4, 21);1;11210
6;0.25;;(4, 21);;(4, 21);1;11211
6;0.25;;(4, 21);;(4, 21);1;11212
6;0.25;;(4, 21);;(4, 21);1;11213
6;0.25;;(4, 21);;(4, 21);1;11214
6;0.25;;(4, 21);;(4, 21);1;11215
6;0.25;;(4, 21);;(4, 21);1;11216
6;0.25;;(4, 21);;(4, 21);1;11217
6;0.25;;(4, 21);;(4, 21);1;11218
6;0.25;;(4, 21);;(4, 21);1;11219
6;0.25;;(4, 21);;(4, 21);1;11220
6;0.25;;(4, 21);;(4, 21);1;11221
6;0.25;;(4, 21);;(4, 21);1;11222
6;0.25;;(4, 21);;(4, 21);1;11223
6;0.25;;(4, 21);;(4, 21);1;11224
6;0.25;;(4, 21);;(4, 21);1;11225
6;0.25;;(4, 21);;(4, 21);1;11226
6;0.25;;(4, 21);;(4, 21);1;11227
6;0.25;;(4, 21);;(4, 21);1;11228
6;0.25;;(4, 21);;(4, 21);1;11229
6;0.25;;(4, 21);;(4, 21);1;11230
6;0.25;;(4, 21);;(4, 21);1;11231
6;0.25;;(4, 21);;(4, 21);1;11232
6;0.25;;(4, 21);;(4, 21);1;11233
6;0.25;;(4, 21);;(4, 21);1;11234
6;0.25;;(4, 21);;(4, 21);1;11235
6;0.25;;(4, 21);;(4, 21);1;11236
6;0.25;;(4, 21);;(4, 21);1;11237
6;0.25;;(4, 21);;(4, 21);1;11238
6;0.25;;(4, 21);;(4, 21);1;11239
6;0.25;;(4, 21);;(4, 21);1;11240
6;0.25;;(4, 21);;(4, 21);1;11241
6;0.25;;(4, 21);;(4, 21);1;11242
6;0.25;;(4, 21);;(4, 21);1;11243
6;0.25;;(4, 21);;(4, 21);1;11244
6;0.25;;(4, 21);;(4, 21);1;11245
6;0.25;;(4, 21);;(4, 21);1;11246
6;0.25;;(4, 21);;(4, 21);1;11247
6;0.25;;(4, 21);;(4, 21);1;11248
6;0.25;;(4, 21);;(4, 21);1;11249
6;0.25;;(4, 21);;(4, 21);1;11250
6;0.25;;(4, 21);;(4, 21);1;11251
6;0.25;;(4, 21);;(4, 21);1;11252
6;0.25;;(4, 21);;(4, 21);1;11253
6;0.25;;(4, 21);;(4, 21);1;11254
6;0.25;;(4, 21);;(4, 21);1;11255
6;0.25;;(4, 21);;(4, 21);1;11256
6;0.25;;(4, 21);;(4, 21);1;11257
6;0.25;;(4, 21);;(4, 21);1;11258
6;0.25;;(4, 21);;(4, 21);1;11259
6;0.25;;(4, 21);;(4, 21);1;11260
6;0.25;;(4, 21);;(4, 21);1;11261
6;0.25;;(4, 21);;(4, 21);1;11262
6;0.25;;(4, 21);;(4, 21);1;11263
6;0.25;;(4, 21);;(4, 21);1;11264
6;0.25;;(4, 21);;(4, 21);1;11265
6;0.25;;(4, 21);;(4, 21);1;11266
6;0.25;;(4, 21);;(4, 21);1;11267
6;0.25;;(4, 21);;(4, 21);1;11268
6;0.25;;(4, 21);;(4, 21);1;11269
6;0.25;;(4, 21);;(4, 21);1;11270
6;0.25;;(4, 21);;(4, 21);1;11271
6;0.25;;(4, 21);;(4, 21);1;11272
6;0.25;;(4, 21);;(4, 21);1;11273
6;0.25;;(4, 21);;(4, 21);1;11274
6;0.25;;(4, 21);;(4, 21);1;11275
6;0.25;;(4, 21);;(4, 21);1;11276
6;0.25;;(4, 21);;(4, 21);1;11277
6;0.25;;(4, 21);;(4, 21);1;11278
6;0.25;;(4, 21);;(4, 21);1;11279
6;0.25;;(4, 21);;(4, 21);1;11280
6;0.25;;(4, 21);;(4, 21);1;11281
6;0.25;;(4, 21);;(4, 21);1;11282
6;0.25;;(4, 21);;(4, 21);1;11283
6;0.25;;(4, 21);;(4, 21);1;11284
6;0.25;;(4, 21);;(4, 21);1;11285
6;0.25;;(4, 21);;(4, 21);1;11286
6;0.25;;(4, 21);;(4, 21);1;11287
6;0.25;;(4, 21);;(4, 21);1;11288
6;0.25;;(4, 21);;(4, 21);1;11289
6;0.25;;(4, 21);;(4, 21);1;11290
6;0.25;;(4, 21);;(4, 21);1;11291
6;0.25;;(4, 21);;(4, 21);1;11292
6;0.25;;(4, 21);;(4, 21);1;11293
6;0.25;;(4, 21);;(4, 21);1;11294
6;0.25;;(4, 21);;(4, 21);1;11295
6;0.25;;(4, 21);;(4, 21);1;11296
6;0.25;;(4, 21);;(4, 21);1;11297
6;0.25;;(4, 21);;(4, 21);1;11298
6;0.25;;(4, 21);;(4, 21);1;11299
6;0.25;;(4, 21);;(4, 21);1;11300
6;0.25;;(4, 21);;(4, 21);1;11301
6;0.25;;(4, 21);;(4, 21);1;11302
6;0.25;;(4, 21);;(4, 21);1;11303
6;0.25;;(4, 21);;(4, 21);1;11304
6;0.25;;(4, 21);;(4, 21);1;11305
6;0.25;;(4, 21);;(4, 21);1;11306
6;0.25;;(4, 21);;(4, 21);1;11307
6;0.25;;(4, 21);;(4, 21);1;11308
6;0.25;;(4, 21);;(4, 21);1;11309
6;0.25;;(4, 21);;(4, 21);1;11310
6;0.25;;(4, 21);;(4, 21);1;11311
6;0.25;;(4, 21);;(4, 21);1;11312
6;0.25;;(4, 21);;(4, 21);1;11313
6;0.25;;(4, 21);;(4, 21);1;11314
6;0.25;;(4, 21);;(4, 21);1;11315
6;0.25;;(4, 21);;(4, 21);1;11316
6;0.25;;(4, 21);;(4, 21);1;11317
6;0.25;;(4, 21);;(4, 21);1;11318
6;0.25;;(4, 21);;(4, 21);1;11319
6;0.25;;(4, 21);;(4, 21);1;11320
6;0.25;;(4, 21);;(4, 21);1;11321
6;0.25;;(4, 21);;(4, 21);1;11322
6;0.25;;(4, 21);;(4, 21);1;11323
6;0.25;;(4, 21);;(4, 21);1;11324
6;0.25;;(4, 21);;(4, 21);1;11325
6;0.25;;(4, 21);;(4, 21);1;11326
6;0.25;;(4, 21);;(4, 21);1;11327
6;0.25;;(4, 21);;(4, 21);1;11328
6;0.25;;(4, 21);;(4, 21);1;11329
6;0.25;;(4, 21);;(4, 21);1;11330
6;0.25;;(4, 21);;(4, 21);1;11331
6;0.25;;(4, 21);;(4, 21);1;11332
6;0.25;;(4, 21);;(4, 21);1;11333
6;0.25;;(4, 21);;(4, 21);1;11334
6;0.25;;(4, 21);;(4, 21);1;11335
6;0.25;;(4, 21);;(4, 21);1;11336
6;0.25;;(4, 21);;(4, 21);1;11337
6;0.25;;(4, 21);;(4, 21);1;11338
6;0.25;;(4, 21);;(4, 21);1;11339
6;0.25;;(4, 21);;(4, 21);1;11340
6;0.25;;(4, 21);;(4, 21);1;11341
6;0.25;;(4, 21);;(4, 21);1;11342
6;0.25;;(4, 21);;(4, 21);1;11343
6;0.25;;(4, 21);;(4, 21);1;11344
6;0.25;;(4, 21);;(4, 21);1;11345
6;0.25;;(4, 21);;(4, 21);1;11346
6;0.25;;(4, 21);;(4, 21);1;11347
6;0.25;;(4, 21);;(4, 21);1;11348
6;0.25;;(4, 21);;(4, 21);1;11349
6;0.25;;(4, 21);;(4, 21);1;11350
6;0.25;;(4, 21);;(4, 21);1;11351
6;0.25;;(4, 21);;(4, 21);1;11352
6;0.25;;(4, 21);;(4, 21);1;11353
6;0.25;;(4, 21);;(4, 21);1;11354
6;0.25;;(4, 21);;(4, 21);1;11355
6;0.25;;(4, 21);;(4, 21);1;11356
6;0.25;;(4, 21);;(4, 21);1;11357
6;0.25;;(4, 21);;(4, 21);1;11358
6;0.25;;(4, 21);;(4, 21);1;11359
6;0.25;;(4, 21);;(4, 21);1;11360
6;0.25;;(4, 21);;(4, 21);1;11361
6;0.25;;(4, 21);;(4, 21);1;11362
6;0.25;;(4, 21);;(4, 21);1;11363
6;0.25;;(4, 21);;(4, 21);1;11364
6;0.25;;(4, 21);;(4, 21);1;11365
6;0.25;;(4, 21);;(4, 21);1;11366
6;0.25;;(4, 21);;(4, 21);1;11367
6;0.25;;(4, 21);;(4, 21);1;11368
6;0.25;;(4, 21);;(4, 21);1;11369
6;0.25;;(4, 21);;(4, 21);1;11370
6;0.25;;(4, 21);;(4, 21);1;11371
6;0.25;;(4, 21);;(4, 21);1;11372
6;0.25;;(4, 21);;(4, 21);1;11373
6;0.25;;(4, 21);;(4, 21);1;11374
6;0.25;;(4, 21);;(4, 21);1;11375
6;0.25;;(4, 21);;(4, 21);1;11376
6;0.25;;(4, 21);;(4, 21);1;11377
6;0.25;;(4, 21);;(4, 21);1;11378
6;0.25;;(4, 21);;(4, 21);1;11379
6;0.25;;(4, 21);;(4, 21);1;11380
6;0.25;;(4, 21);;(4, 21);1;11381
6;0.25;;(4, 21);;(4, 21);1;11382
6;0.25;;(4, 21);;(4, 21);1;11383
6;0.25;;(4, 21);;(4, 21);1;11384
6;0.25;;(4, 21);;(4, 21);1;11385
6;0.25;;(4, 21);;(4, 21);1;11386
6;0.25;;(4, 21);;(4, 21);1;11387
6;0.25;;(4, 21);;(4, 21);1;11388
6;0.25;;(4, 21);;(4, 21);1;11389
6;0.25;;(4, 21);;(4, 21);1;11390
6;0.25;;(4, 21);;(4, 21);1;11391
6;0.25;;(4, 21);;(4, 21);1;11392
6;0.25;;(4, 21);;(4, 21);1;11393
6;0.25;;(4, 21);;(4, 21);1;11394
6;0.25;;(4, 21);;(4, 21);1;11395
6;0.25;;(4, 21);;(4, 21);1;11396
6;0.25;;(4, 21);;(4, 21);1;11397
6;0.25;;(4, 21);;(4, 21);1;11398
6;0.25;;(4, 21);;(4, 21);1;11399
6;0.25;;(4, 21);;(4, 21);1;11400
6;0.25;;(4, 21);;(4, 21);1;11401
6;0.25;;(4, 21);;(4, 21);1;11402
6;0.25;;(4, 21);;(4, 21);1;11403
6;0.25;;(4, 21);;(4, 21);1;11404
6;0.25;;(4, 21);;(4, 21);1;11405
6;0.25;;(4, 21);;(4, 21);1;11406
6;0.25;;(4, 21);;(4, 21);1;11407
6;0.25;;(4, 21);;(4, 21);1;11408
6;0.25;;(4, 21);;(4, 21);1;11409
6;0.25;;(4, 21);;(4, 21);1;11410
6;0.25;;(4, 21);;(4, 21);1;11411
6;0.25;;(4, 21);;(4, 21);1;11412
6;0.25;;(4, 21);;(4, 21);1;11413
6;0.25;;(4, 21);;(4, 21);1;11414
6;0.25;;(4, 21);;(4, 21);1;11415
6;0.25;;(4, 21);;(4, 21);1;11416
6;0.25;;(4, 21);;(4, 21);1;11417
6;0.25;;(4, 21);;(4, 21);1;11418
6;0.25;;(4, 21);;(4, 21);1;11419
6;0.25;;(4, 21);;(4, 21);1;11420
6;0.25;;(4, 21);;(4, 21);1;11421
6;0.25;;(4, 21);;(4, 21);1;11422
6;0.25;;(4, 21);;(4, 21);1;11423
6;0.25;;(4, 21);;(4, 21);1;11424
6;0.25;;(4, 21);;(4, 21);1;11425
6;0.25;;(4, 21);;(4, 21);1;11426
6;0.25;;(4, 21);;(4, 21);1;11427
6;0.25;;(4, 21);;(4, 21);1;11428
6;0.25;;(4, 21);;(4, 21);1;11429
6;0.25;;(4, 21);;(4, 21);1;11430
6;0.25;;(4, 21);;(4, 21);1;11431
6;0.25;;(4, 21);;(4, 21);1;11432
6;0.25;;(4, 21);;(4, 21);1;11433
6;0.25;;(4, 21);;(4, 21);1;11434
6;0.25;;(4, 21);;(4, 21);1;11435
6;0.25;;(4, 21);;(4, 21);1;11436
6;0.25;;(4, 21);;(4, 21);1;11437
6;0.25;;(4, 21);;(4, 21);1;11438
6;0.25;;(4, 21);;(4, 21);1;11439
6;0.25;;(4, 21);;(4, 21);1;11440
6;0.25;;(4, 21);;(4, 21);1;11441
6;0.25;;(4, 21);;(4, 21);1;11442
6;0.25;;(4, 21);;(4, 21);1;11443
6;0.25;;(4, 21);;(4, 21);1;11444
6;0.25;;(4, 21);;(4, 21);1;11445
6;0.25;;(4, 21);;(4, 21);1;11446
6;0.25;;(4, 21);;(4, 21);1;11447
6;0.25;;(4, 21);;(4, 21);1;11448
6;0.25;;(4, 21);;(4, 21);1;11449
6;0.25;;(4, 21);;(4, 21);1;11450
6;0.25;;(4, 21);;(4, 21);1;11451
6;0.25;;(4, 21);;(4, 21);1;11452
6;0.25;;(4, 21);;(4, 21);1;11453
6;0.25;;(4, 21);;(4, 21);1;11454
6;0.25;;(4, 21);;(4, 21);1;11455
6;0.25;;(4, 21);;(4, 21);1;11456
6;0.25;;(4, 21);;(4, 21);1;11457
6;0.25;;(4, 21);;(4, 21);1;11458
6;0.25;;(4, 21);;(4, 21);1;11459
6;0.25;;(4, 21);;(4, 21);1;11460
6;0.25;;(4, 21);;(4, 21);1;11461
6;0.25;;(4, 21);;(4, 21);1;11462
6;0.25;;(4, 21);;(4, 21);1;11463
6;0.25;;(4, 21);;(4, 21);1;11464
6;0.25;;(4, 21);;(4, 21);1;11465
6;0.25;;(4, 21);;(4, 21);1;11466
6;0.25;;(4, 21);;(4, 21);1;11467
6;0.25;;(4, 21);;(4, 21);1;11468
6;0.25;;(4, 21);;(4, 21);1;11469
6;0.25;;(4, 21);;(4, 21);1;11470
6;0.25;;(4, 21);;(4, 21);1;11471
6;0.25;;(4, 21);;(4, 21);1;11472
6;0.25;;(4, 21);;(4, 21);1;11473
6;0.25;;(4, 21);;(4, 21);1;11474
6;0.25;;(4, 21);;(4, 21);1;11475
6;0.25;;(4, 21);;(4, 21);1;11476
6;0.25;;(4, 21);;(4, 21);1;11477
6;0.25;;(4, 21);;(4, 21);1;11478
6;0.25;;(4, 21);;(4, 21);1;11479
6;0.25;;(4, 21);;(4, 21);1;11480
6;0.25;;(4, 21);;(4, 21);1;11481
6;0.25;;(4, 21);;(4, 21);1;11482
6;0.25;;(4, 21);;(4, 21);1;11483
6;0.25;;(4, 21);;(4, 21);1;11484
6;0.25;;(4, 21);;(4, 21);1;11485
6;0.25;;(4, 21);;(4, 21);1;11486
6;0.25;;(4, 21);;(4, 21);1;11487
6;0.25;;(4, 21);;(4, 21);1;11488
6;0.25;;(4, 21);;(4, 21);1;11489
6;0.25;;(4, 21);;(4, 21);1;11490
6;0.25;;(4, 21);;(4, 21);1;11491
6;0.25;;(4, 21);;(4, 21);1;11492
6;0.25;;(4, 21);;(4, 21);1;11493
6;0.25;;(4, 21);;(4, 21);1;11494
6;0.25;;(4, 21);;(4, 21);1;11495
6;0.25;;(4, 21);;(4, 21);1;11496
6;0.25;;(4, 21);;(4, 21);1;11497
6;0.25;;(4, 21);;(4, 21);1;11498
6;0.25;;(4, 21);;(4, 21);1;11499
6;0.25;;(4, 21);;(4, 21);1;11500
6;0.25;;(4, 21);;(4, 21);1;11501
6;0.25;;(4, 21);;(4, 21);1;11502
6;0.25;;(4, 21);;(4, 21);1;11503
6;0.25;;(4, 21);;(4, 21);1;11504
6;0.25;;(4, 21);;(4, 21);1;11505
6;0.25;;(4, 21);;(4, 21);1;11506
6;0.25;;(4, 21);;(4, 21);1;11507
6;0.25;;(4, 21);;(4, 21);1;11508
6;0.25;;(4, 21);;(4, 21);1;11509
6;0.25;;(4, 21);;(4, 21);1;11510
6;0.25;;(4, 21);;(4, 21);1;11511
6;0.25;;(4, 21);;(4, 21);1;11512
6;0.25;;(4, 21);;(4, 21);1;11513
6;0.25;;(4, 21);;(4, 21);1;11514
6;0.25;;(4, 21);;(4, 21);1;11515
6;0.25;;(4, 21);;(4, 21);1;11516
6;0.25;;(4, 21);;(4, 21);1;11517
6;0.25;;(4, 21);;(4, 21);1;11518
6;0.25;;(4, 21);;(4, 21);1;11519
6;0.25;;(4, 21);;(4, 21);1;11520
6;0.25;;(4, 21);;(4, 21);1;11521
6;0.25;;(4, 21);;(4, 21);1;11522
6;0.25;;(4, 21);;(4, 21);1;11523
6;0.25;;(4, 21);;(4, 21);1;11524
6;0.25;;(4, 21);;(4, 21);1;11525
6;0.25;;(4, 21);;(4, 21);1;11526
6;0.25;;(4, 21);;(4, 21);1;11527
6;0.25;;(4, 21);;(4, 21);1;11528
6;0.25;;(4, 21);;(4, 21);1;11529
6;0.25;;(4, 21);;(4, 21);1;11530
6;0.25;;(4, 21);;(4, 21);1;11531
6;0.25;;(4, 21);;(4, 21);1;11532
6;0.25;;(4, 21);;(4, 21);1;11533
6;0.25;;(4, 21);;(4, 21);1;11534
6;0.25;;(4, 21);;(4, 21);1;11535
6;0.25;;(4, 21);;(4, 21);1;11536
6;0.25;;(4, 21);;(4, 21);1;11537
6;0.25;;(4, 21);;(4, 21);1;11538
6;0.25;;(4, 21);;(4, 21);1;11539
6;0.25;;(4, 21);;(4, 21);1;11540
6;0.25;;(4, 21);;(4, 21);1;11541
6;0.25;;(4, 21);;(4, 21);1;11542
6;0.25;;(4, 21);;(4, 21);1;11543
6;0.25;;(4, 21);;(4, 21);1;11544
6;0.25;;(4, 21);;(4, 21);1;11545
6;0.25;;(4, 21);;(4, 21);1;11546
6;0.25;;(4, 21);;(4, 21);1;11547
6;0.25;;(4, 21);;(4, 21);1;11548
6;0.25;;(4, 21);;(4, 21);1;11549
6;0.25;;(4, 21);;(4, 21);1;11550
6;0.25;;(4, 21);;(4, 21);1;11551
6;0.25;;(4, 21);;(4, 21);1;11552
6;0.25;;(4, 21);;(4, 21);1;11553
6;0.25;;(4, 21);;(4, 21);1;11554
6;0.25;;(4, 21);;(4, 21);1;11555
6;0.25;;(4, 21);;(4, 21);1;11556
6;0.25;;(4, 21);;(4, 21);1;11557
6;0.25;;(4, 21);;(4, 21);1;11558
6;0.25;;(4, 21);;(4, 21);1;11559
6;0.25;;(4, 21);;(4, 21);1;11560
6;0.25;;(4, 21);;(4, 21);1;11561
6;0.25;;(4, 21);;(4, 21);1;11562
6;0.25;;(4, 21);;(4, 21);1;11563
6;0.25;;(4, 21);;(4, 21);1;11564
6;0.25;;(4, 21);;(4, 21);1;11565
6;0.25;;(4, 21);;(4, 21);1;11566
6;0.25;;(4, 21);;(4, 21);1;11567
6;0.25;;(4, 21);;(4, 21);1;11568
6;0.25;;(4, 21);;(4, 21);1;11569
6;0.25;;(4, 21);;(4, 21);1;11570
6;0.25;;(4, 21);;(4, 21);1;11571
6;0.25;;(4, 21);;(4, 21);1;11572
6;0.25;;(4, 21);;(4, 21);1;11573
6;0.25;;(4, 21);;(4, 21);1;11574
6;0.25;;(4, 21);;(4, 21);1;11575
6;0.25;;(4, 21);;(4, 21);1;11576
6;0.25;;(4, 21);;(4, 21);1;11577
6;0.25;;(4, 21);;(4, 21);1;11578
6;0.25;;(4, 21);;(4, 21);1;11579
6;0.25;;(4, 21);;(4, 21);1;11580
6;0.25;;(4, 21);;(4, 21);1;11581
6;0.25;;(4, 21);;(4, 21);1;11582
6;0.25;;(4, 21);;(4, 21);1;11583
6;0.25;;(4, 21);;(4, 21);1;11584
6;0.25;;(4, 21);;(4, 21);1;11585
6;0.25;;(4, 21);;(4, 21);1;11586
6;0.25;;(4, 21);;(4, 21);1;11587
6;0.25;;(4, 21);;(4, 21);1;11588
6;0.25;;(4, 21);;(4, 21);1;11589
6;0.25;;(4, 21);;(4, 21);1;11590
6;0.25;;(4, 21);;(4, 21);1;11591
6;0.25;;(4, 21);;(4, 21);1;11592
6;0.25;;(4, 21);;(4, 21);1;11593
6;0.25;;(4, 21);;(4, 21);1;11594
6;0.25;;(4, 21);;(4, 21);1;11595
6;0.25;;(4, 21);;(4, 21);1;11596
6;0.25;;(4, 21);;(4, 21);1;11597
6;0.25;;(4, 21);;(4, 21);1;11598
6;0.25;;(4, 21);;(4, 21);1;11599
6;0.25;;(4, 21);;(4, 21);1;11600
6;0.25;;(4, 21);;(4, 21);1;11601
6;0.25;;(4, 21);;(4, 21);1;11602
6;0.25;;(4, 21);;(4, 21);1;11603
6;0.25;;(4, 21);;(4, 21);1;11604
6;0.25;;(4, 21);;(4, 21);1;11605
6;0.25;;(4, 21);;(4, 21);1;11606
6;0.25;;(4, 21);;(4, 21);1;11607
6;0.25;;(4, 21);;(4, 21);1;11608
6;0.25;;(4, 21);;(4, 21);1;11609
6;0.25;;(4, 21);;(4, 21);1;11610
6;0.25;;(4, 21);;(4, 21);1;11611
6;0.25;;(4, 21);;(4, 21);1;11612
6;0.25;;(4, 21);;(4, 21);1;11613
6;0.25;;(4, 21);;(4, 21);1;11614
6;0.25;;(4, 21);;(4, 21);1;11615
6;0.25;;(4, 21);;(4, 21);1;11616
6;0.25;;(4, 21);;(4, 21);1;11617
6;0.25;;(4, 21);;(4, 21);1;11618
6;0.25;;(4, 21);;(4, 21);1;11619
6;0.25;;(4, 21);;(4, 21);1;11620
6;0.25;;(4, 21);;(4, 21);1;11621
6;0.25;;(4, 21);;(4, 21);1;11622
6;0.25;;(4, 21);;(4, 21);1;11623
6;0.25;;(4, 21);;(4, 21);1;11624
6;0.25;;(4, 21);;(4, 21);1;11625
6;0.25;;(4, 21);;(4, 21);1;11626
6;0.25;;(4, 21);;(4, 21);1;11627
6;0.25;;(4, 21);;(4, 21);1;11628
6;0.25;;(4, 21);;(4, 21);1;11629
6;0.25;;(4, 21);;(4, 21);1;11630
6;0.25;;(4, 21);;(4, 21);1;11631
6;0.25;;(4, 21);;(4, 21);1;11632
6;0.25;;(4, 21);;(4, 21);1;11633
6;0.25;;(4, 21);;(4, 21);1;11634
6;0.25;;(4, 21);;(4, 21);1;11635
6;0.25;;(4, 21);;(4, 21);1;11636
6;0.25;;(4, 21);;(4, 21);1;11637
6;0.25;;(4, 21);;(4, 21);1;11638
6;0.25;;(4, 21);;(4, 21);1;11639
6;0.25;;(4, 21);;(4, 21);1;11640
6;0.25;;(4, 21);;(4, 21);1;11641
6;0.25;;(4, 21);;(4, 21);1;11642
6;0.25;;(4, 21);;(4, 21);1;11643
6;0.25;;(4, 21);;(4, 21);1;11644
6;0.25;;(4, 21);;(4, 21);1;11645
6;0.25;;(4, 21);;(4, 21);1;11646
6;0.25;;(4, 21);;(4, 21);1;11647
6;0.25;;(4, 21);;(4, 21);1;11648
6;0.25;;(4, 21);;(4, 21);1;11649
6;0.25;;(4, 21);;(4, 21);1;11650
6;0.25;;(4, 21);;(4, 21);1;11651
6;0.25;;(4, 21);;(4, 21);1;11652
6;0.25;;(4, 21);;(4, 21);1;11653
6;0.25;;(4, 21);;(4, 21);1;11654
6;0.25;;(4, 21);;(4, 21);1;11655
6;0.25;;(4, 21);;(4, 21);1;11656
6;0.25;;(4, 21);;(4, 21);1;11657
6;0.25;;(4, 21);;(4, 21);1;11658
6;0.25;;(4, 21);;(4, 21);1;11659
6;0.25;;(4, 21);;(4, 21);1;11660
6;0.25;;(4, 21);;(4, 21);1;11661
6;0.25;;(4, 21);;(4, 21);1;11662
6;0.25;;(4, 21);;(4, 21);1;11663
6;0.25;;(4, 21);;(4, 21);1;11664
6;0.25;;(4, 21);;(4, 21);1;11665
6;0.25;;(4, 21);;(4, 21);1;11666
6;0.25;;(4, 21);;(4, 21);1;11667
6;0.25;;(4, 21);;(4, 21);1;11668
6;0.25;;(4, 21);;(4, 21);1;11669
6;0.25;;(4, 21);;(4, 21);1;11670
6;0.25;;(4, 21);;(4, 21);1;11671
6;0.25;;(4, 21);;(4, 21);1;11672
6;0.25;;(4, 21);;(4, 21);1;11673
6;0.25;;(4, 21);;(4, 21);1;11674
6;0.25;;(4, 21);;(4, 21);1;11675
6;0.25;;(4, 21);;(4, 21);1;11676
6;0.25;;(4, 21);;(4, 21);1;11677
6;0.25;;(4, 21);;(4, 21);1;11678
6;0.25;;(4, 21);;(4, 21);1;11679
6;0.25;;(4, 21);;(4, 21);1;11680
6;0.25;;(4, 21);;(4, 21);1;11681
6;0.25;;(4, 21);;(4, 21);1;11682
6;0.25;;(4, 21);;(4, 21);1;11683
6;0.25;;(4, 21);;(4, 21);1;11684
6;0.25;;(4, 21);;(4, 21);1;11685
6;0.25;;(4, 21);;(4, 21);1;11686
6;0.25;;(4, 21);;(4, 21);1;11687
6;0.25;;(4, 21);;(4, 21);1;11688
6;0.25;;(4, 21);;(4, 21);1;11689
6;0.25;;(4, 21);;(4, 21);1;11690
6;0.25;;(4, 21);;(4, 21);1;11691
6;0.25;;(4, 21);;(4, 21);1;11692
6;0.25;;(4, 21);;(4, 21);1;11693
6;0.25;;(4, 21);;(4, 21);1;11694
6;0.25;;(4, 21);;(4, 21);1;11695
6;0.25;;(4, 21);;(4, 21);1;11696
6;0.25;;(4, 21);;(4, 21);1;11697
6;0.25;;(4, 21);;(4, 21);1;11698
6;0.25;;(4, 21);;(4, 21);1;11699
6;0.25;;(4, 21);;(4, 21);1;11700
6;0.25;;(4, 21);;(4, 21);1;11701
6;0.25;;(4, 21);;(4, 21);1;11702
6;0.25;;(4, 21);;(4, 21);1;11703
6;0.25;;(4, 21);;(4, 21);1;11704
6;0.25;;(4, 21);;(4, 21);1;11705
6;0.25;;(4, 21);;(4, 21);1;11706
6;0.25;;(4, 21);;(4, 21);1;11707
6;0.25;;(4, 21);;(4, 21);1;11708
6;0.25;;(4, 21);;(4, 21);1;11709
6;0.25;;(4, 21);;(4, 21);1;11710
6;0.25;;(4, 21);;(4, 21);1;11711
6;0.25;;(4, 21);;(4, 21);1;11712
6;0.25;;(4, 21);;(4, 21);1;11713
6;0.25;;(4, 21);;(4, 21);1;11714
6;0.25;;(4, 21);;(4, 21);1;11715
6;0.25;;(4, 21);;(4, 21);1;11716
6;0.25;;(4, 21);;(4, 21);1;11717
6;0.25;;(4, 21);;(4, 21);1;11718
6;0.25;;(4, 21);;(4, 21);1;11719
6;0.25;;(4, 21);;(4, 21);1;11720
6;0.25;;(4, 21);;(4, 21);1;11721
6;0.25;;(4, 21);;(4, 21);1;11722
6;0.25;;(4, 21);;(4, 21);1;11723
6;0.25;;(4, 21);;(4, 21);1;11724
6;0.25;;(4, 21);;(4, 21);1;11725
6;0.25;;(4, 21);;(4, 21);1;11726
6;0.25;;(4, 21);;(4, 21);1;11727
6;0.25;;(4, 21);;(4, 21);1;11728
6;0.25;;(4, 21);;(4, 21);1;11729
6;0.25;;(4, 21);;(4, 21);1;11730
6;0.25;;(4, 21);;(4, 21);1;11731
6;0.25;;(4, 21);;(4, 21);1;11732
6;0.25;;(4, 21);;(4, 21);1;11733
6;0.25;;(4, 21);;(4, 21);1;11734
6;0.25;;(4, 21);;(4, 21);1;11735
6;0.25;;(4, 21);;(4, 21);1;11736
6;0.25;;(4, 21);;(4, 21);1;11737
6;0.25;;(4, 21);;(4, 21);1;11738
6;0.25;;(4, 21);;(4, 21);1;11739
6;0.25;;(4, 21);;(4, 21);1;11740
6;0.25;;(4, 21);;(4, 21);1;11741
6;0.25;;(4, 21);;(4, 21);1;11742
6;0.25;;(4, 21);;(4, 21);1;11743
6;0.25;;(4, 21);;(4, 21);1;11744
6;0.25;;(4, 21);;(4, 21);1;11745
6;0.25;;(4, 21);;(4, 21);1;11746
6;0.25;;(4, 21);;(4, 21);1;11747
6;0.25;;(4, 21);;(4, 21);1;11748
6;0.25;;(4, 21);;(4, 21);1;11749
6;0.25;;(4, 21);;(4, 21);1;11750
6;0.25;;(4, 21);;(4, 21);1;11751
6;0.25;;(4, 21);;(4, 21);1;11752
6;0.25;;(4, 21);;(4, 21);1;11753
6;0.25;;(4, 21);;(4, 21);1;11754
6;0.25;;(4, 21);;(4, 21);1;11755
6;0.25;;(4, 21);;(4, 21);1;11756
6;0.25;;(4, 21);;(4, 21);1;11757
6;0.25;;(4, 21);;(4, 21);1;11758
6;0.25;;(4, 21);;(4, 21);1;11759
6;0.25;;(4, 21);;(4, 21);1;11760
6;0.25;;(4, 21);;(4, 21);1;11761
6;0.25;;(4, 21);;(4, 21);1;11762
6;0.25;;(4, 21);;(4, 21);1;11763
6;0.25;;(4, 21);;(4, 21);1;11764
6;0.25;;(4, 21);;(4, 21);1;11765
6;0.25;;(4, 21);;(4, 21);1;11766
6;0.25;;(4, 21);;(4, 21);1;11767
6;0.25;;(4, 21);;(4, 21);1;11768
6;0.25;;(4, 21);;(4, 21);1;11769
6;0.25;;(4, 21);;(4, 21);1;11770
6;0.25;;(4, 21);;(4, 21);1;11771
6;0.25;;(4, 21);;(4, 21);1;11772
6;0.25;;(4, 21);;(4, 21);1;11773
6;0.25;;(4, 21);;(4, 21);1;11774
6;0.25;;(4, 21);;(4, 21);1;11775
6;0.25;;(4, 21);;(4, 21);1;11776
6;0.25;;(4, 21);;(4, 21);1;11777
6;0.25;;(4, 21);;(4, 21);1;11778
6;0.25;;(4, 21);;(4, 21);1;11779
6;0.25;;(4, 21);;(4, 21);1;11780
6;0.25;;(4, 21);;(4, 21);1;11781
6;0.25;;(4, 21);;(4, 21);1;11782
6;0.25;;(4, 21);;(4, 21);1;11783
6;0.25;;(4, 21);;(4, 21);1;11784
6;0.25;;(4, 21);;(4, 21);1;11785
6;0.25;;(4, 21);;(4, 21);1;11786
6;0.25;;(4, 21);;(4, 21);1;11787
6;0.25;;(4, 21);;(4, 21);1;11788
6;0.25;;(4, 21);;(4, 21);1;11789
6;0.25;;(4, 21);;(4, 21);1;11790
6;0.25;;(4, 21);;(4, 21);1;11791
6;0.25;;(4, 21);;(4, 21);1;11792
6;0.25;;(4, 21);;(4, 21);1;11793
6;0.25;;(4, 21);;(4, 21);1;11794
6;0.25;;(4, 21);;(4, 21);1;11795
6;0.25;;(4, 21);;(4, 21);1;11796
6;0.25;;(4, 21);;(4, 21);1;11797
6;0.25;;(4, 21);;(4, 21);1;11798
6;0.25;;(4, 21);;(4, 21);1;11799
6;0.25;;(4, 21);;(4, 21);1;11800
6;0.25;;(4, 21);;(4, 21);1;11801
6;0.25;;(4, 21);;(4, 21);1;11802
6;0.25;;(4, 21);;(4, 21);1;11803
6;0.25;;(4, 21);;(4, 21);1;11804
6;0.25;;(4, 21);;(4, 21);1;11805
6;0.25;;(4, 21);;(4, 21);1;11806
6;0.25;;(4, 21);;(4, 21);1;11807
6;0.25;;(4, 21);;(4, 21);1;11808
6;0.25;;(4, 21);;(4, 21);1;11809
6;0.25;;(4, 21);;(4, 21);1;11810
6;0.25;;(4, 21);;(4, 21);1;11811
6;0.25;;(4, 21);;(4, 21);1;11812
6;0.25;;(4, 21);;(4, 21);1;11813
6;0.25;;(4, 21);;(4, 21);1;11814
6;0.25;;(4, 21);;(4, 21);1;11815
6;0.25;;(4, 21);;(4, 21);1;11816
6;0.25;;(4, 21);;(4, 21);1;11817
6;0.25;;(4, 21);;(4, 21);1;11818
6;0.25;;(4, 21);;(4, 21);1;11819
6;0.25;;(4, 21);;(4, 21);1;11820
6;0.25;;(4, 21);;(4, 21);1;11821
6;0.25;;(4, 21);;(4, 21);1;11822
6;0.25;;(4, 21);;(4, 21);1;11823
6;0.25;;(4, 21);;(4, 21);1;11824
6;0.25;;(4, 21);;(4, 21);1;11825
6;0.25;;(4, 21);;(4, 21);1;11826
6;0.25;;(4, 21);;(4, 21);1;11827
6;0.25;;(4, 21);;(4, 21);1;11828
6;0.25;;(4, 21);;(4, 21);1;11829
6;0.25;;(4, 21);;(4, 21);1;11830
6;0.25;;(4, 21);;(4, 21);1;11831
6;0.25;;(4, 21);;(4, 21);1;11832
6;0.25;;(4, 21);;(4, 21);1;11833
6;0.25;;(4, 21);;(4, 21);1;11834
6;0.25;;(4, 21);;(4, 21);1;11835
6;0.25;;(4, 21);;(4, 21);1;11836
6;0.25;;(4, 21);;(4, 21);1;11837
6;0.25;;(4, 21);;(4, 21);1;11838
6;0.25;;(4, 21);;(4, 21);1;11839
6;0.25;;(4, 21);;(4, 21);1;11840
6;0.25;;(4, 21);;(4, 21);1;11841
6;0.25;;(4, 21);;(4, 21);1;11842
6;0.25;;(4, 21);;(4, 21);1;11843
6;0.25;;(4, 21);;(4, 21);1;11844
6;0.25;;(4, 21);;(4, 21);1;11845
6;0.25;;(4, 21);;(4, 21);1;11846
6;0.25;;(4, 21);;(4, 21);1;11847
6;0.25;;(4, 21);;(4, 21);1;11848
6;0.25;;(4, 21);;(4, 21);1;11849
6;0.25;;(4, 21);;(4, 21);1;11850
6;0.25;;(4, 21);;(4, 21);1;11851
6;0.25;;(4, 21);;(4, 21);1;11852
6;0.25;;(4, 21);;(4, 21);1;11853
6;0.25;;(4, 21);;(4, 21);1;11854
6;0.25;;(4, 21);;(4, 21);1;11855
6;0.25;;(4, 21);;(4, 21);1;11856
6;0.25;;(4, 21);;(4, 21);1;11857
6;0.25;;(4, 21);;(4, 21);1;11858
6;0.25;;(4, 21);;(4, 21);1;11859
6;0.25;;(4, 21);;(4, 21);1;11860
6;0.25;;(4, 21);;(4, 21);1;11861
6;0.25;;(4, 21);;(4, 21);1;11862
6;0.25;;(4, 21);;(4, 21);1;11863
6;0.25;;(4, 21);;(4, 21);1;11864
6;0.25;;(4, 21);;(4, 21);1;11865
6;0.25;;(4, 21);;(4, 21);1;11866
6;0.25;;(4, 21);;(4, 21);1;11867
6;0.25;;(4, 21);;(4, 21);1;11868
6;0.25;;(4, 21);;(4, 21);1;11869
6;0.25;;(4, 21);;(4, 21);1;11870
6;0.25;;(4, 21);;(4, 21);1;11871
6;0.25;;(4, 21);;(4, 21);1;11872
6;0.25;;(4, 21);;(4, 21);1;11873
6;0.25;;(4, 21);;(4, 21);1;11874
6;0.25;;(4, 21);;(4, 21);1;11875
6;0.25;;(4, 21);;(4, 21);1;11876
6;0.25;;(4, 21);;(4, 21);1;11877
6;0.25;;(4, 21);;(4, 21);1;11878
6;0.25;;(4, 21);;(4, 21);1;11879
6;0.25;;(4, 21);;(4, 21);1;11880
6;0.25;;(4, 21);;(4, 21);1;11881
6;0.25;;(4, 21);;(4, 21);1;11882
6;0.25;;(4, 21);;(4, 21);1;11883
6;0.25;;(4, 21);;(4, 21);1;11884
6;0.25;;(4, 21);;(4, 21);1;11885
6;0.25;;(4, 21);;(4, 21);1;11886
6;0.25;;(4, 21);;(4, 21);1;11887
6;0.25;;(4, 21);;(4, 21);1;11888
6;0.25;;(4, 21);;(4, 21);1;11889
6;0.25;;(4, 21);;(4, 21);1;11890
6;0.25;;(4, 21);;(4, 21);1;11891
6;0.25;;(4, 21);;(4, 21);1;11892
6;0.25;;(4, 21);;(4, 21);1;11893
6;0.25;;(4, 21);;(4, 21);1;11894
6;0.25;;(4, 21);;(4, 21);1;11895
6;0.25;;(4, 21);;(4, 21);1;11896
6;0.25;;(4, 21);;(4, 21);1;11897
6;0.25;;(4, 21);;(4, 21);1;11898
6;0.25;;(4, 21);;(4, 21);1;11899
6;0.25;;(4, 21);;(4, 21);1;11900
6;0.25;;(4, 21);;(4, 21);1;11901
6;0.25;;(4, 21);;(4, 21);1;11902
6;0.25;;(4, 21);;(4, 21);1;11903
6;0.25;;(4, 21);;(4, 21);1;11904
6;0.25;;(4, 21);;(4, 21);1;11905
6;0.25;;(4, 21);;(4, 21);1;11906
6;0.25;;(4, 21);;(4, 21);1;11907
6;0.25;;(4, 21);;(4, 21);1;11908
6;0.25;;(4, 21);;(4, 21);1;11909
6;0.25;;(4, 21);;(4, 21);1;11910
6;0.25;;(4, 21);;(4, 21);1;11911
6;0.25;;(4, 21);;(4, 21);1;11912
6;0.25;;(4, 21);;(4, 21);1;11913
6;0.25;;(4, 21);;(4, 21);1;11914
6;0.25;;(4, 21);;(4, 21);1;11915
6;0.25;;(4, 21);;(4, 21);1;11916
6;0.25;;(4, 21);;(4, 21);1;11917
6;0.25;;(4, 21);;(4, 21);1;11918
6;0.25;;(4, 21);;(4, 21);1;11919
6;0.25;;(4, 21);;(4, 21);1;11920
6;0.25;;(4, 21);;(4, 21);1;11921
6;0.25;;(4, 21);;(4, 21);1;11922
6;0.25;;(4, 21);;(4, 21);1;11923
6;0.25;;(4, 21);;(4, 21);1;11924
6;0.25;;(4, 21);;(4, 21);1;11925
6;0.25;;(4, 21);;(4, 21);1;11926
6;0.25;;(4, 21);;(4, 21);1;11927
6;0.25;;(4, 21);;(4, 21);1;11928
6;0.25;;(4, 21);;(4, 21);1;11929
6;0.25;;(4, 21);;(4, 21);1;11930
6;0.25;;(4, 21);;(4, 21);1;11931
6;0.25;;(4, 21);;(4, 21);1;11932
6;0.25;;(4, 21);;(4, 21);1;11933
6;0.25;;(4, 21);;(4, 21);1;11934
6;0.25;;(4, 21);;(4, 21);1;11935
6;0.25;;(4, 21);;(4, 21);1;11936
6;0.25;;(4, 21);;(4, 21);1;11937
6;0.25;;(4, 21);;(4, 21);1;11938
6;0.25;;(4, 21);;(4, 21);1;11939
6;0.25;;(4, 21);;(4, 21);1;11940
6;0.25;;(4, 21);;(4, 21);1;11941
6;0.25;;(4, 21);;(4, 21);1;11942
6;0.25;;(4, 21);;(4, 21);1;11943
6;0.25;;(4, 21);;(4, 21);1;11944
6;0.25;;(4, 21);;(4, 21);1;11945
6;0.25;;(4, 21);;(4, 21);1;11946
6;0.25;;(4, 21);;(4, 21);1;11947
6;0.25;;(4, 21);;(4, 21);1;11948
6;0.25;;(4, 21);;(4, 21);1;11949
6;0.25;;(4, 21);;(4, 21);1;11950
6;0.25;;(4, 21);;(4, 21);1;11951
6;0.25;;(4, 21);;(4, 21);1;11952
6;0.25;;(4, 21);;(4, 21);1;11953
6;0.25;;(4, 21);;(4, 21);1;11954
6;0.25;;(4, 21);;(4, 21);1;11955
6;0.25;;(4, 21);;(4, 21);1;11956
6;0.25;;(4, 21);;(4, 21);1;11957
6;0.25;;(4, 21);;(4, 21);1;11958
6;0.25;;(4, 21);;(4, 21);1;11959
6;0.25;;(4, 21);;(4, 21);1;11960
6;0.25;;(4, 21);;(4, 21);1;11961
6;0.25;;(4, 21);;(4, 21);1;11962
6;0.25;;(4, 21);;(4, 21);1;11963
6;0.25;;(4, 21);;(4, 21);1;11964
6;0.25;;(4, 21);;(4, 21);1;11965
6;0.25;;(4, 21);;(4, 21);1;11966
6;0.25;;(4, 21);;(4, 21);1;11967
6;0.25;;(4, 21);;(4, 21);1;11968
6;0.25;;(4, 21);;(4, 21);1;11969
6;0.25;;(4, 21);;(4, 21);1;11970
6;0.25;;(4, 21);;(4, 21);1;11971
6;0.25;;(4, 21);;(4, 21);1;11972
6;0.25;;(4, 21);;(4, 21);1;11973
6;0.25;;(4, 21);;(4, 21);1;11974
6;0.25;;(4, 21);;(4, 21);1;11975
6;0.25;;(4, 21);;(4, 21);1;11976
6;0.25;;(4, 21);;(4, 21);1;11977
6;0.25;;(4, 21);;(4, 21);1;11978
6;0.25;;(4, 21);;(4, 21);1;11979
6;0.25;;(4, 21);;(4, 21);1;11980
6;0.25;;(4, 21);;(4, 21);1;11981
6;0.25;;(4, 21);;(4, 21);1;11982
6;0.25;;(4, 21);;(4, 21);1;11983
6;0.25;;(4, 21);;(4, 21);1;11984
6;0.25;;(4, 21);;(4, 21);1;11985
6;0.25;;(4, 21);;(4, 21);1;11986
6;0.25;;(4, 21);;(4, 21);1;11987
6;0.25;;(4, 21);;(4, 21);1;11988
6;0.25;;(4, 21);;(4, 21);1;11989
6;0.25;;(4, 21);;(4, 21);1;11990
6;0.25;;(4, 21);;(4, 21);1;11991
6;0.25;;(4, 21);;(4, 21);1;11992
6;0.25;;(4, 21);;(4, 21);1;11993
6;0.25;;(4, 21);;(4, 21);1;11994
6;0.25;;(4, 21);;(4, 21);1;11995
6;0.25;;(4, 21);;(4, 21);1;11996
6;0.25;;(4, 21);;(4, 21);1;11997
6;0.25;;(4, 21);;(4, 21);1;11998
6;0.25;;(4, 21);;(4, 21);1;11999
6;0.25;;(4, 21);;(4, 21);1;12000
6;0.25;;(4, 21);;(4, 21);1;12001
6;0.25;;(4, 21);;(4, 21);1;12002
6;0.25;;(4, 21);;(4, 21);1;12003
6;0.25;;(4, 21);;(4, 21);1;12004
6;0.25;;(4, 21);;(4, 21);1;12005
6;0.25;;(4, 21);;(4, 21);1;12006
6;0.25;;(4, 21);;(4, 21);1;12007
6;0.25;;(4, 21);;(4, 21);1;12008
6;0.25;;(4, 21);;(4, 21);1;12009
6;0.25;;(4, 21);;(4, 21);1;12010
6;0.25;;(4, 21);;(4, 21);1;12011
6;0.25;;(4, 21);;(4, 21);1;12012
6;0.25;;(4, 21);;(4, 21);1;12013
6;0.25;;(4, 21);;(4, 21);1;12014
6;0.25;;(4, 21);;(4, 21);1;12015
6;0.25;;(4, 21);;(4, 21);1;12016
6;0.25;;(4, 21);;(4, 21);1;12017
6;0.25;;(4, 21);;(4, 21);1;12018
6;0.25;;(4, 21);;(4, 21);1;12019
6;0.25;;(4, 21);;(4, 21);1;12020
6;0.25;;(4, 21);;(4, 21);1;12021
6;0.25;;(4, 21);;(4, 21);1;12022
6;0.25;;(4, 21);;(4, 21);1;12023
6;0.25;;(4, 21);;(4, 21);1;12024
6;0.25;;(4, 21);;(4, 21);1;12025
6;0.25;;(4, 21);;(4, 21);1;12026
6;0.25;;(4, 21);;(4, 21);1;12027
6;0.25;;(4, 21);;(4, 21);1;12028
6;0.25;;(4, 21);;(4, 21);1;12029
6;0.25;;(4, 21);;(4, 21);1;12030
6;0.25;;(4, 21);;(4, 21);1;12031
6;0.25;;(4, 21);;(4, 21);1;12032
6;0.25;;(4, 21);;(4, 21);1;12033
6;0.25;;(4, 21);;(4, 21);1;12034
6;0.25;;(4, 21);;(4, 21);1;12035
6;0.25;;(4, 21);;(4, 21);1;12036
6;0.25;;(4, 21);;(4, 21);1;12037
6;0.25;;(4, 21);;(4, 21);1;12038
6;0.25;;(4, 21);;(4, 21);1;12039
6;0.25;;(4, 21);;(4, 21);1;12040
6;0.25;;(4, 21);;(4, 21);1;12041
6;0.25;;(4, 21);;(4, 21);1;12042
6;0.25;;(4, 21);;(4, 21);1;12043
6;0.25;;(4, 21);;(4, 21);1;12044
6;0.25;;(4, 21);;(4, 21);1;12045
6;0.25;;(4, 21);;(4, 21);1;12046
6;0.25;;(4, 21);;(4, 21);1;12047
6;0.25;;(4, 21);;(4, 21);1;12048
6;0.25;;(4, 21);;(4, 21);1;12049
6;0.25;;(4, 21);;(4, 21);1;12050
6;0.25;;(4, 21);;(4, 21);1;12051
6;0.25;;(4, 21);;(4, 21);1;12052
6;0.25;;(4, 21);;(4, 21);1;12053
6;0.25;;(4, 21);;(4, 21);1;12054
6;0.25;;(4, 21);;(4, 21);1;12055
6;0.25;;(4, 21);;(4, 21);1;12056
6;0.25;;(4, 21);;(4, 21);1;12057
6;0.25;;(4, 21);;(4, 21);1;12058
6;0.25;;(4, 21);;(4, 21);1;12059
6;0.25;;(4, 21);;(4, 21);1;12060
6;0.25;;(4, 21);;(4, 21);1;12061
6;0.25;;(4, 21);;(4, 21);1;12062
6;0.25;;(4, 21);;(4, 21);1;12063
6;0.25;;(4, 21);;(4, 21);1;12064
6;0.25;;(4, 21);;(4, 21);1;12065
6;0.25;;(4, 21);;(4, 21);1;12066
6;0.25;;(4, 21);;(4, 21);1;12067
6;0.25;;(4, 21);;(4, 21);1;12068
6;0.25;;(4, 21);;(4, 21);1;12069
6;0.25;;(4, 21);;(4, 21);1;12070
6;0.25;;(4, 21);;(4, 21);1;12071
6;0.25;;(4, 21);;(4, 21);1;12072
6;0.25;;(4, 21);;(4, 21);1;12073
6;0.25;;(4, 21);;(4, 21);1;12074
6;0.25;;(4, 21);;(4, 21);1;12075
6;0.25;;(4, 21);;(4, 21);1;12076
6;0.25;;(4, 21);;(4, 21);1;12077
6;0.25;;(4, 21);;(4, 21);1;12078
6;0.25;;(4, 21);;(4, 21);1;12079
6;0.25;;(4, 21);;(4, 21);1;12080
6;0.25;;(4, 21);;(4, 21);1;12081
6;0.25;;(4, 21);;(4, 21);1;12082
6;0.25;;(4, 21);;(4, 21);1;12083
6;0.25;;(4, 21);;(4, 21);1;12084
6;0.25;;(4, 21);;(4, 21);1;12085
6;0.25;;(4, 21);;(4, 21);1;12086
6;0.25;;(4, 21);;(4, 21);1;12087
6;0.25;;(4, 21);;(4, 21);1;12088
6;0.25;;(4, 21);;(4, 21);1;12089
6;0.25;;(4, 21);;(4, 21);1;12090
6;0.25;;(4, 21);;(4, 21);1;12091
6;0.25;;(4, 21);;(4, 21);1;12092
6;0.25;;(4, 21);;(4, 21);1;12093
6;0.25;;(4, 21);;(4, 21);1;12094
6;0.25;;(4, 21);;(4, 21);1;12095
6;0.25;;(4, 21);;(4, 21);1;12096
6;0.25;;(4, 21);;(4, 21);1;12097
6;0.25;;(4, 21);;(4, 21);1;12098
6;0.25;;(4, 21);;(4, 21);1;12099
6;0.25;;(4, 21);;(4, 21);1;12100
6;0.25;;(4, 21);;(4, 21);1;12101
6;0.25;;(4, 21);;(4, 21);1;12102
6;0.25;;(4, 21);;(4, 21);1;12103
6;0.25;;(4, 21);;(4, 21);1;12104
6;0.25;;(4, 21);;(4, 21);1;12105
6;0.25;;(4, 21);;(4, 21);1;12106
6;0.25;;(4, 21);;(4, 21);1;12107
6;0.25;;(4, 21);;(4, 21);1;12108
6;0.25;;(4, 21);;(4, 21);1;12109
6;0.25;;(4, 21);;(4, 21);1;12110
6;0.25;;(4, 21);;(4, 21);1;12111
6;0.25;;(4, 21);;(4, 21);1;12112
6;0.25;;(4, 21);;(4, 21);1;12113
6;0.25;;(4, 21);;(4, 21);1;12114
6;0.25;;(4, 21);;(4, 21);1;12115
6;0.25;;(4, 21);;(4, 21);1;12116
6;0.25;;(4, 21);;(4, 21);1;12117
6;0.25;;(4, 21);;(4, 21);1;12118
6;0.25;;(4, 21);;(4, 21);1;12119
6;0.25;;(4, 21);;(4, 21);1;12120
6;0.25;;(4, 21);;(4, 21);1;12121
6;0.25;;(4, 21);;(4, 21);1;12122
6;0.25;;(4, 21);;(4, 21);1;12123
6;0.25;;(4, 21);;(4, 21);1;12124
6;0.25;;(4, 21);;(4, 21);1;12125
6;0.25;;(4, 21);;(4, 21);1;12126
6;0.25;;(4, 21);;(4, 21);1;12127
6;0.25;;(4, 21);;(4, 21);1;12128
6;0.25;;(4, 21);;(4, 21);1;12129
6;0.25;;(4, 21);;(4, 21);1;12130
6;0.25;;(4, 21);;(4, 21);1;12131
6;0.25;;(4, 21);;(4, 21);1;12132
6;0.25;;(4, 21);;(4, 21);1;12133
6;0.25;;(4, 21);;(4, 21);1;12134
6;0.25;;(4, 21);;(4, 21);1;12135
6;0.25;;(4, 21);;(4, 21);1;12136
6;0.25;;(4, 21);;(4, 21);1;12137
6;0.25;;(4, 21);;(4, 21);1;12138
6;0.25;;(4, 21);;(4, 21);1;12139
6;0.25;;(4, 21);;(4, 21);1;12140
6;0.25;;(4, 21);;(4, 21);1;12141
6;0.25;;(4, 21);;(4, 21);1;12142
6;0.25;;(4, 21);;(4, 21);1;12143
6;0.25;;(4, 21);;(4, 21);1;12144
6;0.25;;(4, 21);;(4, 21);1;12145
6;0.25;;(4, 21);;(4, 21);1;12146
6;0.25;;(4, 21);;(4, 21);1;12147
6;0.25;;(4, 21);;(4, 21);1;12148
6;0.25;;(4, 21);;(4, 21);1;12149
6;0.25;;(4, 21);;(4, 21);1;12150
6;0.25;;(4, 21);;(4, 21);1;12151
6;0.25;;(4, 21);;(4, 21);1;12152
6;0.25;;(4, 21);;(4, 21);1;12153
6;0.25;;(4, 21);;(4, 21);1;12154
6;0.25;;(4, 21);;(4, 21);1;12155
6;0.25;;(4, 21);;(4, 21);1;12156
6;0.25;;(4, 21);;(4, 21);1;12157
6;0.25;;(4, 21);;(4, 21);1;12158
6;0.25;;(4, 21);;(4, 21);1;12159
6;0.25;;(4, 21);;(4, 21);1;12160
6;0.25;;(4, 21);;(4, 21);1;12161
6;0.25;;(4, 21);;(4, 21);1;12162
6;0.25;;(4, 21);;(4, 21);1;12163
6;0.25;;(4, 21);;(4, 21);1;12164
6;0.25;;(4, 21);;(4, 21);1;12165
6;0.25;;(4, 21);;(4, 21);1;12166
6;0.25;;(4, 21);;(4, 21);1;12167
6;0.25;;(4, 21);;(4, 21);1;12168
6;0.25;;(4, 21);;(4, 21);1;12169
6;0.25;;(4, 21);;(4, 21);1;12170
6;0.25;;(4, 21);;(4, 21);1;12171
6;0.25;;(4, 21);;(4, 21);1;12172
6;0.25;;(4, 21);;(4, 21);1;12173
6;0.25;;(4, 21);;(4, 21);1;12174
6;0.25;;(4, 21);;(4, 21);1;12175
6;0.25;;(4, 21);;(4, 21);1;12176
6;0.25;;(4, 21);;(4, 21);1;12177
6;0.25;;(4, 21);;(4, 21);1;12178
6;0.25;;(4, 21);;(4, 21);1;12179
6;0.25;;(4, 21);;(4, 21);1;12180
6;0.25;;(4, 21);;(4, 21);1;12181
6;0.25;;(4, 21);;(4, 21);1;12182
6;0.25;;(4, 21);;(4, 21);1;12183
6;0.25;;(4, 21);;(4, 21);1;12184
6;0.25;;(4, 21);;(4, 21);1;12185
6;0.25;;(4, 21);;(4, 21);1;12186
6;0.25;;(4, 21);;(4, 21);1;12187
6;0.25;;(4, 21);;(4, 21);1;12188
6;0.25;;(4, 21);;(4, 21);1;12189
6;0.25;;(4, 21);;(4, 21);1;12190
6;0.25;;(4, 21);;(4, 21);1;12191
6;0.25;;(4, 21);;(4, 21);1;12192
6;0.25;;(4, 21);;(4, 21);1;12193
6;0.25;;(4, 21);;(4, 21);1;12194
6;0.25;;(4, 21);;(4, 21);1;12195
6;0.25;;(4, 21);;(4, 21);1;12196
6;0.25;;(4, 21);;(4, 21);1;12197
6;0.25;;(4, 21);;(4, 21);1;12198
6;0.25;;(4, 21);;(4, 21);1;12199
6;0.25;;(4, 21);;(4, 21);1;12200
6;0.25;;(4, 21);;(4, 21);1;12201
6;0.25;;(4, 21);;(4, 21);1;12202
6;0.25;;(4, 21);;(4, 21);1;12203
6;0.25;;(4, 21);;(4, 21);1;12204
6;0.25;;(4, 21);;(4, 21);1;12205
6;0.25;;(4, 21);;(4, 21);1;12206
6;0.25;;(4, 21);;(4, 21);1;12207
6;0.25;;(4, 21);;(4, 21);1;12208
6;0.25;;(4, 21);;(4, 21);1;12209
6;0.25;;(4, 21);;(4, 21);1;12210
6;0.25;;(4, 21);;(4, 21);1;12211
6;0.25;;(4, 21);;(4, 21);1;12212
6;0.25;;(4, 21);;(4, 21);1;12213
6;0.25;;(4, 21);;(4, 21);1;12214
6;0.25;;(4, 21);;(4, 21);1;12215
6;0.25;;(4, 21);;(4, 21);1;12216
6;0.25;;(4, 21);;(4, 21);1;12217
6;0.25;;(4, 21);;(4, 21);1;12218
6;0.25;;(4, 21);;(4, 21);1;12219
6;0.25;;(4, 21);;(4, 21);1;12220
6;0.25;;(4, 21);;(4, 21);1;12221
6;0.25;;(4, 21);;(4, 21);1;12222
6;0.25;;(4, 21);;(4, 21);1;12223
6;0.25;;(4, 21);;(4, 21);1;12224
6;0.25;;(4, 21);;(4, 21);1;12225
6;0.25;;(4, 21);;(4, 21);1;12226
6;0.25;;(4, 21);;(4, 21);1;12227
6;0.25;;(4, 21);;(4, 21);1;12228
6;0.25;;(4, 21);;(4, 21);1;12229
6;0.25;;(4, 21);;(4, 21);1;12230
6;0.25;;(4, 21);;(4, 21);1;12231
6;0.25;;(4, 21);;(4, 21);1;12232
6;0.25;;(4, 21);;(4, 21);1;12233
6;0.25;;(4, 21);;(4, 21);1;12234
6;0.25;;(4, 21);;(4, 21);1;12235
6;0.25;;(4, 21);;(4, 21);1;12236
6;0.25;;(4, 21);;(4, 21);1;12237
6;0.25;;(4, 21);;(4, 21);1;12238
6;0.25;;(4, 21);;(4, 21);1;12239
6;0.25;;(4, 21);;(4, 21);1;12240
6;0.25;;(4, 21);;(4, 21);1;12241
6;0.25;;(4, 21);;(4, 21);1;12242
6;0.25;;(4, 21);;(4, 21);1;12243
6;0.25;;(4, 21);;(4, 21);1;12244
6;0.25;;(4, 21);;(4, 21);1;12245
6;0.25;;(4, 21);;(4, 21);1;12246
6;0.25;;(4, 21);;(4, 21);1;12247
6;0.25;;(4, 21);;(4, 21);1;12248
6;0.25;;(4, 21);;(4, 21);1;12249
6;0.25;;(4, 21);;(4, 21);1;12250
6;0.25;;(4, 21);;(4, 21);1;12251
6;0.25;;(4, 21);;(4, 21);1;12252
6;0.25;;(4, 21);;(4, 21);1;12253
6;0.25;;(4, 21);;(4, 21);1;12254
6;0.25;;(4, 21);;(4, 21);1;12255
6;0.25;;(4, 21);;(4, 21);1;12256
6;0.25;;(4, 21);;(4, 21);1;12257
6;0.25;;(4, 21);;(4, 21);1;12258
6;0.25;;(4, 21);;(4, 21);1;12259
6;0.25;;(4, 21);;(4, 21);1;12260
6;0.25;;(4, 21);;(4, 21);1;12261
6;0.25;;(4, 21);;(4, 21);1;12262
6;0.25;;(4, 21);;(4, 21);1;12263
6;0.25;;(4, 21);;(4, 21);1;12264
6;0.25;;(4, 21);;(4, 21);1;12265
6;0.25;;(4, 21);;(4, 21);1;12266
6;0.25;;(4, 21);;(4, 21);1;12267
6;0.25;;(4, 21);;(4, 21);1;12268
6;0.25;;(4, 21);;(4, 21);1;12269
6;0.25;;(4, 21);;(4, 21);1;12270
6;0.25;;(4, 21);;(4, 21);1;12271
6;0.25;;(4, 21);;(4, 21);1;12272
6;0.25;;(4, 21);;(4, 21);1;12273
6;0.25;;(4, 21);;(4, 21);1;12274
6;0.25;;(4, 21);;(4, 21);1;12275
6;0.25;;(4, 21);;(4, 21);1;12276
6;0.25;;(4, 21);;(4, 21);1;12277
6;0.25;;(4, 21);;(4, 21);1;12278
6;0.25;;(4, 21);;(4, 21);1;12279
6;0.25;;(4, 21);;(4, 21);1;12280
6;0.25;;(4, 21);;(4, 21);1;12281
6;0.25;;(4, 21);;(4, 21);1;12282
6;0.25;;(4, 21);;(4, 21);1;12283
6;0.25;;(4, 21);;(4, 21);1;12284
6;0.25;;(4, 21);;(4, 21);1;12285
6;0.25;;(4, 21);;(4, 21);1;12286
6;0.25;;(4, 21);;(4, 21);1;12287
6;0.25;;(4, 21);;(4, 21);1;12288
6;0.25;;(4, 21);;(4, 21);1;12289
6;0.25;;(4, 21);;(4, 21);1;12290
6;0.25;;(4, 21);;(4, 21);1;12291
6;0.25;;(4, 21);;(4, 21);1;12292
6;0.25;;(4, 21);;(4, 21);1;12293
6;0.25;;(4, 21);;(4, 21);1;12294
6;0.25;;(4, 21);;(4, 21);1;12295
6;0.25;;(4, 21);;(4, 21);1;12296
6;0.25;;(4, 21);;(4, 21);1;12297
6;0.25;;(4, 21);;(4, 21);1;12298
6;0.25;;(4, 21);;(4, 21);1;12299
6;0.25;;(4, 21);;(4, 21);1;12300
6;0.25;;(4, 21);;(4, 21);1;12301
6;0.25;;(4, 21);;(4, 21);1;12302
6;0.25;;(4, 21);;(4, 21);1;12303
6;0.25;;(4, 21);;(4, 21);1;12304
6;0.25;;(4, 21);;(4, 21);1;12305
6;0.25;;(4, 21);;(4, 21);1;12306
6;0.25;;(4, 21);;(4, 21);1;12307
6;0.25;;(4, 21);;(4, 21);1;12308
6;0.25;;(4, 21);;(4, 21);1;12309
6;0.25;;(4, 21);;(4, 21);1;12310
6;0.25;;(4, 21);;(4, 21);1;12311
6;0.25;;(4, 21);;(4, 21);1;12312
6;0.25;;(4, 21);;(4, 21);1;12313
6;0.25;;(4, 21);;(4, 21);1;12314
6;0.25;;(4, 21);;(4, 21);1;12315
6;0.25;;(4, 21);;(4, 21);1;12316
6;0.25;;(4, 21);;(4, 21);1;12317
6;0.25;;(4, 21);;(4, 21);1;12318
6;0.25;;(4, 21);;(4, 21);1;12319
6;0.25;;(4, 21);;(4, 21);1;12320
6;0.25;;(4, 21);;(4, 21);1;12321
6;0.25;;(4, 21);;(4, 21);1;12322
6;0.25;;(4, 21);;(4, 21);1;12323
6;0.25;;(4, 21);;(4, 21);1;12324
6;0.25;;(4, 21);;(4, 21);1;12325
6;0.25;;(4, 21);;(4, 21);1;12326
6;0.25;;(4, 21);;(4, 21);1;12327
6;0.25;;(4, 21);;(4, 21);1;12328
6;0.25;;(4, 21);;(4, 21);1;12329
6;0.25;;(4, 21);;(4, 21);1;12330
6;0.25;;(4, 21);;(4, 21);1;12331
6;0.25;;(4, 21);;(4, 21);1;12332
6;0.25;;(4, 21);;(4, 21);1;12333
6;0.25;;(4, 21);;(4, 21);1;12334
6;0.25;;(4, 21);;(4, 21);1;12335
6;0.25;;(4, 21);;(4, 21);1;12336
6;0.25;;(4, 21);;(4, 21);1;12337
6;0.25;;(4, 21);;(4, 21);1;12338
6;0.25;;(4, 21);;(4, 21);1;12339
6;0.25;;(4, 21);;(4, 21);1;12340
6;0.25;;(4, 21);;(4, 21);1;12341
6;0.25;;(4, 21);;(4, 21);1;12342
6;0.25;;(4, 21);;(4, 21);1;12343
6;0.25;;(4, 21);;(4, 21);1;12344
6;0.25;;(4, 21);;(4, 21);1;12345
6;0.25;;(4, 21);;(4, 21);1;12346
6;0.25;;(4, 21);;(4, 21);1;12347
6;0.25;;(4, 21);;(4, 21);1;12348
6;0.25;;(4, 21);;(4, 21);1;12349
6;0.25;;(4, 21);;(4, 21);1;12350
6;0.25;;(4, 21);;(4, 21);1;12351
6;0.25;;(4, 21);;(4, 21);1;12352
6;0.25;;(4, 21);;(4, 21);1;12353
6;0.25;;(4, 21);;(4, 21);1;12354
6;0.25;;(4, 21);;(4, 21);1;12355
6;0.25;;(4, 21);;(4, 21);1;12356
6;0.25;;(4, 21);;(4, 21);1;12357
6;0.25;;(4, 21);;(4, 21);1;12358
6;0.25;;(4, 21);;(4, 21);1;12359
6;0.25;;(4, 21);;(4, 21);1;12360
6;0.25;;(4, 21);;(4, 21);1;12361
6;0.25;;(4, 21);;(4, 21);1;12362
6;0.25;;(4, 21);;(4, 21);1;12363
6;0.25;;(4, 21);;(4, 21);1;12364
6;0.25;;(4, 21);;(4, 21);1;12365
6;0.25;;(4, 21);;(4, 21);1;12366
6;0.25;;(4, 21);;(4, 21);1;12367
6;0.25;;(4, 21);;(4, 21);1;12368
6;0.25;;(4, 21);;(4, 21);1;12369
6;0.25;;(4, 21);;(4, 21);1;12370
6;0.25;;(4, 21);;(4, 21);1;12371
6;0.25;;(4, 21);;(4, 21);1;12372
6;0.25;;(4, 21);;(4, 21);1;12373
6;0.25;;(4, 21);;(4, 21);1;12374
6;0.25;;(4, 21);;(4, 21);1;12375
6;0.25;;(4, 21);;(4, 21);1;12376
6;0.25;;(4, 21);;(4, 21);1;12377
6;0.25;;(4, 21);;(4, 21);1;12378
6;0.25;;(4, 21);;(4, 21);1;12379
6;0.25;;(4, 21);;(4, 21);1;12380
6;0.25;;(4, 21);;(4, 21);1;12381
6;0.25;;(4, 21);;(4, 21);1;12382
6;0.25;;(4, 21);;(4, 21);1;12383
6;0.25;;(4, 21);;(4, 21);1;12384
6;0.25;;(4, 21);;(4, 21);1;12385
6;0.25;;(4, 21);;(4, 21);1;12386
6;0.25;;(4, 21);;(4, 21);1;12387
6;0.25;;(4, 21);;(4, 21);1;12388
6;0.25;;(4, 21);;(4, 21);1;12389
6;0.25;;(4, 21);;(4, 21);1;12390
6;0.25;;(4, 21);;(4, 21);1;12391
6;0.25;;(4, 21);;(4, 21);1;12392
6;0.25;;(4, 21);;(4, 21);1;12393
6;0.25;;(4, 21);;(4, 21);1;12394
6;0.25;;(4, 21);;(4, 21);1;12395
6;0.25;;(4, 21);;(4, 21);1;12396
6;0.25;;(4, 21);;(4, 21);1;12397
6;0.25;;(4, 21);;(4, 21);1;12398
6;0.25;;(4, 21);;(4, 21);1;12399
6;0.25;;(4, 21);;(4, 21);1;12400
6;0.25;;(4, 21);;(4, 21);1;12401
6;0.25;;(4, 21);;(4, 21);1;12402
6;0.25;;(4, 21);;(4, 21);1;12403
6;0.25;;(4, 21);;(4, 21);1;12404
6;0.25;;(4, 21);;(4, 21);1;12405
6;0.25;;(4, 21);;(4, 21);1;12406
6;0.25;;(4, 21);;(4, 21);1;12407
6;0.25;;(4, 21);;(4, 21);1;12408
6;0.25;;(4, 21);;(4, 21);1;12409
6;0.25;;(4, 21);;(4, 21);1;12410
6;0.25;;(4, 21);;(4, 21);1;12411
6;0.25;;(4, 21);;(4, 21);1;12412
6;0.25;;(4, 21);;(4, 21);1;12413
6;0.25;;(4, 21);;(4, 21);1;12414
6;0.25;;(4, 21);;(4, 21);1;12415
6;0.25;;(4, 21);;(4, 21);1;12416
6;0.25;;(4, 21);;(4, 21);1;12417
6;0.25;;(4, 21);;(4, 21);1;12418
6;0.25;;(4, 21);;(4, 21);1;12419
6;0.25;;(4, 21);;(4, 21);1;12420
6;0.25;;(4, 21);;(4, 21);1;12421
6;0.25;;(4, 21);;(4, 21);1;12422
6;0.25;;(4, 21);;(4, 21);1;12423
6;0.25;;(4, 21);;(4, 21);1;12424
6;0.25;;(4, 21);;(4, 21);1;12425
6;0.25;;(4, 21);;(4, 21);1;12426
6;0.25;;(4, 21);;(4, 21);1;12427
6;0.25;;(4, 21);;(4, 21);1;12428
6;0.25;;(4, 21);;(4, 21);1;12429
6;0.25;;(4, 21);;(4, 21);1;12430
6;0.25;;(4, 21);;(4, 21);1;12431
6;0.25;;(4, 21);;(4, 21);1;12432
6;0.25;;(4, 21);;(4, 21);1;12433
6;0.25;;(4, 21);;(4, 21);1;12434
6;0.25;;(4, 21);;(4, 21);1;12435
6;0.25;;(4, 21);;(4, 21);1;12436
6;0.25;;(4, 21);;(4, 21);1;12437
6;0.25;;(4, 21);;(4, 21);1;12438
6;0.25;;(4, 21);;(4, 21);1;12439
6;0.25;;(4, 21);;(4, 21);1;12440
6;0.25;;(4, 21);;(4, 21);1;12441
6;0.25;;(4, 21);;(4, 21);1;12442
6;0.25;;(4, 21);;(4, 21);1;12443
6;0.25;;(4, 21);;(4, 21);1;12444
6;0.25;;(4, 21);;(4, 21);1;12445
6;0.25;;(4, 21);;(4, 21);1;12446
6;0.25;;(4, 21);;(4, 21);1;12447
6;0.25;;(4, 21);;(4, 21);1;12448
6;0.25;;(4, 21);;(4, 21);1;12449
6;0.25;;(4, 21);;(4, 21);1;12450
6;0.25;;(4, 21);;(4, 21);1;12451
6;0.25;;(4, 21);;(4, 21);1;12452
6;0.25;;(4, 21);;(4, 21);1;12453
6;0.25;;(4, 21);;(4, 21);1;12454
6;0.25;;(4, 21);;(4, 21);1;12455
6;0.25;;(4, 21);;(4, 21);1;12456
6;0.25;;(4, 21);;(4, 21);1;12457
6;0.25;;(4, 21);;(4, 21);1;12458
6;0.25;;(4, 21);;(4, 21);1;12459
6;0.25;;(4, 21);;(4, 21);1;12460
6;0.25;;(4, 21);;(4, 21);1;12461
6;0.25;;(4, 21);;(4, 21);1;12462
6;0.25;;(4, 21);;(4, 21);1;12463
6;0.25;;(4, 21);;(4, 21);1;12464
6;0.25;;(4, 21);;(4, 21);1;12465
6;0.25;;(4, 21);;(4, 21);1;12466
6;0.25;;(4, 21);;(4, 21);1;12467
6;0.25;;(4, 21);;(4, 21);1;12468
6;0.25;;(4, 21);;(4, 21);1;12469
6;0.25;;(4, 21);;(4, 21);1;12470
6;0.25;;(4, 21);;(4, 21);1;12471
6;0.25;;(4, 21);;(4, 21);1;12472
6;0.25;;(4, 21);;(4, 21);1;12473
6;0.25;;(4, 21);;(4, 21);1;12474
6;0.25;;(4, 21);;(4, 21);1;12475
6;0.25;;(4, 21);;(4, 21);1;12476
6;0.25;;(4, 21);;(4, 21);1;12477
6;0.25;;(4, 21);;(4, 21);1;12478
6;0.25;;(4, 21);;(4, 21);1;12479
6;0.25;;(4, 21);;(4, 21);1;12480
6;0.25;;(4, 21);;(4, 21);1;12481
6;0.25;;(4, 21);;(4, 21);1;12482
6;0.25;;(4, 21);;(4, 21);1;12483
6;0.25;;(4, 21);;(4, 21);1;12484
6;0.25;;(4, 21);;(4, 21);1;12485
6;0.25;;(4, 21);;(4, 21);1;12486
6;0.25;;(4, 21);;(4, 21);1;12487
6;0.25;;(4, 21);;(4, 21);1;12488
6;0.25;;(4, 21);;(4, 21);1;12489
6;0.25;;(4, 21);;(4, 21);1;12490
6;0.25;;(4, 21);;(4, 21);1;12491
6;0.25;;(4, 21);;(4, 21);1;12492
6;0.25;;(4, 21);;(4, 21);1;12493
6;0.25;;(4, 21);;(4, 21);1;12494
6;0.25;;(4, 21);;(4, 21);1;12495
6;0.25;;(4, 21);;(4, 21);1;12496
6;0.25;;(4, 21);;(4, 21);1;12497
6;0.25;;(4, 21);;(4, 21);1;12498
6;0.25;;(4, 21);;(4, 21);1;12499
6;0.25;;(4, 21);;(4, 21);1;12500
6;0.25;;(4, 21);;(4, 21);1;12501
6;0.25;;(4, 21);;(4, 21);1;12502
6;0.25;;(4, 21);;(4, 21);1;12503
6;0.25;;(4, 21);;(4, 21);1;12504
6;0.25;;(4, 21);;(4, 21);1;12505
6;0.25;;(4, 21);;(4, 21);1;12506
6;0.25;;(4, 21);;(4, 21);1;12507
6;0.25;;(4, 21);;(4, 21);1;12508
6;0.25;;(4, 21);;(4, 21);1;12509
6;0.25;;(4, 21);;(4, 21);1;12510
6;0.25;;(4, 21);;(4, 21);1;12511
6;0.25;;(4, 21);;(4, 21);1;12512
6;0.25;;(4, 21);;(4, 21);1;12513
6;0.25;;(4, 21);;(4, 21);1;12514
6;0.25;;(4, 21);;(4, 21);1;12515
6;0.25;;(4, 21);;(4, 21);1;12516
6;0.25;;(4, 21);;(4, 21);1;12517
6;0.25;;(4, 21);;(4, 21);1;12518
6;0.25;;(4, 21);;(4, 21);1;12519
6;0.25;;(4, 21);;(4, 21);1;12520
6;0.25;;(4, 21);;(4, 21);1;12521
6;0.25;;(4, 21);;(4, 21);1;12522
6;0.25;;(4, 21);;(4, 21);1;12523
6;0.25;;(4, 21);;(4, 21);1;12524
6;0.25;;(4, 21);;(4, 21);1;12525
6;0.25;;(4, 21);;(4, 21);1;12526
6;0.25;;(4, 21);;(4, 21);1;12527
6;0.25;;(4, 21);;(4, 21);1;12528
6;0.25;;(4, 21);;(4, 21);1;12529
6;0.25;;(4, 21);;(4, 21);1;12530
6;0.25;;(4, 21);;(4, 21);1;12531
6;0.25;;(4, 21);;(4, 21);1;12532
6;0.25;;(4, 21);;(4, 21);1;12533
6;0.25;;(4, 21);;(4, 21);1;12534
6;0.25;;(4, 21);;(4, 21);1;12535
6;0.25;;(4, 21);;(4, 21);1;12536
6;0.25;;(4, 21);;(4, 21);1;12537
6;0.25;;(4, 21);;(4, 21);1;12538
6;0.25;;(4, 21);;(4, 21);1;12539
6;0.25;;(4, 21);;(4, 21);1;12540
6;0.25;;(4, 21);;(4, 21);1;12541
6;0.25;;(4, 21);;(4, 21);1;12542
6;0.25;;(4, 21);;(4, 21);1;12543
6;0.25;;(4, 21);;(4, 21);1;12544
6;0.25;;(4, 21);;(4, 21);1;12545
6;0.25;;(4, 21);;(4, 21);1;12546
6;0.25;;(4, 21);;(4, 21);1;12547
6;0.25;;(4, 21);;(4, 21);1;12548
6;0.25;;(4, 21);;(4, 21);1;12549
6;0.25;;(4, 21);;(4, 21);1;12550
6;0.25;;(4, 21);;(4, 21);1;12551
6;0.25;;(4, 21);;(4, 21);1;12552
6;0.25;;(4, 21);;(4, 21);1;12553
6;0.25;;(4, 21);;(4, 21);1;12554
6;0.25;;(4, 21);;(4, 21);1;12555
6;0.25;;(4, 21);;(4, 21);1;12556
6;0.25;;(4, 21);;(4, 21);1;12557
6;0.25;;(4, 21);;(4, 21);1;12558
6;0.25;;(4, 21);;(4, 21);1;12559
6;0.25;;(4, 21);;(4, 21);1;12560
6;0.25;;(4, 21);;(4, 21);1;12561
6;0.25;;(4, 21);;(4, 21);1;12562
6;0.25;;(4, 21);;(4, 21);1;12563
6;0.25;;(4, 21);;(4, 21);1;12564
6;0.25;;(4, 21);;(4, 21);1;12565
6;0.25;;(4, 21);;(4, 21);1;12566
6;0.25;;(4, 21);;(4, 21);1;12567
6;0.25;;(4, 21);;(4, 21);1;12568
6;0.25;;(4, 21);;(4, 21);1;12569
6;0.25;;(4, 21);;(4, 21);1;12570
6;0.25;;(4, 21);;(4, 21);1;12571
6;0.25;;(4, 21);;(4, 21);1;12572
6;0.25;;(4, 21);;(4, 21);1;12573
6;0.25;;(4, 21);;(4, 21);1;12574
6;0.25;;(4, 21);;(4, 21);1;12575
6;0.25;;(4, 21);;(4, 21);1;12576
6;0.25;;(4, 21);;(4, 21);1;12577
6;0.25;;(4, 21);;(4, 21);1;12578
6;0.25;;(4, 21);;(4, 21);1;12579
6;0.25;;(4, 21);;(4, 21);1;12580
6;0.25;;(4, 21);;(4, 21);1;12581
6;0.25;;(4, 21);;(4, 21);1;12582
6;0.25;;(4, 21);;(4, 21);1;12583
6;0.25;;(4, 21);;(4, 21);1;12584
6;0.25;;(4, 21);;(4, 21);1;12585
6;0.25;;(4, 21);;(4, 21);1;12586
6;0.25;;(4, 21);;(4, 21);1;12587
6;0.25;;(4, 21);;(4, 21);1;12588
6;0.25;;(4, 21);;(4, 21);1;12589
6;0.25;;(4, 21);;(4, 21);1;12590
6;0.25;;(4, 21);;(4, 21);1;12591
6;0.25;;(4, 21);;(4, 21);1;12592
6;0.25;;(4, 21);;(4, 21);1;12593
6;0.25;;(4, 21);;(4, 21);1;12594
6;0.25;;(4, 21);;(4, 21);1;12595
6;0.25;;(4, 21);;(4, 21);1;12596
6;0.25;;(4, 21);;(4, 21);1;12597
6;0.25;;(4, 21);;(4, 21);1;12598
6;0.25;;(4, 21);;(4, 21);1;12599
6;0.25;;(4, 21);;(4, 21);1;12600
6;0.25;;(4, 21);;(4, 21);1;12601
6;0.25;;(4, 21);;(4, 21);1;12602
6;0.25;;(4, 21);;(4, 21);1;12603
6;0.25;;(4, 21);;(4, 21);1;12604
6;0.25;;(4, 21);;(4, 21);1;12605
6;0.25;;(4, 21);;(4, 21);1;12606
6;0.25;;(4, 21);;(4, 21);1;12607
6;0.25;;(4, 21);;(4, 21);1;12608
6;0.25;;(4, 21);;(4, 21);1;12609
6;0.25;;(4, 21);;(4, 21);1;12610
6;0.25;;(4, 21);;(4, 21);1;12611
6;0.25;;(4, 21);;(4, 21);1;12612
6;0.25;;(4, 21);;(4, 21);1;12613
6;0.25;;(4, 21);;(4, 21);1;12614
6;0.25;;(4, 21);;(4, 21);1;12615
6;0.25;;(4, 21);;(4, 21);1;12616
6;0.25;;(4, 21);;(4, 21);1;12617
6;0.25;;(4, 21);;(4, 21);1;12618
6;0.25;;(4, 21);;(4, 21);1;12619
6;0.25;;(4, 21);;(4, 21);1;12620
6;0.25;;(4, 21);;(4, 21);1;12621
6;0.25;;(4, 21);;(4, 21);1;12622
6;0.25;;(4, 21);;(4, 21);1;12623
6;0.25;;(4, 21);;(4, 21);1;12624
6;0.25;;(4, 21);;(4, 21);1;12625
6;0.25;;(4, 21);;(4, 21);1;12626
6;0.25;;(4, 21);;(4, 21);1;12627
6;0.25;;(4, 21);;(4, 21);1;12628
6;0.25;;(4, 21);;(4, 21);1;12629
6;0.25;;(4, 21);;(4, 21);1;12630
6;0.25;;(4, 21);;(4, 21);1;12631
6;0.25;;(4, 21);;(4, 21);1;12632
6;0.25;;(4, 21);;(4, 21);1;12633
6;0.25;;(4, 21);;(4, 21);1;12634
6;0.25;;(4, 21);;(4, 21);1;12635
6;0.25;;(4, 21);;(4, 21);1;12636
6;0.25;;(4, 21);;(4, 21);1;12637
6;0.25;;(4, 21);;(4, 21);1;12638
6;0.25;;(4, 21);;(4, 21);1;12639
6;0.25;;(4, 21);;(4, 21);1;12640
6;0.25;;(4, 21);;(4, 21);1;12641
6;0.25;;(4, 21);;(4, 21);1;12642
6;0.25;;(4, 21);;(4, 21);1;12643
6;0.25;;(4, 21);;(4, 21);1;12644
6;0.25;;(4, 21);;(4, 21);1;12645
6;0.25;;(4, 21);;(4, 21);1;12646
6;0.25;;(4, 21);;(4, 21);1;12647
6;0.25;;(4, 21);;(4, 21);1;12648
6;0.25;;(4, 21);;(4, 21);1;12649
6;0.25;;(4, 21);;(4, 21);1;12650
6;0.25;;(4, 21);;(4, 21);1;12651
6;0.25;;(4, 21);;(4, 21);1;12652
6;0.25;;(4, 21);;(4, 21);1;12653
6;0.25;;(4, 21);;(4, 21);1;12654
6;0.25;;(4, 21);;(4, 21);1;12655
6;0.25;;(4, 21);;(4, 21);1;12656
6;0.25;;(4, 21);;(4, 21);1;12657
6;0.25;;(4, 21);;(4, 21);1;12658
6;0.25;;(4, 21);;(4, 21);1;12659
6;0.25;;(4, 21);;(4, 21);1;12660
6;0.25;;(4, 21);;(4, 21);1;12661
6;0.25;;(4, 21);;(4, 21);1;12662
6;0.25;;(4, 21);;(4, 21);1;12663
6;0.25;;(4, 21);;(4, 21);1;12664
6;0.25;;(4, 21);;(4, 21);1;12665
6;0.25;;(4, 21);;(4, 21);1;12666
6;0.25;;(4, 21);;(4, 21);1;12667
6;0.25;;(4, 21);;(4, 21);1;12668
6;0.25;;(4, 21);;(4, 21);1;12669
6;0.25;;(4, 21);;(4, 21);1;12670
6;0.25;;(4, 21);;(4, 21);1;12671
6;0.25;;(4, 21);;(4, 21);1;12672
6;0.25;;(4, 21);;(4, 21);1;12673
6;0.25;;(4, 21);;(4, 21);1;12674
6;0.25;;(4, 21);;(4, 21);1;12675
6;0.25;;(4, 21);;(4, 21);1;12676
6;0.25;;(4, 21);;(4, 21);1;12677
6;0.25;;(4, 21);;(4, 21);1;12678
6;0.25;;(4, 21);;(4, 21);1;12679
6;0.25;;(4, 21);;(4, 21);1;12680
6;0.25;;(4, 21);;(4, 21);1;12681
6;0.25;;(4, 21);;(4, 21);1;12682
6;0.25;;(4, 21);;(4, 21);1;12683
6;0.25;;(4, 21);;(4, 21);1;12684
6;0.25;;(4, 21);;(4, 21);1;12685
6;0.25;;(4, 21);;(4, 21);1;12686
6;0.25;;(4, 21);;(4, 21);1;12687
6;0.25;;(4, 21);;(4, 21);1;12688
6;0.25;;(4, 21);;(4, 21);1;12689
6;0.25;;(4, 21);;(4, 21);1;12690
6;0.25;;(4, 21);;(4, 21);1;12691
6;0.25;;(4, 21);;(4, 21);1;12692
6;0.25;;(4, 21);;(4, 21);1;12693
6;0.25;;(4, 21);;(4, 21);1;12694
6;0.25;;(4, 21);;(4, 21);1;12695
6;0.25;;(4, 21);;(4, 21);1;12696
6;0.25;;(4, 21);;(4, 21);1;12697
6;0.25;;(4, 21);;(4, 21);1;12698
6;0.25;;(4, 21);;(4, 21);1;12699
6;0.25;;(4, 21);;(4, 21);1;12700
6;0.25;;(4, 21);;(4, 21);1;12701
6;0.25;;(4, 21);;(4, 21);1;12702
6;0.25;;(4, 21);;(4, 21);1;12703
6;0.25;;(4, 21);;(4, 21);1;12704
6;0.25;;(4, 21);;(4, 21);1;12705
6;0.25;;(4, 21);;(4, 21);1;12706
6;0.25;;(4, 21);;(4, 21);1;12707
6;0.25;;(4, 21);;(4, 21);1;12708
6;0.25;;(4, 21);;(4, 21);1;12709
6;0.25;;(4, 21);;(4, 21);1;12710
6;0.25;;(4, 21);;(4, 21);1;12711
6;0.25;;(4, 21);;(4, 21);1;12712
6;0.25;;(4, 21);;(4, 21);1;12713
6;0.25;;(4, 21);;(4, 21);1;12714
6;0.25;;(4, 21);;(4, 21);1;12715
6;0.25;;(4, 21);;(4, 21);1;12716
6;0.25;;(4, 21);;(4, 21);1;12717
6;0.25;;(4, 21);;(4, 21);1;12718
6;0.25;;(4, 21);;(4, 21);1;12719
6;0.25;;(4, 21);;(4, 21);1;12720
6;0.25;;(4, 21);;(4, 21);1;12721
6;0.25;;(4, 21);;(4, 21);1;12722
6;0.25;;(4, 21);;(4, 21);1;12723
6;0.25;;(4, 21);;(4, 21);1;12724
6;0.25;;(4, 21);;(4, 21);1;12725
6;0.25;;(4, 21);;(4, 21);1;12726
6;0.25;;(4, 21);;(4, 21);1;12727
6;0.25;;(4, 21);;(4, 21);1;12728
6;0.25;;(4, 21);;(4, 21);1;12729
6;0.25;;(4, 21);;(4, 21);1;12730
6;0.25;;(4, 21);;(4, 21);1;12731
6;0.25;;(4, 21);;(4, 21);1;12732
6;0.25;;(4, 21);;(4, 21);1;12733
6;0.25;;(4, 21);;(4, 21);1;12734
6;0.25;;(4, 21);;(4, 21);1;12735
6;0.25;;(4, 21);;(4, 21);1;12736
6;0.25;;(4, 21);;(4, 21);1;12737
6;0.25;;(4, 21);;(4, 21);1;12738
6;0.25;;(4, 21);;(4, 21);1;12739
6;0.25;;(4, 21);;(4, 21);1;12740
6;0.25;;(4, 21);;(4, 21);1;12741
6;0.25;;(4, 21);;(4, 21);1;12742
6;0.25;;(4, 21);;(4, 21);1;12743
6;0.25;;(4, 21);;(4, 21);1;12744
6;0.25;;(4, 21);;(4, 21);1;12745
6;0.25;;(4, 21);;(4, 21);1;12746
6;0.25;;(4, 21);;(4, 21);1;12747
6;0.25;;(4, 21);;(4, 21);1;12748
6;0.25;;(4, 21);;(4, 21);1;12749
6;0.25;;(4, 21);;(4, 21);1;12750
6;0.25;;(4, 21);;(4, 21);1;12751
6;0.25;;(4, 21);;(4, 21);1;12752
6;0.25;;(4, 21);;(4, 21);1;12753
6;0.25;;(4, 21);;(4, 21);1;12754
6;0.25;;(4, 21);;(4, 21);1;12755
6;0.25;;(4, 21);;(4, 21);1;12756
6;0.25;;(4, 21);;(4, 21);1;12757
6;0.25;;(4, 21);;(4, 21);1;12758
6;0.25;;(4, 21);;(4, 21);1;12759
6;0.25;;(4, 21);;(4, 21);1;12760
6;0.25;;(4, 21);;(4, 21);1;12761
6;0.25;;(4, 21);;(4, 21);1;12762
6;0.25;;(4, 21);;(4, 21);1;12763
6;0.25;;(4, 21);;(4, 21);1;12764
6;0.25;;(4, 21);;(4, 21);1;12765
6;0.25;;(4, 21);;(4, 21);1;12766
6;0.25;;(4, 21);;(4, 21);1;12767
6;0.25;;(4, 21);;(4, 21);1;12768
6;0.25;;(4, 21);;(4, 21);1;12769
6;0.25;;(4, 21);;(4, 21);1;12770
6;0.25;;(4, 21);;(4, 21);1;12771
6;0.25;;(4, 21);;(4, 21);1;12772
6;0.25;;(4, 21);;(4, 21);1;12773
6;0.25;;(4, 21);;(4, 21);1;12774
6;0.25;;(4, 21);;(4, 21);1;12775
6;0.25;;(4, 21);;(4, 21);1;12776
6;0.25;;(4, 21);;(4, 21);1;12777
6;0.25;;(4, 21);;(4, 21);1;12778
6;0.25;;(4, 21);;(4, 21);1;12779
6;0.25;;(4, 21);;(4, 21);1;12780
6;0.25;;(4, 21);;(4, 21);1;12781
6;0.25;;(4, 21);;(4, 21);1;12782
6;0.25;;(4, 21);;(4, 21);1;12783
6;0.25;;(4, 21);;(4, 21);1;12784
6;0.25;;(4, 21);;(4, 21);1;12785
6;0.25;;(4, 21);;(4, 21);1;12786
6;0.25;;(4, 21);;(4, 21);1;12787
6;0.25;;(4, 21);;(4, 21);1;12788
6;0.25;;(4, 21);;(4, 21);1;12789
6;0.25;;(4, 21);;(4, 21);1;12790
6;0.25;;(4, 21);;(4, 21);1;12791
6;0.25;;(4, 21);;(4, 21);1;12792
6;0.25;;(4, 21);;(4, 21);1;12793
6;0.25;;(4, 21);;(4, 21);1;12794
6;0.25;;(4, 21);;(4, 21);1;12795
6;0.25;;(4, 21);;(4, 21);1;12796
6;0.25;;(4, 21);;(4, 21);1;12797
6;0.25;;(4, 21);;(4, 21);1;12798
6;0.25;;(4, 21);;(4, 21);1;12799
6;0.25;;(4, 21);;(4, 21);1;12800
6;0.25;;(4, 21);;(4, 21);1;12801
6;0.25;;(4, 21);;(4, 21);1;12802
6;0.25;;(4, 21);;(4, 21);1;12803
6;0.25;;(4, 21);;(4, 21);1;12804
6;0.25;;(4, 21);;(4, 21);1;12805
6;0.25;;(4, 21);;(4, 21);1;12806
6;0.25;;(4, 21);;(4, 21);1;12807
6;0.25;;(4, 21);;(4, 21);1;12808
6;0.25;;(4, 21);;(4, 21);1;12809
6;0.25;;(4, 21);;(4, 21);1;12810
6;0.25;;(4, 21);;(4, 21);1;12811
6;0.25;;(4, 21);;(4, 21);1;12812
6;0.25;;(4, 21);;(4, 21);1;12813
6;0.25;;(4, 21);;(4, 21);1;12814
6;0.25;;(4, 21);;(4, 21);1;12815
6;0.25;;(4, 21);;(4, 21);1;12816
6;0.25;;(4, 21);;(4, 21);1;12817
6;0.25;;(4, 21);;(4, 21);1;12818
6;0.25;;(4, 21);;(4, 21);1;12819
6;0.25;;(4, 21);;(4, 21);1;12820
6;0.25;;(4, 21);;(4, 21);1;12821
6;0.25;;(4, 21);;(4, 21);1;12822
6;0.25;;(4, 21);;(4, 21);1;12823
6;0.25;;(4, 21);;(4, 21);1;12824
6;0.25;;(4, 21);;(4, 21);1;12825
6;0.25;;(4, 21);;(4, 21);1;12826
6;0.25;;(4, 21);;(4, 21);1;12827
6;0.25;;(4, 21);;(4, 21);1;12828
6;0.25;;(4, 21);;(4, 21);1;12829
6;0.25;;(4, 21);;(4, 21);1;12830
6;0.25;;(4, 21);;(4, 21);1;12831
6;0.25;;(4, 21);;(4, 21);1;12832
6;0.25;;(4, 21);;(4, 21);1;12833
6;0.25;;(4, 21);;(4, 21);1;12834
6;0.25;;(4, 21);;(4, 21);1;12835
6;0.25;;(4, 21);;(4, 21);1;12836
6;0.25;;(4, 21);;(4, 21);1;12837
6;0.25;;(4, 21);;(4, 21);1;12838
6;0.25;;(4, 21);;(4, 21);1;12839
6;0.25;;(4, 21);;(4, 21);1;12840
6;0.25;;(4, 21);;(4, 21);1;12841
6;0.25;;(4, 21);;(4, 21);1;12842
6;0.25;;(4, 21);;(4, 21);1;12843
6;0.25;;(4, 21);;(4, 21);1;12844
6;0.25;;(4, 21);;(4, 21);1;12845
6;0.25;;(4, 21);;(4, 21);1;12846
6;0.25;;(4, 21);;(4, 21);1;12847
6;0.25;;(4, 21);;(4, 21);1;12848
6;0.25;;(4, 21);;(4, 21);1;12849
6;0.25;;(4, 21);;(4, 21);1;12850
6;0.25;;(4, 21);;(4, 21);1;12851
6;0.25;;(4, 21);;(4, 21);1;12852
6;0.25;;(4, 21);;(4, 21);1;12853
6;0.25;;(4, 21);;(4, 21);1;12854
6;0.25;;(4, 21);;(4, 21);1;12855
6;0.25;;(4, 21);;(4, 21);1;12856
6;0.25;;(4, 21);;(4, 21);1;12857
6;0.25;;(4, 21);;(4, 21);1;12858
6;0.25;;(4, 21);;(4, 21);1;12859
6;0.25;;(4, 21);;(4, 21);1;12860
6;0.25;;(4, 21);;(4, 21);1;12861
6;0.25;;(4, 21);;(4, 21);1;12862
6;0.25;;(4, 21);;(4, 21);1;12863
6;0.25;;(4, 21);;(4, 21);1;12864
6;0.25;;(4, 21);;(4, 21);1;12865
6;0.25;;(4, 21);;(4, 21);1;12866
6;0.25;;(4, 21);;(4, 21);1;12867
6;0.25;;(4, 21);;(4, 21);1;12868
6;0.25;;(4, 21);;(4, 21);1;12869
6;0.25;;(4, 21);;(4, 21);1;12870
6;0.25;;(4, 21);;(4, 21);1;12871
6;0.25;;(4, 21);;(4, 21);1;12872
6;0.25;;(4, 21);;(4, 21);1;12873
6;0.25;;(4, 21);;(4, 21);1;12874
6;0.25;;(4, 21);;(4, 21);1;12875
6;0.25;;(4, 21);;(4, 21);1;12876
6;0.25;;(4, 21);;(4, 21);1;12877
6;0.25;;(4, 21);;(4, 21);1;12878
6;0.25;;(4, 21);;(4, 21);1;12879
6;0.25;;(4, 21);;(4, 21);1;12880
6;0.25;;(4, 21);;(4, 21);1;12881
6;0.25;;(4, 21);;(4, 21);1;12882
6;0.25;;(4, 21);;(4, 21);1;12883
6;0.25;;(4, 21);;(4, 21);1;12884
6;0.25;;(4, 21);;(4, 21);1;12885
6;0.25;;(4, 21);;(4, 21);1;12886
6;0.25;;(4, 21);;(4, 21);1;12887
6;0.25;;(4, 21);;(4, 21);1;12888
6;0.25;;(4, 21);;(4, 21);1;12889
6;0.25;;(4, 21);;(4, 21);1;12890
6;0.25;;(4, 21);;(4, 21);1;12891
6;0.25;;(4, 21);;(4, 21);1;12892
6;0.25;;(4, 21);;(4, 21);1;12893
6;0.25;;(4, 21);;(4, 21);1;12894
6;0.25;;(4, 21);;(4, 21);1;12895
6;0.25;;(4, 21);;(4, 21);1;12896
6;0.25;;(4, 21);;(4, 21);1;12897
6;0.25;;(4, 21);;(4, 21);1;12898
6;0.25;;(4, 21);;(4, 21);1;12899
6;0.25;;(4, 21);;(4, 21);1;12900
6;0.25;;(4, 21);;(4, 21);1;12901
6;0.25;;(4, 21);;(4, 21);1;12902
6;0.25;;(4, 21);;(4, 21);1;12903
6;0.25;;(4, 21);;(4, 21);1;12904
6;0.25;;(4, 21);;(4, 21);1;12905
6;0.25;;(4, 21);;(4, 21);1;12906
6;0.25;;(4, 21);;(4, 21);1;12907
6;0.25;;(4, 21);;(4, 21);1;12908
6;0.25;;(4, 21);;(4, 21);1;12909
6;0.25;;(4, 21);;(4, 21);1;12910
6;0.25;;(4, 21);;(4, 21);1;12911
6;0.25;;(4, 21);;(4, 21);1;12912
6;0.25;;(4, 21);;(4, 21);1;12913
6;0.25;;(4, 21);;(4, 21);1;12914
6;0.25;;(4, 21);;(4, 21);1;12915
6;0.25;;(4, 21);;(4, 21);1;12916
6;0.25;;(4, 21);;(4, 21);1;12917
6;0.25;;(4, 21);;(4, 21);1;12918
6;0.25;;(4, 21);;(4, 21);1;12919
6;0.25;;(4, 21);;(4, 21);1;12920
6;0.25;;(4, 21);;(4, 21);1;12921
6;0.25;;(4, 21);;(4, 21);1;12922
6;0.25;;(4, 21);;(4, 21);1;12923
6;0.25;;(4, 21);;(4, 21);1;12924
6;0.25;;(4, 21);;(4, 21);1;12925
6;0.25;;(4, 21);;(4, 21);1;12926
6;0.25;;(4, 21);;(4, 21);1;12927
6;0.25;;(4, 21);;(4, 21);1;12928
6;0.25;;(4, 21);;(4, 21);1;12929
6;0.25;;(4, 21);;(4, 21);1;12930
6;0.25;;(4, 21);;(4, 21);1;12931
6;0.25;;(4, 21);;(4, 21);1;12932
6;0.25;;(4, 21);;(4, 21);1;12933
6;0.25;;(4, 21);;(4, 21);1;12934
6;0.25;;(4, 21);;(4, 21);1;12935
6;0.25;;(4, 21);;(4, 21);1;12936
6;0.25;;(4, 21);;(4, 21);1;12937
6;0.25;;(4, 21);;(4, 21);1;12938
6;0.25;;(4, 21);;(4, 21);1;12939
6;0.25;;(4, 21);;(4, 21);1;12940
6;0.25;;(4, 21);;(4, 21);1;12941
6;0.25;;(4, 21);;(4, 21);1;12942
6;0.25;;(4, 21);;(4, 21);1;12943
6;0.25;;(4, 21);;(4, 21);1;12944
6;0.25;;(4, 21);;(4, 21);1;12945
6;0.25;;(4, 21);;(4, 21);1;12946
6;0.25;;(4, 21);;(4, 21);1;12947
6;0.25;;(4, 21);;(4, 21);1;12948
6;0.25;;(4, 21);;(4, 21);1;12949
6;0.25;;(4, 21);;(4, 21);1;12950
6;0.25;;(4, 21);;(4, 21);1;12951
6;0.25;;(4, 21);;(4, 21);1;12952
6;0.25;;(4, 21);;(4, 21);1;12953
6;0.25;;(4, 21);;(4, 21);1;12954
6;0.25;;(4, 21);;(4, 21);1;12955
6;0.25;;(4, 21);;(4, 21);1;12956
6;0.25;;(4, 21);;(4, 21);1;12957
6;0.25;;(4, 21);;(4, 21);1;12958
6;0.25;;(4, 21);;(4, 21);1;12959
6;0.25;;(4, 21);;(4, 21);1;12960
6;0.25;;(4, 21);;(4, 21);1;12961
6;0.25;;(4, 21);;(4, 21);1;12962
6;0.25;;(4, 21);;(4, 21);1;12963
6;0.25;;(4, 21);;(4, 21);1;12964
6;0.25;;(4, 21);;(4, 21);1;12965
6;0.25;;(4, 21);;(4, 21);1;12966
6;0.25;;(4, 21);;(4, 21);1;12967
6;0.25;;(4, 21);;(4, 21);1;12968
6;0.25;;(4, 21);;(4, 21);1;12969
6;0.25;;(4, 21);;(4, 21);1;12970
6;0.25;;(4, 21);;(4, 21);1;12971
6;0.25;;(4, 21);;(4, 21);1;12972
6;0.25;;(4, 21);;(4, 21);1;12973
6;0.25;;(4, 21);;(4, 21);1;12974
6;0.25;;(4, 21);;(4, 21);1;12975
6;0.25;;(4, 21);;(4, 21);1;12976
6;0.25;;(4, 21);;(4, 21);1;12977
6;0.25;;(4, 21);;(4, 21);1;12978
6;0.25;;(4, 21);;(4, 21);1;12979
6;0.25;;(4, 21);;(4, 21);1;12980
6;0.25;;(4, 21);;(4, 21);1;12981
6;0.25;;(4, 21);;(4, 21);1;12982
6;0.25;;(4, 21);;(4, 21);1;12983
6;0.25;;(4, 21);;(4, 21);1;12984
6;0.25;;(4, 21);;(4, 21);1;12985
6;0.25;;(4, 21);;(4, 21);1;12986
6;0.25;;(4, 21);;(4, 21);1;12987
6;0.25;;(4, 21);;(4, 21);1;12988
6;0.25;;(4, 21);;(4, 21);1;12989
6;0.25;;(4, 21);;(4, 21);1;12990
6;0.25;;(4, 21);;(4, 21);1;12991
6;0.25;;(4, 21);;(4, 21);1;12992
6;0.25;;(4, 21);;(4, 21);1;12993
6;0.25;;(4, 21);;(4, 21);1;12994
6;0.25;;(4, 21);;(4, 21);1;12995
6;0.25;;(4, 21);;(4, 21);1;12996
6;0.25;;(4, 21);;(4, 21);1;12997
6;0.25;;(4, 21);;(4, 21);1;12998
6;0.25;;(4, 21);;(4, 21);1;12999
6;0.25;;(4, 21);;(4, 21);1;13000
6;0.25;;(4, 21);;(4, 21);1;13001
6;0.25;;(4, 21);;(4, 21);1;13002
6;0.25;;(4, 21);;(4, 21);1;13003
6;0.25;;(4, 21);;(4, 21);1;13004
6;0.25;;(4, 21);;(4, 21);1;13005
6;0.25;;(4, 21);;(4, 21);1;13006
6;0.25;;(4, 21);;(4, 21);1;13007
6;0.25;;(4, 21);;(4, 21);1;13008
6;0.25;;(4, 21);;(4, 21);1;13009
6;0.25;;(4, 21);;(4, 21);1;13010
6;0.25;;(4, 21);;(4, 21);1;13011
6;0.25;;(4, 21);;(4, 21);1;13012
6;0.25;;(4, 21);;(4, 21);1;13013
6;0.25;;(4, 21);;(4, 21);1;13014
6;0.25;;(4, 21);;(4, 21);1;13015
6;0.25;;(4, 21);;(4, 21);1;13016
6;0.25;;(4, 21);;(4, 21);1;13017
6;0.25;;(4, 21);;(4, 21);1;13018
6;0.25;;(4, 21);;(4, 21);1;13019
6;0.25;;(4, 21);;(4, 21);1;13020
6;0.25;;(4, 21);;(4, 21);1;13021
6;0.25;;(4, 21);;(4, 21);1;13022
6;0.25;;(4, 21);;(4, 21);1;13023
6;0.25;;(4, 21);;(4, 21);1;13024
6;0.25;;(4, 21);;(4, 21);1;13025
6;0.25;;(4, 21);;(4, 21);1;13026
6;0.25;;(4, 21);;(4, 21);1;13027
6;0.25;;(4, 21);;(4, 21);1;13028
6;0.25;;(4, 21);;(4, 21);1;13029
6;0.25;;(4, 21);;(4, 21);1;13030
6;0.25;;(4, 21);;(4, 21);1;13031
6;0.25;;(4, 21);;(4, 21);1;13032
6;0.25;;(4, 21);;(4, 21);1;13033
6;0.25;;(4, 21);;(4, 21);1;13034
6;0.25;;(4, 21);;(4, 21);1;13035
6;0.25;;(4, 21);;(4, 21);1;13036
6;0.25;;(4, 21);;(4, 21);1;13037
6;0.25;;(4, 21);;(4, 21);1;13038
6;0.25;;(4, 21);;(4, 21);1;13039
6;0.25;;(4, 21);;(4, 21);1;13040
6;0.25;;(4, 21);;(4, 21);1;13041
6;0.25;;(4, 21);;(4, 21);1;13042
6;0.25;;(4, 21);;(4, 21);1;13043
6;0.25;;(4, 21);;(4, 21);1;13044
6;0.25;;(4, 21);;(4, 21);1;13045
6;0.25;;(4, 21);;(4, 21);1;13046
6;0.25;;(4, 21);;(4, 21);1;13047
6;0.25;;(4, 21);;(4, 21);1;13048
6;0.25;;(4, 21);;(4, 21);1;13049
6;0.25;;(4, 21);;(4, 21);1;13050
6;0.25;;(4, 21);;(4, 21);1;13051
6;0.25;;(4, 21);;(4, 21);1;13052
6;0.25;;(4, 21);;(4, 21);1;13053
6;0.25;;(4, 21);;(4, 21);1;13054
6;0.25;;(4, 21);;(4, 21);1;13055
6;0.25;;(4, 21);;(4, 21);1;13056
6;0.25;;(4, 21);;(4, 21);1;13057
6;0.25;;(4, 21);;(4, 21);1;13058
6;0.25;;(4, 21);;(4, 21);1;13059
6;0.25;;(4, 21);;(4, 21);1;13060
6;0.25;;(4, 21);;(4, 21);1;13061
6;0.25;;(4, 21);;(4, 21);1;13062
6;0.25;;(4, 21);;(4, 21);1;13063
6;0.25;;(4, 21);;(4, 21);1;13064
6;0.25;;(4, 21);;(4, 21);1;13065
6;0.25;;(4, 21);;(4, 21);1;13066
6;0.25;;(4, 21);;(4, 21);1;13067
6;0.25;;(4, 21);;(4, 21);1;13068
6;0.25;;(4, 21);;(4, 21);1;13069
6;0.25;;(4, 21);;(4, 21);1;13070
6;0.25;;(4, 21);;(4, 21);1;13071
6;0.25;;(4, 21);;(4, 21);1;13072
6;0.25;;(4, 21);;(4, 21);1;13073
6;0.25;;(4, 21);;(4, 21);1;13074
6;0.25;;(4, 21);;(4, 21);1;13075
6;0.25;;(4, 21);;(4, 21);1;13076
6;0.25;;(4, 21);;(4, 21);1;13077
6;0.25;;(4, 21);;(4, 21);1;13078
6;0.25;;(4, 21);;(4, 21);1;13079
6;0.25;;(4, 21);;(4, 21);1;13080
6;0.25;;(4, 21);;(4, 21);1;13081
6;0.25;;(4, 21);;(4, 21);1;13082
6;0.25;;(4, 21);;(4, 21);1;13083
6;0.25;;(4, 21);;(4, 21);1;13084
6;0.25;;(4, 21);;(4, 21);1;13085
6;0.25;;(4, 21);;(4, 21);1;13086
6;0.25;;(4, 21);;(4, 21);1;13087
6;0.25;;(4, 21);;(4, 21);1;13088
6;0.25;;(4, 21);;(4, 21);1;13089
6;0.25;;(4, 21);;(4, 21);1;13090
6;0.25;;(4, 21);;(4, 21);1;13091
6;0.25;;(4, 21);;(4, 21);1;13092
6;0.25;;(4, 21);;(4, 21);1;13093
6;0.25;;(4, 21);;(4, 21);1;13094
6;0.25;;(4, 21);;(4, 21);1;13095
6;0.25;;(4, 21);;(4, 21);1;13096
6;0.25;;(4, 21);;(4, 21);1;13097
6;0.25;;(4, 21);;(4, 21);1;13098
6;0.25;;(4, 21);;(4, 21);1;13099
6;0.25;;(4, 21);;(4, 21);1;13100
6;0.25;;(4, 21);;(4, 21);1;13101
6;0.25;;(4, 21);;(4, 21);1;13102
6;0.25;;(4, 21);;(4, 21);1;13103
6;0.25;;(4, 21);;(4, 21);1;13104
6;0.25;;(4, 21);;(4, 21);1;13105
6;0.25;;(4, 21);;(4, 21);1;13106
6;0.25;;(4, 21);;(4, 21);1;13107
6;0.25;;(4, 21);;(4, 21);1;13108
6;0.25;;(4, 21);;(4, 21);1;13109
6;0.25;;(4, 21);;(4, 21);1;13110
6;0.25;;(4, 21);;(4, 21);1;13111
6;0.25;;(4, 21);;(4, 21);1;13112
6;0.25;;(4, 21);;(4, 21);1;13113
6;0.25;;(4, 21);;(4, 21);1;13114
6;0.25;;(4, 21);;(4, 21);1;13115
6;0.25;;(4, 21);;(4, 21);1;13116
6;0.25;;(4, 21);;(4, 21);1;13117
6;0.25;;(4, 21);;(4, 21);1;13118
6;0.25;;(4, 21);;(4, 21);1;13119
6;0.25;;(4, 21);;(4, 21);1;13120
6;0.25;;(4, 21);;(4, 21);1;13121
6;0.25;;(4, 21);;(4, 21);1;13122
6;0.25;;(4, 21);;(4, 21);1;13123
6;0.25;;(4, 21);;(4, 21);1;13124
6;0.25;;(4, 21);;(4, 21);1;13125
6;0.25;;(4, 21);;(4, 21);1;13126
6;0.25;;(4, 21);;(4, 21);1;13127
6;0.25;;(4, 21);;(4, 21);1;13128
6;0.25;;(4, 21);;(4, 21);1;13129
6;0.25;;(4, 21);;(4, 21);1;13130
6;0.25;;(4, 21);;(4, 21);1;13131
6;0.25;;(4, 21);;(4, 21);1;13132
6;0.25;;(4, 21);;(4, 21);1;13133
6;0.25;;(4, 21);;(4, 21);1;13134
6;0.25;;(4, 21);;(4, 21);1;13135
6;0.25;;(4, 21);;(4, 21);1;13136
6;0.25;;(4, 21);;(4, 21);1;13137
6;0.25;;(4, 21);;(4, 21);1;13138
6;0.25;;(4, 21);;(4, 21);1;13139
6;0.25;;(4, 21);;(4, 21);1;13140
6;0.25;;(4, 21);;(4, 21);1;13141
6;0.25;;(4, 21);;(4, 21);1;13142
6;0.25;;(4, 21);;(4, 21);1;13143
6;0.25;;(4, 21);;(4, 21);1;13144
6;0.25;;(4, 21);;(4, 21);1;13145
6;0.25;;(4, 21);;(4, 21);1;13146
6;0.25;;(4, 21);;(4, 21);1;13147
6;0.25;;(4, 21);;(4, 21);1;13148
6;0.25;;(4, 21);;(4, 21);1;13149
6;0.25;;(4, 21);;(4, 21);1;13150
6;0.25;;(4, 21);;(4, 21);1;13151
6;0.25;;(4, 21);;(4, 21);1;13152
6;0.25;;(4, 21);;(4, 21);1;13153
6;0.25;;(4, 21);;(4, 21);1;13154
6;0.25;;(4, 21);;(4, 21);1;13155
6;0.25;;(4, 21);;(4, 21);1;13156
6;0.25;;(4, 21);;(4, 21);1;13157
6;0.25;;(4, 21);;(4, 21);1;13158
6;0.25;;(4, 21);;(4, 21);1;13159
6;0.25;;(4, 21);;(4, 21);1;13160
6;0.25;;(4, 21);;(4, 21);1;13161
6;0.25;;(4, 21);;(4, 21);1;13162
6;0.25;;(4, 21);;(4, 21);1;13163
6;0.25;;(4, 21);;(4, 21);1;13164
6;0.25;;(4, 21);;(4, 21);1;13165
6;0.25;;(4, 21);;(4, 21);1;13166
6;0.25;;(4, 21);;(4, 21);1;13167
6;0.25;;(4, 21);;(4, 21);1;13168
6;0.25;;(4, 21);;(4, 21);1;13169
6;0.25;;(4, 21);;(4, 21);1;13170
6;0.25;;(4, 21);;(4, 21);1;13171
6;0.25;;(4, 21);;(4, 21);1;13172
6;0.25;;(4, 21);;(4, 21);1;13173
6;0.25;;(4, 21);;(4, 21);1;13174
6;0.25;;(4, 21);;(4, 21);1;13175
6;0.25;;(4, 21);;(4, 21);1;13176
6;0.25;;(4, 21);;(4, 21);1;13177
6;0.25;;(4, 21);;(4, 21);1;13178
6;0.25;;(4, 21);;(4, 21);1;13179
6;0.25;;(4, 21);;(4, 21);1;13180
6;0.25;;(4, 21);;(4, 21);1;13181
6;0.25;;(4, 21);;(4, 21);1;13182
6;0.25;;(4, 21);;(4, 21);1;13183
6;0.25;;(4, 21);;(4, 21);1;13184
6;0.25;;(4, 21);;(4, 21);1;13185
6;0.25;;(4, 21);;(4, 21);1;13186
6;0.25;;(4, 21);;(4, 21);1;13187
6;0.25;;(4, 21);;(4, 21);1;13188
6;0.25;;(4, 21);;(4, 21);1;13189
6;0.25;;(4, 21);;(4, 21);1;13190
6;0.25;;(4, 21);;(4, 21);1;13191
6;0.25;;(4, 21);;(4, 21);1;13192
6;0.25;;(4, 21);;(4, 21);1;13193
6;0.25;;(4, 21);;(4, 21);1;13194
6;0.25;;(4, 21);;(4, 21);1;13195
6;0.25;;(4, 21);;(4, 21);1;13196
6;0.25;;(4, 21);;(4, 21);1;13197
6;0.25;;(4, 21);;(4, 21);1;13198
6;0.25;;(4, 21);;(4, 21);1;13199
6;0.25;;(4, 21);;(4, 21);1;13200
6;0.25;;(4, 21);;(4, 21);1;13201
6;0.25;;(4, 21);;(4, 21);1;13202
6;0.25;;(4, 21);;(4, 21);1;13203
6;0.25;;(4, 21);;(4, 21);1;13204
6;0.25;;(4, 21);;(4, 21);1;13205
6;0.25;;(4, 21);;(4, 21);1;13206
6;0.25;;(4, 21);;(4, 21);1;13207
6;0.25;;(4, 21);;(4, 21);1;13208
6;0.25;;(4, 21);;(4, 21);1;13209
6;0.25;;(4, 21);;(4, 21);1;13210
6;0.25;;(4, 21);;(4, 21);1;13211
6;0.25;;(4, 21);;(4, 21);1;13212
6;0.25;;(4, 21);;(4, 21);1;13213
6;0.25;;(4, 21);;(4, 21);1;13214
6;0.25;;(4, 21);;(4, 21);1;13215
6;0.25;;(4, 21);;(4, 21);1;13216
6;0.25;;(4, 21);;(4, 21);1;13217
6;0.25;;(4, 21);;(4, 21);1;13218
6;0.25;;(4, 21);;(4, 21);1;13219
6;0.25;;(4, 21);;(4, 21);1;13220
6;0.25;;(4, 21);;(4, 21);1;13221
6;0.25;;(4, 21);;(4, 21);1;13222
6;0.25;;(4, 21);;(4, 21);1;13223
6;0.25;;(4, 21);;(4, 21);1;13224
6;0.25;;(4, 21);;(4, 21);1;13225
6;0.25;;(4, 21);;(4, 21);1;13226
6;0.25;;(4, 21);;(4, 21);1;13227
6;0.25;;(4, 21);;(4, 21);1;13228
6;0.25;;(4, 21);;(4, 21);1;13229
6;0.25;;(4, 21);;(4, 21);1;13230
6;0.25;;(4, 21);;(4, 21);1;13231
6;0.25;;(4, 21);;(4, 21);1;13232
6;0.25;;(4, 21);;(4, 21);1;13233
6;0.25;;(4, 21);;(4, 21);1;13234
6;0.25;;(4, 21);;(4, 21);1;13235
6;0.25;;(4, 21);;(4, 21);1;13236
6;0.25;;(4, 21);;(4, 21);1;13237
6;0.25;;(4, 21);;(4, 21);1;13238
6;0.25;;(4, 21);;(4, 21);1;13239
6;0.25;;(4, 21);;(4, 21);1;13240
6;0.25;;(4, 21);;(4, 21);1;13241
6;0.25;;(4, 21);;(4, 21);1;13242
6;0.25;;(4, 21);;(4, 21);1;13243
6;0.25;;(4, 21);;(4, 21);1;13244
6;0.25;;(4, 21);;(4, 21);1;13245
6;0.25;;(4, 21);;(4, 21);1;13246
6;0.25;;(4, 21);;(4, 21);1;13247
6;0.25;;(4, 21);;(4, 21);1;13248
6;0.25;;(4, 21);;(4, 21);1;13249
6;0.25;;(4, 21);;(4, 21);1;13250
6;0.25;;(4, 21);;(4, 21);1;13251
6;0.25;;(4, 21);;(4, 21);1;13252
6;0.25;;(4, 21);;(4, 21);1;13253
6;0.25;;(4, 21);;(4, 21);1;13254
6;0.25;;(4, 21);;(4, 21);1;13255
6;0.25;;(4, 21);;(4, 21);1;13256
6;0.25;;(4, 21);;(4, 21);1;13257
6;0.25;;(4, 21);;(4, 21);1;13258
6;0.25;;(4, 21);;(4, 21);1;13259
6;0.25;;(4, 21);;(4, 21);1;13260
6;0.25;;(4, 21);;(4, 21);1;13261
6;0.25;;(4, 21);;(4, 21);1;13262
6;0.25;;(4, 21);;(4, 21);1;13263
6;0.25;;(4, 21);;(4, 21);1;13264
6;0.25;;(4, 21);;(4, 21);1;13265
6;0.25;;(4, 21);;(4, 21);1;13266
6;0.25;;(4, 21);;(4, 21);1;13267
6;0.25;;(4, 21);;(4, 21);1;13268
6;0.25;;(4, 21);;(4, 21);1;13269
6;0.25;;(4, 21);;(4, 21);1;13270
6;0.25;;(4, 21);;(4, 21);1;13271
6;0.25;;(4, 21);;(4, 21);1;13272
6;0.25;;(4, 21);;(4, 21);1;13273
6;0.25;;(4, 21);;(4, 21);1;13274
6;0.25;;(4, 21);;(4, 21);1;13275
6;0.25;;(4, 21);;(4, 21);1;13276
6;0.25;;(4, 21);;(4, 21);1;13277
6;0.25;;(4, 21);;(4, 21);1;13278
6;0.25;;(4, 21);;(4, 21);1;13279
6;0.25;;(4, 21);;(4, 21);1;13280
6;0.25;;(4, 21);;(4, 21);1;13281
6;0.25;;(4, 21);;(4, 21);1;13282
6;0.25;;(4, 21);;(4, 21);1;13283
6;0.25;;(4, 21);;(4, 21);1;13284
6;0.25;;(4, 21);;(4, 21);1;13285
6;0.25;;(4, 21);;(4, 21);1;13286
6;0.25;;(4, 21);;(4, 21);1;13287
6;0.25;;(4, 21);;(4, 21);1;13288
6;0.25;;(4, 21);;(4, 21);1;13289
6;0.25;;(4, 21);;(4, 21);1;13290
6;0.25;;(4, 21);;(4, 21);1;13291
6;0.25;;(4, 21);;(4, 21);1;13292
6;0.25;;(4, 21);;(4, 21);1;13293
6;0.25;;(4, 21);;(4, 21);1;13294
6;0.25;;(4, 21);;(4, 21);1;13295
6;0.25;;(4, 21);;(4, 21);1;13296
6;0.25;;(4, 21);;(4, 21);1;13297
6;0.25;;(4, 21);;(4, 21);1;13298
6;0.25;;(4, 21);;(4, 21);1;13299
6;0.25;;(4, 21);;(4, 21);1;13300
6;0.25;;(4, 21);;(4, 21);1;13301
6;0.25;;(4, 21);;(4, 21);1;13302
6;0.25;;(4, 21);;(4, 21);1;13303
6;0.25;;(4, 21);;(4, 21);1;13304
6;0.25;;(4, 21);;(4, 21);1;13305
6;0.25;;(4, 21);;(4, 21);1;13306
6;0.25;;(4, 21);;(4, 21);1;13307
6;0.25;;(4, 21);;(4, 21);1;13308
6;0.25;;(4, 21);;(4, 21);1;13309
6;0.25;;(4, 21);;(4, 21);1;13310
6;0.25;;(4, 21);;(4, 21);1;13311
6;0.25;;(4, 21);;(4, 21);1;13312
6;0.25;;(4, 21);;(4, 21);1;13313
6;0.25;;(4, 21);;(4, 21);1;13314
6;0.25;;(4, 21);;(4, 21);1;13315
6;0.25;;(4, 21);;(4, 21);1;13316
6;0.25;;(4, 21);;(4, 21);1;13317
6;0.25;;(4, 21);;(4, 21);1;13318
6;0.25;;(4, 21);;(4, 21);1;13319
6;0.25;;(4, 21);;(4, 21);1;13320
6;0.25;;(4, 21);;(4, 21);1;13321
6;0.25;;(4, 21);;(4, 21);1;13322
6;0.25;;(4, 21);;(4, 21);1;13323
6;0.25;;(4, 21);;(4, 21);1;13324
6;0.25;;(4, 21);;(4, 21);1;13325
6;0.25;;(4, 21);;(4, 21);1;13326
6;0.25;;(4, 21);;(4, 21);1;13327
6;0.25;;(4, 21);;(4, 21);1;13328
6;0.25;;(4, 21);;(4, 21);1;13329
6;0.25;;(4, 21);;(4, 21);1;13330
6;0.25;;(4, 21);;(4, 21);1;13331
6;0.25;;(4, 21);;(4, 21);1;13332
6;0.25;;(4, 21);;(4, 21);1;13333
6;0.25;;(4, 21);;(4, 21);1;13334
6;0.25;;(4, 21);;(4, 21);1;13335
6;0.25;;(4, 21);;(4, 21);1;13336
6;0.25;;(4, 21);;(4, 21);1;13337
6;0.25;;(4, 21);;(4, 21);1;13338
6;0.25;;(4, 21);;(4, 21);1;13339
6;0.25;;(4, 21);;(4, 21);1;13340
6;0.25;;(4, 21);;(4, 21);1;13341
6;0.25;;(4, 21);;(4, 21);1;13342
6;0.25;;(4, 21);;(4, 21);1;13343
6;0.25;;(4, 21);;(4, 21);1;13344
6;0.25;;(4, 21);;(4, 21);1;13345
6;0.25;;(4, 21);;(4, 21);1;13346
6;0.25;;(4, 21);;(4, 21);1;13347
6;0.25;;(4, 21);;(4, 21);1;13348
6;0.25;;(4, 21);;(4, 21);1;13349
6;0.25;;(4, 21);;(4, 21);1;13350
6;0.25;;(4, 21);;(4, 21);1;13351
6;0.25;;(4, 21);;(4, 21);1;13352
6;0.25;;(4, 21);;(4, 21);1;13353
6;0.25;;(4, 21);;(4, 21);1;13354
6;0.25;;(4, 21);;(4, 21);1;13355
6;0.25;;(4, 21);;(4, 21);1;13356
6;0.25;;(4, 21);;(4, 21);1;13357
6;0.25;;(4, 21);;(4, 21);1;13358
6;0.25;;(4, 21);;(4, 21);1;13359
6;0.25;;(4, 21);;(4, 21);1;13360
6;0.25;;(4, 21);;(4, 21);1;13361
6;0.25;;(4, 21);;(4, 21);1;13362
6;0.25;;(4, 21);;(4, 21);1;13363
6;0.25;;(4, 21);;(4, 21);1;13364
6;0.25;;(4, 21);;(4, 21);1;13365
6;0.25;;(4, 21);;(4, 21);1;13366
6;0.25;;(4, 21);;(4, 21);1;13367
6;0.25;;(4, 21);;(4, 21);1;13368
6;0.25;;(4, 21);;(4, 21);1;13369
6;0.25;;(4, 21);;(4, 21);1;13370
6;0.25;;(4, 21);;(4, 21);1;13371
6;0.25;;(4, 21);;(4, 21);1;13372
6;0.25;;(4, 21);;(4, 21);1;13373
6;0.25;;(4, 21);;(4, 21);1;13374
6;0.25;;(4, 21);;(4, 21);1;13375
6;0.25;;(4, 21);;(4, 21);1;13376
6;0.25;;(4, 21);;(4, 21);1;13377
6;0.25;;(4, 21);;(4, 21);1;13378
6;0.25;;(4, 21);;(4, 21);1;13379
6;0.25;;(4, 21);;(4, 21);1;13380
6;0.25;;(4, 21);;(4, 21);1;13381
6;0.25;;(4, 21);;(4, 21);1;13382
6;0.25;;(4, 21);;(4, 21);1;13383
6;0.25;;(4, 21);;(4, 21);1;13384
6;0.25;;(4, 21);;(4, 21);1;13385
6;0.25;;(4, 21);;(4, 21);1;13386
6;0.25;;(4, 21);;(4, 21);1;13387
6;0.25;;(4, 21);;(4, 21);1;13388
6;0.25;;(4, 21);;(4, 21);1;13389
6;0.25;;(4, 21);;(4, 21);1;13390
6;0.25;;(4, 21);;(4, 21);1;13391
6;0.25;;(4, 21);;(4, 21);1;13392
6;0.25;;(4, 21);;(4, 21);1;13393
6;0.25;;(4, 21);;(4, 21);1;13394
6;0.25;;(4, 21);;(4, 21);1;13395
6;0.25;;(4, 21);;(4, 21);1;13396
6;0.25;;(4, 21);;(4, 21);1;13397
6;0.25;;(4, 21);;(4, 21);1;13398
6;0.25;;(4, 21);;(4, 21);1;13399
6;0.25;;(4, 21);;(4, 21);1;13400
6;0.25;;(4, 21);;(4, 21);1;13401
6;0.25;;(4, 21);;(4, 21);1;13402
6;0.25;;(4, 21);;(4, 21);1;13403
6;0.25;;(4, 21);;(4, 21);1;13404
6;0.25;;(4, 21);;(4, 21);1;13405
6;0.25;;(4, 21);;(4, 21);1;13406
6;0.25;;(4, 21);;(4, 21);1;13407
6;0.25;;(4, 21);;(4, 21);1;13408
6;0.25;;(4, 21);;(4, 21);1;13409
6;0.25;;(4, 21);;(4, 21);1;13410
6;0.25;;(4, 21);;(4, 21);1;13411
6;0.25;;(4, 21);;(4, 21);1;13412
6;0.25;;(4, 21);;(4, 21);1;13413
6;0.25;;(4, 21);;(4, 21);1;13414
6;0.25;;(4, 21);;(4, 21);1;13415
6;0.25;;(4, 21);;(4, 21);1;13416
6;0.25;;(4, 21);;(4, 21);1;13417
6;0.25;;(4, 21);;(4, 21);1;13418
6;0.25;;(4, 21);;(4, 21);1;13419
6;0.25;;(4, 21);;(4, 21);1;13420
6;0.25;;(4, 21);;(4, 21);1;13421
6;0.25;;(4, 21);;(4, 21);1;13422
6;0.25;;(4, 21);;(4, 21);1;13423
6;0.25;;(4, 21);;(4, 21);1;13424
6;0.25;;(4, 21);;(4, 21);1;13425
6;0.25;;(4, 21);;(4, 21);1;13426
6;0.25;;(4, 21);;(4, 21);1;13427
6;0.25;;(4, 21);;(4, 21);1;13428
6;0.25;;(4, 21);;(4, 21);1;13429
6;0.25;;(4, 21);;(4, 21);1;13430
6;0.25;;(4, 21);;(4, 21);1;13431
6;0.25;;(4, 21);;(4, 21);1;13432
6;0.25;;(4, 21);;(4, 21);1;13433
6;0.25;;(4, 21);;(4, 21);1;13434
6;0.25;;(4, 21);;(4, 21);1;13435
6;0.25;;(4, 21);;(4, 21);1;13436
6;0.25;;(4, 21);;(4, 21);1;13437
6;0.25;;(4, 21);;(4, 21);1;13438
6;0.25;;(4, 21);;(4, 21);1;13439
6;0.25;;(4, 21);;(4, 21);1;13440
6;0.25;;(4, 21);;(4, 21);1;13441
6;0.25;;(4, 21);;(4, 21);1;13442
6;0.25;;(4, 21);;(4, 21);1;13443
6;0.25;;(4, 21);;(4, 21);1;13444
6;0.25;;(4, 21);;(4, 21);1;13445
6;0.25;;(4, 21);;(4, 21);1;13446
6;0.25;;(4, 21);;(4, 21);1;13447
6;0.25;;(4, 21);;(4, 21);1;13448
6;0.25;;(4, 21);;(4, 21);1;13449
6;0.25;;(4, 21);;(4, 21);1;13450
6;0.25;;(4, 21);;(4, 21);1;13451
6;0.25;;(4, 21);;(4, 21);1;13452
6;0.25;;(4, 21);;(4, 21);1;13453
6;0.25;;(4, 21);;(4, 21);1;13454
6;0.25;;(4, 21);;(4, 21);1;13455
6;0.25;;(4, 21);;(4, 21);1;13456
6;0.25;;(4, 21);;(4, 21);1;13457
6;0.25;;(4, 21);;(4, 21);1;13458
6;0.25;;(4, 21);;(4, 21);1;13459
6;0.25;;(4, 21);;(4, 21);1;13460
6;0.25;;(4, 21);;(4, 21);1;13461
6;0.25;;(4, 21);;(4, 21);1;13462
6;0.25;;(4, 21);;(4, 21);1;13463
6;0.25;;(4, 21);;(4, 21);1;13464
6;0.25;;(4, 21);;(4, 21);1;13465
6;0.25;;(4, 21);;(4, 21);1;13466
6;0.25;;(4, 21);;(4, 21);1;13467
6;0.25;;(4, 21);;(4, 21);1;13468
6;0.25;;(4, 21);;(4, 21);1;13469
6;0.25;;(4, 21);;(4, 21);1;13470
6;0.25;;(4, 21);;(4, 21);1;13471
6;0.25;;(4, 21);;(4, 21);1;13472
6;0.25;;(4, 21);;(4, 21);1;13473
6;0.25;;(4, 21);;(4, 21);1;13474
6;0.25;;(4, 21);;(4, 21);1;13475
6;0.25;;(4, 21);;(4, 21);1;13476
6;0.25;;(4, 21);;(4, 21);1;13477
6;0.25;;(4, 21);;(4, 21);1;13478
6;0.25;;(4, 21);;(4, 21);1;13479
6;0.25;;(4, 21);;(4, 21);1;13480
6;0.25;;(4, 21);;(4, 21);1;13481
6;0.25;;(4, 21);;(4, 21);1;13482
6;0.25;;(4, 21);;(4, 21);1;13483
6;0.25;;(4, 21);;(4, 21);1;13484
6;0.25;;(4, 21);;(4, 21);1;13485
6;0.25;;(4, 21);;(4, 21);1;13486
6;0.25;;(4, 21);;(4, 21);1;13487
6;0.25;;(4, 21);;(4, 21);1;13488
6;0.25;;(4, 21);;(4, 21);1;13489
6;0.25;;(4, 21);;(4, 21);1;13490
6;0.25;;(4, 21);;(4, 21);1;13491
6;0.25;;(4, 21);;(4, 21);1;13492
6;0.25;;(4, 21);;(4, 21);1;13493
6;0.25;;(4, 21);;(4, 21);1;13494
6;0.25;;(4, 21);;(4, 21);1;13495
6;0.25;;(4, 21);;(4, 21);1;13496
6;0.25;;(4, 21);;(4, 21);1;13497
6;0.25;;(4, 21);;(4, 21);1;13498
6;0.25;;(4, 21);;(4, 21);1;13499
6;0.25;;(4, 21);;(4, 21);1;13500
6;0.25;;(4, 21);;(4, 21);1;13501
6;0.25;;(4, 21);;(4, 21);1;13502
6;0.25;;(4, 21);;(4, 21);1;13503
6;0.25;;(4, 21);;(4, 21);1;13504
6;0.25;;(4, 21);;(4, 21);1;13505
6;0.25;;(4, 21);;(4, 21);1;13506
6;0.25;;(4, 21);;(4, 21);1;13507
6;0.25;;(4, 21);;(4, 21);1;13508
6;0.25;;(4, 21);;(4, 21);1;13509
6;0.25;;(4, 21);;(4, 21);1;13510
6;0.25;;(4, 21);;(4, 21);1;13511
6;0.25;;(4, 21);;(4, 21);1;13512
6;0.25;;(4, 21);;(4, 21);1;13513
6;0.25;;(4, 21);;(4, 21);1;13514
6;0.25;;(4, 21);;(4, 21);1;13515
6;0.25;;(4, 21);;(4, 21);1;13516
6;0.25;;(4, 21);;(4, 21);1;13517
6;0.25;;(4, 21);;(4, 21);1;13518
6;0.25;;(4, 21);;(4, 21);1;13519
6;0.25;;(4, 21);;(4, 21);1;13520
6;0.25;;(4, 21);;(4, 21);1;13521
6;0.25;;(4, 21);;(4, 21);1;13522
6;0.25;;(4, 21);;(4, 21);1;13523
6;0.25;;(4, 21);;(4, 21);1;13524
6;0.25;;(4, 21);;(4, 21);1;13525
6;0.25;;(4, 21);;(4, 21);1;13526
6;0.25;;(4, 21);;(4, 21);1;13527
6;0.25;;(4, 21);;(4, 21);1;13528
6;0.25;;(4, 21);;(4, 21);1;13529
6;0.25;;(4, 21);;(4, 21);1;13530
6;0.25;;(4, 21);;(4, 21);1;13531
6;0.25;;(4, 21);;(4, 21);1;13532
6;0.25;;(4, 21);;(4, 21);1;13533
6;0.25;;(4, 21);;(4, 21);1;13534
6;0.25;;(4, 21);;(4, 21);1;13535
6;0.25;;(4, 21);;(4, 21);1;13536
6;0.25;;(4, 21);;(4, 21);1;13537
6;0.25;;(4, 21);;(4, 21);1;13538
6;0.25;;(4, 21);;(4, 21);1;13539
6;0.25;;(4, 21);;(4, 21);1;13540
6;0.25;;(4, 21);;(4, 21);1;13541
6;0.25;;(4, 21);;(4, 21);1;13542
6;0.25;;(4, 21);;(4, 21);1;13543
6;0.25;;(4, 21);;(4, 21);1;13544
6;0.25;;(4, 21);;(4, 21);1;13545
6;0.25;;(4, 21);;(4, 21);1;13546
6;0.25;;(4, 21);;(4, 21);1;13547
6;0.25;;(4, 21);;(4, 21);1;13548
6;0.25;;(4, 21);;(4, 21);1;13549
6;0.25;;(4, 21);;(4, 21);1;13550
6;0.25;;(4, 21);;(4, 21);1;13551
6;0.25;;(4, 21);;(4, 21);1;13552
6;0.25;;(4, 21);;(4, 21);1;13553
6;0.25;;(4, 21);;(4, 21);1;13554
6;0.25;;(4, 21);;(4, 21);1;13555
6;0.25;;(4, 21);;(4, 21);1;13556
6;0.25;;(4, 21);;(4, 21);1;13557
6;0.25;;(4, 21);;(4, 21);1;13558
6;0.25;;(4, 21);;(4, 21);1;13559
6;0.25;;(4, 21);;(4, 21);1;13560
6;0.25;;(4, 21);;(4, 21);1;13561
6;0.25;;(4, 21);;(4, 21);1;13562
6;0.25;;(4, 21);;(4, 21);1;13563
6;0.25;;(4, 21);;(4, 21);1;13564
6;0.25;;(4, 21);;(4, 21);1;13565
6;0.25;;(4, 21);;(4, 21);1;13566
6;0.25;;(4, 21);;(4, 21);1;13567
6;0.25;;(4, 21);;(4, 21);1;13568
6;0.25;;(4, 21);;(4, 21);1;13569
6;0.25;;(4, 21);;(4, 21);1;13570
6;0.25;;(4, 21);;(4, 21);1;13571
6;0.25;;(4, 21);;(4, 21);1;13572
6;0.25;;(4, 21);;(4, 21);1;13573
6;0.25;;(4, 21);;(4, 21);1;13574
6;0.25;;(4, 21);;(4, 21);1;13575
6;0.25;;(4, 21);;(4, 21);1;13576
6;0.25;;(4, 21);;(4, 21);1;13577
6;0.25;;(4, 21);;(4, 21);1;13578
6;0.25;;(4, 21);;(4, 21);1;13579
6;0.25;;(4, 21);;(4, 21);1;13580
6;0.25;;(4, 21);;(4, 21);1;13581
6;0.25;;(4, 21);;(4, 21);1;13582
6;0.25;;(4, 21);;(4, 21);1;13583
6;0.25;;(4, 21);;(4, 21);1;13584
6;0.25;;(4, 21);;(4, 21);1;13585
6;0.25;;(4, 21);;(4, 21);1;13586
6;0.25;;(4, 21);;(4, 21);1;13587
6;0.25;;(4, 21);;(4, 21);1;13588
6;0.25;;(4, 21);;(4, 21);1;13589
6;0.25;;(4, 21);;(4, 21);1;13590
6;0.25;;(4, 21);;(4, 21);1;13591
6;0.25;;(4, 21);;(4, 21);1;13592
6;0.25;;(4, 21);;(4, 21);1;13593
6;0.25;;(4, 21);;(4, 21);1;13594
6;0.25;;(4, 21);;(4, 21);1;13595
6;0.25;;(4, 21);;(4, 21);1;13596
6;0.25;;(4, 21);;(4, 21);1;13597
6;0.25;;(4, 21);;(4, 21);1;13598
6;0.25;;(4, 21);;(4, 21);1;13599
6;0.25;;(4, 21);;(4, 21);1;13600
6;0.25;;(4, 21);;(4, 21);1;13601
6;0.25;;(4, 21);;(4, 21);1;13602
6;0.25;;(4, 21);;(4, 21);1;13603
6;0.25;;(4, 21);;(4, 21);1;13604
6;0.25;;(4, 21);;(4, 21);1;13605
6;0.25;;(4, 21);;(4, 21);1;13606
6;0.25;;(4, 21);;(4, 21);1;13607
6;0.25;;(4, 21);;(4, 21);1;13608
6;0.25;;(4, 21);;(4, 21);1;13609
6;0.25;;(4, 21);;(4, 21);1;13610
6;0.25;;(4, 21);;(4, 21);1;13611
6;0.25;;(4, 21);;(4, 21);1;13612
6;0.25;;(4, 21);;(4, 21);1;13613
6;0.25;;(4, 21);;(4, 21);1;13614
6;0.25;;(4, 21);;(4, 21);1;13615
6;0.25;;(4, 21);;(4, 21);1;13616
6;0.25;;(4, 21);;(4, 21);1;13617
6;0.25;;(4, 21);;(4, 21);1;13618
6;0.25;;(4, 21);;(4, 21);1;13619
6;0.25;;(4, 21);;(4, 21);1;13620
6;0.25;;(4, 21);;(4, 21);1;13621
6;0.25;;(4, 21);;(4, 21);1;13622
6;0.25;;(4, 21);;(4, 21);1;13623
6;0.25;;(4, 21);;(4, 21);1;13624
6;0.25;;(4, 21);;(4, 21);1;13625
6;0.25;;(4, 21);;(4, 21);1;13626
6;0.25;;(4, 21);;(4, 21);1;13627
6;0.25;;(4, 21);;(4, 21);1;13628
6;0.25;;(4, 21);;(4, 21);1;13629
6;0.25;;(4, 21);;(4, 21);1;13630
6;0.25;;(4, 21);;(4, 21);1;13631
6;0.25;;(4, 21);;(4, 21);1;13632
6;0.25;;(4, 21);;(4, 21);1;13633
6;0.25;;(4, 21);;(4, 21);1;13634
6;0.25;;(4, 21);;(4, 21);1;13635
6;0.25;;(4, 21);;(4, 21);1;13636
6;0.25;;(4, 21);;(4, 21);1;13637
6;0.25;;(4, 21);;(4, 21);1;13638
6;0.25;;(4, 21);;(4, 21);1;13639
6;0.25;;(4, 21);;(4, 21);1;13640
6;0.25;;(4, 21);;(4, 21);1;13641
6;0.25;;(4, 21);;(4, 21);1;13642
6;0.25;;(4, 21);;(4, 21);1;13643
6;0.25;;(4, 21);;(4, 21);1;13644
6;0.25;;(4, 21);;(4, 21);1;13645
6;0.25;;(4, 21);;(4, 21);1;13646
6;0.25;;(4, 21);;(4, 21);1;13647
6;0.25;;(4, 21);;(4, 21);1;13648
6;0.25;;(4, 21);;(4, 21);1;13649
6;0.25;;(4, 21);;(4, 21);1;13650
6;0.25;;(4, 21);;(4, 21);1;13651
6;0.25;;(4, 21);;(4, 21);1;13652
6;0.25;;(4, 21);;(4, 21);1;13653
6;0.25;;(4, 21);;(4, 21);1;13654
6;0.25;;(4, 21);;(4, 21);1;13655
6;0.25;;(4, 21);;(4, 21);1;13656
6;0.25;;(4, 21);;(4, 21);1;13657
6;0.25;;(4, 21);;(4, 21);1;13658
6;0.25;;(4, 21);;(4, 21);1;13659
6;0.25;;(4, 21);;(4, 21);1;13660
6;0.25;;(4, 21);;(4, 21);1;13661
6;0.25;;(4, 21);;(4, 21);1;13662
6;0.25;;(4, 21);;(4, 21);1;13663
6;0.25;;(4, 21);;(4, 21);1;13664
6;0.25;;(4, 21);;(4, 21);1;13665
6;0.25;;(4, 21);;(4, 21);1;13666
6;0.25;;(4, 21);;(4, 21);1;13667
6;0.25;;(4, 21);;(4, 21);1;13668
6;0.25;;(4, 21);;(4, 21);1;13669
6;0.25;;(4, 21);;(4, 21);1;13670
6;0.25;;(4, 21);;(4, 21);1;13671
6;0.25;;(4, 21);;(4, 21);1;13672
6;0.25;;(4, 21);;(4, 21);1;13673
6;0.25;;(4, 21);;(4, 21);1;13674
6;0.25;;(4, 21);;(4, 21);1;13675
6;0.25;;(4, 21);;(4, 21);1;13676
6;0.25;;(4, 21);;(4, 21);1;13677
6;0.25;;(4, 21);;(4, 21);1;13678
6;0.25;;(4, 21);;(4, 21);1;13679
6;0.25;;(4, 21);;(4, 21);1;13680
6;0.25;;(4, 21);;(4, 21);1;13681
6;0.25;;(4, 21);;(4, 21);1;13682
6;0.25;;(4, 21);;(4, 21);1;13683
6;0.25;;(4, 21);;(4, 21);1;13684
6;0.25;;(4, 21);;(4, 21);1;13685
6;0.25;;(4, 21);;(4, 21);1;13686
6;0.25;;(4, 21);;(4, 21);1;13687
6;0.25;;(4, 21);;(4, 21);1;13688
6;0.25;;(4, 21);;(4, 21);1;13689
6;0.25;;(4, 21);;(4, 21);1;13690
6;0.25;;(4, 21);;(4, 21);1;13691
6;0.25;;(4, 21);;(4, 21);1;13692
6;0.25;;(4, 21);;(4, 21);1;13693
6;0.25;;(4, 21);;(4, 21);1;13694
6;0.25;;(4, 21);;(4, 21);1;13695
6;0.25;;(4, 21);;(4, 21);1;13696
6;0.25;;(4, 21);;(4, 21);1;13697
6;0.25;;(4, 21);;(4, 21);1;13698
6;0.25;;(4, 21);;(4, 21);1;13699
6;0.25;;(4, 21);;(4, 21);1;13700
6;0.25;;(4, 21);;(4, 21);1;13701
6;0.25;;(4, 21);;(4, 21);1;13702
6;0.25;;(4, 21);;(4, 21);1;13703
6;0.25;;(4, 21);;(4, 21);1;13704
6;0.25;;(4, 21);;(4, 21);1;13705
6;0.25;;(4, 21);;(4, 21);1;13706
6;0.25;;(4, 21);;(4, 21);1;13707
6;0.25;;(4, 21);;(4, 21);1;13708
6;0.25;;(4, 21);;(4, 21);1;13709
6;0.25;;(4, 21);;(4, 21);1;13710
6;0.25;;(4, 21);;(4, 21);1;13711
6;0.25;;(4, 21);;(4, 21);1;13712
6;0.25;;(4, 21);;(4, 21);1;13713
6;0.25;;(4, 21);;(4, 21);1;13714
6;0.25;;(4, 21);;(4, 21);1;13715
6;0.25;;(4, 21);;(4, 21);1;13716
6;0.25;;(4, 21);;(4, 21);1;13717
6;0.25;;(4, 21);;(4, 21);1;13718
6;0.25;;(4, 21);;(4, 21);1;13719
6;0.25;;(4, 21);;(4, 21);1;13720
6;0.25;;(4, 21);;(4, 21);1;13721
6;0.25;;(4, 21);;(4, 21);1;13722
6;0.25;;(4, 21);;(4, 21);1;13723
6;0.25;;(4, 21);;(4, 21);1;13724
6;0.25;;(4, 21);;(4, 21);1;13725
6;0.25;;(4, 21);;(4, 21);1;13726
6;0.25;;(4, 21);;(4, 21);1;13727
6;0.25;;(4, 21);;(4, 21);1;13728
6;0.25;;(4, 21);;(4, 21);1;13729
6;0.25;;(4, 21);;(4, 21);1;13730
6;0.25;;(4, 21);;(4, 21);1;13731
6;0.25;;(4, 21);;(4, 21);1;13732
6;0.25;;(4, 21);;(4, 21);1;13733
6;0.25;;(4, 21);;(4, 21);1;13734
6;0.25;;(4, 21);;(4, 21);1;13735
6;0.25;;(4, 21);;(4, 21);1;13736
6;0.25;;(4, 21);;(4, 21);1;13737
6;0.25;;(4, 21);;(4, 21);1;13738
6;0.25;;(4, 21);;(4, 21);1;13739
6;0.25;;(4, 21);;(4, 21);1;13740
6;0.25;;(4, 21);;(4, 21);1;13741
6;0.25;;(4, 21);;(4, 21);1;13742
6;0.25;;(4, 21);;(4, 21);1;13743
6;0.25;;(4, 21);;(4, 21);1;13744
6;0.25;;(4, 21);;(4, 21);1;13745
6;0.25;;(4, 21);;(4, 21);1;13746
6;0.25;;(4, 21);;(4, 21);1;13747
6;0.25;;(4, 21);;(4, 21);1;13748
6;0.25;;(4, 21);;(4, 21);1;13749
6;0.25;;(4, 21);;(4, 21);1;13750
6;0.25;;(4, 21);;(4, 21);1;13751
6;0.25;;(4, 21);;(4, 21);1;13752
6;0.25;;(4, 21);;(4, 21);1;13753
6;0.25;;(4, 21);;(4, 21);1;13754
6;0.25;;(4, 21);;(4, 21);1;13755
6;0.25;;(4, 21);;(4, 21);1;13756
6;0.25;;(4, 21);;(4, 21);1;13757
6;0.25;;(4, 21);;(4, 21);1;13758
6;0.25;;(4, 21);;(4, 21);1;13759
6;0.25;;(4, 21);;(4, 21);1;13760
6;0.25;;(4, 21);;(4, 21);1;13761
6;0.25;;(4, 21);;(4, 21);1;13762
6;0.25;;(4, 21);;(4, 21);1;13763
6;0.25;;(4, 21);;(4, 21);1;13764
6;0.25;;(4, 21);;(4, 21);1;13765
6;0.25;;(4, 21);;(4, 21);1;13766
6;0.25;;(4, 21);;(4, 21);1;13767
6;0.25;;(4, 21);;(4, 21);1;13768
6;0.25;;(4, 21);;(4, 21);1;13769
6;0.25;;(4, 21);;(4, 21);1;13770
6;0.25;;(4, 21);;(4, 21);1;13771
6;0.25;;(4, 21);;(4, 21);1;13772
6;0.25;;(4, 21);;(4, 21);1;13773
6;0.25;;(4, 21);;(4, 21);1;13774
6;0.25;;(4, 21);;(4, 21);1;13775
6;0.25;;(4, 21);;(4, 21);1;13776
6;0.25;;(4, 21);;(4, 21);1;13777
6;0.25;;(4, 21);;(4, 21);1;13778
6;0.25;;(4, 21);;(4, 21);1;13779
6;0.25;;(4, 21);;(4, 21);1;13780
6;0.25;;(4, 21);;(4, 21);1;13781
6;0.25;;(4, 21);;(4, 21);1;13782
6;0.25;;(4, 21);;(4, 21);1;13783
6;0.25;;(4, 21);;(4, 21);1;13784
6;0.25;;(4, 21);;(4, 21);1;13785
6;0.25;;(4, 21);;(4, 21);1;13786
6;0.25;;(4, 21);;(4, 21);1;13787
6;0.25;;(4, 21);;(4, 21);1;13788
6;0.25;;(4, 21);;(4, 21);1;13789
6;0.25;;(4, 21);;(4, 21);1;13790
6;0.25;;(4, 21);;(4, 21);1;13791
6;0.25;;(4, 21);;(4, 21);1;13792
6;0.25;;(4, 21);;(4, 21);1;13793
6;0.25;;(4, 21);;(4, 21);1;13794
6;0.25;;(4, 21);;(4, 21);1;13795
6;0.25;;(4, 21);;(4, 21);1;13796
6;0.25;;(4, 21);;(4, 21);1;13797
6;0.25;;(4, 21);;(4, 21);1;13798
6;0.25;;(4, 21);;(4, 21);1;13799
6;0.25;;(4, 21);;(4, 21);1;13800
6;0.25;;(4, 21);;(4, 21);1;13801
6;0.25;;(4, 21);;(4, 21);1;13802
6;0.25;;(4, 21);;(4, 21);1;13803
6;0.25;;(4, 21);;(4, 21);1;13804
6;0.25;;(4, 21);;(4, 21);1;13805
6;0.25;;(4, 21);;(4, 21);1;13806
6;0.25;;(4, 21);;(4, 21);1;13807
6;0.25;;(4, 21);;(4, 21);1;13808
6;0.25;;(4, 21);;(4, 21);1;13809
6;0.25;;(4, 21);;(4, 21);1;13810
6;0.25;;(4, 21);;(4, 21);1;13811
6;0.25;;(4, 21);;(4, 21);1;13812
6;0.25;;(4, 21);;(4, 21);1;13813
6;0.25;;(4, 21);;(4, 21);1;13814
6;0.25;;(4, 21);;(4, 21);1;13815
6;0.25;;(4, 21);;(4, 21);1;13816
6;0.25;;(4, 21);;(4, 21);1;13817
6;0.25;;(4, 21);;(4, 21);1;13818
6;0.25;;(4, 21);;(4, 21);1;13819
6;0.25;;(4, 21);;(4, 21);1;13820
6;0.25;;(4, 21);;(4, 21);1;13821
6;0.25;;(4, 21);;(4, 21);1;13822
6;0.25;;(4, 21);;(4, 21);1;13823
6;0.25;;(4, 21);;(4, 21);1;13824
6;0.25;;(4, 21);;(4, 21);1;13825
6;0.25;;(4, 21);;(4, 21);1;13826
6;0.25;;(4, 21);;(4, 21);1;13827
6;0.25;;(4, 21);;(4, 21);1;13828
6;0.25;;(4, 21);;(4, 21);1;13829
6;0.25;;(4, 21);;(4, 21);1;13830
6;0.25;;(4, 21);;(4, 21);1;13831
6;0.25;;(4, 21);;(4, 21);1;13832
6;0.25;;(4, 21);;(4, 21);1;13833
6;0.25;;(4, 21);;(4, 21);1;13834
6;0.25;;(4, 21);;(4, 21);1;13835
6;0.25;;(4, 21);;(4, 21);1;13836
6;0.25;;(4, 21);;(4, 21);1;13837
6;0.25;;(4, 21);;(4, 21);1;13838
6;0.25;;(4, 21);;(4, 21);1;13839
6;0.25;;(4, 21);;(4, 21);1;13840
6;0.25;;(4, 21);;(4, 21);1;13841
6;0.25;;(4, 21);;(4, 21);1;13842
6;0.25;;(4, 21);;(4, 21);1;13843
6;0.25;;(4, 21);;(4, 21);1;13844
6;0.25;;(4, 21);;(4, 21);1;13845
6;0.25;;(4, 21);;(4, 21);1;13846
6;0.25;;(4, 21);;(4, 21);1;13847
6;0.25;;(4, 21);;(4, 21);1;13848
6;0.25;;(4, 21);;(4, 21);1;13849
6;0.25;;(4, 21);;(4, 21);1;13850
6;0.25;;(4, 21);;(4, 21);1;13851
6;0.25;;(4, 21);;(4, 21);1;13852
6;0.25;;(4, 21);;(4, 21);1;13853
6;0.25;;(4, 21);;(4, 21);1;13854
6;0.25;;(4, 21);;(4, 21);1;13855
6;0.25;;(4, 21);;(4, 21);1;13856
6;0.25;;(4, 21);;(4, 21);1;13857
6;0.25;;(4, 21);;(4, 21);1;13858
6;0.25;;(4, 21);;(4, 21);1;13859
6;0.25;;(4, 21);;(4, 21);1;13860
6;0.25;;(4, 21);;(4, 21);1;13861
6;0.25;;(4, 21);;(4, 21);1;13862
6;0.25;;(4, 21);;(4, 21);1;13863
6;0.25;;(4, 21);;(4, 21);1;13864
6;0.25;;(4, 21);;(4, 21);1;13865
6;0.25;;(4, 21);;(4, 21);1;13866
6;0.25;;(4, 21);;(4, 21);1;13867
6;0.25;;(4, 21);;(4, 21);1;13868
6;0.25;;(4, 21);;(4, 21);1;13869
6;0.25;;(4, 21);;(4, 21);1;13870
6;0.25;;(4, 21);;(4, 21);1;13871
6;0.25;;(4, 21);;(4, 21);1;13872
6;0.25;;(4, 21);;(4, 21);1;13873
6;0.25;;(4, 21);;(4, 21);1;13874
6;0.25;;(4, 21);;(4, 21);1;13875
6;0.25;;(4, 21);;(4, 21);1;13876
6;0.25;;(4, 21);;(4, 21);1;13877
6;0.25;;(4, 21);;(4, 21);1;13878
6;0.25;;(4, 21);;(4, 21);1;13879
6;0.25;;(4, 21);;(4, 21);1;13880
6;0.25;;(4, 21);;(4, 21);1;13881
6;0.25;;(4, 21);;(4, 21);1;13882
6;0.25;;(4, 21);;(4, 21);1;13883
6;0.25;;(4, 21);;(4, 21);1;13884
6;0.25;;(4, 21);;(4, 21);1;13885
6;0.25;;(4, 21);;(4, 21);1;13886
6;0.25;;(4, 21);;(4, 21);1;13887
6;0.25;;(4, 21);;(4, 21);1;13888
6;0.25;;(4, 21);;(4, 21);1;13889
6;0.25;;(4, 21);;(4, 21);1;13890
6;0.25;;(4, 21);;(4, 21);1;13891
6;0.25;;(4, 21);;(4, 21);1;13892
6;0.25;;(4, 21);;(4, 21);1;13893
6;0.25;;(4, 21);;(4, 21);1;13894
6;0.25;;(4, 21);;(4, 21);1;13895
6;0.25;;(4, 21);;(4, 21);1;13896
6;0.25;;(4, 21);;(4, 21);1;13897
6;0.25;;(4, 21);;(4, 21);1;13898
6;0.25;;(4, 21);;(4, 21);1;13899
6;0.25;;(4, 21);;(4, 21);1;13900
6;0.25;;(4, 21);;(4, 21);1;13901
6;0.25;;(4, 21);;(4, 21);1;13902
6;0.25;;(4, 21);;(4, 21);1;13903
6;0.25;;(4, 21);;(4, 21);1;13904
6;0.25;;(4, 21);;(4, 21);1;13905
6;0.25;;(4, 21);;(4, 21);1;13906
6;0.25;;(4, 21);;(4, 21);1;13907
6;0.25;;(4, 21);;(4, 21);1;13908
6;0.25;;(4, 21);;(4, 21);1;13909
6;0.25;;(4, 21);;(4, 21);1;13910
6;0.25;;(4, 21);;(4, 21);1;13911
6;0.25;;(4, 21);;(4, 21);1;13912
6;0.25;;(4, 21);;(4, 21);1;13913
6;0.25;;(4, 21);;(4, 21);1;13914
6;0.25;;(4, 21);;(4, 21);1;13915
6;0.25;;(4, 21);;(4, 21);1;13916
6;0.25;;(4, 21);;(4, 21);1;13917
6;0.25;;(4, 21);;(4, 21);1;13918
6;0.25;;(4, 21);;(4, 21);1;13919
6;0.25;;(4, 21);;(4, 21);1;13920
6;0.25;;(4, 21);;(4, 21);1;13921
6;0.25;;(4, 21);;(4, 21);1;13922
6;0.25;;(4, 21);;(4, 21);1;13923
6;0.25;;(4, 21);;(4, 21);1;13924
6;0.25;;(4, 21);;(4, 21);1;13925
6;0.25;;(4, 21);;(4, 21);1;13926
6;0.25;;(4, 21);;(4, 21);1;13927
6;0.25;;(4, 21);;(4, 21);1;13928
6;0.25;;(4, 21);;(4, 21);1;13929
6;0.25;;(4, 21);;(4, 21);1;13930
6;0.25;;(4, 21);;(4, 21);1;13931
6;0.25;;(4, 21);;(4, 21);1;13932
6;0.25;;(4, 21);;(4, 21);1;13933
6;0.25;;(4, 21);;(4, 21);1;13934
6;0.25;;(4, 21);;(4, 21);1;13935
6;0.25;;(4, 21);;(4, 21);1;13936
6;0.25;;(4, 21);;(4, 21);1;13937
6;0.25;;(4, 21);;(4, 21);1;13938
6;0.25;;(4, 21);;(4, 21);1;13939
6;0.25;;(4, 21);;(4, 21);1;13940
6;0.25;;(4, 21);;(4, 21);1;13941
6;0.25;;(4, 21);;(4, 21);1;13942
6;0.25;;(4, 21);;(4, 21);1;13943
6;0.25;;(4, 21);;(4, 21);1;13944
6;0.25;;(4, 21);;(4, 21);1;13945
6;0.25;;(4, 21);;(4, 21);1;13946
6;0.25;;(4, 21);;(4, 21);1;13947
6;0.25;;(4, 21);;(4, 21);1;13948
6;0.25;;(4, 21);;(4, 21);1;13949
6;0.25;;(4, 21);;(4, 21);1;13950
6;0.25;;(4, 21);;(4, 21);1;13951
6;0.25;;(4, 21);;(4, 21);1;13952
6;0.25;;(4, 21);;(4, 21);1;13953
6;0.25;;(4, 21);;(4, 21);1;13954
6;0.25;;(4, 21);;(4, 21);1;13955
6;0.25;;(4, 21);;(4, 21);1;13956
6;0.25;;(4, 21);;(4, 21);1;13957
6;0.25;;(4, 21);;(4, 21);1;13958
6;0.25;;(4, 21);;(4, 21);1;13959
6;0.25;;(4, 21);;(4, 21);1;13960
6;0.25;;(4, 21);;(4, 21);1;13961
6;0.25;;(4, 21);;(4, 21);1;13962
6;0.25;;(4, 21);;(4, 21);1;13963
6;0.25;;(4, 21);;(4, 21);1;13964
6;0.25;;(4, 21);;(4, 21);1;13965
6;0.25;;(4, 21);;(4, 21);1;13966
6;0.25;;(4, 21);;(4, 21);1;13967
6;0.25;;(4, 21);;(4, 21);1;13968
6;0.25;;(4, 21);;(4, 21);1;13969
6;0.25;;(4, 21);;(4, 21);1;13970
6;0.25;;(4, 21);;(4, 21);1;13971
6;0.25;;(4, 21);;(4, 21);1;13972
6;0.25;;(4, 21);;(4, 21);1;13973
6;0.25;;(4, 21);;(4, 21);1;13974
6;0.25;;(4, 21);;(4, 21);1;13975
6;0.25;;(4, 21);;(4, 21);1;13976
6;0.25;;(4, 21);;(4, 21);1;13977
6;0.25;;(4, 21);;(4, 21);1;13978
6;0.25;;(4, 21);;(4, 21);1;13979
6;0.25;;(4, 21);;(4, 21);1;13980
6;0.25;;(4, 21);;(4, 21);1;13981
6;0.25;;(4, 21);;(4, 21);1;13982
6;0.25;;(4, 21);;(4, 21);1;13983
6;0.25;;(4, 21);;(4, 21);1;13984
6;0.25;;(4, 21);;(4, 21);1;13985
6;0.25;;(4, 21);;(4, 21);1;13986
6;0.25;;(4, 21);;(4, 21);1;13987
6;0.25;;(4, 21);;(4, 21);1;13988
6;0.25;;(4, 21);;(4, 21);1;13989
6;0.25;;(4, 21);;(4, 21);1;13990
6;0.25;;(4, 21);;(4, 21);1;13991
6;0.25;;(4, 21);;(4, 21);1;13992
6;0.25;;(4, 21);;(4, 21);1;13993
6;0.25;;(4, 21);;(4, 21);1;13994
6;0.25;;(4, 21);;(4, 21);1;13995
6;0.25;;(4, 21);;(4, 21);1;13996
6;0.25;;(4, 21);;(4, 21);1;13997
6;0.25;;(4, 21);;(4, 21);1;13998
6;0.25;;(4, 21);;(4, 21);1;13999
6;0.25;;(4, 21);;(4, 21);1;14000
6;0.25;;(4, 21);;(4, 21);1;14001
6;0.25;;(4, 21);;(4, 21);1;14002
6;0.25;;(4, 21);;(4, 21);1;14003
6;0.25;;(4, 21);;(4, 21);1;14004
6;0.25;;(4, 21);;(4, 21);1;14005
6;0.25;;(4, 21);;(4, 21);1;14006
6;0.25;;(4, 21);;(4, 21);1;14007
6;0.25;;(4, 21);;(4, 21);1;14008
6;0.25;;(4, 21);;(4, 21);1;14009
6;0.25;;(4, 21);;(4, 21);1;14010
6;0.25;;(4, 21);;(4, 21);1;14011
6;0.25;;(4, 21);;(4, 21);1;14012
6;0.25;;(4, 21);;(4, 21);1;14013
6;0.25;;(4, 21);;(4, 21);1;14014
6;0.25;;(4, 21);;(4, 21);1;14015
6;0.25;;(4, 21);;(4, 21);1;14016
6;0.25;;(4, 21);;(4, 21);1;14017
6;0.25;;(4, 21);;(4, 21);1;14018
6;0.25;;(4, 21);;(4, 21);1;14019
6;0.25;;(4, 21);;(4, 21);1;14020
6;0.25;;(4, 21);;(4, 21);1;14021
6;0.25;;(4, 21);;(4, 21);1;14022
6;0.25;;(4, 21);;(4, 21);1;14023
6;0.25;;(4, 21);;(4, 21);1;14024
6;0.25;;(4, 21);;(4, 21);1;14025
6;0.25;;(4, 21);;(4, 21);1;14026
6;0.25;;(4, 21);;(4, 21);1;14027
6;0.25;;(4, 21);;(4, 21);1;14028
6;0.25;;(4, 21);;(4, 21);1;14029
6;0.25;;(4, 21);;(4, 21);1;14030
6;0.25;;(4, 21);;(4, 21);1;14031
6;0.25;;(4, 21);;(4, 21);1;14032
6;0.25;;(4, 21);;(4, 21);1;14033
6;0.25;;(4, 21);;(4, 21);1;14034
6;0.25;;(4, 21);;(4, 21);1;14035
6;0.25;;(4, 21);;(4, 21);1;14036
6;0.25;;(4, 21);;(4, 21);1;14037
6;0.25;;(4, 21);;(4, 21);1;14038
6;0.25;;(4, 21);;(4, 21);1;14039
6;0.25;;(4, 21);;(4, 21);1;14040
6;0.25;;(4, 21);;(4, 21);1;14041
6;0.25;;(4, 21);;(4, 21);1;14042
6;0.25;;(4, 21);;(4, 21);1;14043
6;0.25;;(4, 21);;(4, 21);1;14044
6;0.25;;(4, 21);;(4, 21);1;14045
6;0.25;;(4, 21);;(4, 21);1;14046
6;0.25;;(4, 21);;(4, 21);1;14047
6;0.25;;(4, 21);;(4, 21);1;14048
6;0.25;;(4, 21);;(4, 21);1;14049
6;0.25;;(4, 21);;(4, 21);1;14050
6;0.25;;(4, 21);;(4, 21);1;14051
6;0.25;;(4, 21);;(4, 21);1;14052
6;0.25;;(4, 21);;(4, 21);1;14053
6;0.25;;(4, 21);;(4, 21);1;14054
6;0.25;;(4, 21);;(4, 21);1;14055
6;0.25;;(4, 21);;(4, 21);1;14056
6;0.25;;(4, 21);;(4, 21);1;14057
6;0.25;;(4, 21);;(4, 21);1;14058
6;0.25;;(4, 21);;(4, 21);1;14059
6;0.25;;(4, 21);;(4, 21);1;14060
6;0.25;;(4, 21);;(4, 21);1;14061
6;0.25;;(4, 21);;(4, 21);1;14062
6;0.25;;(4, 21);;(4, 21);1;14063
6;0.25;;(4, 21);;(4, 21);1;14064
6;0.25;;(4, 21);;(4, 21);1;14065
6;0.25;;(4, 21);;(4, 21);1;14066
6;0.25;;(4, 21);;(4, 21);1;14067
6;0.25;;(4, 21);;(4, 21);1;14068
6;0.25;;(4, 21);;(4, 21);1;14069
6;0.25;;(4, 21);;(4, 21);1;14070
6;0.25;;(4, 21);;(4, 21);1;14071
6;0.25;;(4, 21);;(4, 21);1;14072
6;0.25;;(4, 21);;(4, 21);1;14073
6;0.25;;(4, 21);;(4, 21);1;14074
6;0.25;;(4, 21);;(4, 21);1;14075
6;0.25;;(4, 21);;(4, 21);1;14076
6;0.25;;(4, 21);;(4, 21);1;14077
6;0.25;;(4, 21);;(4, 21);1;14078
6;0.25;;(4, 21);;(4, 21);1;14079
6;0.25;;(4, 21);;(4, 21);1;14080
6;0.25;;(4, 21);;(4, 21);1;14081
6;0.25;;(4, 21);;(4, 21);1;14082
6;0.25;;(4, 21);;(4, 21);1;14083
