score;completeness;rescuebot_action;rescuebot_location;asddadsadsad_action;asddadsadsad_location;world_nr;tick_nr
0;0.0;;(22, 11);;(22, 12);1;0
0;0.0;;(22, 11);;(22, 12);1;1
0;0.0;;(22, 11);;(22, 12);1;2
0;0.0;;(22, 11);;(22, 12);1;3
0;0.0;;(22, 11);;(22, 12);1;4
0;0.0;;(22, 11);;(22, 12);1;5
0;0.0;;(22, 11);;(22, 12);1;6
0;0.0;;(22, 11);;(22, 12);1;7
0;0.0;;(22, 11);;(22, 12);1;8
0;0.0;;(22, 11);;(22, 12);1;9
0;0.0;;(22, 11);;(22, 12);1;10
0;0.0;;(22, 11);;(22, 12);1;11
0;0.0;;(22, 11);;(22, 12);1;12
0;0.0;;(22, 11);;(22, 12);1;13
0;0.0;;(22, 11);;(22, 12);1;14
0;0.0;;(22, 11);;(22, 12);1;15
0;0.0;;(22, 11);;(22, 12);1;16
0;0.0;;(22, 11);;(22, 12);1;17
0;0.0;;(22, 11);;(22, 12);1;18
0;0.0;;(22, 11);;(22, 12);1;19
0;0.0;;(22, 11);;(22, 12);1;20
0;0.0;;(22, 11);;(22, 12);1;21
0;0.0;;(22, 11);;(22, 12);1;22
0;0.0;;(22, 11);;(22, 12);1;23
0;0.0;;(22, 11);;(22, 12);1;24
0;0.0;;(22, 11);;(22, 12);1;25
0;0.0;;(22, 11);;(22, 12);1;26
0;0.0;;(22, 11);;(22, 12);1;27
0;0.0;;(22, 11);;(22, 12);1;28
0;0.0;;(22, 11);;(22, 12);1;29
0;0.0;;(22, 11);;(22, 12);1;30
0;0.0;;(22, 11);;(22, 12);1;31
0;0.0;;(22, 11);;(22, 12);1;32
0;0.0;;(22, 11);;(22, 12);1;33
0;0.0;;(22, 11);;(22, 12);1;34
0;0.0;;(22, 11);;(22, 12);1;35
0;0.0;;(22, 11);;(22, 12);1;36
0;0.0;;(22, 11);;(22, 12);1;37
0;0.0;;(22, 11);;(22, 12);1;38
0;0.0;;(22, 11);;(22, 12);1;39
0;0.0;;(22, 11);;(22, 12);1;40
0;0.0;;(22, 11);;(22, 12);1;41
0;0.0;;(22, 11);;(22, 12);1;42
0;0.0;;(22, 11);;(22, 12);1;43
0;0.0;;(22, 11);;(22, 12);1;44
0;0.0;;(22, 11);;(22, 12);1;45
0;0.0;;(22, 11);;(22, 12);1;46
0;0.0;;(22, 11);;(22, 12);1;47
0;0.0;;(22, 11);;(22, 12);1;48
0;0.0;;(22, 11);;(22, 12);1;49
0;0.0;;(22, 11);;(22, 12);1;50
0;0.0;;(22, 11);;(22, 12);1;51
0;0.0;;(22, 11);;(22, 12);1;52
0;0.0;;(22, 11);;(22, 12);1;53
0;0.0;;(22, 11);;(22, 12);1;54
0;0.0;;(22, 11);;(22, 12);1;55
0;0.0;;(22, 11);;(22, 12);1;56
0;0.0;;(22, 11);;(22, 12);1;57
0;0.0;;(22, 11);;(22, 12);1;58
0;0.0;;(22, 11);;(22, 12);1;59
0;0.0;;(22, 11);;(22, 12);1;60
0;0.0;;(22, 11);;(22, 12);1;61
0;0.0;;(22, 11);;(22, 12);1;62
0;0.0;;(22, 11);;(22, 12);1;63
0;0.0;;(22, 11);;(22, 12);1;64
0;0.0;;(22, 11);;(22, 12);1;65
0;0.0;;(22, 11);;(22, 12);1;66
0;0.0;;(22, 11);;(22, 12);1;67
0;0.0;;(22, 11);;(22, 12);1;68
0;0.0;;(22, 11);;(22, 12);1;69
0;0.0;;(22, 11);;(22, 12);1;70
0;0.0;;(22, 11);;(22, 12);1;71
0;0.0;;(22, 11);;(22, 12);1;72
0;0.0;;(22, 11);;(22, 12);1;73
0;0.0;;(22, 11);;(22, 12);1;74
0;0.0;;(22, 11);;(22, 12);1;75
0;0.0;;(22, 11);;(22, 12);1;76
0;0.0;;(22, 11);;(22, 12);1;77
0;0.0;;(22, 11);;(22, 12);1;78
0;0.0;;(22, 11);;(22, 12);1;79
0;0.0;;(22, 11);MoveWest;(21, 12);1;80
0;0.0;;(22, 11);MoveWest;(20, 12);1;81
0;0.0;MoveNorth;(22, 11);;(20, 12);1;82
0;0.0;MoveNorth;(22, 11);;(20, 12);1;83
0;0.0;MoveNorth;(22, 11);MoveWest;(19, 12);1;84
0;0.0;MoveNorth;(22, 11);;(19, 12);1;85
0;0.0;MoveNorth;(22, 11);MoveWest;(18, 12);1;86
0;0.0;MoveNorth;(22, 11);;(18, 12);1;87
0;0.0;MoveNorth;(22, 11);MoveWest;(18, 12);1;88
0;0.0;MoveNorth;(22, 11);MoveWest;(18, 12);1;89
0;0.0;MoveNorth;(22, 10);MoveWest;(18, 12);1;90
0;0.0;MoveNorth;(22, 10);MoveWest;(18, 12);1;91
0;0.0;MoveNorth;(22, 10);MoveWest;(18, 12);1;92
0;0.0;MoveNorth;(22, 10);MoveWest;(17, 12);1;93
0;0.0;MoveNorth;(22, 10);MoveWest;(16, 12);1;94
0;0.0;MoveNorth;(22, 10);MoveWest;(15, 12);1;95
0;0.0;MoveNorth;(22, 10);MoveWest;(14, 12);1;96
0;0.0;MoveNorth;(22, 10);;(14, 12);1;97
0;0.0;MoveNorth;(22, 10);MoveWest;(13, 12);1;98
0;0.0;MoveNorth;(22, 9);;(13, 12);1;99
0;0.0;MoveNorth;(22, 9);;(13, 12);1;100
0;0.0;MoveNorth;(22, 9);MoveWest;(12, 12);1;101
0;0.0;MoveNorth;(22, 9);;(12, 12);1;102
0;0.0;MoveNorth;(22, 9);MoveWest;(11, 12);1;103
0;0.0;MoveNorth;(22, 9);;(11, 12);1;104
0;0.0;MoveNorth;(22, 9);MoveWest;(11, 12);1;105
0;0.0;MoveNorth;(22, 9);MoveWest;(11, 12);1;106
0;0.0;MoveNorth;(22, 9);MoveWest;(11, 12);1;107
0;0.0;MoveNorth;(22, 8);MoveWest;(11, 12);1;108
0;0.0;MoveNorth;(22, 8);MoveWest;(11, 12);1;109
0;0.0;MoveNorth;(22, 8);MoveWest;(10, 12);1;110
0;0.0;MoveNorth;(22, 8);MoveSouth;(10, 12);1;111
0;0.0;MoveNorth;(22, 8);MoveSouth;(10, 12);1;112
0;0.0;MoveNorth;(22, 8);MoveSouth;(10, 12);1;113
0;0.0;MoveNorth;(22, 8);MoveSouth;(10, 12);1;114
0;0.0;MoveNorth;(22, 8);MoveSouth;(10, 12);1;115
0;0.0;MoveNorth;(22, 8);MoveSouth;(10, 12);1;116
0;0.0;MoveNorth;(22, 7);MoveWest;(10, 12);1;117
0;0.0;MoveNorthWest;(22, 7);MoveWest;(10, 12);1;118
0;0.0;MoveNorthWest;(22, 7);MoveWest;(10, 12);1;119
0;0.0;MoveNorthWest;(22, 7);MoveWest;(10, 12);1;120
0;0.0;MoveNorthWest;(22, 7);MoveWest;(10, 12);1;121
0;0.0;MoveNorthWest;(22, 7);MoveWest;(9, 12);1;122
0;0.0;MoveNorthWest;(22, 7);;(9, 12);1;123
0;0.0;MoveNorthWest;(22, 7);;(9, 12);1;124
0;0.0;MoveNorthWest;(22, 7);;(9, 12);1;125
0;0.0;MoveNorthWest;(21, 6);;(9, 12);1;126
0;0.0;MoveNorth;(21, 6);;(9, 12);1;127
0;0.0;MoveNorth;(21, 6);;(9, 12);1;128
0;0.0;MoveNorth;(21, 6);;(9, 12);1;129
0;0.0;MoveNorth;(21, 6);;(9, 12);1;130
0;0.0;MoveNorth;(21, 6);;(9, 12);1;131
0;0.0;MoveNorth;(21, 6);MoveWest;(9, 12);1;132
0;0.0;MoveNorth;(21, 6);MoveWest;(9, 12);1;133
0;0.0;MoveNorth;(21, 6);MoveWest;(9, 12);1;134
0;0.0;MoveNorth;(21, 5);MoveWest;(9, 12);1;135
0;0.0;MoveNorth;(21, 5);MoveWest;(9, 12);1;136
0;0.0;MoveNorth;(21, 5);MoveWest;(8, 12);1;137
0;0.0;MoveNorth;(21, 5);MoveWest;(8, 12);1;138
0;0.0;MoveNorth;(21, 5);MoveWest;(8, 12);1;139
0;0.0;MoveNorth;(21, 5);MoveWest;(8, 12);1;140
0;0.0;MoveNorth;(21, 5);MoveWest;(8, 12);1;141
0;0.0;MoveNorth;(21, 5);MoveWest;(8, 12);1;142
0;0.0;MoveNorth;(21, 5);MoveWest;(7, 12);1;143
0;0.0;MoveNorth;(21, 4);;(7, 12);1;144
0;0.0;MoveNorthWest;(21, 4);;(7, 12);1;145
0;0.0;MoveNorthWest;(21, 4);;(7, 12);1;146
0;0.0;MoveNorthWest;(21, 4);;(7, 12);1;147
0;0.0;MoveNorthWest;(21, 4);;(7, 12);1;148
0;0.0;MoveNorthWest;(21, 4);;(7, 12);1;149
0;0.0;MoveNorthWest;(21, 4);;(7, 12);1;150
0;0.0;MoveNorthWest;(21, 4);;(7, 12);1;151
0;0.0;MoveNorthWest;(21, 4);;(7, 12);1;152
0;0.0;MoveNorthWest;(20, 3);;(7, 12);1;153
0;0.0;MoveNorth;(20, 3);;(7, 12);1;154
0;0.0;MoveNorth;(20, 3);MoveWest;(7, 12);1;155
0;0.0;MoveNorth;(20, 3);MoveWest;(7, 12);1;156
0;0.0;MoveNorth;(20, 3);MoveWest;(7, 12);1;157
0;0.0;MoveNorth;(20, 3);MoveWest;(7, 12);1;158
0;0.0;MoveNorth;(20, 3);MoveWest;(7, 12);1;159
0;0.0;MoveNorth;(20, 3);MoveWest;(6, 12);1;160
0;0.0;MoveNorth;(20, 3);MoveSouth;(6, 12);1;161
0;0.0;MoveNorth;(20, 2);MoveSouth;(6, 12);1;162
0;0.0;MoveSouthEast;(20, 2);MoveSouth;(6, 12);1;163
0;0.0;MoveSouthEast;(20, 2);MoveSouth;(6, 12);1;164
0;0.0;MoveSouthEast;(20, 2);MoveSouth;(6, 12);1;165
0;0.0;MoveSouthEast;(20, 2);MoveSouth;(6, 13);1;166
0;0.0;MoveSouthEast;(20, 2);MoveSouth;(6, 13);1;167
0;0.0;MoveSouthEast;(20, 2);MoveSouth;(6, 13);1;168
0;0.0;MoveSouthEast;(20, 2);MoveSouth;(6, 13);1;169
0;0.0;MoveSouthEast;(20, 2);MoveSouth;(6, 13);1;170
0;0.0;MoveSouthEast;(21, 3);MoveSouth;(6, 13);1;171
0;0.0;MoveNorthEast;(21, 3);MoveSouth;(6, 14);1;172
0;0.0;MoveNorthEast;(21, 3);;(6, 14);1;173
0;0.0;MoveNorthEast;(21, 3);;(6, 14);1;174
0;0.0;MoveNorthEast;(21, 3);;(6, 14);1;175
0;0.0;MoveNorthEast;(21, 3);;(6, 14);1;176
0;0.0;MoveNorthEast;(21, 3);;(6, 14);1;177
0;0.0;MoveNorthEast;(21, 3);;(6, 14);1;178
0;0.0;MoveNorthEast;(21, 3);;(6, 14);1;179
0;0.0;MoveNorthEast;(22, 2);;(6, 14);1;180
0;0.0;Idle;(22, 2);;(6, 14);1;181
0;0.0;Idle;(22, 2);;(6, 14);1;182
0;0.0;Idle;(22, 2);;(6, 14);1;183
0;0.0;Idle;(22, 2);;(6, 14);1;184
0;0.0;Idle;(22, 2);;(6, 14);1;185
0;0.0;Idle;(22, 2);MoveSouth;(6, 14);1;186
0;0.0;Idle;(22, 2);MoveSouth;(6, 14);1;187
0;0.0;Idle;(22, 2);MoveSouth;(6, 14);1;188
0;0.0;Idle;(22, 2);MoveSouth;(6, 14);1;189
0;0.0;Idle;(22, 2);MoveSouth;(6, 14);1;190
0;0.0;Idle;(22, 2);MoveSouth;(6, 15);1;191
0;0.0;Idle;(22, 2);MoveSouth;(6, 15);1;192
0;0.0;Idle;(22, 2);MoveSouth;(6, 15);1;193
0;0.0;Idle;(22, 2);MoveSouth;(6, 15);1;194
0;0.0;Idle;(22, 2);MoveSouth;(6, 15);1;195
0;0.0;Idle;(22, 2);MoveSouth;(6, 15);1;196
0;0.0;Idle;(22, 2);MoveSouth;(6, 16);1;197
0;0.0;Idle;(22, 2);;(6, 16);1;198
0;0.0;Idle;(22, 2);;(6, 16);1;199
0;0.0;Idle;(22, 2);;(6, 16);1;200
0;0.0;Idle;(22, 2);;(6, 16);1;201
0;0.0;Idle;(22, 2);;(6, 16);1;202
0;0.0;Idle;(22, 2);;(6, 16);1;203
0;0.0;Idle;(22, 2);;(6, 16);1;204
0;0.0;Idle;(22, 2);;(6, 16);1;205
0;0.0;Idle;(22, 2);MoveWest;(6, 16);1;206
0;0.0;MoveSouthWest;(22, 2);MoveWest;(6, 16);1;207
0;0.0;MoveSouthWest;(22, 2);MoveWest;(6, 16);1;208
0;0.0;MoveSouthWest;(22, 2);MoveWest;(6, 16);1;209
0;0.0;MoveSouthWest;(22, 2);MoveWest;(6, 16);1;210
0;0.0;MoveSouthWest;(22, 2);MoveWest;(6, 16);1;211
0;0.0;MoveSouthWest;(22, 2);;(6, 16);1;212
0;0.0;MoveSouthWest;(22, 2);MoveSouth;(6, 16);1;213
0;0.0;MoveSouthWest;(22, 2);MoveSouth;(6, 16);1;214
0;0.0;MoveSouthWest;(21, 3);MoveSouth;(6, 16);1;215
0;0.0;MoveSouth;(21, 3);MoveSouth;(6, 16);1;216
0;0.0;MoveSouth;(21, 3);MoveSouth;(6, 16);1;217
0;0.0;MoveSouth;(21, 3);MoveSouth;(6, 17);1;218
0;0.0;MoveSouth;(21, 3);MoveWest;(6, 17);1;219
0;0.0;MoveSouth;(21, 3);MoveWest;(6, 17);1;220
0;0.0;MoveSouth;(21, 3);MoveWest;(6, 17);1;221
0;0.0;MoveSouth;(21, 3);MoveWest;(6, 17);1;222
0;0.0;MoveSouth;(21, 3);MoveWest;(6, 17);1;223
0;0.0;MoveSouth;(21, 4);MoveWest;(5, 17);1;224
0;0.0;MoveSouthWest;(21, 4);MoveWest;(5, 17);1;225
0;0.0;MoveSouthWest;(21, 4);MoveWest;(5, 17);1;226
0;0.0;MoveSouthWest;(21, 4);MoveWest;(5, 17);1;227
0;0.0;MoveSouthWest;(21, 4);MoveWest;(5, 17);1;228
0;0.0;MoveSouthWest;(21, 4);MoveWest;(5, 17);1;229
0;0.0;MoveSouthWest;(21, 4);MoveWest;(4, 17);1;230
0;0.0;MoveSouthWest;(21, 4);;(4, 17);1;231
0;0.0;MoveSouthWest;(21, 4);;(4, 17);1;232
0;0.0;MoveSouthWest;(20, 5);;(4, 17);1;233
0;0.0;MoveWest;(20, 5);;(4, 17);1;234
0;0.0;MoveWest;(20, 5);MoveWest;(4, 17);1;235
0;0.0;MoveWest;(20, 5);MoveWest;(4, 17);1;236
0;0.0;MoveWest;(20, 5);MoveWest;(4, 17);1;237
0;0.0;MoveWest;(20, 5);MoveWest;(4, 17);1;238
0;0.0;MoveWest;(20, 5);MoveWest;(4, 17);1;239
0;0.0;MoveWest;(20, 5);MoveWest;(3, 17);1;240
0;0.0;MoveWest;(20, 5);MoveWest;(2, 17);1;241
0;0.0;MoveWest;(20, 5);;(2, 17);1;242
0;0.0;MoveWest;(20, 5);MoveNorth;(2, 17);1;243
0;0.0;MoveWest;(20, 5);MoveNorth;(2, 17);1;244
0;0.0;MoveWest;(20, 5);MoveNorth;(2, 17);1;245
0;0.0;MoveWest;(20, 5);MoveNorth;(2, 17);1;246
0;0.0;MoveWest;(19, 5);MoveNorth;(2, 17);1;247
0;0.0;MoveWest;(19, 5);MoveNorth;(2, 17);1;248
0;0.0;MoveWest;(19, 5);;(2, 17);1;249
0;0.0;MoveWest;(19, 5);;(2, 17);1;250
0;0.0;MoveWest;(19, 5);MoveEast;(2, 17);1;251
0;0.0;MoveWest;(19, 5);MoveEast;(2, 17);1;252
0;0.0;MoveWest;(19, 5);MoveEast;(2, 17);1;253
0;0.0;MoveWest;(19, 5);MoveEast;(2, 17);1;254
0;0.0;MoveWest;(19, 5);MoveEast;(2, 17);1;255
0;0.0;MoveWest;(19, 5);MoveEast;(3, 17);1;256
0;0.0;MoveWest;(19, 5);;(3, 17);1;257
0;0.0;MoveWest;(19, 5);;(3, 17);1;258
0;0.0;MoveWest;(19, 5);;(3, 17);1;259
0;0.0;MoveWest;(19, 5);;(3, 17);1;260
0;0.0;MoveWest;(18, 5);;(3, 17);1;261
0;0.0;MoveWest;(18, 5);;(3, 17);1;262
0;0.0;MoveWest;(18, 5);;(3, 17);1;263
0;0.0;MoveWest;(18, 5);;(3, 17);1;264
0;0.0;MoveWest;(18, 5);;(3, 17);1;265
0;0.0;MoveWest;(18, 5);RemoveObject;(3, 17);1;266
0;0.0;MoveWest;(18, 5);;(3, 17);1;267
0;0.0;MoveWest;(18, 5);;(3, 17);1;268
0;0.0;MoveWest;(18, 5);;(3, 17);1;269
0;0.0;MoveWest;(17, 5);;(3, 17);1;270
0;0.0;MoveWest;(17, 5);;(3, 17);1;271
0;0.0;MoveWest;(17, 5);;(3, 17);1;272
0;0.0;MoveWest;(17, 5);;(3, 17);1;273
0;0.0;MoveWest;(17, 5);;(3, 17);1;274
0;0.0;MoveWest;(17, 5);;(3, 17);1;275
0;0.0;MoveWest;(17, 5);;(3, 17);1;276
0;0.0;MoveWest;(17, 5);;(3, 17);1;277
0;0.0;MoveWest;(17, 5);;(3, 17);1;278
0;0.0;MoveWest;(16, 5);;(3, 17);1;279
0;0.0;MoveWest;(16, 5);;(3, 17);1;280
0;0.0;MoveWest;(16, 5);;(3, 17);1;281
0;0.0;MoveWest;(16, 5);;(3, 17);1;282
0;0.0;MoveWest;(16, 5);;(3, 17);1;283
0;0.0;MoveWest;(16, 5);;(3, 17);1;284
0;0.0;MoveWest;(16, 5);;(3, 17);1;285
0;0.0;MoveWest;(16, 5);;(3, 17);1;286
0;0.0;MoveWest;(16, 5);;(3, 17);1;287
0;0.0;MoveWest;(15, 5);;(3, 17);1;288
0;0.0;;(15, 5);;(3, 17);1;289
0;0.0;;(15, 5);;(3, 17);1;290
0;0.0;;(15, 5);;(3, 17);1;291
0;0.0;;(15, 5);;(3, 17);1;292
0;0.0;;(15, 5);;(3, 17);1;293
0;0.0;;(15, 5);;(3, 17);1;294
0;0.0;;(15, 5);;(3, 17);1;295
0;0.0;;(15, 5);;(3, 17);1;296
0;0.0;;(15, 5);;(3, 17);1;297
0;0.0;;(15, 5);;(3, 17);1;298
0;0.0;;(15, 5);;(3, 17);1;299
0;0.0;;(15, 5);;(3, 17);1;300
0;0.0;;(15, 5);;(3, 17);1;301
0;0.0;;(15, 5);;(3, 17);1;302
0;0.0;;(15, 5);;(3, 17);1;303
0;0.0;;(15, 5);;(3, 17);1;304
0;0.0;;(15, 5);;(3, 17);1;305
0;0.0;;(15, 5);;(3, 17);1;306
0;0.0;;(15, 5);;(3, 17);1;307
0;0.0;;(15, 5);;(3, 17);1;308
0;0.0;;(15, 5);MoveNorth;(3, 17);1;309
0;0.0;;(15, 5);;(3, 17);1;310
0;0.0;;(15, 5);;(3, 17);1;311
0;0.0;;(15, 5);RemoveObject;(3, 17);1;312
0;0.0;;(15, 5);;(3, 17);1;313
0;0.0;;(15, 5);;(3, 17);1;314
0;0.0;;(15, 5);;(3, 17);1;315
0;0.0;;(15, 5);;(3, 17);1;316
0;0.0;;(15, 5);;(3, 17);1;317
0;0.0;;(15, 5);;(3, 17);1;318
0;0.0;;(15, 5);;(3, 17);1;319
0;0.0;;(15, 5);;(3, 17);1;320
0;0.0;;(15, 5);;(3, 17);1;321
0;0.0;;(15, 5);;(3, 17);1;322
0;0.0;;(15, 5);;(3, 17);1;323
0;0.0;;(15, 5);;(3, 17);1;324
0;0.0;;(15, 5);;(3, 17);1;325
0;0.0;;(15, 5);;(3, 17);1;326
0;0.0;;(15, 5);;(3, 17);1;327
0;0.0;;(15, 5);;(3, 17);1;328
0;0.0;;(15, 5);;(3, 17);1;329
0;0.0;;(15, 5);;(3, 17);1;330
0;0.0;;(15, 5);;(3, 17);1;331
0;0.0;;(15, 5);;(3, 17);1;332
0;0.0;;(15, 5);;(3, 17);1;333
0;0.0;;(15, 5);;(3, 17);1;334
0;0.0;;(15, 5);;(3, 17);1;335
0;0.0;;(15, 5);;(3, 17);1;336
0;0.0;;(15, 5);;(3, 17);1;337
0;0.0;;(15, 5);;(3, 17);1;338
0;0.0;;(15, 5);;(3, 17);1;339
0;0.0;;(15, 5);;(3, 17);1;340
0;0.0;;(15, 5);;(3, 17);1;341
0;0.0;;(15, 5);;(3, 17);1;342
0;0.0;;(15, 5);;(3, 17);1;343
0;0.0;;(15, 5);;(3, 17);1;344
0;0.0;;(15, 5);;(3, 17);1;345
0;0.0;;(15, 5);;(3, 17);1;346
0;0.0;;(15, 5);;(3, 17);1;347
0;0.0;;(15, 5);;(3, 17);1;348
0;0.0;;(15, 5);;(3, 17);1;349
0;0.0;;(15, 5);;(3, 17);1;350
0;0.0;;(15, 5);;(3, 17);1;351
0;0.0;;(15, 5);;(3, 17);1;352
0;0.0;;(15, 5);;(3, 17);1;353
0;0.0;;(15, 5);;(3, 17);1;354
0;0.0;;(15, 5);;(3, 17);1;355
0;0.0;;(15, 5);;(3, 17);1;356
0;0.0;;(15, 5);;(3, 17);1;357
0;0.0;;(15, 5);;(3, 17);1;358
0;0.0;;(15, 5);;(3, 17);1;359
0;0.0;;(15, 5);;(3, 17);1;360
0;0.0;;(15, 5);;(3, 17);1;361
0;0.0;;(15, 5);;(3, 17);1;362
0;0.0;;(15, 5);;(3, 17);1;363
0;0.0;;(15, 5);;(3, 17);1;364
0;0.0;;(15, 5);;(3, 17);1;365
0;0.0;;(15, 5);;(3, 17);1;366
0;0.0;;(15, 5);;(3, 17);1;367
0;0.0;;(15, 5);;(3, 17);1;368
0;0.0;;(15, 5);;(3, 17);1;369
0;0.0;;(15, 5);;(3, 17);1;370
0;0.0;;(15, 5);;(3, 17);1;371
0;0.0;;(15, 5);;(3, 17);1;372
0;0.0;;(15, 5);;(3, 17);1;373
0;0.0;;(15, 5);;(3, 17);1;374
0;0.0;;(15, 5);;(3, 17);1;375
0;0.0;;(15, 5);;(3, 17);1;376
0;0.0;;(15, 5);;(3, 17);1;377
0;0.0;;(15, 5);;(3, 17);1;378
0;0.0;;(15, 5);;(3, 17);1;379
0;0.0;;(15, 5);;(3, 17);1;380
0;0.0;;(15, 5);;(3, 17);1;381
0;0.0;;(15, 5);;(3, 17);1;382
0;0.0;;(15, 5);;(3, 17);1;383
0;0.0;;(15, 5);RemoveObject;(3, 17);1;384
0;0.0;;(15, 5);;(3, 17);1;385
0;0.0;;(15, 5);;(3, 17);1;386
0;0.0;;(15, 5);;(3, 17);1;387
0;0.0;;(15, 5);;(3, 17);1;388
0;0.0;;(15, 5);;(3, 17);1;389
0;0.0;;(15, 5);;(3, 17);1;390
0;0.0;;(15, 5);;(3, 17);1;391
0;0.0;;(15, 5);;(3, 17);1;392
0;0.0;;(15, 5);;(3, 17);1;393
0;0.0;;(15, 5);;(3, 17);1;394
0;0.0;;(15, 5);;(3, 17);1;395
0;0.0;;(15, 5);;(3, 17);1;396
0;0.0;;(15, 5);;(3, 17);1;397
0;0.0;;(15, 5);;(3, 17);1;398
0;0.0;;(15, 5);;(3, 17);1;399
0;0.0;;(15, 5);MoveEast;(4, 17);1;400
0;0.0;;(15, 5);;(4, 17);1;401
0;0.0;;(15, 5);MoveEast;(4, 17);1;402
0;0.0;;(15, 5);MoveEast;(4, 17);1;403
0;0.0;;(15, 5);MoveEast;(4, 17);1;404
0;0.0;;(15, 5);MoveEast;(4, 17);1;405
0;0.0;;(15, 5);MoveEast;(4, 17);1;406
0;0.0;;(15, 5);MoveEast;(5, 17);1;407
0;0.0;;(15, 5);MoveEast;(5, 17);1;408
0;0.0;;(15, 5);MoveEast;(5, 17);1;409
0;0.0;;(15, 5);MoveEast;(5, 17);1;410
0;0.0;;(15, 5);MoveEast;(5, 17);1;411
0;0.0;;(15, 5);MoveEast;(5, 17);1;412
0;0.0;;(15, 5);MoveEast;(6, 17);1;413
0;0.0;;(15, 5);MoveEast;(6, 17);1;414
0;0.0;;(15, 5);MoveEast;(6, 17);1;415
0;0.0;;(15, 5);MoveEast;(6, 17);1;416
0;0.0;;(15, 5);MoveEast;(6, 17);1;417
0;0.0;;(15, 5);MoveEast;(6, 17);1;418
0;0.0;;(15, 5);MoveEast;(7, 17);1;419
0;0.0;;(15, 5);;(7, 17);1;420
0;0.0;;(15, 5);;(7, 17);1;421
0;0.0;;(15, 5);MoveEast;(7, 17);1;422
0;0.0;;(15, 5);MoveEast;(7, 17);1;423
0;0.0;;(15, 5);MoveEast;(7, 17);1;424
0;0.0;;(15, 5);MoveEast;(7, 17);1;425
0;0.0;;(15, 5);MoveEast;(7, 17);1;426
0;0.0;;(15, 5);MoveEast;(8, 17);1;427
0;0.0;;(15, 5);MoveEast;(8, 17);1;428
0;0.0;;(15, 5);MoveEast;(8, 17);1;429
0;0.0;;(15, 5);MoveEast;(8, 17);1;430
0;0.0;;(15, 5);MoveEast;(8, 17);1;431
0;0.0;;(15, 5);MoveEast;(8, 17);1;432
0;0.0;;(15, 5);MoveEast;(9, 17);1;433
0;0.0;;(15, 5);MoveEast;(10, 17);1;434
0;0.0;;(15, 5);;(10, 17);1;435
0;0.0;;(15, 5);;(10, 17);1;436
0;0.0;;(15, 5);;(10, 17);1;437
0;0.0;;(15, 5);;(10, 17);1;438
0;0.0;;(15, 5);;(10, 17);1;439
0;0.0;;(15, 5);;(10, 17);1;440
0;0.0;;(15, 5);;(10, 17);1;441
0;0.0;;(15, 5);MoveSouth;(10, 18);1;442
0;0.0;;(15, 5);MoveSouth;(10, 18);1;443
0;0.0;;(15, 5);MoveSouth;(10, 18);1;444
0;0.0;;(15, 5);MoveSouth;(10, 18);1;445
0;0.0;;(15, 5);MoveSouth;(10, 18);1;446
0;0.0;;(15, 5);MoveSouth;(10, 18);1;447
0;0.0;;(15, 5);MoveSouth;(10, 18);1;448
0;0.0;;(15, 5);MoveWest;(10, 18);1;449
0;0.0;;(15, 5);MoveWest;(10, 18);1;450
0;0.0;;(15, 5);MoveWest;(10, 18);1;451
0;0.0;;(15, 5);MoveWest;(10, 18);1;452
0;0.0;;(15, 5);MoveWest;(10, 18);1;453
0;0.0;;(15, 5);MoveWest;(9, 18);1;454
0;0.0;;(15, 5);;(9, 18);1;455
0;0.0;;(15, 5);;(9, 18);1;456
0;0.0;;(15, 5);;(9, 18);1;457
0;0.0;;(15, 5);;(9, 18);1;458
0;0.0;;(15, 5);MoveSouth;(9, 18);1;459
0;0.0;;(15, 5);;(9, 18);1;460
0;0.0;;(15, 5);;(9, 18);1;461
0;0.0;;(15, 5);RemoveObject;(9, 18);1;462
0;0.0;;(15, 5);RemoveObject;(9, 18);1;463
0;0.0;;(15, 5);RemoveObject;(9, 18);1;464
0;0.0;;(15, 5);RemoveObject;(9, 18);1;465
0;0.0;;(15, 5);RemoveObject;(9, 18);1;466
0;0.0;;(15, 5);RemoveObject;(9, 18);1;467
0;0.0;;(15, 5);RemoveObject;(9, 18);1;468
0;0.0;;(15, 5);RemoveObject;(9, 18);1;469
0;0.0;;(15, 5);RemoveObject;(9, 18);1;470
0;0.0;;(15, 5);RemoveObject;(9, 18);1;471
0;0.0;;(15, 5);RemoveObject;(9, 18);1;472
0;0.0;;(15, 5);RemoveObject;(9, 18);1;473
0;0.0;;(15, 5);RemoveObject;(9, 18);1;474
0;0.0;;(15, 5);RemoveObject;(9, 18);1;475
0;0.0;;(15, 5);RemoveObject;(9, 18);1;476
0;0.0;;(15, 5);RemoveObject;(9, 18);1;477
0;0.0;;(15, 5);RemoveObject;(9, 18);1;478
0;0.0;;(15, 5);RemoveObject;(9, 18);1;479
0;0.0;;(15, 5);RemoveObject;(9, 18);1;480
0;0.0;;(15, 5);RemoveObject;(9, 18);1;481
0;0.0;;(15, 5);RemoveObject;(9, 18);1;482
0;0.0;;(15, 5);RemoveObject;(9, 18);1;483
0;0.0;;(15, 5);RemoveObject;(9, 18);1;484
0;0.0;;(15, 5);RemoveObject;(9, 18);1;485
0;0.0;;(15, 5);RemoveObject;(9, 18);1;486
0;0.0;;(15, 5);RemoveObject;(9, 18);1;487
0;0.0;;(15, 5);RemoveObject;(9, 18);1;488
0;0.0;;(15, 5);RemoveObject;(9, 18);1;489
0;0.0;;(15, 5);RemoveObject;(9, 18);1;490
0;0.0;;(15, 5);RemoveObject;(9, 18);1;491
0;0.0;;(15, 5);RemoveObject;(9, 18);1;492
0;0.0;;(15, 5);RemoveObject;(9, 18);1;493
0;0.0;;(15, 5);RemoveObject;(9, 18);1;494
0;0.0;;(15, 5);RemoveObject;(9, 18);1;495
0;0.0;;(15, 5);RemoveObject;(9, 18);1;496
0;0.0;;(15, 5);RemoveObject;(9, 18);1;497
0;0.0;;(15, 5);RemoveObject;(9, 18);1;498
0;0.0;;(15, 5);RemoveObject;(9, 18);1;499
0;0.0;;(15, 5);RemoveObject;(9, 18);1;500
0;0.0;;(15, 5);RemoveObject;(9, 18);1;501
0;0.0;;(15, 5);RemoveObject;(9, 18);1;502
0;0.0;;(15, 5);RemoveObject;(9, 18);1;503
0;0.0;;(15, 5);RemoveObject;(9, 18);1;504
0;0.0;;(15, 5);RemoveObject;(9, 18);1;505
0;0.0;;(15, 5);RemoveObject;(9, 18);1;506
0;0.0;;(15, 5);RemoveObject;(9, 18);1;507
0;0.0;;(15, 5);RemoveObject;(9, 18);1;508
0;0.0;;(15, 5);RemoveObject;(9, 18);1;509
0;0.0;;(15, 5);RemoveObject;(9, 18);1;510
0;0.0;;(15, 5);RemoveObject;(9, 18);1;511
0;0.0;;(15, 5);RemoveObject;(9, 18);1;512
0;0.0;;(15, 5);RemoveObject;(9, 18);1;513
0;0.0;;(15, 5);RemoveObject;(9, 18);1;514
0;0.0;;(15, 5);RemoveObject;(9, 18);1;515
0;0.0;;(15, 5);RemoveObject;(9, 18);1;516
0;0.0;;(15, 5);RemoveObject;(9, 18);1;517
0;0.0;;(15, 5);RemoveObject;(9, 18);1;518
0;0.0;;(15, 5);RemoveObject;(9, 18);1;519
0;0.0;;(15, 5);RemoveObject;(9, 18);1;520
0;0.0;;(15, 5);RemoveObject;(9, 18);1;521
0;0.0;;(15, 5);RemoveObject;(9, 18);1;522
0;0.0;;(15, 5);RemoveObject;(9, 18);1;523
0;0.0;;(15, 5);RemoveObject;(9, 18);1;524
0;0.0;;(15, 5);RemoveObject;(9, 18);1;525
0;0.0;;(15, 5);RemoveObject;(9, 18);1;526
0;0.0;;(15, 5);RemoveObject;(9, 18);1;527
0;0.0;;(15, 5);RemoveObject;(9, 18);1;528
0;0.0;;(15, 5);RemoveObject;(9, 18);1;529
0;0.0;;(15, 5);RemoveObject;(9, 18);1;530
0;0.0;;(15, 5);RemoveObject;(9, 18);1;531
0;0.0;;(15, 5);RemoveObject;(9, 18);1;532
0;0.0;;(15, 5);RemoveObject;(9, 18);1;533
0;0.0;;(15, 5);RemoveObject;(9, 18);1;534
0;0.0;;(15, 5);RemoveObject;(9, 18);1;535
0;0.0;;(15, 5);RemoveObject;(9, 18);1;536
0;0.0;;(15, 5);RemoveObject;(9, 18);1;537
0;0.0;;(15, 5);RemoveObject;(9, 18);1;538
0;0.0;;(15, 5);RemoveObject;(9, 18);1;539
0;0.0;;(15, 5);RemoveObject;(9, 18);1;540
0;0.0;;(15, 5);RemoveObject;(9, 18);1;541
0;0.0;;(15, 5);RemoveObject;(9, 18);1;542
0;0.0;;(15, 5);RemoveObject;(9, 18);1;543
0;0.0;;(15, 5);RemoveObject;(9, 18);1;544
0;0.0;;(15, 5);RemoveObject;(9, 18);1;545
0;0.0;;(15, 5);RemoveObject;(9, 18);1;546
0;0.0;;(15, 5);RemoveObject;(9, 18);1;547
0;0.0;;(15, 5);RemoveObject;(9, 18);1;548
0;0.0;;(15, 5);RemoveObject;(9, 18);1;549
0;0.0;;(15, 5);RemoveObject;(9, 18);1;550
0;0.0;;(15, 5);RemoveObject;(9, 18);1;551
0;0.0;;(15, 5);RemoveObject;(9, 18);1;552
0;0.0;;(15, 5);RemoveObject;(9, 18);1;553
0;0.0;;(15, 5);RemoveObject;(9, 18);1;554
0;0.0;;(15, 5);RemoveObject;(9, 18);1;555
0;0.0;;(15, 5);RemoveObject;(9, 18);1;556
0;0.0;;(15, 5);RemoveObject;(9, 18);1;557
0;0.0;;(15, 5);RemoveObject;(9, 18);1;558
0;0.0;;(15, 5);RemoveObject;(9, 18);1;559
0;0.0;;(15, 5);RemoveObject;(9, 18);1;560
0;0.0;;(15, 5);RemoveObject;(9, 18);1;561
0;0.0;;(15, 5);RemoveObject;(9, 18);1;562
0;0.0;;(15, 5);RemoveObject;(9, 18);1;563
0;0.0;;(15, 5);RemoveObject;(9, 18);1;564
0;0.0;;(15, 5);RemoveObject;(9, 18);1;565
0;0.0;;(15, 5);RemoveObject;(9, 18);1;566
0;0.0;;(15, 5);RemoveObject;(9, 18);1;567
0;0.0;;(15, 5);RemoveObject;(9, 18);1;568
0;0.0;;(15, 5);RemoveObject;(9, 18);1;569
0;0.0;;(15, 5);RemoveObject;(9, 18);1;570
0;0.0;;(15, 5);RemoveObject;(9, 18);1;571
0;0.0;;(15, 5);RemoveObject;(9, 18);1;572
0;0.0;;(15, 5);RemoveObject;(9, 18);1;573
0;0.0;;(15, 5);RemoveObject;(9, 18);1;574
0;0.0;;(15, 5);RemoveObject;(9, 18);1;575
0;0.0;;(15, 5);RemoveObject;(9, 18);1;576
0;0.0;;(15, 5);RemoveObject;(9, 18);1;577
0;0.0;;(15, 5);RemoveObject;(9, 18);1;578
0;0.0;;(15, 5);RemoveObject;(9, 18);1;579
0;0.0;;(15, 5);RemoveObject;(9, 18);1;580
0;0.0;;(15, 5);RemoveObject;(9, 18);1;581
0;0.0;;(15, 5);RemoveObject;(9, 18);1;582
0;0.0;;(15, 5);RemoveObject;(9, 18);1;583
0;0.0;;(15, 5);RemoveObject;(9, 18);1;584
0;0.0;;(15, 5);RemoveObject;(9, 18);1;585
0;0.0;;(15, 5);RemoveObject;(9, 18);1;586
0;0.0;;(15, 5);RemoveObject;(9, 18);1;587
0;0.0;;(15, 5);RemoveObject;(9, 18);1;588
0;0.0;;(15, 5);RemoveObject;(9, 18);1;589
0;0.0;;(15, 5);RemoveObject;(9, 18);1;590
0;0.0;;(15, 5);RemoveObject;(9, 18);1;591
0;0.0;;(15, 5);RemoveObject;(9, 18);1;592
0;0.0;;(15, 5);RemoveObject;(9, 18);1;593
0;0.0;;(15, 5);RemoveObject;(9, 18);1;594
0;0.0;;(15, 5);RemoveObject;(9, 18);1;595
0;0.0;;(15, 5);RemoveObject;(9, 18);1;596
0;0.0;;(15, 5);RemoveObject;(9, 18);1;597
0;0.0;;(15, 5);RemoveObject;(9, 18);1;598
0;0.0;;(15, 5);RemoveObject;(9, 18);1;599
0;0.0;;(15, 5);RemoveObject;(9, 18);1;600
0;0.0;;(15, 5);RemoveObject;(9, 18);1;601
0;0.0;;(15, 5);RemoveObject;(9, 18);1;602
0;0.0;;(15, 5);RemoveObject;(9, 18);1;603
0;0.0;;(15, 5);RemoveObject;(9, 18);1;604
0;0.0;;(15, 5);RemoveObject;(9, 18);1;605
0;0.0;;(15, 5);RemoveObject;(9, 18);1;606
0;0.0;;(15, 5);RemoveObject;(9, 18);1;607
0;0.0;;(15, 5);RemoveObject;(9, 18);1;608
0;0.0;;(15, 5);RemoveObject;(9, 18);1;609
0;0.0;;(15, 5);RemoveObject;(9, 18);1;610
0;0.0;;(15, 5);RemoveObject;(9, 18);1;611
0;0.0;;(15, 5);RemoveObject;(9, 18);1;612
0;0.0;;(15, 5);RemoveObject;(9, 18);1;613
0;0.0;;(15, 5);RemoveObject;(9, 18);1;614
0;0.0;;(15, 5);RemoveObject;(9, 18);1;615
0;0.0;;(15, 5);RemoveObject;(9, 18);1;616
0;0.0;;(15, 5);RemoveObject;(9, 18);1;617
0;0.0;;(15, 5);RemoveObject;(9, 18);1;618
0;0.0;;(15, 5);RemoveObject;(9, 18);1;619
0;0.0;;(15, 5);RemoveObject;(9, 18);1;620
0;0.0;;(15, 5);RemoveObject;(9, 18);1;621
0;0.0;;(15, 5);RemoveObject;(9, 18);1;622
0;0.0;;(15, 5);RemoveObject;(9, 18);1;623
0;0.0;;(15, 5);RemoveObject;(9, 18);1;624
0;0.0;;(15, 5);RemoveObject;(9, 18);1;625
0;0.0;;(15, 5);RemoveObject;(9, 18);1;626
0;0.0;;(15, 5);RemoveObject;(9, 18);1;627
0;0.0;;(15, 5);RemoveObject;(9, 18);1;628
0;0.0;;(15, 5);RemoveObject;(9, 18);1;629
0;0.0;;(15, 5);RemoveObject;(9, 18);1;630
0;0.0;;(15, 5);RemoveObject;(9, 18);1;631
0;0.0;;(15, 5);RemoveObject;(9, 18);1;632
0;0.0;;(15, 5);RemoveObject;(9, 18);1;633
0;0.0;;(15, 5);RemoveObject;(9, 18);1;634
0;0.0;;(15, 5);RemoveObject;(9, 18);1;635
0;0.0;;(15, 5);RemoveObject;(9, 18);1;636
0;0.0;;(15, 5);RemoveObject;(9, 18);1;637
0;0.0;;(15, 5);RemoveObject;(9, 18);1;638
0;0.0;;(15, 5);RemoveObject;(9, 18);1;639
0;0.0;;(15, 5);RemoveObject;(9, 18);1;640
0;0.0;;(15, 5);RemoveObject;(9, 18);1;641
0;0.0;;(15, 5);RemoveObject;(9, 18);1;642
0;0.0;;(15, 5);RemoveObject;(9, 18);1;643
0;0.0;;(15, 5);RemoveObject;(9, 18);1;644
0;0.0;;(15, 5);RemoveObject;(9, 18);1;645
0;0.0;;(15, 5);RemoveObject;(9, 18);1;646
0;0.0;;(15, 5);RemoveObject;(9, 18);1;647
0;0.0;;(15, 5);RemoveObject;(9, 18);1;648
0;0.0;;(15, 5);RemoveObject;(9, 18);1;649
0;0.0;;(15, 5);RemoveObject;(9, 18);1;650
0;0.0;;(15, 5);RemoveObject;(9, 18);1;651
0;0.0;;(15, 5);RemoveObject;(9, 18);1;652
0;0.0;;(15, 5);RemoveObject;(9, 18);1;653
0;0.0;;(15, 5);RemoveObject;(9, 18);1;654
0;0.0;;(15, 5);RemoveObject;(9, 18);1;655
0;0.0;;(15, 5);RemoveObject;(9, 18);1;656
0;0.0;;(15, 5);RemoveObject;(9, 18);1;657
0;0.0;;(15, 5);RemoveObject;(9, 18);1;658
0;0.0;;(15, 5);RemoveObject;(9, 18);1;659
0;0.0;;(15, 5);RemoveObject;(9, 18);1;660
0;0.0;;(15, 5);RemoveObject;(9, 18);1;661
0;0.0;;(15, 5);RemoveObject;(9, 18);1;662
0;0.0;;(15, 5);MoveSouth;(9, 19);1;663
0;0.0;;(15, 5);;(9, 19);1;664
0;0.0;;(15, 5);;(9, 19);1;665
0;0.0;;(15, 5);;(9, 19);1;666
0;0.0;;(15, 5);;(9, 19);1;667
0;0.0;;(15, 5);;(9, 19);1;668
0;0.0;;(15, 5);;(9, 19);1;669
0;0.0;;(15, 5);;(9, 19);1;670
0;0.0;;(15, 5);;(9, 19);1;671
0;0.0;;(15, 5);;(9, 19);1;672
0;0.0;;(15, 5);;(9, 19);1;673
0;0.0;;(15, 5);;(9, 19);1;674
0;0.0;;(15, 5);;(9, 19);1;675
0;0.0;;(15, 5);;(9, 19);1;676
0;0.0;;(15, 5);;(9, 19);1;677
0;0.0;;(15, 5);;(9, 19);1;678
0;0.0;;(15, 5);;(9, 19);1;679
0;0.0;;(15, 5);;(9, 19);1;680
0;0.0;;(15, 5);;(9, 19);1;681
0;0.0;;(15, 5);;(9, 19);1;682
0;0.0;;(15, 5);;(9, 19);1;683
0;0.0;;(15, 5);;(9, 19);1;684
0;0.0;;(15, 5);;(9, 19);1;685
0;0.0;;(15, 5);;(9, 19);1;686
0;0.0;;(15, 5);;(9, 19);1;687
0;0.0;;(15, 5);;(9, 19);1;688
0;0.0;;(15, 5);;(9, 19);1;689
0;0.0;;(15, 5);;(9, 19);1;690
0;0.0;;(15, 5);;(9, 19);1;691
0;0.0;;(15, 5);;(9, 19);1;692
0;0.0;;(15, 5);;(9, 19);1;693
0;0.0;;(15, 5);;(9, 19);1;694
0;0.0;;(15, 5);;(9, 19);1;695
0;0.0;;(15, 5);;(9, 19);1;696
0;0.0;;(15, 5);;(9, 19);1;697
0;0.0;;(15, 5);;(9, 19);1;698
0;0.0;;(15, 5);;(9, 19);1;699
0;0.0;;(15, 5);;(9, 19);1;700
0;0.0;;(15, 5);;(9, 19);1;701
0;0.0;;(15, 5);;(9, 19);1;702
0;0.0;;(15, 5);;(9, 19);1;703
0;0.0;;(15, 5);;(9, 19);1;704
0;0.0;;(15, 5);;(9, 19);1;705
0;0.0;;(15, 5);;(9, 19);1;706
0;0.0;;(15, 5);;(9, 19);1;707
0;0.0;;(15, 5);;(9, 19);1;708
0;0.0;;(15, 5);;(9, 19);1;709
0;0.0;;(15, 5);;(9, 19);1;710
0;0.0;;(15, 5);;(9, 19);1;711
0;0.0;;(15, 5);;(9, 19);1;712
0;0.0;;(15, 5);;(9, 19);1;713
0;0.0;;(15, 5);;(9, 19);1;714
0;0.0;;(15, 5);;(9, 19);1;715
0;0.0;;(15, 5);;(9, 19);1;716
0;0.0;;(15, 5);;(9, 19);1;717
0;0.0;;(15, 5);;(9, 19);1;718
0;0.0;;(15, 5);;(9, 19);1;719
0;0.0;;(15, 5);;(9, 19);1;720
0;0.0;;(15, 5);;(9, 19);1;721
0;0.0;;(15, 5);;(9, 19);1;722
0;0.0;;(15, 5);;(9, 19);1;723
0;0.0;;(15, 5);;(9, 19);1;724
0;0.0;;(15, 5);;(9, 19);1;725
0;0.0;;(15, 5);;(9, 19);1;726
0;0.0;;(15, 5);;(9, 19);1;727
0;0.0;;(15, 5);;(9, 19);1;728
0;0.0;;(15, 5);;(9, 19);1;729
0;0.0;;(15, 5);;(9, 19);1;730
0;0.0;;(15, 5);;(9, 19);1;731
0;0.0;;(15, 5);;(9, 19);1;732
0;0.0;;(15, 5);;(9, 19);1;733
0;0.0;;(15, 5);;(9, 19);1;734
0;0.0;;(15, 5);;(9, 19);1;735
0;0.0;;(15, 5);;(9, 19);1;736
0;0.0;;(15, 5);;(9, 19);1;737
0;0.0;;(15, 5);;(9, 19);1;738
0;0.0;;(15, 5);;(9, 19);1;739
0;0.0;;(15, 5);;(9, 19);1;740
0;0.0;;(15, 5);;(9, 19);1;741
0;0.0;;(15, 5);;(9, 19);1;742
0;0.0;;(15, 5);;(9, 19);1;743
0;0.0;;(15, 5);;(9, 19);1;744
0;0.0;;(15, 5);;(9, 19);1;745
0;0.0;;(15, 5);;(9, 19);1;746
0;0.0;;(15, 5);;(9, 19);1;747
0;0.0;;(15, 5);;(9, 19);1;748
0;0.0;;(15, 5);;(9, 19);1;749
0;0.0;;(15, 5);;(9, 19);1;750
0;0.0;;(15, 5);;(9, 19);1;751
0;0.0;;(15, 5);;(9, 19);1;752
0;0.0;;(15, 5);;(9, 19);1;753
0;0.0;;(15, 5);;(9, 19);1;754
0;0.0;;(15, 5);;(9, 19);1;755
0;0.0;;(15, 5);;(9, 19);1;756
0;0.0;;(15, 5);;(9, 19);1;757
0;0.0;;(15, 5);;(9, 19);1;758
0;0.0;;(15, 5);;(9, 19);1;759
0;0.0;;(15, 5);;(9, 19);1;760
0;0.0;;(15, 5);;(9, 19);1;761
0;0.0;;(15, 5);;(9, 19);1;762
0;0.0;;(15, 5);;(9, 19);1;763
0;0.0;;(15, 5);;(9, 19);1;764
0;0.0;;(15, 5);;(9, 19);1;765
0;0.0;;(15, 5);;(9, 19);1;766
0;0.0;;(15, 5);;(9, 19);1;767
0;0.0;;(15, 5);;(9, 19);1;768
0;0.0;;(15, 5);;(9, 19);1;769
0;0.0;;(15, 5);;(9, 19);1;770
0;0.0;;(15, 5);;(9, 19);1;771
0;0.0;;(15, 5);;(9, 19);1;772
0;0.0;;(15, 5);;(9, 19);1;773
0;0.0;;(15, 5);;(9, 19);1;774
0;0.0;;(15, 5);;(9, 19);1;775
0;0.0;;(15, 5);;(9, 19);1;776
0;0.0;;(15, 5);;(9, 19);1;777
0;0.0;;(15, 5);;(9, 19);1;778
0;0.0;;(15, 5);;(9, 19);1;779
0;0.0;;(15, 5);;(9, 19);1;780
0;0.0;;(15, 5);;(9, 19);1;781
0;0.0;;(15, 5);;(9, 19);1;782
0;0.0;;(15, 5);;(9, 19);1;783
0;0.0;;(15, 5);;(9, 19);1;784
0;0.0;;(15, 5);;(9, 19);1;785
0;0.0;;(15, 5);;(9, 19);1;786
0;0.0;;(15, 5);;(9, 19);1;787
0;0.0;;(15, 5);;(9, 19);1;788
0;0.0;;(15, 5);;(9, 19);1;789
0;0.0;;(15, 5);;(9, 19);1;790
0;0.0;;(15, 5);;(9, 19);1;791
0;0.0;;(15, 5);;(9, 19);1;792
0;0.0;;(15, 5);;(9, 19);1;793
0;0.0;;(15, 5);;(9, 19);1;794
0;0.0;;(15, 5);;(9, 19);1;795
0;0.0;;(15, 5);;(9, 19);1;796
0;0.0;;(15, 5);;(9, 19);1;797
0;0.0;;(15, 5);;(9, 19);1;798
0;0.0;;(15, 5);;(9, 19);1;799
0;0.0;;(15, 5);;(9, 19);1;800
0;0.0;;(15, 5);;(9, 19);1;801
0;0.0;;(15, 5);;(9, 19);1;802
0;0.0;;(15, 5);;(9, 19);1;803
0;0.0;;(15, 5);;(9, 19);1;804
0;0.0;;(15, 5);;(9, 19);1;805
0;0.0;;(15, 5);;(9, 19);1;806
0;0.0;;(15, 5);;(9, 19);1;807
0;0.0;;(15, 5);;(9, 19);1;808
0;0.0;;(15, 5);;(9, 19);1;809
0;0.0;;(15, 5);;(9, 19);1;810
0;0.0;;(15, 5);;(9, 19);1;811
0;0.0;;(15, 5);;(9, 19);1;812
0;0.0;;(15, 5);;(9, 19);1;813
0;0.0;;(15, 5);;(9, 19);1;814
0;0.0;;(15, 5);;(9, 19);1;815
0;0.0;;(15, 5);;(9, 19);1;816
0;0.0;;(15, 5);;(9, 19);1;817
0;0.0;;(15, 5);;(9, 19);1;818
0;0.0;;(15, 5);;(9, 19);1;819
0;0.0;;(15, 5);;(9, 19);1;820
0;0.0;;(15, 5);;(9, 19);1;821
0;0.0;;(15, 5);;(9, 19);1;822
0;0.0;;(15, 5);;(9, 19);1;823
0;0.0;;(15, 5);;(9, 19);1;824
0;0.0;;(15, 5);;(9, 19);1;825
0;0.0;;(15, 5);;(9, 19);1;826
0;0.0;;(15, 5);;(9, 19);1;827
0;0.0;;(15, 5);;(9, 19);1;828
0;0.0;;(15, 5);;(9, 19);1;829
0;0.0;;(15, 5);;(9, 19);1;830
0;0.0;;(15, 5);;(9, 19);1;831
0;0.0;;(15, 5);MoveSouth;(9, 20);1;832
0;0.0;;(15, 5);;(9, 20);1;833
0;0.0;;(15, 5);;(9, 20);1;834
0;0.0;;(15, 5);;(9, 20);1;835
0;0.0;;(15, 5);;(9, 20);1;836
0;0.0;;(15, 5);;(9, 20);1;837
0;0.0;;(15, 5);;(9, 20);1;838
0;0.0;;(15, 5);;(9, 20);1;839
0;0.0;;(15, 5);;(9, 20);1;840
0;0.0;;(15, 5);;(9, 20);1;841
0;0.0;;(15, 5);MoveSouth;(9, 21);1;842
0;0.0;;(15, 5);;(9, 21);1;843
0;0.0;;(15, 5);;(9, 21);1;844
0;0.0;;(15, 5);;(9, 21);1;845
0;0.0;;(15, 5);;(9, 21);1;846
0;0.0;;(15, 5);;(9, 21);1;847
0;0.0;;(15, 5);MoveEast;(10, 21);1;848
0;0.0;;(15, 5);;(10, 21);1;849
0;0.0;;(15, 5);;(10, 21);1;850
0;0.0;;(15, 5);;(10, 21);1;851
0;0.0;;(15, 5);;(10, 21);1;852
0;0.0;;(15, 5);;(10, 21);1;853
0;0.0;;(15, 5);;(10, 21);1;854
0;0.0;;(15, 5);;(10, 21);1;855
0;0.0;;(15, 5);MoveNorth;(10, 20);1;856
0;0.0;;(15, 5);MoveNorth;(10, 20);1;857
0;0.0;;(15, 5);;(10, 20);1;858
0;0.0;;(15, 5);;(10, 20);1;859
0;0.0;;(15, 5);MoveWest;(9, 20);1;860
0;0.0;;(15, 5);;(9, 20);1;861
0;0.0;;(15, 5);;(9, 20);1;862
0;0.0;;(15, 5);;(9, 20);1;863
0;0.0;;(15, 5);MoveNorth;(9, 19);1;864
0;0.0;;(15, 5);MoveNorth;(9, 18);1;865
0;0.0;;(15, 5);;(9, 18);1;866
0;0.0;;(15, 5);;(9, 18);1;867
0;0.0;;(15, 5);MoveNorth;(9, 17);1;868
0;0.0;;(15, 5);;(9, 17);1;869
0;0.0;;(15, 5);MoveNorth;(9, 17);1;870
0;0.0;;(15, 5);;(9, 17);1;871
0;0.0;;(15, 5);MoveEast;(10, 17);1;872
0;0.0;;(15, 5);;(10, 17);1;873
0;0.0;;(15, 5);MoveEast;(11, 17);1;874
0;0.0;;(15, 5);;(11, 17);1;875
0;0.0;;(15, 5);MoveEast;(12, 17);1;876
0;0.0;;(15, 5);;(12, 17);1;877
0;0.0;;(15, 5);MoveEast;(13, 17);1;878
0;0.0;;(15, 5);MoveEast;(14, 17);1;879
0;0.0;;(15, 5);;(14, 17);1;880
0;0.0;;(15, 5);;(14, 17);1;881
0;0.0;;(15, 5);;(14, 17);1;882
0;0.0;;(15, 5);MoveEast;(14, 17);1;883
0;0.0;;(15, 5);MoveEast;(14, 17);1;884
0;0.0;;(15, 5);MoveEast;(14, 17);1;885
0;0.0;;(15, 5);MoveEast;(14, 17);1;886
0;0.0;;(15, 5);MoveEast;(14, 17);1;887
0;0.0;;(15, 5);MoveEast;(15, 17);1;888
0;0.0;;(15, 5);;(15, 17);1;889
0;0.0;;(15, 5);;(15, 17);1;890
0;0.0;;(15, 5);;(15, 17);1;891
0;0.0;;(15, 5);MoveEast;(16, 17);1;892
0;0.0;;(15, 5);;(16, 17);1;893
0;0.0;;(15, 5);MoveEast;(16, 17);1;894
0;0.0;;(15, 5);MoveEast;(16, 17);1;895
0;0.0;;(15, 5);MoveEast;(16, 17);1;896
0;0.0;;(15, 5);MoveEast;(16, 17);1;897
0;0.0;;(15, 5);MoveEast;(16, 17);1;898
0;0.0;;(15, 5);MoveEast;(17, 17);1;899
0;0.0;;(15, 5);MoveEast;(17, 17);1;900
0;0.0;;(15, 5);MoveEast;(17, 17);1;901
0;0.0;;(15, 5);MoveEast;(17, 17);1;902
0;0.0;;(15, 5);MoveEast;(17, 17);1;903
0;0.0;;(15, 5);MoveEast;(17, 17);1;904
0;0.0;;(15, 5);MoveEast;(18, 17);1;905
0;0.0;;(15, 5);MoveEast;(18, 17);1;906
0;0.0;;(15, 5);MoveEast;(18, 17);1;907
0;0.0;;(15, 5);MoveEast;(18, 17);1;908
0;0.0;;(15, 5);MoveEast;(18, 17);1;909
0;0.0;;(15, 5);MoveEast;(18, 17);1;910
0;0.0;;(15, 5);MoveEast;(19, 17);1;911
0;0.0;;(15, 5);MoveEast;(19, 17);1;912
0;0.0;;(15, 5);MoveEast;(19, 17);1;913
0;0.0;;(15, 5);MoveEast;(19, 17);1;914
0;0.0;;(15, 5);MoveEast;(19, 17);1;915
0;0.0;;(15, 5);MoveEast;(19, 17);1;916
0;0.0;;(15, 5);MoveEast;(20, 17);1;917
0;0.0;;(15, 5);MoveSouth;(20, 17);1;918
0;0.0;;(15, 5);MoveSouth;(20, 17);1;919
0;0.0;;(15, 5);MoveSouth;(20, 17);1;920
0;0.0;;(15, 5);MoveSouth;(20, 17);1;921
0;0.0;;(15, 5);MoveSouth;(20, 17);1;922
0;0.0;;(15, 5);MoveSouth;(20, 18);1;923
0;0.0;;(15, 5);MoveEast;(20, 18);1;924
0;0.0;;(15, 5);MoveEast;(20, 18);1;925
0;0.0;;(15, 5);MoveEast;(20, 18);1;926
0;0.0;;(15, 5);MoveEast;(20, 18);1;927
0;0.0;;(15, 5);MoveEast;(20, 18);1;928
0;0.0;;(15, 5);MoveEast;(21, 18);1;929
0;0.0;;(15, 5);;(21, 18);1;930
0;0.0;;(15, 5);;(21, 18);1;931
0;0.0;;(15, 5);;(21, 18);1;932
0;0.0;;(15, 5);;(21, 18);1;933
0;0.0;;(15, 5);;(21, 18);1;934
0;0.0;;(15, 5);;(21, 18);1;935
0;0.0;;(15, 5);;(21, 18);1;936
0;0.0;;(15, 5);;(21, 18);1;937
0;0.0;;(15, 5);;(21, 18);1;938
0;0.0;;(15, 5);;(21, 18);1;939
0;0.0;;(15, 5);;(21, 18);1;940
0;0.0;;(15, 5);;(21, 18);1;941
0;0.0;;(15, 5);MoveSouth;(21, 18);1;942
0;0.0;;(15, 5);;(21, 18);1;943
0;0.0;;(15, 5);;(21, 18);1;944
0;0.0;;(15, 5);RemoveObject;(21, 18);1;945
0;0.0;;(15, 5);RemoveObject;(21, 18);1;946
0;0.0;;(15, 5);RemoveObject;(21, 18);1;947
0;0.0;;(15, 5);RemoveObject;(21, 18);1;948
0;0.0;;(15, 5);RemoveObject;(21, 18);1;949
0;0.0;;(15, 5);RemoveObject;(21, 18);1;950
0;0.0;;(15, 5);RemoveObject;(21, 18);1;951
0;0.0;;(15, 5);RemoveObject;(21, 18);1;952
0;0.0;;(15, 5);RemoveObject;(21, 18);1;953
0;0.0;;(15, 5);RemoveObject;(21, 18);1;954
0;0.0;;(15, 5);RemoveObject;(21, 18);1;955
0;0.0;;(15, 5);RemoveObject;(21, 18);1;956
0;0.0;;(15, 5);RemoveObject;(21, 18);1;957
0;0.0;;(15, 5);RemoveObject;(21, 18);1;958
0;0.0;;(15, 5);RemoveObject;(21, 18);1;959
0;0.0;;(15, 5);RemoveObject;(21, 18);1;960
0;0.0;;(15, 5);RemoveObject;(21, 18);1;961
0;0.0;;(15, 5);RemoveObject;(21, 18);1;962
0;0.0;;(15, 5);RemoveObject;(21, 18);1;963
0;0.0;;(15, 5);RemoveObject;(21, 18);1;964
0;0.0;;(15, 5);RemoveObject;(21, 18);1;965
0;0.0;;(15, 5);RemoveObject;(21, 18);1;966
0;0.0;;(15, 5);RemoveObject;(21, 18);1;967
0;0.0;;(15, 5);RemoveObject;(21, 18);1;968
0;0.0;;(15, 5);RemoveObject;(21, 18);1;969
0;0.0;;(15, 5);RemoveObject;(21, 18);1;970
0;0.0;;(15, 5);RemoveObject;(21, 18);1;971
0;0.0;;(15, 5);RemoveObject;(21, 18);1;972
0;0.0;;(15, 5);RemoveObject;(21, 18);1;973
0;0.0;;(15, 5);RemoveObject;(21, 18);1;974
0;0.0;;(15, 5);RemoveObject;(21, 18);1;975
0;0.0;;(15, 5);RemoveObject;(21, 18);1;976
0;0.0;;(15, 5);RemoveObject;(21, 18);1;977
0;0.0;;(15, 5);RemoveObject;(21, 18);1;978
0;0.0;;(15, 5);RemoveObject;(21, 18);1;979
0;0.0;;(15, 5);RemoveObject;(21, 18);1;980
0;0.0;;(15, 5);RemoveObject;(21, 18);1;981
0;0.0;;(15, 5);RemoveObject;(21, 18);1;982
0;0.0;;(15, 5);RemoveObject;(21, 18);1;983
0;0.0;;(15, 5);RemoveObject;(21, 18);1;984
0;0.0;;(15, 5);RemoveObject;(21, 18);1;985
0;0.0;;(15, 5);RemoveObject;(21, 18);1;986
0;0.0;;(15, 5);RemoveObject;(21, 18);1;987
0;0.0;;(15, 5);RemoveObject;(21, 18);1;988
0;0.0;;(15, 5);RemoveObject;(21, 18);1;989
0;0.0;;(15, 5);RemoveObject;(21, 18);1;990
0;0.0;;(15, 5);RemoveObject;(21, 18);1;991
0;0.0;;(15, 5);RemoveObject;(21, 18);1;992
0;0.0;;(15, 5);RemoveObject;(21, 18);1;993
0;0.0;;(15, 5);RemoveObject;(21, 18);1;994
0;0.0;;(15, 5);RemoveObject;(21, 18);1;995
0;0.0;;(15, 5);RemoveObject;(21, 18);1;996
0;0.0;;(15, 5);RemoveObject;(21, 18);1;997
0;0.0;;(15, 5);RemoveObject;(21, 18);1;998
0;0.0;;(15, 5);RemoveObject;(21, 18);1;999
0;0.0;;(15, 5);RemoveObject;(21, 18);1;1000
0;0.0;;(15, 5);RemoveObject;(21, 18);1;1001
0;0.0;;(15, 5);RemoveObject;(21, 18);1;1002
0;0.0;;(15, 5);RemoveObject;(21, 18);1;1003
0;0.0;;(15, 5);RemoveObject;(21, 18);1;1004
0;0.0;;(15, 5);RemoveObject;(21, 18);1;1005
0;0.0;;(15, 5);RemoveObject;(21, 18);1;1006
0;0.0;;(15, 5);RemoveObject;(21, 18);1;1007
0;0.0;;(15, 5);RemoveObject;(21, 18);1;1008
0;0.0;;(15, 5);RemoveObject;(21, 18);1;1009
0;0.0;;(15, 5);RemoveObject;(21, 18);1;1010
0;0.0;;(15, 5);RemoveObject;(21, 18);1;1011
0;0.0;;(15, 5);RemoveObject;(21, 18);1;1012
0;0.0;;(15, 5);RemoveObject;(21, 18);1;1013
0;0.0;;(15, 5);RemoveObject;(21, 18);1;1014
0;0.0;;(15, 5);RemoveObject;(21, 18);1;1015
0;0.0;;(15, 5);RemoveObject;(21, 18);1;1016
0;0.0;;(15, 5);RemoveObject;(21, 18);1;1017
0;0.0;;(15, 5);RemoveObject;(21, 18);1;1018
0;0.0;;(15, 5);RemoveObject;(21, 18);1;1019
0;0.0;;(15, 5);RemoveObject;(21, 18);1;1020
0;0.0;;(15, 5);RemoveObject;(21, 18);1;1021
0;0.0;;(15, 5);RemoveObject;(21, 18);1;1022
0;0.0;;(15, 5);RemoveObject;(21, 18);1;1023
0;0.0;;(15, 5);RemoveObject;(21, 18);1;1024
0;0.0;;(15, 5);RemoveObject;(21, 18);1;1025
0;0.0;;(15, 5);RemoveObject;(21, 18);1;1026
0;0.0;;(15, 5);RemoveObject;(21, 18);1;1027
0;0.0;;(15, 5);RemoveObject;(21, 18);1;1028
0;0.0;;(15, 5);RemoveObject;(21, 18);1;1029
0;0.0;;(15, 5);RemoveObject;(21, 18);1;1030
0;0.0;;(15, 5);RemoveObject;(21, 18);1;1031
0;0.0;;(15, 5);RemoveObject;(21, 18);1;1032
0;0.0;;(15, 5);RemoveObject;(21, 18);1;1033
0;0.0;;(15, 5);RemoveObject;(21, 18);1;1034
0;0.0;;(15, 5);RemoveObject;(21, 18);1;1035
0;0.0;;(15, 5);RemoveObject;(21, 18);1;1036
0;0.0;;(15, 5);RemoveObject;(21, 18);1;1037
0;0.0;;(15, 5);RemoveObject;(21, 18);1;1038
0;0.0;;(15, 5);RemoveObject;(21, 18);1;1039
0;0.0;;(15, 5);RemoveObject;(21, 18);1;1040
0;0.0;;(15, 5);RemoveObject;(21, 18);1;1041
0;0.0;;(15, 5);RemoveObject;(21, 18);1;1042
0;0.0;;(15, 5);RemoveObject;(21, 18);1;1043
0;0.0;;(15, 5);RemoveObject;(21, 18);1;1044
0;0.0;;(15, 5);RemoveObject;(21, 18);1;1045
0;0.0;;(15, 5);RemoveObject;(21, 18);1;1046
0;0.0;;(15, 5);RemoveObject;(21, 18);1;1047
0;0.0;;(15, 5);RemoveObject;(21, 18);1;1048
0;0.0;;(15, 5);RemoveObject;(21, 18);1;1049
0;0.0;;(15, 5);RemoveObject;(21, 18);1;1050
0;0.0;;(15, 5);RemoveObject;(21, 18);1;1051
0;0.0;;(15, 5);RemoveObject;(21, 18);1;1052
0;0.0;;(15, 5);RemoveObject;(21, 18);1;1053
0;0.0;;(15, 5);RemoveObject;(21, 18);1;1054
0;0.0;;(15, 5);RemoveObject;(21, 18);1;1055
0;0.0;;(15, 5);RemoveObject;(21, 18);1;1056
0;0.0;;(15, 5);RemoveObject;(21, 18);1;1057
0;0.0;;(15, 5);RemoveObject;(21, 18);1;1058
0;0.0;;(15, 5);RemoveObject;(21, 18);1;1059
0;0.0;;(15, 5);RemoveObject;(21, 18);1;1060
0;0.0;;(15, 5);RemoveObject;(21, 18);1;1061
0;0.0;;(15, 5);RemoveObject;(21, 18);1;1062
0;0.0;;(15, 5);RemoveObject;(21, 18);1;1063
0;0.0;;(15, 5);RemoveObject;(21, 18);1;1064
0;0.0;;(15, 5);RemoveObject;(21, 18);1;1065
0;0.0;;(15, 5);RemoveObject;(21, 18);1;1066
0;0.0;;(15, 5);RemoveObject;(21, 18);1;1067
0;0.0;;(15, 5);RemoveObject;(21, 18);1;1068
0;0.0;;(15, 5);RemoveObject;(21, 18);1;1069
0;0.0;;(15, 5);RemoveObject;(21, 18);1;1070
0;0.0;;(15, 5);RemoveObject;(21, 18);1;1071
0;0.0;;(15, 5);RemoveObject;(21, 18);1;1072
0;0.0;;(15, 5);RemoveObject;(21, 18);1;1073
0;0.0;;(15, 5);RemoveObject;(21, 18);1;1074
0;0.0;;(15, 5);RemoveObject;(21, 18);1;1075
0;0.0;;(15, 5);RemoveObject;(21, 18);1;1076
0;0.0;;(15, 5);RemoveObject;(21, 18);1;1077
0;0.0;;(15, 5);RemoveObject;(21, 18);1;1078
0;0.0;;(15, 5);RemoveObject;(21, 18);1;1079
0;0.0;;(15, 5);RemoveObject;(21, 18);1;1080
0;0.0;;(15, 5);RemoveObject;(21, 18);1;1081
0;0.0;;(15, 5);RemoveObject;(21, 18);1;1082
0;0.0;;(15, 5);RemoveObject;(21, 18);1;1083
0;0.0;;(15, 5);RemoveObject;(21, 18);1;1084
0;0.0;;(15, 5);RemoveObject;(21, 18);1;1085
0;0.0;;(15, 5);RemoveObject;(21, 18);1;1086
0;0.0;;(15, 5);RemoveObject;(21, 18);1;1087
0;0.0;;(15, 5);RemoveObject;(21, 18);1;1088
0;0.0;;(15, 5);RemoveObject;(21, 18);1;1089
0;0.0;;(15, 5);RemoveObject;(21, 18);1;1090
0;0.0;;(15, 5);RemoveObject;(21, 18);1;1091
0;0.0;;(15, 5);RemoveObject;(21, 18);1;1092
0;0.0;;(15, 5);RemoveObject;(21, 18);1;1093
0;0.0;;(15, 5);RemoveObject;(21, 18);1;1094
0;0.0;;(15, 5);RemoveObject;(21, 18);1;1095
0;0.0;;(15, 5);RemoveObject;(21, 18);1;1096
0;0.0;;(15, 5);RemoveObject;(21, 18);1;1097
0;0.0;;(15, 5);RemoveObject;(21, 18);1;1098
0;0.0;;(15, 5);RemoveObject;(21, 18);1;1099
0;0.0;;(15, 5);RemoveObject;(21, 18);1;1100
0;0.0;;(15, 5);RemoveObject;(21, 18);1;1101
0;0.0;;(15, 5);RemoveObject;(21, 18);1;1102
0;0.0;;(15, 5);RemoveObject;(21, 18);1;1103
0;0.0;;(15, 5);RemoveObject;(21, 18);1;1104
0;0.0;;(15, 5);RemoveObject;(21, 18);1;1105
0;0.0;;(15, 5);RemoveObject;(21, 18);1;1106
0;0.0;;(15, 5);RemoveObject;(21, 18);1;1107
0;0.0;;(15, 5);RemoveObject;(21, 18);1;1108
0;0.0;;(15, 5);RemoveObject;(21, 18);1;1109
0;0.0;;(15, 5);RemoveObject;(21, 18);1;1110
0;0.0;;(15, 5);RemoveObject;(21, 18);1;1111
0;0.0;;(15, 5);RemoveObject;(21, 18);1;1112
0;0.0;;(15, 5);RemoveObject;(21, 18);1;1113
0;0.0;;(15, 5);RemoveObject;(21, 18);1;1114
0;0.0;;(15, 5);RemoveObject;(21, 18);1;1115
0;0.0;;(15, 5);RemoveObject;(21, 18);1;1116
0;0.0;;(15, 5);RemoveObject;(21, 18);1;1117
0;0.0;;(15, 5);RemoveObject;(21, 18);1;1118
0;0.0;;(15, 5);RemoveObject;(21, 18);1;1119
0;0.0;;(15, 5);RemoveObject;(21, 18);1;1120
0;0.0;;(15, 5);RemoveObject;(21, 18);1;1121
0;0.0;;(15, 5);RemoveObject;(21, 18);1;1122
0;0.0;;(15, 5);RemoveObject;(21, 18);1;1123
0;0.0;;(15, 5);RemoveObject;(21, 18);1;1124
0;0.0;;(15, 5);RemoveObject;(21, 18);1;1125
0;0.0;;(15, 5);RemoveObject;(21, 18);1;1126
0;0.0;;(15, 5);RemoveObject;(21, 18);1;1127
0;0.0;;(15, 5);RemoveObject;(21, 18);1;1128
0;0.0;;(15, 5);RemoveObject;(21, 18);1;1129
0;0.0;;(15, 5);RemoveObject;(21, 18);1;1130
0;0.0;;(15, 5);RemoveObject;(21, 18);1;1131
0;0.0;;(15, 5);RemoveObject;(21, 18);1;1132
0;0.0;;(15, 5);RemoveObject;(21, 18);1;1133
0;0.0;;(15, 5);RemoveObject;(21, 18);1;1134
0;0.0;;(15, 5);RemoveObject;(21, 18);1;1135
0;0.0;;(15, 5);RemoveObject;(21, 18);1;1136
0;0.0;;(15, 5);RemoveObject;(21, 18);1;1137
0;0.0;;(15, 5);RemoveObject;(21, 18);1;1138
0;0.0;;(15, 5);RemoveObject;(21, 18);1;1139
0;0.0;;(15, 5);RemoveObject;(21, 18);1;1140
0;0.0;;(15, 5);RemoveObject;(21, 18);1;1141
0;0.0;;(15, 5);RemoveObject;(21, 18);1;1142
0;0.0;;(15, 5);RemoveObject;(21, 18);1;1143
0;0.0;;(15, 5);RemoveObject;(21, 18);1;1144
0;0.0;;(15, 5);RemoveObject;(21, 18);1;1145
0;0.0;;(15, 5);;(21, 18);1;1146
0;0.0;;(15, 5);;(21, 18);1;1147
0;0.0;;(15, 5);;(21, 18);1;1148
0;0.0;;(15, 5);;(21, 18);1;1149
0;0.0;;(15, 5);;(21, 18);1;1150
0;0.0;;(15, 5);;(21, 18);1;1151
0;0.0;;(15, 5);;(21, 18);1;1152
0;0.0;;(15, 5);;(21, 18);1;1153
0;0.0;;(15, 5);;(21, 18);1;1154
0;0.0;;(15, 5);;(21, 18);1;1155
0;0.0;;(15, 5);;(21, 18);1;1156
0;0.0;;(15, 5);;(21, 18);1;1157
0;0.0;;(15, 5);;(21, 18);1;1158
0;0.0;;(15, 5);;(21, 18);1;1159
0;0.0;;(15, 5);;(21, 18);1;1160
0;0.0;;(15, 5);;(21, 18);1;1161
0;0.0;;(15, 5);;(21, 18);1;1162
0;0.0;;(15, 5);MoveSouth;(21, 19);1;1163
0;0.0;;(15, 5);;(21, 19);1;1164
0;0.0;;(15, 5);MoveSouth;(21, 20);1;1165
0;0.0;;(15, 5);;(21, 20);1;1166
0;0.0;;(15, 5);;(21, 20);1;1167
0;0.0;;(15, 5);;(21, 20);1;1168
0;0.0;;(15, 5);;(21, 20);1;1169
0;0.0;;(15, 5);;(21, 20);1;1170
0;0.0;;(15, 5);;(21, 20);1;1171
0;0.0;;(15, 5);;(21, 20);1;1172
0;0.0;;(15, 5);;(21, 20);1;1173
0;0.0;;(15, 5);;(21, 20);1;1174
0;0.0;;(15, 5);;(21, 20);1;1175
0;0.0;;(15, 5);;(21, 20);1;1176
0;0.0;;(15, 5);MoveEast;(22, 20);1;1177
0;0.0;;(15, 5);;(22, 20);1;1178
0;0.0;;(15, 5);;(22, 20);1;1179
0;0.0;;(15, 5);;(22, 20);1;1180
0;0.0;;(15, 5);;(22, 20);1;1181
0;0.0;;(15, 5);;(22, 20);1;1182
0;0.0;;(15, 5);;(22, 20);1;1183
0;0.0;;(15, 5);MoveSouth;(22, 21);1;1184
0;0.0;;(15, 5);;(22, 21);1;1185
0;0.0;;(15, 5);;(22, 21);1;1186
0;0.0;;(15, 5);;(22, 21);1;1187
0;0.0;;(15, 5);;(22, 21);1;1188
0;0.0;;(15, 5);;(22, 21);1;1189
0;0.0;;(15, 5);;(22, 21);1;1190
0;0.0;;(15, 5);;(22, 21);1;1191
0;0.0;;(15, 5);;(22, 21);1;1192
0;0.0;;(15, 5);MoveWest;(21, 21);1;1193
0;0.0;;(15, 5);;(21, 21);1;1194
0;0.0;;(15, 5);;(21, 21);1;1195
0;0.0;;(15, 5);;(21, 21);1;1196
0;0.0;;(15, 5);MoveNorth;(21, 20);1;1197
0;0.0;;(15, 5);;(21, 20);1;1198
0;0.0;;(15, 5);MoveNorth;(21, 19);1;1199
0;0.0;;(15, 5);;(21, 19);1;1200
0;0.0;;(15, 5);;(21, 19);1;1201
0;0.0;;(15, 5);MoveNorth;(21, 18);1;1202
0;0.0;;(15, 5);;(21, 18);1;1203
0;0.0;;(15, 5);MoveNorth;(21, 17);1;1204
0;0.0;;(15, 5);;(21, 17);1;1205
0;0.0;;(15, 5);MoveNorth;(21, 17);1;1206
0;0.0;;(15, 5);;(21, 17);1;1207
0;0.0;;(15, 5);MoveNorth;(21, 17);1;1208
0;0.0;;(15, 5);;(21, 17);1;1209
0;0.0;;(15, 5);MoveWest;(20, 17);1;1210
0;0.0;;(15, 5);;(20, 17);1;1211
0;0.0;;(15, 5);;(20, 17);1;1212
0;0.0;;(15, 5);;(20, 17);1;1213
0;0.0;;(15, 5);;(20, 17);1;1214
0;0.0;;(15, 5);;(20, 17);1;1215
0;0.0;;(15, 5);;(20, 17);1;1216
0;0.0;;(15, 5);;(20, 17);1;1217
0;0.0;;(15, 5);MoveNorth;(20, 17);1;1218
0;0.0;;(15, 5);MoveNorth;(20, 17);1;1219
0;0.0;;(15, 5);MoveNorth;(20, 17);1;1220
0;0.0;;(15, 5);MoveNorth;(20, 17);1;1221
0;0.0;;(15, 5);MoveNorth;(20, 17);1;1222
0;0.0;;(15, 5);MoveNorth;(20, 16);1;1223
0;0.0;;(15, 5);MoveNorth;(20, 15);1;1224
0;0.0;;(15, 5);;(20, 15);1;1225
0;0.0;;(15, 5);;(20, 15);1;1226
0;0.0;;(15, 5);;(20, 15);1;1227
0;0.0;;(15, 5);;(20, 15);1;1228
0;0.0;;(15, 5);MoveWest;(19, 15);1;1229
0;0.0;;(15, 5);;(19, 15);1;1230
0;0.0;;(15, 5);;(19, 15);1;1231
0;0.0;;(15, 5);;(19, 15);1;1232
0;0.0;;(15, 5);MoveNorth;(19, 14);1;1233
0;0.0;;(15, 5);;(19, 14);1;1234
0;0.0;;(15, 5);MoveNorth;(19, 13);1;1235
0;0.0;;(15, 5);;(19, 13);1;1236
0;0.0;;(15, 5);;(19, 13);1;1237
0;0.0;;(15, 5);MoveNorth;(19, 12);1;1238
0;0.0;;(15, 5);;(19, 12);1;1239
0;0.0;;(15, 5);MoveNorth;(19, 11);1;1240
0;0.0;;(15, 5);;(19, 11);1;1241
0;0.0;;(15, 5);MoveWest;(18, 11);1;1242
0;0.0;;(15, 5);;(18, 11);1;1243
0;0.0;;(15, 5);MoveWest;(18, 11);1;1244
0;0.0;;(15, 5);MoveWest;(18, 11);1;1245
0;0.0;;(15, 5);MoveWest;(18, 11);1;1246
0;0.0;;(15, 5);MoveWest;(18, 11);1;1247
0;0.0;;(15, 5);MoveWest;(18, 11);1;1248
0;0.0;;(15, 5);MoveWest;(17, 11);1;1249
0;0.0;;(15, 5);MoveWest;(17, 11);1;1250
0;0.0;;(15, 5);MoveWest;(17, 11);1;1251
0;0.0;;(15, 5);MoveWest;(17, 11);1;1252
0;0.0;;(15, 5);MoveWest;(17, 11);1;1253
0;0.0;;(15, 5);MoveWest;(17, 11);1;1254
0;0.0;;(15, 5);MoveWest;(16, 11);1;1255
0;0.0;;(15, 5);MoveWest;(16, 11);1;1256
0;0.0;;(15, 5);MoveWest;(16, 11);1;1257
0;0.0;;(15, 5);MoveWest;(16, 11);1;1258
0;0.0;;(15, 5);MoveWest;(16, 11);1;1259
0;0.0;;(15, 5);MoveWest;(16, 11);1;1260
0;0.0;;(15, 5);MoveWest;(15, 11);1;1261
0;0.0;;(15, 5);MoveWest;(15, 11);1;1262
0;0.0;;(15, 5);MoveWest;(15, 11);1;1263
0;0.0;;(15, 5);MoveWest;(15, 11);1;1264
0;0.0;;(15, 5);MoveWest;(15, 11);1;1265
0;0.0;;(15, 5);MoveWest;(15, 11);1;1266
0;0.0;;(15, 5);MoveWest;(14, 11);1;1267
0;0.0;;(15, 5);;(14, 11);1;1268
0;0.0;;(15, 5);;(14, 11);1;1269
0;0.0;;(15, 5);;(14, 11);1;1270
0;0.0;;(15, 5);;(14, 11);1;1271
0;0.0;;(15, 5);;(14, 11);1;1272
0;0.0;;(15, 5);;(14, 11);1;1273
0;0.0;;(15, 5);MoveWest;(14, 11);1;1274
0;0.0;;(15, 5);MoveWest;(14, 11);1;1275
0;0.0;;(15, 5);MoveWest;(14, 11);1;1276
0;0.0;;(15, 5);MoveWest;(14, 11);1;1277
0;0.0;;(15, 5);MoveWest;(14, 11);1;1278
0;0.0;;(15, 5);MoveWest;(13, 11);1;1279
0;0.0;;(15, 5);MoveWest;(13, 11);1;1280
0;0.0;;(15, 5);MoveWest;(13, 11);1;1281
0;0.0;;(15, 5);MoveWest;(13, 11);1;1282
0;0.0;;(15, 5);MoveWest;(13, 11);1;1283
0;0.0;;(15, 5);MoveWest;(13, 11);1;1284
0;0.0;;(15, 5);MoveWest;(12, 11);1;1285
0;0.0;;(15, 5);;(12, 11);1;1286
0;0.0;;(15, 5);;(12, 11);1;1287
0;0.0;;(15, 5);;(12, 11);1;1288
0;0.0;;(15, 5);;(12, 11);1;1289
0;0.0;;(15, 5);;(12, 11);1;1290
0;0.0;;(15, 5);;(12, 11);1;1291
0;0.0;;(15, 5);MoveNorth;(12, 11);1;1292
0;0.0;;(15, 5);MoveNorth;(12, 11);1;1293
0;0.0;;(15, 5);MoveNorth;(12, 11);1;1294
0;0.0;;(15, 5);MoveNorth;(12, 11);1;1295
0;0.0;;(15, 5);MoveNorth;(12, 11);1;1296
0;0.0;;(15, 5);MoveNorth;(12, 10);1;1297
0;0.0;;(15, 5);MoveNorth;(12, 10);1;1298
0;0.0;;(15, 5);MoveNorth;(12, 10);1;1299
0;0.0;;(15, 5);MoveNorth;(12, 10);1;1300
0;0.0;;(15, 5);MoveNorth;(12, 10);1;1301
0;0.0;;(15, 5);MoveNorth;(12, 10);1;1302
0;0.0;;(15, 5);MoveNorth;(12, 9);1;1303
0;0.0;;(15, 5);MoveNorth;(12, 9);1;1304
0;0.0;;(15, 5);MoveNorth;(12, 9);1;1305
0;0.0;;(15, 5);MoveNorth;(12, 9);1;1306
0;0.0;;(15, 5);MoveNorth;(12, 9);1;1307
0;0.0;;(15, 5);MoveNorth;(12, 9);1;1308
0;0.0;;(15, 5);MoveNorth;(12, 8);1;1309
0;0.0;;(15, 5);MoveNorth;(12, 8);1;1310
0;0.0;;(15, 5);MoveNorth;(12, 8);1;1311
0;0.0;;(15, 5);MoveNorth;(12, 8);1;1312
0;0.0;;(15, 5);MoveNorth;(12, 8);1;1313
0;0.0;;(15, 5);MoveNorth;(12, 8);1;1314
0;0.0;;(15, 5);MoveNorth;(12, 7);1;1315
0;0.0;;(15, 5);MoveNorth;(12, 7);1;1316
0;0.0;;(15, 5);MoveNorth;(12, 7);1;1317
0;0.0;;(15, 5);MoveNorth;(12, 7);1;1318
0;0.0;;(15, 5);MoveNorth;(12, 7);1;1319
0;0.0;;(15, 5);MoveNorth;(12, 7);1;1320
0;0.0;;(15, 5);MoveNorth;(12, 6);1;1321
0;0.0;;(15, 5);;(12, 6);1;1322
0;0.0;;(15, 5);;(12, 6);1;1323
0;0.0;;(15, 5);;(12, 6);1;1324
0;0.0;;(15, 5);;(12, 6);1;1325
0;0.0;;(15, 5);;(12, 6);1;1326
0;0.0;;(15, 5);;(12, 6);1;1327
0;0.0;;(15, 5);;(12, 6);1;1328
0;0.0;;(15, 5);;(12, 6);1;1329
0;0.0;;(15, 5);MoveWest;(12, 6);1;1330
0;0.0;;(15, 5);MoveWest;(12, 6);1;1331
0;0.0;;(15, 5);MoveWest;(12, 6);1;1332
0;0.0;;(15, 5);MoveWest;(12, 6);1;1333
0;0.0;;(15, 5);MoveWest;(12, 6);1;1334
0;0.0;;(15, 5);MoveWest;(11, 6);1;1335
0;0.0;;(15, 5);MoveWest;(11, 6);1;1336
0;0.0;;(15, 5);MoveWest;(11, 6);1;1337
0;0.0;;(15, 5);MoveWest;(11, 6);1;1338
0;0.0;;(15, 5);MoveWest;(11, 6);1;1339
0;0.0;;(15, 5);MoveWest;(11, 6);1;1340
0;0.0;;(15, 5);MoveWest;(10, 6);1;1341
0;0.0;;(15, 5);;(10, 6);1;1342
0;0.0;;(15, 5);;(10, 6);1;1343
0;0.0;;(15, 5);;(10, 6);1;1344
0;0.0;;(15, 5);;(10, 6);1;1345
0;0.0;;(15, 5);;(10, 6);1;1346
0;0.0;;(15, 5);;(10, 6);1;1347
0;0.0;;(15, 5);;(10, 6);1;1348
0;0.0;;(15, 5);;(10, 6);1;1349
0;0.0;;(15, 5);;(10, 6);1;1350
0;0.0;;(15, 5);MoveWest;(10, 6);1;1351
0;0.0;;(15, 5);MoveWest;(10, 6);1;1352
0;0.0;;(15, 5);MoveWest;(10, 6);1;1353
0;0.0;;(15, 5);MoveWest;(10, 6);1;1354
0;0.0;;(15, 5);MoveWest;(10, 6);1;1355
0;0.0;;(15, 5);MoveWest;(9, 6);1;1356
0;0.0;;(15, 5);;(9, 6);1;1357
0;0.0;;(15, 5);;(9, 6);1;1358
0;0.0;;(15, 5);;(9, 6);1;1359
0;0.0;;(15, 5);;(9, 6);1;1360
0;0.0;;(15, 5);MoveSouth;(9, 6);1;1361
0;0.0;;(15, 5);;(9, 6);1;1362
0;0.0;;(15, 5);;(9, 6);1;1363
0;0.0;;(15, 5);;(9, 6);1;1364
0;0.0;;(15, 5);;(9, 6);1;1365
0;0.0;;(15, 5);;(9, 6);1;1366
0;0.0;;(15, 5);RemoveObject;(9, 6);1;1367
0;0.0;;(15, 5);RemoveObject;(9, 6);1;1368
0;0.0;;(15, 5);RemoveObject;(9, 6);1;1369
0;0.0;;(15, 5);RemoveObject;(9, 6);1;1370
0;0.0;;(15, 5);RemoveObject;(9, 6);1;1371
0;0.0;;(15, 5);RemoveObject;(9, 6);1;1372
0;0.0;;(15, 5);RemoveObject;(9, 6);1;1373
0;0.0;;(15, 5);RemoveObject;(9, 6);1;1374
0;0.0;;(15, 5);RemoveObject;(9, 6);1;1375
0;0.0;;(15, 5);RemoveObject;(9, 6);1;1376
0;0.0;;(15, 5);RemoveObject;(9, 6);1;1377
0;0.0;;(15, 5);RemoveObject;(9, 6);1;1378
0;0.0;;(15, 5);RemoveObject;(9, 6);1;1379
0;0.0;;(15, 5);RemoveObject;(9, 6);1;1380
0;0.0;;(15, 5);RemoveObject;(9, 6);1;1381
0;0.0;;(15, 5);RemoveObject;(9, 6);1;1382
0;0.0;;(15, 5);RemoveObject;(9, 6);1;1383
0;0.0;;(15, 5);RemoveObject;(9, 6);1;1384
0;0.0;;(15, 5);RemoveObject;(9, 6);1;1385
0;0.0;;(15, 5);RemoveObject;(9, 6);1;1386
0;0.0;;(15, 5);RemoveObject;(9, 6);1;1387
0;0.0;;(15, 5);RemoveObject;(9, 6);1;1388
0;0.0;;(15, 5);RemoveObject;(9, 6);1;1389
0;0.0;;(15, 5);RemoveObject;(9, 6);1;1390
0;0.0;;(15, 5);RemoveObject;(9, 6);1;1391
0;0.0;;(15, 5);RemoveObject;(9, 6);1;1392
0;0.0;;(15, 5);RemoveObject;(9, 6);1;1393
0;0.0;;(15, 5);RemoveObject;(9, 6);1;1394
0;0.0;;(15, 5);RemoveObject;(9, 6);1;1395
0;0.0;;(15, 5);RemoveObject;(9, 6);1;1396
0;0.0;;(15, 5);RemoveObject;(9, 6);1;1397
0;0.0;;(15, 5);RemoveObject;(9, 6);1;1398
0;0.0;;(15, 5);RemoveObject;(9, 6);1;1399
0;0.0;;(15, 5);RemoveObject;(9, 6);1;1400
0;0.0;;(15, 5);RemoveObject;(9, 6);1;1401
0;0.0;;(15, 5);RemoveObject;(9, 6);1;1402
0;0.0;;(15, 5);RemoveObject;(9, 6);1;1403
0;0.0;;(15, 5);RemoveObject;(9, 6);1;1404
0;0.0;;(15, 5);RemoveObject;(9, 6);1;1405
0;0.0;;(15, 5);RemoveObject;(9, 6);1;1406
0;0.0;;(15, 5);RemoveObject;(9, 6);1;1407
0;0.0;;(15, 5);RemoveObject;(9, 6);1;1408
0;0.0;;(15, 5);RemoveObject;(9, 6);1;1409
0;0.0;;(15, 5);RemoveObject;(9, 6);1;1410
0;0.0;;(15, 5);RemoveObject;(9, 6);1;1411
0;0.0;;(15, 5);RemoveObject;(9, 6);1;1412
0;0.0;;(15, 5);RemoveObject;(9, 6);1;1413
0;0.0;;(15, 5);RemoveObject;(9, 6);1;1414
0;0.0;;(15, 5);RemoveObject;(9, 6);1;1415
0;0.0;;(15, 5);RemoveObject;(9, 6);1;1416
0;0.0;;(15, 5);RemoveObject;(9, 6);1;1417
0;0.0;;(15, 5);RemoveObject;(9, 6);1;1418
0;0.0;;(15, 5);RemoveObject;(9, 6);1;1419
0;0.0;;(15, 5);RemoveObject;(9, 6);1;1420
0;0.0;;(15, 5);RemoveObject;(9, 6);1;1421
0;0.0;;(15, 5);RemoveObject;(9, 6);1;1422
0;0.0;;(15, 5);RemoveObject;(9, 6);1;1423
0;0.0;;(15, 5);RemoveObject;(9, 6);1;1424
0;0.0;;(15, 5);RemoveObject;(9, 6);1;1425
0;0.0;;(15, 5);RemoveObject;(9, 6);1;1426
0;0.0;;(15, 5);RemoveObject;(9, 6);1;1427
0;0.0;;(15, 5);RemoveObject;(9, 6);1;1428
0;0.0;;(15, 5);RemoveObject;(9, 6);1;1429
0;0.0;;(15, 5);RemoveObject;(9, 6);1;1430
0;0.0;;(15, 5);RemoveObject;(9, 6);1;1431
0;0.0;;(15, 5);RemoveObject;(9, 6);1;1432
0;0.0;;(15, 5);RemoveObject;(9, 6);1;1433
0;0.0;;(15, 5);RemoveObject;(9, 6);1;1434
0;0.0;;(15, 5);RemoveObject;(9, 6);1;1435
0;0.0;;(15, 5);RemoveObject;(9, 6);1;1436
0;0.0;;(15, 5);RemoveObject;(9, 6);1;1437
0;0.0;;(15, 5);RemoveObject;(9, 6);1;1438
0;0.0;;(15, 5);RemoveObject;(9, 6);1;1439
0;0.0;;(15, 5);RemoveObject;(9, 6);1;1440
0;0.0;;(15, 5);RemoveObject;(9, 6);1;1441
0;0.0;;(15, 5);RemoveObject;(9, 6);1;1442
0;0.0;;(15, 5);RemoveObject;(9, 6);1;1443
0;0.0;;(15, 5);RemoveObject;(9, 6);1;1444
0;0.0;;(15, 5);RemoveObject;(9, 6);1;1445
0;0.0;;(15, 5);RemoveObject;(9, 6);1;1446
0;0.0;;(15, 5);RemoveObject;(9, 6);1;1447
0;0.0;;(15, 5);RemoveObject;(9, 6);1;1448
0;0.0;;(15, 5);RemoveObject;(9, 6);1;1449
0;0.0;;(15, 5);RemoveObject;(9, 6);1;1450
0;0.0;;(15, 5);RemoveObject;(9, 6);1;1451
0;0.0;;(15, 5);RemoveObject;(9, 6);1;1452
0;0.0;;(15, 5);RemoveObject;(9, 6);1;1453
0;0.0;;(15, 5);RemoveObject;(9, 6);1;1454
0;0.0;;(15, 5);RemoveObject;(9, 6);1;1455
0;0.0;;(15, 5);RemoveObject;(9, 6);1;1456
0;0.0;;(15, 5);RemoveObject;(9, 6);1;1457
0;0.0;;(15, 5);RemoveObject;(9, 6);1;1458
0;0.0;;(15, 5);RemoveObject;(9, 6);1;1459
0;0.0;;(15, 5);RemoveObject;(9, 6);1;1460
0;0.0;;(15, 5);RemoveObject;(9, 6);1;1461
0;0.0;;(15, 5);RemoveObject;(9, 6);1;1462
0;0.0;;(15, 5);RemoveObject;(9, 6);1;1463
0;0.0;;(15, 5);RemoveObject;(9, 6);1;1464
0;0.0;;(15, 5);RemoveObject;(9, 6);1;1465
0;0.0;;(15, 5);RemoveObject;(9, 6);1;1466
0;0.0;;(15, 5);RemoveObject;(9, 6);1;1467
0;0.0;;(15, 5);RemoveObject;(9, 6);1;1468
0;0.0;;(15, 5);RemoveObject;(9, 6);1;1469
0;0.0;;(15, 5);RemoveObject;(9, 6);1;1470
0;0.0;;(15, 5);RemoveObject;(9, 6);1;1471
0;0.0;;(15, 5);RemoveObject;(9, 6);1;1472
0;0.0;;(15, 5);RemoveObject;(9, 6);1;1473
0;0.0;;(15, 5);RemoveObject;(9, 6);1;1474
0;0.0;;(15, 5);RemoveObject;(9, 6);1;1475
0;0.0;;(15, 5);RemoveObject;(9, 6);1;1476
0;0.0;;(15, 5);RemoveObject;(9, 6);1;1477
0;0.0;;(15, 5);RemoveObject;(9, 6);1;1478
0;0.0;;(15, 5);RemoveObject;(9, 6);1;1479
0;0.0;;(15, 5);RemoveObject;(9, 6);1;1480
0;0.0;;(15, 5);RemoveObject;(9, 6);1;1481
0;0.0;;(15, 5);RemoveObject;(9, 6);1;1482
0;0.0;;(15, 5);RemoveObject;(9, 6);1;1483
0;0.0;;(15, 5);RemoveObject;(9, 6);1;1484
0;0.0;;(15, 5);RemoveObject;(9, 6);1;1485
0;0.0;;(15, 5);RemoveObject;(9, 6);1;1486
0;0.0;;(15, 5);RemoveObject;(9, 6);1;1487
0;0.0;;(15, 5);RemoveObject;(9, 6);1;1488
0;0.0;;(15, 5);RemoveObject;(9, 6);1;1489
0;0.0;;(15, 5);RemoveObject;(9, 6);1;1490
0;0.0;;(15, 5);RemoveObject;(9, 6);1;1491
0;0.0;;(15, 5);RemoveObject;(9, 6);1;1492
0;0.0;;(15, 5);RemoveObject;(9, 6);1;1493
0;0.0;;(15, 5);RemoveObject;(9, 6);1;1494
0;0.0;;(15, 5);RemoveObject;(9, 6);1;1495
0;0.0;;(15, 5);RemoveObject;(9, 6);1;1496
0;0.0;;(15, 5);RemoveObject;(9, 6);1;1497
0;0.0;;(15, 5);RemoveObject;(9, 6);1;1498
0;0.0;;(15, 5);RemoveObject;(9, 6);1;1499
0;0.0;;(15, 5);RemoveObject;(9, 6);1;1500
0;0.0;;(15, 5);RemoveObject;(9, 6);1;1501
0;0.0;;(15, 5);RemoveObject;(9, 6);1;1502
0;0.0;;(15, 5);RemoveObject;(9, 6);1;1503
0;0.0;;(15, 5);RemoveObject;(9, 6);1;1504
0;0.0;;(15, 5);RemoveObject;(9, 6);1;1505
0;0.0;;(15, 5);RemoveObject;(9, 6);1;1506
0;0.0;;(15, 5);RemoveObject;(9, 6);1;1507
0;0.0;;(15, 5);RemoveObject;(9, 6);1;1508
0;0.0;;(15, 5);RemoveObject;(9, 6);1;1509
0;0.0;;(15, 5);RemoveObject;(9, 6);1;1510
0;0.0;;(15, 5);RemoveObject;(9, 6);1;1511
0;0.0;;(15, 5);RemoveObject;(9, 6);1;1512
0;0.0;;(15, 5);RemoveObject;(9, 6);1;1513
0;0.0;;(15, 5);RemoveObject;(9, 6);1;1514
0;0.0;;(15, 5);RemoveObject;(9, 6);1;1515
0;0.0;;(15, 5);RemoveObject;(9, 6);1;1516
0;0.0;;(15, 5);RemoveObject;(9, 6);1;1517
0;0.0;;(15, 5);RemoveObject;(9, 6);1;1518
0;0.0;;(15, 5);RemoveObject;(9, 6);1;1519
0;0.0;;(15, 5);RemoveObject;(9, 6);1;1520
0;0.0;;(15, 5);RemoveObject;(9, 6);1;1521
0;0.0;;(15, 5);RemoveObject;(9, 6);1;1522
0;0.0;;(15, 5);RemoveObject;(9, 6);1;1523
0;0.0;;(15, 5);RemoveObject;(9, 6);1;1524
0;0.0;;(15, 5);RemoveObject;(9, 6);1;1525
0;0.0;;(15, 5);RemoveObject;(9, 6);1;1526
0;0.0;;(15, 5);RemoveObject;(9, 6);1;1527
0;0.0;;(15, 5);RemoveObject;(9, 6);1;1528
0;0.0;;(15, 5);RemoveObject;(9, 6);1;1529
0;0.0;;(15, 5);RemoveObject;(9, 6);1;1530
0;0.0;;(15, 5);RemoveObject;(9, 6);1;1531
0;0.0;;(15, 5);RemoveObject;(9, 6);1;1532
0;0.0;;(15, 5);RemoveObject;(9, 6);1;1533
0;0.0;;(15, 5);RemoveObject;(9, 6);1;1534
0;0.0;;(15, 5);RemoveObject;(9, 6);1;1535
0;0.0;;(15, 5);RemoveObject;(9, 6);1;1536
0;0.0;;(15, 5);RemoveObject;(9, 6);1;1537
0;0.0;;(15, 5);RemoveObject;(9, 6);1;1538
0;0.0;;(15, 5);RemoveObject;(9, 6);1;1539
0;0.0;;(15, 5);RemoveObject;(9, 6);1;1540
0;0.0;;(15, 5);RemoveObject;(9, 6);1;1541
0;0.0;;(15, 5);RemoveObject;(9, 6);1;1542
0;0.0;;(15, 5);RemoveObject;(9, 6);1;1543
0;0.0;;(15, 5);RemoveObject;(9, 6);1;1544
0;0.0;;(15, 5);RemoveObject;(9, 6);1;1545
0;0.0;;(15, 5);RemoveObject;(9, 6);1;1546
0;0.0;;(15, 5);RemoveObject;(9, 6);1;1547
0;0.0;;(15, 5);RemoveObject;(9, 6);1;1548
0;0.0;;(15, 5);RemoveObject;(9, 6);1;1549
0;0.0;;(15, 5);RemoveObject;(9, 6);1;1550
0;0.0;;(15, 5);RemoveObject;(9, 6);1;1551
0;0.0;;(15, 5);RemoveObject;(9, 6);1;1552
0;0.0;;(15, 5);RemoveObject;(9, 6);1;1553
0;0.0;;(15, 5);RemoveObject;(9, 6);1;1554
0;0.0;;(15, 5);RemoveObject;(9, 6);1;1555
0;0.0;;(15, 5);RemoveObject;(9, 6);1;1556
0;0.0;;(15, 5);RemoveObject;(9, 6);1;1557
0;0.0;;(15, 5);RemoveObject;(9, 6);1;1558
0;0.0;;(15, 5);RemoveObject;(9, 6);1;1559
0;0.0;;(15, 5);RemoveObject;(9, 6);1;1560
0;0.0;;(15, 5);RemoveObject;(9, 6);1;1561
0;0.0;;(15, 5);RemoveObject;(9, 6);1;1562
0;0.0;;(15, 5);RemoveObject;(9, 6);1;1563
0;0.0;;(15, 5);RemoveObject;(9, 6);1;1564
0;0.0;;(15, 5);RemoveObject;(9, 6);1;1565
0;0.0;;(15, 5);RemoveObject;(9, 6);1;1566
0;0.0;;(15, 5);RemoveObject;(9, 6);1;1567
0;0.0;;(15, 5);;(9, 6);1;1568
0;0.0;;(15, 5);;(9, 6);1;1569
0;0.0;;(15, 5);;(9, 6);1;1570
0;0.0;;(15, 5);;(9, 6);1;1571
0;0.0;;(15, 5);;(9, 6);1;1572
0;0.0;;(15, 5);;(9, 6);1;1573
0;0.0;;(15, 5);;(9, 6);1;1574
0;0.0;;(15, 5);;(9, 6);1;1575
0;0.0;;(15, 5);;(9, 6);1;1576
0;0.0;;(15, 5);;(9, 6);1;1577
0;0.0;;(15, 5);;(9, 6);1;1578
0;0.0;;(15, 5);;(9, 6);1;1579
0;0.0;;(15, 5);;(9, 6);1;1580
0;0.0;;(15, 5);;(9, 6);1;1581
0;0.0;;(15, 5);;(9, 6);1;1582
0;0.0;;(15, 5);;(9, 6);1;1583
0;0.0;;(15, 5);;(9, 6);1;1584
0;0.0;;(15, 5);;(9, 6);1;1585
0;0.0;;(15, 5);;(9, 6);1;1586
0;0.0;;(15, 5);;(9, 6);1;1587
0;0.0;;(15, 5);;(9, 6);1;1588
0;0.0;;(15, 5);;(9, 6);1;1589
0;0.0;;(15, 5);;(9, 6);1;1590
0;0.0;;(15, 5);MoveSouth;(9, 7);1;1591
0;0.0;;(15, 5);;(9, 7);1;1592
0;0.0;;(15, 5);;(9, 7);1;1593
0;0.0;;(15, 5);;(9, 7);1;1594
0;0.0;;(15, 5);;(9, 7);1;1595
0;0.0;;(15, 5);MoveSouth;(9, 8);1;1596
0;0.0;;(15, 5);;(9, 8);1;1597
0;0.0;;(15, 5);;(9, 8);1;1598
0;0.0;;(15, 5);;(9, 8);1;1599
0;0.0;;(15, 5);;(9, 8);1;1600
0;0.0;;(15, 5);;(9, 8);1;1601
0;0.0;;(15, 5);;(9, 8);1;1602
0;0.0;;(15, 5);;(9, 8);1;1603
0;0.0;;(15, 5);;(9, 8);1;1604
0;0.0;;(15, 5);MoveEast;(10, 8);1;1605
0;0.0;;(15, 5);;(10, 8);1;1606
0;0.0;;(15, 5);;(10, 8);1;1607
0;0.0;;(15, 5);;(10, 8);1;1608
0;0.0;;(15, 5);;(10, 8);1;1609
0;0.0;;(15, 5);;(10, 8);1;1610
0;0.0;;(15, 5);;(10, 8);1;1611
0;0.0;;(15, 5);MoveSouth;(10, 9);1;1612
0;0.0;;(15, 5);;(10, 9);1;1613
0;0.0;;(15, 5);;(10, 9);1;1614
0;0.0;;(15, 5);;(10, 9);1;1615
0;0.0;;(15, 5);MoveWest;(9, 9);1;1616
0;0.0;;(15, 5);;(9, 9);1;1617
0;0.0;;(15, 5);;(9, 9);1;1618
0;0.0;;(15, 5);;(9, 9);1;1619
0;0.0;;(15, 5);;(9, 9);1;1620
0;0.0;;(15, 5);;(9, 9);1;1621
0;0.0;;(15, 5);;(9, 9);1;1622
0;0.0;;(15, 5);;(9, 9);1;1623
0;0.0;;(15, 5);;(9, 9);1;1624
0;0.0;;(15, 5);;(9, 9);1;1625
0;0.0;;(15, 5);MoveWest;(8, 9);1;1626
0;0.0;;(15, 5);;(8, 9);1;1627
0;0.0;;(15, 5);;(8, 9);1;1628
0;0.0;;(15, 5);;(8, 9);1;1629
0;0.0;;(15, 5);;(8, 9);1;1630
0;0.0;;(15, 5);;(8, 9);1;1631
0;0.0;;(15, 5);;(8, 9);1;1632
0;0.0;;(15, 5);;(8, 9);1;1633
0;0.0;;(15, 5);;(8, 9);1;1634
0;0.0;;(15, 5);MoveNorth;(8, 8);1;1635
0;0.0;;(15, 5);;(8, 8);1;1636
0;0.0;;(15, 5);;(8, 8);1;1637
0;0.0;;(15, 5);;(8, 8);1;1638
0;0.0;;(15, 5);;(8, 8);1;1639
0;0.0;;(15, 5);;(8, 8);1;1640
0;0.0;;(15, 5);;(8, 8);1;1641
0;0.0;;(15, 5);;(8, 8);1;1642
0;0.0;;(15, 5);;(8, 8);1;1643
0;0.0;;(15, 5);;(8, 8);1;1644
0;0.0;;(15, 5);;(8, 8);1;1645
0;0.0;;(15, 5);;(8, 8);1;1646
0;0.0;;(15, 5);;(8, 8);1;1647
0;0.0;;(15, 5);;(8, 8);1;1648
0;0.0;;(15, 5);;(8, 8);1;1649
0;0.0;;(15, 5);;(8, 8);1;1650
0;0.0;;(15, 5);;(8, 8);1;1651
0;0.0;;(15, 5);;(8, 8);1;1652
0;0.0;;(15, 5);;(8, 8);1;1653
0;0.0;;(15, 5);;(8, 8);1;1654
0;0.0;;(15, 5);;(8, 8);1;1655
0;0.0;;(15, 5);;(8, 8);1;1656
0;0.0;;(15, 5);;(8, 8);1;1657
0;0.0;;(15, 5);;(8, 8);1;1658
0;0.0;;(15, 5);;(8, 8);1;1659
0;0.0;;(15, 5);;(8, 8);1;1660
0;0.0;;(15, 5);;(8, 8);1;1661
0;0.0;;(15, 5);;(8, 8);1;1662
0;0.0;;(15, 5);;(8, 8);1;1663
0;0.0;;(15, 5);;(8, 8);1;1664
0;0.0;;(15, 5);;(8, 8);1;1665
0;0.0;;(15, 5);;(8, 8);1;1666
0;0.0;;(15, 5);;(8, 8);1;1667
0;0.0;;(15, 5);;(8, 8);1;1668
0;0.0;;(15, 5);;(8, 8);1;1669
0;0.0;;(15, 5);;(8, 8);1;1670
0;0.0;;(15, 5);;(8, 8);1;1671
0;0.0;;(15, 5);;(8, 8);1;1672
0;0.0;;(15, 5);;(8, 8);1;1673
0;0.0;;(15, 5);;(8, 8);1;1674
0;0.0;;(15, 5);;(8, 8);1;1675
0;0.0;;(15, 5);;(8, 8);1;1676
0;0.0;;(15, 5);;(8, 8);1;1677
0;0.0;;(15, 5);;(8, 8);1;1678
0;0.0;;(15, 5);;(8, 8);1;1679
0;0.0;;(15, 5);;(8, 8);1;1680
0;0.0;;(15, 5);;(8, 8);1;1681
0;0.0;;(15, 5);;(8, 8);1;1682
0;0.0;;(15, 5);;(8, 8);1;1683
0;0.0;;(15, 5);;(8, 8);1;1684
0;0.0;Idle;(15, 5);;(8, 8);1;1685
0;0.0;Idle;(15, 5);;(8, 8);1;1686
0;0.0;Idle;(15, 5);;(8, 8);1;1687
0;0.0;Idle;(15, 5);;(8, 8);1;1688
0;0.0;Idle;(15, 5);;(8, 8);1;1689
0;0.0;Idle;(15, 5);;(8, 8);1;1690
0;0.0;Idle;(15, 5);;(8, 8);1;1691
0;0.0;Idle;(15, 5);;(8, 8);1;1692
0;0.0;Idle;(15, 5);;(8, 8);1;1693
0;0.0;Idle;(15, 5);;(8, 8);1;1694
0;0.0;Idle;(15, 5);;(8, 8);1;1695
0;0.0;Idle;(15, 5);;(8, 8);1;1696
0;0.0;Idle;(15, 5);;(8, 8);1;1697
0;0.0;Idle;(15, 5);;(8, 8);1;1698
0;0.0;Idle;(15, 5);;(8, 8);1;1699
0;0.0;Idle;(15, 5);;(8, 8);1;1700
0;0.0;Idle;(15, 5);;(8, 8);1;1701
0;0.0;Idle;(15, 5);;(8, 8);1;1702
0;0.0;Idle;(15, 5);;(8, 8);1;1703
0;0.0;Idle;(15, 5);;(8, 8);1;1704
0;0.0;Idle;(15, 5);;(8, 8);1;1705
0;0.0;Idle;(15, 5);;(8, 8);1;1706
0;0.0;Idle;(15, 5);;(8, 8);1;1707
0;0.0;Idle;(15, 5);;(8, 8);1;1708
0;0.0;Idle;(15, 5);;(8, 8);1;1709
0;0.0;Idle;(15, 5);;(8, 8);1;1710
0;0.0;MoveWest;(15, 5);;(8, 8);1;1711
0;0.0;MoveWest;(15, 5);;(8, 8);1;1712
0;0.0;MoveWest;(15, 5);;(8, 8);1;1713
0;0.0;MoveWest;(15, 5);;(8, 8);1;1714
0;0.0;MoveWest;(15, 5);;(8, 8);1;1715
0;0.0;MoveWest;(15, 5);;(8, 8);1;1716
0;0.0;MoveWest;(15, 5);;(8, 8);1;1717
0;0.0;MoveWest;(15, 5);;(8, 8);1;1718
0;0.0;MoveWest;(14, 5);;(8, 8);1;1719
0;0.0;MoveWest;(14, 5);;(8, 8);1;1720
0;0.0;MoveWest;(14, 5);;(8, 8);1;1721
0;0.0;MoveWest;(14, 5);;(8, 8);1;1722
0;0.0;MoveWest;(14, 5);;(8, 8);1;1723
0;0.0;MoveWest;(14, 5);;(8, 8);1;1724
0;0.0;MoveWest;(14, 5);;(8, 8);1;1725
0;0.0;MoveWest;(14, 5);;(8, 8);1;1726
0;0.0;MoveWest;(14, 5);;(8, 8);1;1727
0;0.0;MoveWest;(13, 5);;(8, 8);1;1728
0;0.0;MoveWest;(13, 5);;(8, 8);1;1729
0;0.0;MoveWest;(13, 5);;(8, 8);1;1730
0;0.0;MoveWest;(13, 5);;(8, 8);1;1731
0;0.0;MoveWest;(13, 5);;(8, 8);1;1732
0;0.0;MoveWest;(13, 5);;(8, 8);1;1733
0;0.0;MoveWest;(13, 5);;(8, 8);1;1734
0;0.0;MoveWest;(13, 5);;(8, 8);1;1735
0;0.0;MoveWest;(13, 5);;(8, 8);1;1736
0;0.0;MoveWest;(12, 5);;(8, 8);1;1737
0;0.0;MoveWest;(12, 5);;(8, 8);1;1738
0;0.0;MoveWest;(12, 5);;(8, 8);1;1739
0;0.0;MoveWest;(12, 5);;(8, 8);1;1740
0;0.0;MoveWest;(12, 5);;(8, 8);1;1741
0;0.0;MoveWest;(12, 5);;(8, 8);1;1742
0;0.0;MoveWest;(12, 5);;(8, 8);1;1743
0;0.0;MoveWest;(12, 5);;(8, 8);1;1744
0;0.0;MoveWest;(12, 5);;(8, 8);1;1745
0;0.0;MoveWest;(11, 5);;(8, 8);1;1746
0;0.0;MoveWest;(11, 5);;(8, 8);1;1747
0;0.0;MoveWest;(11, 5);;(8, 8);1;1748
0;0.0;MoveWest;(11, 5);;(8, 8);1;1749
0;0.0;MoveWest;(11, 5);;(8, 8);1;1750
0;0.0;MoveWest;(11, 5);;(8, 8);1;1751
0;0.0;MoveWest;(11, 5);;(8, 8);1;1752
0;0.0;MoveWest;(11, 5);;(8, 8);1;1753
0;0.0;MoveWest;(11, 5);;(8, 8);1;1754
0;0.0;MoveWest;(10, 5);;(8, 8);1;1755
0;0.0;MoveSouthWest;(10, 5);;(8, 8);1;1756
0;0.0;MoveSouthWest;(10, 5);;(8, 8);1;1757
0;0.0;MoveSouthWest;(10, 5);;(8, 8);1;1758
0;0.0;MoveSouthWest;(10, 5);;(8, 8);1;1759
0;0.0;MoveSouthWest;(10, 5);;(8, 8);1;1760
0;0.0;MoveSouthWest;(10, 5);;(8, 8);1;1761
0;0.0;MoveSouthWest;(10, 5);;(8, 8);1;1762
0;0.0;MoveSouthWest;(10, 5);;(8, 8);1;1763
0;0.0;MoveSouthWest;(10, 5);;(8, 8);1;1764
0;0.0;MoveSouthWest;(10, 5);;(8, 8);1;1765
0;0.0;MoveSouthWest;(10, 5);;(8, 8);1;1766
0;0.0;MoveSouthWest;(10, 5);;(8, 8);1;1767
0;0.0;MoveSouthWest;(10, 5);;(8, 8);1;1768
0;0.0;MoveSouthWest;(9, 6);;(8, 8);1;1769
0;0.0;MoveSouth;(9, 6);;(8, 8);1;1770
0;0.0;MoveSouth;(9, 6);;(8, 8);1;1771
0;0.0;MoveSouth;(9, 6);;(8, 8);1;1772
0;0.0;MoveSouth;(9, 6);;(8, 8);1;1773
0;0.0;MoveSouth;(9, 6);;(8, 8);1;1774
0;0.0;MoveSouth;(9, 6);;(8, 8);1;1775
0;0.0;MoveSouth;(9, 6);;(8, 8);1;1776
0;0.0;MoveSouth;(9, 6);;(8, 8);1;1777
0;0.0;MoveSouth;(9, 7);;(8, 8);1;1778
0;0.0;MoveSouthWest;(9, 7);;(8, 8);1;1779
0;0.0;MoveSouthWest;(9, 7);;(8, 8);1;1780
0;0.0;MoveSouthWest;(9, 7);;(8, 8);1;1781
0;0.0;MoveSouthWest;(9, 7);;(8, 8);1;1782
0;0.0;MoveSouthWest;(9, 7);;(8, 8);1;1783
0;0.0;MoveSouthWest;(9, 7);;(8, 8);1;1784
0;0.0;MoveSouthWest;(9, 7);;(8, 8);1;1785
0;0.0;MoveSouthWest;(9, 7);;(8, 8);1;1786
0;0.0;MoveSouthWest;(8, 8);;(8, 8);1;1787
0;0.0;MoveSouthEast;(8, 8);;(8, 8);1;1788
0;0.0;MoveSouthEast;(8, 8);;(8, 8);1;1789
0;0.0;MoveSouthEast;(8, 8);;(8, 8);1;1790
0;0.0;MoveSouthEast;(8, 8);;(8, 8);1;1791
0;0.0;MoveSouthEast;(8, 8);;(8, 8);1;1792
0;0.0;MoveSouthEast;(8, 8);;(8, 8);1;1793
0;0.0;MoveSouthEast;(8, 8);;(8, 8);1;1794
0;0.0;MoveSouthEast;(8, 8);;(8, 8);1;1795
0;0.0;MoveSouthEast;(9, 9);;(8, 8);1;1796
0;0.0;Idle;(9, 9);;(8, 8);1;1797
0;0.0;Idle;(9, 9);;(8, 8);1;1798
0;0.0;Idle;(9, 9);;(8, 8);1;1799
0;0.0;Idle;(9, 9);;(8, 8);1;1800
0;0.0;Idle;(9, 9);;(8, 8);1;1801
0;0.0;Idle;(9, 9);;(8, 8);1;1802
0;0.0;Idle;(9, 9);;(8, 8);1;1803
0;0.0;Idle;(9, 9);;(8, 8);1;1804
0;0.0;Idle;(9, 9);;(8, 8);1;1805
0;0.0;Idle;(9, 9);;(8, 8);1;1806
0;0.0;Idle;(9, 9);;(8, 8);1;1807
0;0.0;Idle;(9, 9);;(8, 8);1;1808
0;0.0;Idle;(9, 9);;(8, 8);1;1809
0;0.0;Idle;(9, 9);;(8, 8);1;1810
0;0.0;Idle;(9, 9);;(8, 8);1;1811
0;0.0;Idle;(9, 9);;(8, 8);1;1812
0;0.0;Idle;(9, 9);;(8, 8);1;1813
0;0.0;Idle;(9, 9);;(8, 8);1;1814
0;0.0;Idle;(9, 9);;(8, 8);1;1815
0;0.0;Idle;(9, 9);;(8, 8);1;1816
0;0.0;Idle;(9, 9);;(8, 8);1;1817
0;0.0;Idle;(9, 9);;(8, 8);1;1818
0;0.0;Idle;(9, 9);;(8, 8);1;1819
0;0.0;Idle;(9, 9);;(8, 8);1;1820
0;0.0;Idle;(9, 9);;(8, 8);1;1821
0;0.0;Idle;(9, 9);;(8, 8);1;1822
0;0.0;MoveWest;(9, 9);;(8, 8);1;1823
0;0.0;MoveWest;(9, 9);;(8, 8);1;1824
0;0.0;MoveWest;(9, 9);;(8, 8);1;1825
0;0.0;MoveWest;(9, 9);;(8, 8);1;1826
0;0.0;MoveWest;(9, 9);;(8, 8);1;1827
0;0.0;MoveWest;(9, 9);;(8, 8);1;1828
0;0.0;MoveWest;(9, 9);;(8, 8);1;1829
0;0.0;MoveWest;(9, 9);;(8, 8);1;1830
0;0.0;MoveWest;(8, 9);;(8, 8);1;1831
0;0.0;;(8, 9);;(8, 8);1;1832
0;0.0;;(8, 9);;(8, 8);1;1833
0;0.0;;(8, 9);;(8, 8);1;1834
0;0.0;;(8, 9);;(8, 8);1;1835
0;0.0;;(8, 9);;(8, 8);1;1836
0;0.0;;(8, 9);;(8, 8);1;1837
0;0.0;;(8, 9);;(8, 8);1;1838
0;0.0;;(8, 9);;(8, 8);1;1839
0;0.0;;(8, 9);;(8, 8);1;1840
0;0.0;;(8, 9);;(8, 8);1;1841
0;0.0;;(8, 9);;(8, 8);1;1842
0;0.0;;(8, 9);;(8, 8);1;1843
0;0.0;;(8, 9);;(8, 8);1;1844
0;0.0;;(8, 9);;(8, 8);1;1845
0;0.0;;(8, 9);;(8, 8);1;1846
0;0.0;;(8, 9);;(8, 8);1;1847
0;0.0;;(8, 9);;(8, 8);1;1848
0;0.0;;(8, 9);;(8, 8);1;1849
0;0.0;;(8, 9);;(8, 8);1;1850
0;0.0;;(8, 9);;(8, 8);1;1851
0;0.0;;(8, 9);;(8, 8);1;1852
0;0.0;;(8, 9);;(8, 8);1;1853
0;0.0;;(8, 9);;(8, 8);1;1854
0;0.0;;(8, 9);;(8, 8);1;1855
0;0.0;;(8, 9);;(8, 8);1;1856
0;0.0;;(8, 9);;(8, 8);1;1857
0;0.0;;(8, 9);;(8, 8);1;1858
0;0.0;;(8, 9);;(8, 8);1;1859
0;0.0;;(8, 9);;(8, 8);1;1860
0;0.0;;(8, 9);;(8, 8);1;1861
0;0.0;;(8, 9);;(8, 8);1;1862
0;0.0;;(8, 9);;(8, 8);1;1863
0;0.0;;(8, 9);;(8, 8);1;1864
0;0.0;;(8, 9);;(8, 8);1;1865
0;0.0;;(8, 9);;(8, 8);1;1866
0;0.0;;(8, 9);;(8, 8);1;1867
0;0.0;;(8, 9);;(8, 8);1;1868
0;0.0;;(8, 9);;(8, 8);1;1869
0;0.0;;(8, 9);;(8, 8);1;1870
0;0.0;;(8, 9);;(8, 8);1;1871
0;0.0;;(8, 9);;(8, 8);1;1872
0;0.0;;(8, 9);;(8, 8);1;1873
0;0.0;;(8, 9);;(8, 8);1;1874
0;0.0;;(8, 9);;(8, 8);1;1875
0;0.0;;(8, 9);;(8, 8);1;1876
0;0.0;;(8, 9);;(8, 8);1;1877
0;0.0;;(8, 9);;(8, 8);1;1878
0;0.0;;(8, 9);;(8, 8);1;1879
0;0.0;;(8, 9);;(8, 8);1;1880
0;0.0;;(8, 9);;(8, 8);1;1881
0;0.0;;(8, 9);;(8, 8);1;1882
0;0.0;;(8, 9);;(8, 8);1;1883
0;0.0;;(8, 9);;(8, 8);1;1884
0;0.0;;(8, 9);;(8, 8);1;1885
0;0.0;;(8, 9);;(8, 8);1;1886
0;0.0;;(8, 9);;(8, 8);1;1887
0;0.0;;(8, 9);;(8, 8);1;1888
0;0.0;;(8, 9);;(8, 8);1;1889
0;0.0;;(8, 9);;(8, 8);1;1890
0;0.0;;(8, 9);;(8, 8);1;1891
0;0.0;;(8, 9);;(8, 8);1;1892
0;0.0;;(8, 9);;(8, 8);1;1893
0;0.0;;(8, 9);;(8, 8);1;1894
0;0.0;;(8, 9);;(8, 8);1;1895
0;0.0;;(8, 9);;(8, 8);1;1896
0;0.0;;(8, 9);;(8, 8);1;1897
0;0.0;;(8, 9);;(8, 8);1;1898
0;0.0;;(8, 9);;(8, 8);1;1899
0;0.0;;(8, 9);;(8, 8);1;1900
0;0.0;;(8, 9);;(8, 8);1;1901
0;0.0;;(8, 9);;(8, 8);1;1902
0;0.0;;(8, 9);;(8, 8);1;1903
0;0.0;;(8, 9);;(8, 8);1;1904
0;0.0;;(8, 9);;(8, 8);1;1905
0;0.0;;(8, 9);;(8, 8);1;1906
0;0.0;;(8, 9);;(8, 8);1;1907
0;0.0;;(8, 9);;(8, 8);1;1908
0;0.0;;(8, 9);;(8, 8);1;1909
0;0.0;;(8, 9);;(8, 8);1;1910
0;0.0;;(8, 9);;(8, 8);1;1911
0;0.0;;(8, 9);;(8, 8);1;1912
0;0.0;;(8, 9);;(8, 8);1;1913
0;0.0;;(8, 9);;(8, 8);1;1914
0;0.0;;(8, 9);;(8, 8);1;1915
0;0.0;;(8, 9);;(8, 8);1;1916
0;0.0;;(8, 9);;(8, 8);1;1917
0;0.0;;(8, 9);;(8, 8);1;1918
0;0.0;;(8, 9);;(8, 8);1;1919
0;0.0;;(8, 9);;(8, 8);1;1920
0;0.0;;(8, 9);;(8, 8);1;1921
0;0.0;;(8, 9);;(8, 8);1;1922
0;0.0;;(8, 9);;(8, 8);1;1923
0;0.0;;(8, 9);;(8, 8);1;1924
0;0.0;;(8, 9);;(8, 8);1;1925
0;0.0;;(8, 9);;(8, 8);1;1926
0;0.0;;(8, 9);;(8, 8);1;1927
0;0.0;;(8, 9);;(8, 8);1;1928
0;0.0;;(8, 9);;(8, 8);1;1929
0;0.0;;(8, 9);;(8, 8);1;1930
0;0.0;;(8, 9);;(8, 8);1;1931
0;0.0;;(8, 9);;(8, 8);1;1932
0;0.0;;(8, 9);;(8, 8);1;1933
0;0.0;;(8, 9);;(8, 8);1;1934
0;0.0;;(8, 9);;(8, 8);1;1935
0;0.0;;(8, 9);;(8, 8);1;1936
0;0.0;;(8, 9);;(8, 8);1;1937
0;0.0;;(8, 9);;(8, 8);1;1938
0;0.0;;(8, 9);;(8, 8);1;1939
0;0.0;;(8, 9);;(8, 8);1;1940
0;0.0;;(8, 9);;(8, 8);1;1941
0;0.0;;(8, 9);;(8, 8);1;1942
0;0.0;;(8, 9);;(8, 8);1;1943
0;0.0;;(8, 9);;(8, 8);1;1944
0;0.0;;(8, 9);;(8, 8);1;1945
0;0.0;;(8, 9);;(8, 8);1;1946
0;0.0;;(8, 9);;(8, 8);1;1947
0;0.0;;(8, 9);;(8, 8);1;1948
0;0.0;;(8, 9);;(8, 8);1;1949
0;0.0;;(8, 9);;(8, 8);1;1950
0;0.0;;(8, 9);;(8, 8);1;1951
0;0.0;;(8, 9);;(8, 8);1;1952
0;0.0;;(8, 9);;(8, 8);1;1953
0;0.0;;(8, 9);;(8, 8);1;1954
0;0.0;;(8, 9);;(8, 8);1;1955
0;0.0;;(8, 9);;(8, 8);1;1956
0;0.0;;(8, 9);;(8, 8);1;1957
0;0.0;;(8, 9);;(8, 8);1;1958
0;0.0;;(8, 9);;(8, 8);1;1959
0;0.0;;(8, 9);;(8, 8);1;1960
0;0.0;;(8, 9);;(8, 8);1;1961
0;0.0;;(8, 9);;(8, 8);1;1962
0;0.0;;(8, 9);;(8, 8);1;1963
0;0.0;;(8, 9);;(8, 8);1;1964
0;0.0;;(8, 9);;(8, 8);1;1965
0;0.0;;(8, 9);;(8, 8);1;1966
0;0.0;;(8, 9);;(8, 8);1;1967
0;0.0;;(8, 9);;(8, 8);1;1968
0;0.0;;(8, 9);;(8, 8);1;1969
0;0.0;;(8, 9);;(8, 8);1;1970
0;0.0;;(8, 9);;(8, 8);1;1971
0;0.0;;(8, 9);;(8, 8);1;1972
0;0.0;;(8, 9);;(8, 8);1;1973
0;0.0;;(8, 9);;(8, 8);1;1974
0;0.0;;(8, 9);;(8, 8);1;1975
0;0.0;;(8, 9);;(8, 8);1;1976
0;0.0;;(8, 9);;(8, 8);1;1977
0;0.0;;(8, 9);;(8, 8);1;1978
0;0.0;;(8, 9);;(8, 8);1;1979
0;0.0;;(8, 9);;(8, 8);1;1980
0;0.0;;(8, 9);;(8, 8);1;1981
0;0.0;;(8, 9);;(8, 8);1;1982
0;0.0;;(8, 9);;(8, 8);1;1983
0;0.0;;(8, 9);;(8, 8);1;1984
0;0.0;;(8, 9);;(8, 8);1;1985
0;0.0;;(8, 9);;(8, 8);1;1986
0;0.0;;(8, 9);;(8, 8);1;1987
0;0.0;;(8, 9);;(8, 8);1;1988
0;0.0;;(8, 9);;(8, 8);1;1989
0;0.0;;(8, 9);;(8, 8);1;1990
0;0.0;;(8, 9);;(8, 8);1;1991
0;0.0;;(8, 9);;(8, 8);1;1992
0;0.0;;(8, 9);;(8, 8);1;1993
0;0.0;;(8, 9);;(8, 8);1;1994
0;0.0;;(8, 9);;(8, 8);1;1995
0;0.0;;(8, 9);;(8, 8);1;1996
0;0.0;;(8, 9);;(8, 8);1;1997
0;0.0;;(8, 9);;(8, 8);1;1998
0;0.0;;(8, 9);;(8, 8);1;1999
0;0.0;;(8, 9);;(8, 8);1;2000
0;0.0;;(8, 9);;(8, 8);1;2001
0;0.0;;(8, 9);;(8, 8);1;2002
0;0.0;;(8, 9);;(8, 8);1;2003
0;0.0;;(8, 9);;(8, 8);1;2004
0;0.0;;(8, 9);;(8, 8);1;2005
0;0.0;;(8, 9);;(8, 8);1;2006
0;0.0;;(8, 9);;(8, 8);1;2007
0;0.0;;(8, 9);;(8, 8);1;2008
0;0.0;;(8, 9);;(8, 8);1;2009
0;0.0;;(8, 9);;(8, 8);1;2010
0;0.0;;(8, 9);;(8, 8);1;2011
0;0.0;;(8, 9);;(8, 8);1;2012
0;0.0;;(8, 9);;(8, 8);1;2013
0;0.0;;(8, 9);;(8, 8);1;2014
0;0.0;;(8, 9);;(8, 8);1;2015
0;0.0;;(8, 9);;(8, 8);1;2016
0;0.0;;(8, 9);;(8, 8);1;2017
0;0.0;;(8, 9);;(8, 8);1;2018
0;0.0;;(8, 9);;(8, 8);1;2019
0;0.0;;(8, 9);;(8, 8);1;2020
0;0.0;;(8, 9);;(8, 8);1;2021
0;0.0;;(8, 9);;(8, 8);1;2022
0;0.0;;(8, 9);;(8, 8);1;2023
0;0.0;;(8, 9);;(8, 8);1;2024
0;0.0;;(8, 9);;(8, 8);1;2025
0;0.0;;(8, 9);;(8, 8);1;2026
0;0.0;;(8, 9);;(8, 8);1;2027
0;0.0;;(8, 9);;(8, 8);1;2028
0;0.0;;(8, 9);;(8, 8);1;2029
0;0.0;;(8, 9);;(8, 8);1;2030
0;0.0;;(8, 9);;(8, 8);1;2031
0;0.0;;(8, 9);;(8, 8);1;2032
0;0.0;;(8, 9);;(8, 8);1;2033
0;0.0;;(8, 9);;(8, 8);1;2034
0;0.0;;(8, 9);;(8, 8);1;2035
0;0.0;;(8, 9);;(8, 8);1;2036
0;0.0;;(8, 9);;(8, 8);1;2037
0;0.0;;(8, 9);;(8, 8);1;2038
0;0.0;;(8, 9);;(8, 8);1;2039
0;0.0;;(8, 9);;(8, 8);1;2040
0;0.0;;(8, 9);;(8, 8);1;2041
0;0.0;;(8, 9);;(8, 8);1;2042
0;0.0;;(8, 9);;(8, 8);1;2043
0;0.0;;(8, 9);;(8, 8);1;2044
0;0.0;;(8, 9);;(8, 8);1;2045
0;0.0;;(8, 9);;(8, 8);1;2046
0;0.0;;(8, 9);;(8, 8);1;2047
0;0.0;;(8, 9);;(8, 8);1;2048
0;0.0;;(8, 9);;(8, 8);1;2049
0;0.0;;(8, 9);;(8, 8);1;2050
0;0.0;;(8, 9);;(8, 8);1;2051
0;0.0;;(8, 9);;(8, 8);1;2052
0;0.0;;(8, 9);;(8, 8);1;2053
0;0.0;;(8, 9);;(8, 8);1;2054
0;0.0;;(8, 9);;(8, 8);1;2055
0;0.0;;(8, 9);;(8, 8);1;2056
0;0.0;;(8, 9);;(8, 8);1;2057
0;0.0;;(8, 9);;(8, 8);1;2058
0;0.0;;(8, 9);;(8, 8);1;2059
0;0.0;;(8, 9);;(8, 8);1;2060
0;0.0;;(8, 9);;(8, 8);1;2061
0;0.0;;(8, 9);;(8, 8);1;2062
0;0.0;;(8, 9);;(8, 8);1;2063
0;0.0;;(8, 9);;(8, 8);1;2064
0;0.0;;(8, 9);;(8, 8);1;2065
0;0.0;;(8, 9);;(8, 8);1;2066
0;0.0;;(8, 9);;(8, 8);1;2067
0;0.0;;(8, 9);;(8, 8);1;2068
0;0.0;;(8, 9);;(8, 8);1;2069
0;0.0;;(8, 9);;(8, 8);1;2070
0;0.0;;(8, 9);;(8, 8);1;2071
0;0.0;;(8, 9);;(8, 8);1;2072
0;0.0;;(8, 9);;(8, 8);1;2073
0;0.0;;(8, 9);;(8, 8);1;2074
0;0.0;;(8, 9);;(8, 8);1;2075
0;0.0;;(8, 9);;(8, 8);1;2076
0;0.0;;(8, 9);;(8, 8);1;2077
0;0.0;;(8, 9);;(8, 8);1;2078
0;0.0;;(8, 9);;(8, 8);1;2079
0;0.0;;(8, 9);;(8, 8);1;2080
0;0.0;;(8, 9);;(8, 8);1;2081
0;0.0;;(8, 9);;(8, 8);1;2082
0;0.0;;(8, 9);;(8, 8);1;2083
0;0.0;;(8, 9);;(8, 8);1;2084
0;0.0;;(8, 9);;(8, 8);1;2085
0;0.0;;(8, 9);;(8, 8);1;2086
0;0.0;;(8, 9);;(8, 8);1;2087
0;0.0;;(8, 9);;(8, 8);1;2088
0;0.0;;(8, 9);;(8, 8);1;2089
0;0.0;;(8, 9);;(8, 8);1;2090
0;0.0;;(8, 9);;(8, 8);1;2091
0;0.0;;(8, 9);;(8, 8);1;2092
0;0.0;;(8, 9);;(8, 8);1;2093
0;0.0;;(8, 9);;(8, 8);1;2094
0;0.0;;(8, 9);;(8, 8);1;2095
0;0.0;;(8, 9);;(8, 8);1;2096
0;0.0;;(8, 9);;(8, 8);1;2097
0;0.0;;(8, 9);;(8, 8);1;2098
0;0.0;;(8, 9);;(8, 8);1;2099
0;0.0;;(8, 9);;(8, 8);1;2100
0;0.0;;(8, 9);;(8, 8);1;2101
0;0.0;;(8, 9);;(8, 8);1;2102
0;0.0;;(8, 9);;(8, 8);1;2103
0;0.0;;(8, 9);;(8, 8);1;2104
0;0.0;;(8, 9);;(8, 8);1;2105
0;0.0;;(8, 9);;(8, 8);1;2106
0;0.0;;(8, 9);;(8, 8);1;2107
0;0.0;;(8, 9);;(8, 8);1;2108
0;0.0;;(8, 9);;(8, 8);1;2109
0;0.0;;(8, 9);;(8, 8);1;2110
0;0.0;;(8, 9);;(8, 8);1;2111
0;0.0;;(8, 9);;(8, 8);1;2112
0;0.0;;(8, 9);;(8, 8);1;2113
0;0.0;;(8, 9);;(8, 8);1;2114
0;0.0;;(8, 9);;(8, 8);1;2115
0;0.0;;(8, 9);;(8, 8);1;2116
0;0.0;;(8, 9);;(8, 8);1;2117
0;0.0;;(8, 9);;(8, 8);1;2118
0;0.0;;(8, 9);;(8, 8);1;2119
0;0.0;;(8, 9);;(8, 8);1;2120
0;0.0;;(8, 9);;(8, 8);1;2121
0;0.0;;(8, 9);;(8, 8);1;2122
0;0.0;;(8, 9);;(8, 8);1;2123
0;0.0;;(8, 9);;(8, 8);1;2124
0;0.0;;(8, 9);;(8, 8);1;2125
0;0.0;;(8, 9);;(8, 8);1;2126
0;0.0;;(8, 9);;(8, 8);1;2127
0;0.0;;(8, 9);;(8, 8);1;2128
0;0.0;;(8, 9);;(8, 8);1;2129
0;0.0;;(8, 9);;(8, 8);1;2130
0;0.0;;(8, 9);;(8, 8);1;2131
0;0.0;;(8, 9);;(8, 8);1;2132
0;0.0;;(8, 9);;(8, 8);1;2133
0;0.0;;(8, 9);;(8, 8);1;2134
0;0.0;;(8, 9);;(8, 8);1;2135
0;0.0;;(8, 9);;(8, 8);1;2136
0;0.0;;(8, 9);;(8, 8);1;2137
0;0.0;;(8, 9);;(8, 8);1;2138
0;0.0;;(8, 9);;(8, 8);1;2139
0;0.0;;(8, 9);;(8, 8);1;2140
0;0.0;;(8, 9);;(8, 8);1;2141
0;0.0;;(8, 9);;(8, 8);1;2142
0;0.0;;(8, 9);;(8, 8);1;2143
0;0.0;;(8, 9);;(8, 8);1;2144
0;0.0;;(8, 9);;(8, 8);1;2145
0;0.0;;(8, 9);;(8, 8);1;2146
0;0.0;;(8, 9);;(8, 8);1;2147
0;0.0;;(8, 9);;(8, 8);1;2148
0;0.0;;(8, 9);;(8, 8);1;2149
0;0.0;;(8, 9);;(8, 8);1;2150
0;0.0;;(8, 9);;(8, 8);1;2151
0;0.0;;(8, 9);;(8, 8);1;2152
0;0.0;;(8, 9);;(8, 8);1;2153
0;0.0;;(8, 9);;(8, 8);1;2154
0;0.0;;(8, 9);;(8, 8);1;2155
0;0.0;;(8, 9);;(8, 8);1;2156
0;0.0;;(8, 9);;(8, 8);1;2157
0;0.0;;(8, 9);;(8, 8);1;2158
0;0.0;;(8, 9);;(8, 8);1;2159
0;0.0;;(8, 9);;(8, 8);1;2160
0;0.0;;(8, 9);;(8, 8);1;2161
0;0.0;;(8, 9);;(8, 8);1;2162
0;0.0;;(8, 9);;(8, 8);1;2163
0;0.0;;(8, 9);;(8, 8);1;2164
0;0.0;;(8, 9);;(8, 8);1;2165
0;0.0;;(8, 9);;(8, 8);1;2166
0;0.0;;(8, 9);;(8, 8);1;2167
0;0.0;;(8, 9);;(8, 8);1;2168
0;0.0;;(8, 9);;(8, 8);1;2169
0;0.0;;(8, 9);;(8, 8);1;2170
0;0.0;;(8, 9);;(8, 8);1;2171
0;0.0;;(8, 9);;(8, 8);1;2172
0;0.0;;(8, 9);;(8, 8);1;2173
0;0.0;;(8, 9);;(8, 8);1;2174
0;0.0;;(8, 9);;(8, 8);1;2175
0;0.0;;(8, 9);;(8, 8);1;2176
0;0.0;;(8, 9);;(8, 8);1;2177
0;0.0;;(8, 9);;(8, 8);1;2178
0;0.0;;(8, 9);;(8, 8);1;2179
0;0.0;;(8, 9);;(8, 8);1;2180
0;0.0;;(8, 9);;(8, 8);1;2181
0;0.0;;(8, 9);;(8, 8);1;2182
0;0.0;;(8, 9);;(8, 8);1;2183
0;0.0;;(8, 9);;(8, 8);1;2184
0;0.0;;(8, 9);;(8, 8);1;2185
0;0.0;;(8, 9);;(8, 8);1;2186
0;0.0;;(8, 9);;(8, 8);1;2187
0;0.0;;(8, 9);;(8, 8);1;2188
0;0.0;;(8, 9);;(8, 8);1;2189
0;0.0;;(8, 9);;(8, 8);1;2190
0;0.0;;(8, 9);;(8, 8);1;2191
0;0.0;;(8, 9);;(8, 8);1;2192
0;0.0;;(8, 9);;(8, 8);1;2193
0;0.0;;(8, 9);;(8, 8);1;2194
0;0.0;;(8, 9);;(8, 8);1;2195
0;0.0;;(8, 9);;(8, 8);1;2196
0;0.0;;(8, 9);;(8, 8);1;2197
0;0.0;;(8, 9);;(8, 8);1;2198
0;0.0;;(8, 9);;(8, 8);1;2199
0;0.0;;(8, 9);;(8, 8);1;2200
0;0.0;;(8, 9);;(8, 8);1;2201
0;0.0;;(8, 9);;(8, 8);1;2202
0;0.0;;(8, 9);;(8, 8);1;2203
0;0.0;;(8, 9);;(8, 8);1;2204
0;0.0;;(8, 9);;(8, 8);1;2205
0;0.0;;(8, 9);;(8, 8);1;2206
0;0.0;;(8, 9);;(8, 8);1;2207
0;0.0;;(8, 9);;(8, 8);1;2208
0;0.0;;(8, 9);;(8, 8);1;2209
0;0.0;;(8, 9);;(8, 8);1;2210
0;0.0;;(8, 9);;(8, 8);1;2211
0;0.0;;(8, 9);;(8, 8);1;2212
0;0.0;;(8, 9);;(8, 8);1;2213
0;0.0;;(8, 9);;(8, 8);1;2214
0;0.0;;(8, 9);;(8, 8);1;2215
0;0.0;;(8, 9);;(8, 8);1;2216
0;0.0;;(8, 9);;(8, 8);1;2217
0;0.0;;(8, 9);;(8, 8);1;2218
0;0.0;;(8, 9);;(8, 8);1;2219
0;0.0;;(8, 9);;(8, 8);1;2220
0;0.0;;(8, 9);;(8, 8);1;2221
0;0.0;;(8, 9);;(8, 8);1;2222
0;0.0;;(8, 9);;(8, 8);1;2223
0;0.0;;(8, 9);;(8, 8);1;2224
0;0.0;;(8, 9);;(8, 8);1;2225
0;0.0;;(8, 9);;(8, 8);1;2226
0;0.0;;(8, 9);;(8, 8);1;2227
0;0.0;;(8, 9);;(8, 8);1;2228
0;0.0;;(8, 9);;(8, 8);1;2229
0;0.0;;(8, 9);;(8, 8);1;2230
0;0.0;;(8, 9);;(8, 8);1;2231
0;0.0;;(8, 9);;(8, 8);1;2232
0;0.0;;(8, 9);;(8, 8);1;2233
0;0.0;;(8, 9);;(8, 8);1;2234
0;0.0;;(8, 9);;(8, 8);1;2235
0;0.0;;(8, 9);;(8, 8);1;2236
0;0.0;;(8, 9);;(8, 8);1;2237
0;0.0;;(8, 9);;(8, 8);1;2238
0;0.0;;(8, 9);;(8, 8);1;2239
0;0.0;;(8, 9);;(8, 8);1;2240
0;0.0;;(8, 9);;(8, 8);1;2241
0;0.0;;(8, 9);;(8, 8);1;2242
0;0.0;;(8, 9);;(8, 8);1;2243
0;0.0;;(8, 9);;(8, 8);1;2244
0;0.0;;(8, 9);;(8, 8);1;2245
0;0.0;;(8, 9);;(8, 8);1;2246
0;0.0;;(8, 9);;(8, 8);1;2247
0;0.0;;(8, 9);;(8, 8);1;2248
0;0.0;;(8, 9);;(8, 8);1;2249
0;0.0;;(8, 9);;(8, 8);1;2250
0;0.0;;(8, 9);;(8, 8);1;2251
0;0.0;;(8, 9);;(8, 8);1;2252
0;0.0;;(8, 9);;(8, 8);1;2253
0;0.0;;(8, 9);;(8, 8);1;2254
0;0.0;;(8, 9);;(8, 8);1;2255
0;0.0;;(8, 9);;(8, 8);1;2256
0;0.0;;(8, 9);;(8, 8);1;2257
0;0.0;;(8, 9);;(8, 8);1;2258
0;0.0;;(8, 9);;(8, 8);1;2259
0;0.0;;(8, 9);;(8, 8);1;2260
0;0.0;;(8, 9);;(8, 8);1;2261
0;0.0;;(8, 9);;(8, 8);1;2262
0;0.0;;(8, 9);;(8, 8);1;2263
0;0.0;;(8, 9);;(8, 8);1;2264
0;0.0;;(8, 9);;(8, 8);1;2265
0;0.0;;(8, 9);;(8, 8);1;2266
0;0.0;;(8, 9);;(8, 8);1;2267
0;0.0;;(8, 9);;(8, 8);1;2268
0;0.0;;(8, 9);;(8, 8);1;2269
0;0.0;;(8, 9);;(8, 8);1;2270
0;0.0;;(8, 9);;(8, 8);1;2271
0;0.0;;(8, 9);;(8, 8);1;2272
0;0.0;;(8, 9);;(8, 8);1;2273
0;0.0;;(8, 9);;(8, 8);1;2274
0;0.0;;(8, 9);;(8, 8);1;2275
0;0.0;;(8, 9);;(8, 8);1;2276
0;0.0;;(8, 9);;(8, 8);1;2277
0;0.0;;(8, 9);;(8, 8);1;2278
0;0.0;;(8, 9);;(8, 8);1;2279
0;0.0;;(8, 9);;(8, 8);1;2280
0;0.0;;(8, 9);;(8, 8);1;2281
0;0.0;;(8, 9);;(8, 8);1;2282
0;0.0;;(8, 9);;(8, 8);1;2283
0;0.0;;(8, 9);;(8, 8);1;2284
0;0.0;;(8, 9);;(8, 8);1;2285
0;0.0;;(8, 9);;(8, 8);1;2286
0;0.0;;(8, 9);;(8, 8);1;2287
0;0.0;;(8, 9);;(8, 8);1;2288
0;0.0;;(8, 9);;(8, 8);1;2289
0;0.0;;(8, 9);;(8, 8);1;2290
0;0.0;;(8, 9);;(8, 8);1;2291
0;0.0;;(8, 9);;(8, 8);1;2292
0;0.0;;(8, 9);;(8, 8);1;2293
0;0.0;;(8, 9);;(8, 8);1;2294
0;0.0;;(8, 9);;(8, 8);1;2295
0;0.0;;(8, 9);;(8, 8);1;2296
0;0.0;;(8, 9);;(8, 8);1;2297
0;0.0;;(8, 9);;(8, 8);1;2298
0;0.0;;(8, 9);;(8, 8);1;2299
0;0.0;;(8, 9);;(8, 8);1;2300
0;0.0;;(8, 9);;(8, 8);1;2301
0;0.0;;(8, 9);;(8, 8);1;2302
0;0.0;;(8, 9);;(8, 8);1;2303
0;0.0;;(8, 9);;(8, 8);1;2304
0;0.0;;(8, 9);;(8, 8);1;2305
0;0.0;;(8, 9);;(8, 8);1;2306
0;0.0;;(8, 9);;(8, 8);1;2307
0;0.0;;(8, 9);;(8, 8);1;2308
0;0.0;;(8, 9);;(8, 8);1;2309
0;0.0;;(8, 9);;(8, 8);1;2310
0;0.0;;(8, 9);;(8, 8);1;2311
0;0.0;;(8, 9);;(8, 8);1;2312
0;0.0;;(8, 9);;(8, 8);1;2313
0;0.0;;(8, 9);;(8, 8);1;2314
0;0.0;;(8, 9);;(8, 8);1;2315
0;0.0;;(8, 9);;(8, 8);1;2316
0;0.0;;(8, 9);;(8, 8);1;2317
0;0.0;;(8, 9);;(8, 8);1;2318
0;0.0;;(8, 9);;(8, 8);1;2319
0;0.0;;(8, 9);;(8, 8);1;2320
0;0.0;;(8, 9);;(8, 8);1;2321
0;0.0;;(8, 9);;(8, 8);1;2322
0;0.0;;(8, 9);;(8, 8);1;2323
0;0.0;;(8, 9);;(8, 8);1;2324
0;0.0;;(8, 9);;(8, 8);1;2325
0;0.0;;(8, 9);;(8, 8);1;2326
0;0.0;;(8, 9);;(8, 8);1;2327
0;0.0;;(8, 9);;(8, 8);1;2328
0;0.0;;(8, 9);;(8, 8);1;2329
0;0.0;;(8, 9);;(8, 8);1;2330
0;0.0;;(8, 9);;(8, 8);1;2331
0;0.0;;(8, 9);;(8, 8);1;2332
0;0.0;;(8, 9);;(8, 8);1;2333
0;0.0;;(8, 9);;(8, 8);1;2334
0;0.0;;(8, 9);;(8, 8);1;2335
0;0.0;;(8, 9);;(8, 8);1;2336
0;0.0;;(8, 9);;(8, 8);1;2337
0;0.0;;(8, 9);;(8, 8);1;2338
0;0.0;;(8, 9);;(8, 8);1;2339
0;0.0;;(8, 9);;(8, 8);1;2340
0;0.0;;(8, 9);;(8, 8);1;2341
0;0.0;;(8, 9);;(8, 8);1;2342
0;0.0;;(8, 9);;(8, 8);1;2343
0;0.0;;(8, 9);;(8, 8);1;2344
0;0.0;;(8, 9);;(8, 8);1;2345
0;0.0;;(8, 9);;(8, 8);1;2346
0;0.0;;(8, 9);;(8, 8);1;2347
0;0.0;;(8, 9);;(8, 8);1;2348
0;0.0;;(8, 9);;(8, 8);1;2349
0;0.0;;(8, 9);;(8, 8);1;2350
0;0.0;;(8, 9);;(8, 8);1;2351
0;0.0;;(8, 9);;(8, 8);1;2352
0;0.0;;(8, 9);;(8, 8);1;2353
0;0.0;;(8, 9);;(8, 8);1;2354
0;0.0;;(8, 9);;(8, 8);1;2355
0;0.0;;(8, 9);;(8, 8);1;2356
0;0.0;;(8, 9);;(8, 8);1;2357
0;0.0;;(8, 9);;(8, 8);1;2358
0;0.0;;(8, 9);;(8, 8);1;2359
0;0.0;;(8, 9);;(8, 8);1;2360
0;0.0;;(8, 9);;(8, 8);1;2361
0;0.0;;(8, 9);;(8, 8);1;2362
0;0.0;;(8, 9);;(8, 8);1;2363
0;0.0;;(8, 9);;(8, 8);1;2364
0;0.0;;(8, 9);;(8, 8);1;2365
0;0.0;;(8, 9);;(8, 8);1;2366
0;0.0;;(8, 9);;(8, 8);1;2367
0;0.0;;(8, 9);;(8, 8);1;2368
0;0.0;;(8, 9);;(8, 8);1;2369
0;0.0;;(8, 9);;(8, 8);1;2370
0;0.0;;(8, 9);;(8, 8);1;2371
0;0.0;;(8, 9);;(8, 8);1;2372
0;0.0;;(8, 9);;(8, 8);1;2373
0;0.0;;(8, 9);;(8, 8);1;2374
0;0.0;;(8, 9);;(8, 8);1;2375
0;0.0;;(8, 9);;(8, 8);1;2376
0;0.0;;(8, 9);;(8, 8);1;2377
0;0.0;;(8, 9);;(8, 8);1;2378
0;0.0;;(8, 9);;(8, 8);1;2379
0;0.0;;(8, 9);;(8, 8);1;2380
0;0.0;;(8, 9);;(8, 8);1;2381
0;0.0;;(8, 9);;(8, 8);1;2382
0;0.0;;(8, 9);;(8, 8);1;2383
0;0.0;;(8, 9);;(8, 8);1;2384
0;0.0;;(8, 9);;(8, 8);1;2385
0;0.0;;(8, 9);;(8, 8);1;2386
0;0.0;;(8, 9);;(8, 8);1;2387
0;0.0;;(8, 9);;(8, 8);1;2388
0;0.0;;(8, 9);;(8, 8);1;2389
0;0.0;;(8, 9);;(8, 8);1;2390
0;0.0;;(8, 9);;(8, 8);1;2391
0;0.0;;(8, 9);;(8, 8);1;2392
0;0.0;;(8, 9);;(8, 8);1;2393
0;0.0;;(8, 9);;(8, 8);1;2394
0;0.0;;(8, 9);;(8, 8);1;2395
0;0.0;;(8, 9);;(8, 8);1;2396
0;0.0;;(8, 9);;(8, 8);1;2397
0;0.0;;(8, 9);;(8, 8);1;2398
0;0.0;;(8, 9);;(8, 8);1;2399
0;0.0;;(8, 9);;(8, 8);1;2400
0;0.0;;(8, 9);;(8, 8);1;2401
0;0.0;;(8, 9);;(8, 8);1;2402
0;0.0;;(8, 9);;(8, 8);1;2403
0;0.0;;(8, 9);;(8, 8);1;2404
0;0.0;;(8, 9);;(8, 8);1;2405
0;0.0;;(8, 9);;(8, 8);1;2406
0;0.0;;(8, 9);;(8, 8);1;2407
0;0.0;;(8, 9);;(8, 8);1;2408
0;0.0;;(8, 9);;(8, 8);1;2409
0;0.0;;(8, 9);;(8, 8);1;2410
0;0.0;;(8, 9);;(8, 8);1;2411
0;0.0;;(8, 9);;(8, 8);1;2412
0;0.0;;(8, 9);;(8, 8);1;2413
0;0.0;;(8, 9);;(8, 8);1;2414
0;0.0;;(8, 9);;(8, 8);1;2415
0;0.0;;(8, 9);;(8, 8);1;2416
0;0.0;;(8, 9);;(8, 8);1;2417
0;0.0;;(8, 9);;(8, 8);1;2418
0;0.0;;(8, 9);;(8, 8);1;2419
0;0.0;;(8, 9);;(8, 8);1;2420
0;0.0;;(8, 9);;(8, 8);1;2421
0;0.0;;(8, 9);;(8, 8);1;2422
0;0.0;;(8, 9);;(8, 8);1;2423
0;0.0;;(8, 9);;(8, 8);1;2424
0;0.0;;(8, 9);;(8, 8);1;2425
0;0.0;;(8, 9);;(8, 8);1;2426
0;0.0;;(8, 9);;(8, 8);1;2427
0;0.0;;(8, 9);;(8, 8);1;2428
0;0.0;;(8, 9);;(8, 8);1;2429
0;0.0;;(8, 9);;(8, 8);1;2430
0;0.0;;(8, 9);;(8, 8);1;2431
0;0.0;;(8, 9);;(8, 8);1;2432
0;0.0;;(8, 9);;(8, 8);1;2433
0;0.0;;(8, 9);;(8, 8);1;2434
0;0.0;;(8, 9);;(8, 8);1;2435
0;0.0;;(8, 9);;(8, 8);1;2436
0;0.0;;(8, 9);;(8, 8);1;2437
0;0.0;;(8, 9);;(8, 8);1;2438
0;0.0;;(8, 9);;(8, 8);1;2439
0;0.0;;(8, 9);;(8, 8);1;2440
0;0.0;;(8, 9);;(8, 8);1;2441
0;0.0;;(8, 9);;(8, 8);1;2442
0;0.0;;(8, 9);;(8, 8);1;2443
0;0.0;;(8, 9);;(8, 8);1;2444
0;0.0;;(8, 9);;(8, 8);1;2445
0;0.0;;(8, 9);;(8, 8);1;2446
0;0.0;;(8, 9);;(8, 8);1;2447
0;0.0;;(8, 9);;(8, 8);1;2448
0;0.0;;(8, 9);;(8, 8);1;2449
0;0.0;;(8, 9);;(8, 8);1;2450
0;0.0;;(8, 9);;(8, 8);1;2451
0;0.0;;(8, 9);;(8, 8);1;2452
0;0.0;;(8, 9);;(8, 8);1;2453
0;0.0;;(8, 9);;(8, 8);1;2454
0;0.0;;(8, 9);;(8, 8);1;2455
0;0.0;;(8, 9);;(8, 8);1;2456
0;0.0;;(8, 9);;(8, 8);1;2457
0;0.0;;(8, 9);;(8, 8);1;2458
0;0.0;;(8, 9);;(8, 8);1;2459
0;0.0;;(8, 9);;(8, 8);1;2460
0;0.0;;(8, 9);;(8, 8);1;2461
0;0.0;;(8, 9);;(8, 8);1;2462
0;0.0;;(8, 9);;(8, 8);1;2463
0;0.0;;(8, 9);;(8, 8);1;2464
0;0.0;;(8, 9);;(8, 8);1;2465
0;0.0;;(8, 9);;(8, 8);1;2466
0;0.0;;(8, 9);;(8, 8);1;2467
0;0.0;;(8, 9);;(8, 8);1;2468
0;0.0;;(8, 9);;(8, 8);1;2469
0;0.0;;(8, 9);;(8, 8);1;2470
0;0.0;;(8, 9);;(8, 8);1;2471
0;0.0;;(8, 9);;(8, 8);1;2472
0;0.0;;(8, 9);;(8, 8);1;2473
0;0.0;;(8, 9);;(8, 8);1;2474
0;0.0;;(8, 9);;(8, 8);1;2475
0;0.0;;(8, 9);;(8, 8);1;2476
0;0.0;;(8, 9);;(8, 8);1;2477
0;0.0;;(8, 9);;(8, 8);1;2478
0;0.0;;(8, 9);;(8, 8);1;2479
0;0.0;;(8, 9);;(8, 8);1;2480
0;0.0;;(8, 9);;(8, 8);1;2481
0;0.0;;(8, 9);;(8, 8);1;2482
0;0.0;;(8, 9);;(8, 8);1;2483
0;0.0;;(8, 9);;(8, 8);1;2484
0;0.0;;(8, 9);;(8, 8);1;2485
0;0.0;;(8, 9);;(8, 8);1;2486
0;0.0;;(8, 9);;(8, 8);1;2487
0;0.0;;(8, 9);;(8, 8);1;2488
0;0.0;;(8, 9);;(8, 8);1;2489
0;0.0;;(8, 9);;(8, 8);1;2490
0;0.0;;(8, 9);;(8, 8);1;2491
0;0.0;;(8, 9);;(8, 8);1;2492
0;0.0;;(8, 9);;(8, 8);1;2493
0;0.0;;(8, 9);;(8, 8);1;2494
0;0.0;;(8, 9);;(8, 8);1;2495
0;0.0;;(8, 9);;(8, 8);1;2496
0;0.0;;(8, 9);;(8, 8);1;2497
0;0.0;;(8, 9);;(8, 8);1;2498
0;0.0;;(8, 9);;(8, 8);1;2499
0;0.0;;(8, 9);;(8, 8);1;2500
0;0.0;;(8, 9);;(8, 8);1;2501
0;0.0;;(8, 9);;(8, 8);1;2502
0;0.0;;(8, 9);;(8, 8);1;2503
0;0.0;;(8, 9);;(8, 8);1;2504
0;0.0;;(8, 9);;(8, 8);1;2505
0;0.0;;(8, 9);;(8, 8);1;2506
0;0.0;;(8, 9);;(8, 8);1;2507
0;0.0;;(8, 9);;(8, 8);1;2508
0;0.0;;(8, 9);;(8, 8);1;2509
0;0.0;;(8, 9);;(8, 8);1;2510
0;0.0;;(8, 9);;(8, 8);1;2511
0;0.0;;(8, 9);;(8, 8);1;2512
0;0.0;;(8, 9);;(8, 8);1;2513
0;0.0;;(8, 9);;(8, 8);1;2514
0;0.0;;(8, 9);;(8, 8);1;2515
0;0.0;;(8, 9);;(8, 8);1;2516
0;0.0;;(8, 9);;(8, 8);1;2517
0;0.0;;(8, 9);;(8, 8);1;2518
0;0.0;;(8, 9);;(8, 8);1;2519
0;0.0;;(8, 9);;(8, 8);1;2520
0;0.0;;(8, 9);;(8, 8);1;2521
0;0.0;;(8, 9);;(8, 8);1;2522
0;0.0;;(8, 9);;(8, 8);1;2523
0;0.0;;(8, 9);;(8, 8);1;2524
0;0.0;;(8, 9);;(8, 8);1;2525
0;0.0;;(8, 9);;(8, 8);1;2526
0;0.0;;(8, 9);;(8, 8);1;2527
0;0.0;;(8, 9);;(8, 8);1;2528
0;0.0;;(8, 9);;(8, 8);1;2529
0;0.0;;(8, 9);;(8, 8);1;2530
0;0.0;;(8, 9);;(8, 8);1;2531
0;0.0;;(8, 9);;(8, 8);1;2532
0;0.0;;(8, 9);;(8, 8);1;2533
0;0.0;;(8, 9);;(8, 8);1;2534
0;0.0;;(8, 9);;(8, 8);1;2535
0;0.0;;(8, 9);;(8, 8);1;2536
0;0.0;;(8, 9);;(8, 8);1;2537
0;0.0;;(8, 9);;(8, 8);1;2538
0;0.0;;(8, 9);;(8, 8);1;2539
0;0.0;;(8, 9);;(8, 8);1;2540
0;0.0;;(8, 9);;(8, 8);1;2541
0;0.0;;(8, 9);;(8, 8);1;2542
0;0.0;;(8, 9);;(8, 8);1;2543
0;0.0;;(8, 9);;(8, 8);1;2544
0;0.0;;(8, 9);;(8, 8);1;2545
0;0.0;;(8, 9);;(8, 8);1;2546
0;0.0;;(8, 9);;(8, 8);1;2547
0;0.0;;(8, 9);;(8, 8);1;2548
0;0.0;;(8, 9);;(8, 8);1;2549
0;0.0;;(8, 9);;(8, 8);1;2550
0;0.0;;(8, 9);;(8, 8);1;2551
0;0.0;;(8, 9);;(8, 8);1;2552
0;0.0;;(8, 9);;(8, 8);1;2553
0;0.0;;(8, 9);;(8, 8);1;2554
0;0.0;;(8, 9);;(8, 8);1;2555
0;0.0;;(8, 9);;(8, 8);1;2556
0;0.0;;(8, 9);;(8, 8);1;2557
0;0.0;;(8, 9);;(8, 8);1;2558
0;0.0;;(8, 9);;(8, 8);1;2559
0;0.0;;(8, 9);;(8, 8);1;2560
0;0.0;;(8, 9);;(8, 8);1;2561
0;0.0;;(8, 9);;(8, 8);1;2562
0;0.0;;(8, 9);;(8, 8);1;2563
0;0.0;;(8, 9);;(8, 8);1;2564
0;0.0;;(8, 9);;(8, 8);1;2565
0;0.0;;(8, 9);;(8, 8);1;2566
0;0.0;;(8, 9);;(8, 8);1;2567
0;0.0;;(8, 9);;(8, 8);1;2568
0;0.0;;(8, 9);;(8, 8);1;2569
0;0.0;;(8, 9);;(8, 8);1;2570
0;0.0;;(8, 9);;(8, 8);1;2571
0;0.0;;(8, 9);;(8, 8);1;2572
0;0.0;;(8, 9);;(8, 8);1;2573
0;0.0;;(8, 9);;(8, 8);1;2574
0;0.0;;(8, 9);;(8, 8);1;2575
0;0.0;;(8, 9);;(8, 8);1;2576
0;0.0;;(8, 9);;(8, 8);1;2577
0;0.0;;(8, 9);;(8, 8);1;2578
0;0.0;;(8, 9);;(8, 8);1;2579
0;0.0;;(8, 9);;(8, 8);1;2580
0;0.0;;(8, 9);;(8, 8);1;2581
0;0.0;;(8, 9);;(8, 8);1;2582
0;0.0;;(8, 9);;(8, 8);1;2583
0;0.0;;(8, 9);;(8, 8);1;2584
0;0.0;;(8, 9);;(8, 8);1;2585
0;0.0;;(8, 9);;(8, 8);1;2586
0;0.0;;(8, 9);;(8, 8);1;2587
0;0.0;;(8, 9);;(8, 8);1;2588
0;0.0;;(8, 9);;(8, 8);1;2589
0;0.0;;(8, 9);;(8, 8);1;2590
0;0.0;;(8, 9);;(8, 8);1;2591
0;0.0;;(8, 9);;(8, 8);1;2592
0;0.0;;(8, 9);;(8, 8);1;2593
0;0.0;;(8, 9);;(8, 8);1;2594
0;0.0;;(8, 9);;(8, 8);1;2595
0;0.0;;(8, 9);;(8, 8);1;2596
0;0.0;;(8, 9);;(8, 8);1;2597
0;0.0;;(8, 9);;(8, 8);1;2598
0;0.0;;(8, 9);;(8, 8);1;2599
0;0.0;;(8, 9);;(8, 8);1;2600
0;0.0;;(8, 9);;(8, 8);1;2601
0;0.0;;(8, 9);;(8, 8);1;2602
0;0.0;;(8, 9);;(8, 8);1;2603
0;0.0;;(8, 9);;(8, 8);1;2604
0;0.0;;(8, 9);;(8, 8);1;2605
0;0.0;;(8, 9);;(8, 8);1;2606
0;0.0;;(8, 9);;(8, 8);1;2607
0;0.0;;(8, 9);;(8, 8);1;2608
0;0.0;;(8, 9);;(8, 8);1;2609
0;0.0;;(8, 9);;(8, 8);1;2610
0;0.0;;(8, 9);;(8, 8);1;2611
0;0.0;;(8, 9);;(8, 8);1;2612
0;0.0;;(8, 9);;(8, 8);1;2613
0;0.0;;(8, 9);;(8, 8);1;2614
0;0.0;;(8, 9);;(8, 8);1;2615
0;0.0;;(8, 9);;(8, 8);1;2616
0;0.0;;(8, 9);;(8, 8);1;2617
0;0.0;;(8, 9);;(8, 8);1;2618
0;0.0;;(8, 9);;(8, 8);1;2619
0;0.0;;(8, 9);;(8, 8);1;2620
0;0.0;;(8, 9);;(8, 8);1;2621
0;0.0;;(8, 9);;(8, 8);1;2622
0;0.0;;(8, 9);;(8, 8);1;2623
0;0.0;;(8, 9);;(8, 8);1;2624
0;0.0;;(8, 9);;(8, 8);1;2625
0;0.0;;(8, 9);;(8, 8);1;2626
0;0.0;;(8, 9);;(8, 8);1;2627
0;0.0;;(8, 9);;(8, 8);1;2628
0;0.0;;(8, 9);;(8, 8);1;2629
0;0.0;;(8, 9);;(8, 8);1;2630
0;0.0;;(8, 9);;(8, 8);1;2631
0;0.0;;(8, 9);;(8, 8);1;2632
0;0.0;;(8, 9);;(8, 8);1;2633
0;0.0;;(8, 9);;(8, 8);1;2634
0;0.0;;(8, 9);;(8, 8);1;2635
0;0.0;;(8, 9);;(8, 8);1;2636
0;0.0;;(8, 9);;(8, 8);1;2637
0;0.0;;(8, 9);;(8, 8);1;2638
0;0.0;;(8, 9);;(8, 8);1;2639
0;0.0;;(8, 9);;(8, 8);1;2640
0;0.0;;(8, 9);;(8, 8);1;2641
0;0.0;;(8, 9);;(8, 8);1;2642
0;0.0;;(8, 9);;(8, 8);1;2643
0;0.0;;(8, 9);;(8, 8);1;2644
0;0.0;;(8, 9);;(8, 8);1;2645
0;0.0;;(8, 9);;(8, 8);1;2646
0;0.0;;(8, 9);;(8, 8);1;2647
0;0.0;;(8, 9);;(8, 8);1;2648
0;0.0;;(8, 9);;(8, 8);1;2649
0;0.0;;(8, 9);;(8, 8);1;2650
0;0.0;;(8, 9);;(8, 8);1;2651
0;0.0;;(8, 9);;(8, 8);1;2652
0;0.0;;(8, 9);;(8, 8);1;2653
0;0.0;;(8, 9);;(8, 8);1;2654
0;0.0;;(8, 9);;(8, 8);1;2655
0;0.0;;(8, 9);;(8, 8);1;2656
0;0.0;;(8, 9);;(8, 8);1;2657
0;0.0;;(8, 9);;(8, 8);1;2658
0;0.0;;(8, 9);;(8, 8);1;2659
0;0.0;;(8, 9);;(8, 8);1;2660
0;0.0;;(8, 9);;(8, 8);1;2661
0;0.0;;(8, 9);;(8, 8);1;2662
0;0.0;;(8, 9);;(8, 8);1;2663
0;0.0;;(8, 9);;(8, 8);1;2664
0;0.0;;(8, 9);;(8, 8);1;2665
0;0.0;;(8, 9);;(8, 8);1;2666
0;0.0;;(8, 9);;(8, 8);1;2667
0;0.0;;(8, 9);;(8, 8);1;2668
0;0.0;;(8, 9);;(8, 8);1;2669
0;0.0;;(8, 9);;(8, 8);1;2670
0;0.0;;(8, 9);;(8, 8);1;2671
0;0.0;;(8, 9);;(8, 8);1;2672
0;0.0;;(8, 9);;(8, 8);1;2673
0;0.0;;(8, 9);;(8, 8);1;2674
0;0.0;;(8, 9);;(8, 8);1;2675
0;0.0;;(8, 9);;(8, 8);1;2676
0;0.0;;(8, 9);;(8, 8);1;2677
0;0.0;;(8, 9);;(8, 8);1;2678
0;0.0;;(8, 9);;(8, 8);1;2679
0;0.0;;(8, 9);;(8, 8);1;2680
0;0.0;;(8, 9);;(8, 8);1;2681
0;0.0;;(8, 9);;(8, 8);1;2682
0;0.0;;(8, 9);;(8, 8);1;2683
0;0.0;;(8, 9);;(8, 8);1;2684
0;0.0;;(8, 9);;(8, 8);1;2685
0;0.0;;(8, 9);;(8, 8);1;2686
0;0.0;;(8, 9);;(8, 8);1;2687
0;0.0;;(8, 9);;(8, 8);1;2688
0;0.0;;(8, 9);;(8, 8);1;2689
0;0.0;;(8, 9);;(8, 8);1;2690
0;0.0;;(8, 9);;(8, 8);1;2691
0;0.0;;(8, 9);;(8, 8);1;2692
0;0.0;;(8, 9);;(8, 8);1;2693
0;0.0;;(8, 9);;(8, 8);1;2694
0;0.0;;(8, 9);;(8, 8);1;2695
0;0.0;;(8, 9);;(8, 8);1;2696
0;0.0;;(8, 9);;(8, 8);1;2697
0;0.0;;(8, 9);;(8, 8);1;2698
0;0.0;;(8, 9);;(8, 8);1;2699
0;0.0;;(8, 9);;(8, 8);1;2700
0;0.0;;(8, 9);;(8, 8);1;2701
0;0.0;;(8, 9);;(8, 8);1;2702
0;0.0;;(8, 9);;(8, 8);1;2703
0;0.0;;(8, 9);;(8, 8);1;2704
0;0.0;;(8, 9);;(8, 8);1;2705
0;0.0;;(8, 9);;(8, 8);1;2706
0;0.0;;(8, 9);;(8, 8);1;2707
0;0.0;;(8, 9);;(8, 8);1;2708
0;0.0;;(8, 9);;(8, 8);1;2709
0;0.0;;(8, 9);;(8, 8);1;2710
0;0.0;;(8, 9);;(8, 8);1;2711
0;0.0;;(8, 9);;(8, 8);1;2712
0;0.0;;(8, 9);;(8, 8);1;2713
0;0.0;;(8, 9);;(8, 8);1;2714
0;0.0;;(8, 9);;(8, 8);1;2715
0;0.0;;(8, 9);;(8, 8);1;2716
0;0.0;;(8, 9);;(8, 8);1;2717
0;0.0;;(8, 9);;(8, 8);1;2718
0;0.0;;(8, 9);;(8, 8);1;2719
0;0.0;;(8, 9);;(8, 8);1;2720
0;0.0;;(8, 9);;(8, 8);1;2721
0;0.0;;(8, 9);;(8, 8);1;2722
0;0.0;;(8, 9);;(8, 8);1;2723
0;0.0;;(8, 9);;(8, 8);1;2724
0;0.0;;(8, 9);;(8, 8);1;2725
0;0.0;;(8, 9);;(8, 8);1;2726
0;0.0;;(8, 9);;(8, 8);1;2727
0;0.0;;(8, 9);;(8, 8);1;2728
0;0.0;;(8, 9);;(8, 8);1;2729
0;0.0;;(8, 9);;(8, 8);1;2730
0;0.0;;(8, 9);;(8, 8);1;2731
0;0.0;;(8, 9);;(8, 8);1;2732
0;0.0;;(8, 9);;(8, 8);1;2733
0;0.0;;(8, 9);;(8, 8);1;2734
0;0.0;;(8, 9);;(8, 8);1;2735
0;0.0;;(8, 9);;(8, 8);1;2736
0;0.0;;(8, 9);;(8, 8);1;2737
0;0.0;;(8, 9);;(8, 8);1;2738
0;0.0;;(8, 9);;(8, 8);1;2739
0;0.0;;(8, 9);;(8, 8);1;2740
0;0.0;;(8, 9);;(8, 8);1;2741
0;0.0;;(8, 9);;(8, 8);1;2742
0;0.0;;(8, 9);;(8, 8);1;2743
0;0.0;;(8, 9);;(8, 8);1;2744
0;0.0;;(8, 9);;(8, 8);1;2745
0;0.0;;(8, 9);;(8, 8);1;2746
0;0.0;;(8, 9);;(8, 8);1;2747
0;0.0;;(8, 9);;(8, 8);1;2748
0;0.0;;(8, 9);;(8, 8);1;2749
0;0.0;;(8, 9);;(8, 8);1;2750
0;0.0;;(8, 9);;(8, 8);1;2751
0;0.0;;(8, 9);;(8, 8);1;2752
0;0.0;;(8, 9);;(8, 8);1;2753
0;0.0;;(8, 9);;(8, 8);1;2754
0;0.0;;(8, 9);;(8, 8);1;2755
0;0.0;;(8, 9);;(8, 8);1;2756
0;0.0;;(8, 9);;(8, 8);1;2757
0;0.0;;(8, 9);;(8, 8);1;2758
0;0.0;;(8, 9);;(8, 8);1;2759
0;0.0;;(8, 9);;(8, 8);1;2760
0;0.0;;(8, 9);;(8, 8);1;2761
0;0.0;;(8, 9);;(8, 8);1;2762
0;0.0;;(8, 9);;(8, 8);1;2763
0;0.0;;(8, 9);;(8, 8);1;2764
0;0.0;;(8, 9);;(8, 8);1;2765
0;0.0;;(8, 9);;(8, 8);1;2766
0;0.0;;(8, 9);;(8, 8);1;2767
0;0.0;;(8, 9);;(8, 8);1;2768
0;0.0;;(8, 9);;(8, 8);1;2769
0;0.0;;(8, 9);;(8, 8);1;2770
0;0.0;;(8, 9);;(8, 8);1;2771
0;0.0;;(8, 9);;(8, 8);1;2772
0;0.0;;(8, 9);;(8, 8);1;2773
0;0.0;;(8, 9);;(8, 8);1;2774
0;0.0;;(8, 9);;(8, 8);1;2775
0;0.0;;(8, 9);;(8, 8);1;2776
0;0.0;;(8, 9);;(8, 8);1;2777
0;0.0;;(8, 9);;(8, 8);1;2778
0;0.0;;(8, 9);;(8, 8);1;2779
0;0.0;;(8, 9);;(8, 8);1;2780
0;0.0;;(8, 9);;(8, 8);1;2781
0;0.0;;(8, 9);;(8, 8);1;2782
0;0.0;;(8, 9);;(8, 8);1;2783
0;0.0;;(8, 9);;(8, 8);1;2784
0;0.0;;(8, 9);;(8, 8);1;2785
0;0.0;;(8, 9);;(8, 8);1;2786
0;0.0;;(8, 9);;(8, 8);1;2787
0;0.0;;(8, 9);;(8, 8);1;2788
0;0.0;;(8, 9);;(8, 8);1;2789
0;0.0;;(8, 9);;(8, 8);1;2790
0;0.0;;(8, 9);;(8, 8);1;2791
0;0.0;;(8, 9);;(8, 8);1;2792
0;0.0;;(8, 9);;(8, 8);1;2793
0;0.0;;(8, 9);;(8, 8);1;2794
0;0.0;;(8, 9);;(8, 8);1;2795
0;0.0;;(8, 9);;(8, 8);1;2796
0;0.0;;(8, 9);;(8, 8);1;2797
0;0.0;;(8, 9);;(8, 8);1;2798
0;0.0;;(8, 9);;(8, 8);1;2799
0;0.0;;(8, 9);;(8, 8);1;2800
0;0.0;;(8, 9);;(8, 8);1;2801
0;0.0;;(8, 9);;(8, 8);1;2802
0;0.0;;(8, 9);;(8, 8);1;2803
0;0.0;;(8, 9);;(8, 8);1;2804
0;0.0;;(8, 9);;(8, 8);1;2805
0;0.0;;(8, 9);;(8, 8);1;2806
0;0.0;;(8, 9);;(8, 8);1;2807
0;0.0;;(8, 9);;(8, 8);1;2808
0;0.0;;(8, 9);;(8, 8);1;2809
0;0.0;;(8, 9);;(8, 8);1;2810
0;0.0;;(8, 9);;(8, 8);1;2811
0;0.0;;(8, 9);;(8, 8);1;2812
0;0.0;;(8, 9);;(8, 8);1;2813
0;0.0;;(8, 9);;(8, 8);1;2814
0;0.0;;(8, 9);;(8, 8);1;2815
0;0.0;;(8, 9);;(8, 8);1;2816
0;0.0;;(8, 9);;(8, 8);1;2817
0;0.0;;(8, 9);;(8, 8);1;2818
0;0.0;;(8, 9);;(8, 8);1;2819
0;0.0;;(8, 9);;(8, 8);1;2820
0;0.0;;(8, 9);;(8, 8);1;2821
0;0.0;;(8, 9);;(8, 8);1;2822
0;0.0;;(8, 9);;(8, 8);1;2823
0;0.0;;(8, 9);;(8, 8);1;2824
0;0.0;;(8, 9);;(8, 8);1;2825
0;0.0;;(8, 9);;(8, 8);1;2826
0;0.0;;(8, 9);;(8, 8);1;2827
0;0.0;;(8, 9);;(8, 8);1;2828
0;0.0;;(8, 9);;(8, 8);1;2829
0;0.0;;(8, 9);;(8, 8);1;2830
0;0.0;;(8, 9);;(8, 8);1;2831
0;0.0;;(8, 9);;(8, 8);1;2832
0;0.0;;(8, 9);;(8, 8);1;2833
0;0.0;;(8, 9);;(8, 8);1;2834
0;0.0;;(8, 9);;(8, 8);1;2835
0;0.0;;(8, 9);;(8, 8);1;2836
0;0.0;;(8, 9);;(8, 8);1;2837
0;0.0;;(8, 9);;(8, 8);1;2838
0;0.0;;(8, 9);;(8, 8);1;2839
0;0.0;;(8, 9);;(8, 8);1;2840
0;0.0;;(8, 9);;(8, 8);1;2841
0;0.0;;(8, 9);;(8, 8);1;2842
0;0.0;;(8, 9);;(8, 8);1;2843
0;0.0;;(8, 9);;(8, 8);1;2844
0;0.0;;(8, 9);;(8, 8);1;2845
0;0.0;;(8, 9);;(8, 8);1;2846
0;0.0;;(8, 9);;(8, 8);1;2847
0;0.0;;(8, 9);;(8, 8);1;2848
0;0.0;;(8, 9);;(8, 8);1;2849
0;0.0;;(8, 9);;(8, 8);1;2850
0;0.0;;(8, 9);;(8, 8);1;2851
0;0.0;;(8, 9);;(8, 8);1;2852
0;0.0;;(8, 9);;(8, 8);1;2853
0;0.0;;(8, 9);;(8, 8);1;2854
0;0.0;;(8, 9);;(8, 8);1;2855
0;0.0;;(8, 9);;(8, 8);1;2856
0;0.0;;(8, 9);;(8, 8);1;2857
0;0.0;;(8, 9);;(8, 8);1;2858
0;0.0;;(8, 9);;(8, 8);1;2859
0;0.0;;(8, 9);;(8, 8);1;2860
0;0.0;;(8, 9);;(8, 8);1;2861
0;0.0;;(8, 9);;(8, 8);1;2862
0;0.0;;(8, 9);;(8, 8);1;2863
0;0.0;;(8, 9);;(8, 8);1;2864
0;0.0;;(8, 9);;(8, 8);1;2865
0;0.0;;(8, 9);;(8, 8);1;2866
0;0.0;;(8, 9);;(8, 8);1;2867
0;0.0;;(8, 9);;(8, 8);1;2868
0;0.0;;(8, 9);;(8, 8);1;2869
0;0.0;;(8, 9);;(8, 8);1;2870
0;0.0;;(8, 9);;(8, 8);1;2871
0;0.0;;(8, 9);;(8, 8);1;2872
0;0.0;;(8, 9);;(8, 8);1;2873
0;0.0;;(8, 9);;(8, 8);1;2874
0;0.0;;(8, 9);;(8, 8);1;2875
0;0.0;;(8, 9);;(8, 8);1;2876
0;0.0;;(8, 9);;(8, 8);1;2877
0;0.0;;(8, 9);;(8, 8);1;2878
0;0.0;;(8, 9);;(8, 8);1;2879
0;0.0;;(8, 9);;(8, 8);1;2880
0;0.0;;(8, 9);;(8, 8);1;2881
0;0.0;;(8, 9);;(8, 8);1;2882
0;0.0;;(8, 9);;(8, 8);1;2883
0;0.0;;(8, 9);;(8, 8);1;2884
0;0.0;;(8, 9);;(8, 8);1;2885
0;0.0;;(8, 9);;(8, 8);1;2886
0;0.0;;(8, 9);;(8, 8);1;2887
0;0.0;;(8, 9);;(8, 8);1;2888
0;0.0;;(8, 9);;(8, 8);1;2889
0;0.0;;(8, 9);;(8, 8);1;2890
0;0.0;;(8, 9);;(8, 8);1;2891
0;0.0;;(8, 9);;(8, 8);1;2892
0;0.0;;(8, 9);;(8, 8);1;2893
0;0.0;;(8, 9);;(8, 8);1;2894
0;0.0;;(8, 9);;(8, 8);1;2895
0;0.0;;(8, 9);;(8, 8);1;2896
0;0.0;;(8, 9);;(8, 8);1;2897
0;0.0;;(8, 9);;(8, 8);1;2898
0;0.0;;(8, 9);;(8, 8);1;2899
0;0.0;;(8, 9);;(8, 8);1;2900
0;0.0;;(8, 9);;(8, 8);1;2901
0;0.0;;(8, 9);;(8, 8);1;2902
0;0.0;;(8, 9);;(8, 8);1;2903
0;0.0;;(8, 9);;(8, 8);1;2904
0;0.0;;(8, 9);;(8, 8);1;2905
0;0.0;;(8, 9);;(8, 8);1;2906
0;0.0;;(8, 9);;(8, 8);1;2907
0;0.0;;(8, 9);;(8, 8);1;2908
0;0.0;;(8, 9);;(8, 8);1;2909
0;0.0;;(8, 9);;(8, 8);1;2910
0;0.0;;(8, 9);;(8, 8);1;2911
0;0.0;;(8, 9);;(8, 8);1;2912
0;0.0;;(8, 9);;(8, 8);1;2913
0;0.0;;(8, 9);;(8, 8);1;2914
0;0.0;;(8, 9);;(8, 8);1;2915
0;0.0;;(8, 9);;(8, 8);1;2916
0;0.0;;(8, 9);;(8, 8);1;2917
0;0.0;;(8, 9);;(8, 8);1;2918
0;0.0;;(8, 9);;(8, 8);1;2919
0;0.0;;(8, 9);;(8, 8);1;2920
0;0.0;;(8, 9);;(8, 8);1;2921
0;0.0;;(8, 9);;(8, 8);1;2922
0;0.0;;(8, 9);;(8, 8);1;2923
0;0.0;;(8, 9);;(8, 8);1;2924
0;0.0;;(8, 9);;(8, 8);1;2925
0;0.0;;(8, 9);;(8, 8);1;2926
0;0.0;;(8, 9);;(8, 8);1;2927
0;0.0;;(8, 9);;(8, 8);1;2928
0;0.0;;(8, 9);;(8, 8);1;2929
0;0.0;;(8, 9);;(8, 8);1;2930
0;0.0;;(8, 9);;(8, 8);1;2931
0;0.0;;(8, 9);;(8, 8);1;2932
0;0.0;;(8, 9);;(8, 8);1;2933
0;0.0;;(8, 9);;(8, 8);1;2934
0;0.0;;(8, 9);;(8, 8);1;2935
0;0.0;;(8, 9);;(8, 8);1;2936
0;0.0;;(8, 9);;(8, 8);1;2937
0;0.0;;(8, 9);;(8, 8);1;2938
0;0.0;;(8, 9);;(8, 8);1;2939
0;0.0;;(8, 9);;(8, 8);1;2940
0;0.0;;(8, 9);;(8, 8);1;2941
0;0.0;;(8, 9);;(8, 8);1;2942
0;0.0;;(8, 9);;(8, 8);1;2943
0;0.0;;(8, 9);;(8, 8);1;2944
0;0.0;;(8, 9);;(8, 8);1;2945
0;0.0;;(8, 9);;(8, 8);1;2946
0;0.0;;(8, 9);;(8, 8);1;2947
0;0.0;;(8, 9);;(8, 8);1;2948
0;0.0;;(8, 9);;(8, 8);1;2949
0;0.0;;(8, 9);;(8, 8);1;2950
0;0.0;;(8, 9);;(8, 8);1;2951
0;0.0;;(8, 9);;(8, 8);1;2952
0;0.0;;(8, 9);;(8, 8);1;2953
0;0.0;;(8, 9);;(8, 8);1;2954
0;0.0;;(8, 9);;(8, 8);1;2955
0;0.0;;(8, 9);;(8, 8);1;2956
0;0.0;;(8, 9);;(8, 8);1;2957
0;0.0;;(8, 9);;(8, 8);1;2958
0;0.0;;(8, 9);;(8, 8);1;2959
0;0.0;;(8, 9);;(8, 8);1;2960
0;0.0;;(8, 9);;(8, 8);1;2961
0;0.0;;(8, 9);;(8, 8);1;2962
0;0.0;;(8, 9);;(8, 8);1;2963
0;0.0;;(8, 9);;(8, 8);1;2964
0;0.0;;(8, 9);;(8, 8);1;2965
0;0.0;;(8, 9);;(8, 8);1;2966
0;0.0;;(8, 9);;(8, 8);1;2967
0;0.0;;(8, 9);;(8, 8);1;2968
0;0.0;;(8, 9);;(8, 8);1;2969
0;0.0;;(8, 9);;(8, 8);1;2970
0;0.0;;(8, 9);;(8, 8);1;2971
0;0.0;;(8, 9);;(8, 8);1;2972
0;0.0;;(8, 9);;(8, 8);1;2973
0;0.0;;(8, 9);;(8, 8);1;2974
0;0.0;;(8, 9);;(8, 8);1;2975
0;0.0;;(8, 9);;(8, 8);1;2976
0;0.0;;(8, 9);;(8, 8);1;2977
0;0.0;;(8, 9);;(8, 8);1;2978
0;0.0;;(8, 9);;(8, 8);1;2979
0;0.0;;(8, 9);;(8, 8);1;2980
0;0.0;;(8, 9);;(8, 8);1;2981
0;0.0;;(8, 9);;(8, 8);1;2982
0;0.0;;(8, 9);;(8, 8);1;2983
0;0.0;;(8, 9);;(8, 8);1;2984
0;0.0;;(8, 9);;(8, 8);1;2985
0;0.0;;(8, 9);;(8, 8);1;2986
0;0.0;;(8, 9);;(8, 8);1;2987
0;0.0;;(8, 9);;(8, 8);1;2988
0;0.0;;(8, 9);;(8, 8);1;2989
0;0.0;;(8, 9);;(8, 8);1;2990
0;0.0;;(8, 9);;(8, 8);1;2991
0;0.0;;(8, 9);;(8, 8);1;2992
0;0.0;;(8, 9);;(8, 8);1;2993
0;0.0;;(8, 9);;(8, 8);1;2994
0;0.0;;(8, 9);;(8, 8);1;2995
0;0.0;;(8, 9);;(8, 8);1;2996
0;0.0;;(8, 9);;(8, 8);1;2997
0;0.0;;(8, 9);;(8, 8);1;2998
0;0.0;;(8, 9);;(8, 8);1;2999
0;0.0;;(8, 9);;(8, 8);1;3000
0;0.0;;(8, 9);;(8, 8);1;3001
0;0.0;;(8, 9);;(8, 8);1;3002
0;0.0;;(8, 9);;(8, 8);1;3003
0;0.0;;(8, 9);;(8, 8);1;3004
0;0.0;;(8, 9);;(8, 8);1;3005
0;0.0;;(8, 9);;(8, 8);1;3006
0;0.0;;(8, 9);;(8, 8);1;3007
0;0.0;;(8, 9);;(8, 8);1;3008
0;0.0;;(8, 9);;(8, 8);1;3009
0;0.0;;(8, 9);;(8, 8);1;3010
0;0.0;;(8, 9);;(8, 8);1;3011
0;0.0;;(8, 9);;(8, 8);1;3012
0;0.0;;(8, 9);;(8, 8);1;3013
0;0.0;;(8, 9);;(8, 8);1;3014
0;0.0;;(8, 9);;(8, 8);1;3015
0;0.0;;(8, 9);;(8, 8);1;3016
0;0.0;;(8, 9);;(8, 8);1;3017
0;0.0;;(8, 9);;(8, 8);1;3018
0;0.0;;(8, 9);;(8, 8);1;3019
0;0.0;;(8, 9);;(8, 8);1;3020
0;0.0;;(8, 9);;(8, 8);1;3021
0;0.0;;(8, 9);;(8, 8);1;3022
0;0.0;;(8, 9);;(8, 8);1;3023
0;0.0;;(8, 9);;(8, 8);1;3024
0;0.0;;(8, 9);;(8, 8);1;3025
0;0.0;;(8, 9);;(8, 8);1;3026
0;0.0;;(8, 9);;(8, 8);1;3027
0;0.0;;(8, 9);;(8, 8);1;3028
0;0.0;;(8, 9);;(8, 8);1;3029
0;0.0;;(8, 9);;(8, 8);1;3030
0;0.0;;(8, 9);;(8, 8);1;3031
0;0.0;;(8, 9);;(8, 8);1;3032
0;0.0;;(8, 9);;(8, 8);1;3033
0;0.0;;(8, 9);;(8, 8);1;3034
0;0.0;;(8, 9);;(8, 8);1;3035
0;0.0;;(8, 9);;(8, 8);1;3036
0;0.0;;(8, 9);;(8, 8);1;3037
0;0.0;;(8, 9);;(8, 8);1;3038
0;0.0;;(8, 9);;(8, 8);1;3039
0;0.0;;(8, 9);;(8, 8);1;3040
0;0.0;;(8, 9);;(8, 8);1;3041
0;0.0;;(8, 9);;(8, 8);1;3042
0;0.0;;(8, 9);;(8, 8);1;3043
0;0.0;;(8, 9);;(8, 8);1;3044
0;0.0;;(8, 9);;(8, 8);1;3045
0;0.0;;(8, 9);;(8, 8);1;3046
0;0.0;;(8, 9);;(8, 8);1;3047
0;0.0;;(8, 9);;(8, 8);1;3048
0;0.0;;(8, 9);;(8, 8);1;3049
0;0.0;;(8, 9);;(8, 8);1;3050
0;0.0;;(8, 9);;(8, 8);1;3051
0;0.0;;(8, 9);;(8, 8);1;3052
0;0.0;;(8, 9);;(8, 8);1;3053
0;0.0;;(8, 9);;(8, 8);1;3054
0;0.0;;(8, 9);;(8, 8);1;3055
0;0.0;;(8, 9);;(8, 8);1;3056
0;0.0;;(8, 9);;(8, 8);1;3057
0;0.0;;(8, 9);;(8, 8);1;3058
0;0.0;;(8, 9);;(8, 8);1;3059
0;0.0;;(8, 9);;(8, 8);1;3060
0;0.0;;(8, 9);;(8, 8);1;3061
0;0.0;;(8, 9);;(8, 8);1;3062
0;0.0;;(8, 9);;(8, 8);1;3063
0;0.0;;(8, 9);;(8, 8);1;3064
0;0.0;;(8, 9);;(8, 8);1;3065
0;0.0;;(8, 9);;(8, 8);1;3066
0;0.0;;(8, 9);;(8, 8);1;3067
0;0.0;;(8, 9);;(8, 8);1;3068
0;0.0;;(8, 9);;(8, 8);1;3069
0;0.0;;(8, 9);;(8, 8);1;3070
0;0.0;;(8, 9);;(8, 8);1;3071
0;0.0;;(8, 9);;(8, 8);1;3072
0;0.0;;(8, 9);;(8, 8);1;3073
0;0.0;;(8, 9);;(8, 8);1;3074
0;0.0;;(8, 9);;(8, 8);1;3075
0;0.0;;(8, 9);;(8, 8);1;3076
0;0.0;;(8, 9);;(8, 8);1;3077
0;0.0;;(8, 9);;(8, 8);1;3078
0;0.0;;(8, 9);;(8, 8);1;3079
0;0.0;;(8, 9);;(8, 8);1;3080
0;0.0;;(8, 9);;(8, 8);1;3081
0;0.0;;(8, 9);;(8, 8);1;3082
0;0.0;;(8, 9);;(8, 8);1;3083
0;0.0;;(8, 9);;(8, 8);1;3084
0;0.0;;(8, 9);;(8, 8);1;3085
0;0.0;;(8, 9);;(8, 8);1;3086
0;0.0;;(8, 9);;(8, 8);1;3087
0;0.0;;(8, 9);;(8, 8);1;3088
0;0.0;;(8, 9);;(8, 8);1;3089
0;0.0;;(8, 9);;(8, 8);1;3090
0;0.0;;(8, 9);;(8, 8);1;3091
0;0.0;;(8, 9);;(8, 8);1;3092
0;0.0;;(8, 9);;(8, 8);1;3093
0;0.0;;(8, 9);;(8, 8);1;3094
0;0.0;;(8, 9);;(8, 8);1;3095
0;0.0;;(8, 9);;(8, 8);1;3096
0;0.0;;(8, 9);;(8, 8);1;3097
0;0.0;;(8, 9);;(8, 8);1;3098
0;0.0;;(8, 9);;(8, 8);1;3099
0;0.0;;(8, 9);;(8, 8);1;3100
0;0.0;;(8, 9);;(8, 8);1;3101
0;0.0;;(8, 9);;(8, 8);1;3102
0;0.0;;(8, 9);;(8, 8);1;3103
0;0.0;;(8, 9);;(8, 8);1;3104
0;0.0;;(8, 9);;(8, 8);1;3105
0;0.0;;(8, 9);;(8, 8);1;3106
0;0.0;;(8, 9);;(8, 8);1;3107
0;0.0;;(8, 9);;(8, 8);1;3108
0;0.0;;(8, 9);;(8, 8);1;3109
0;0.0;;(8, 9);;(8, 8);1;3110
0;0.0;;(8, 9);;(8, 8);1;3111
0;0.0;;(8, 9);;(8, 8);1;3112
0;0.0;;(8, 9);;(8, 8);1;3113
0;0.0;;(8, 9);;(8, 8);1;3114
0;0.0;;(8, 9);;(8, 8);1;3115
0;0.0;;(8, 9);;(8, 8);1;3116
0;0.0;;(8, 9);;(8, 8);1;3117
0;0.0;;(8, 9);;(8, 8);1;3118
0;0.0;;(8, 9);;(8, 8);1;3119
0;0.0;;(8, 9);;(8, 8);1;3120
0;0.0;;(8, 9);;(8, 8);1;3121
0;0.0;;(8, 9);;(8, 8);1;3122
0;0.0;;(8, 9);;(8, 8);1;3123
0;0.0;;(8, 9);;(8, 8);1;3124
0;0.0;;(8, 9);;(8, 8);1;3125
0;0.0;;(8, 9);;(8, 8);1;3126
0;0.0;;(8, 9);;(8, 8);1;3127
0;0.0;;(8, 9);;(8, 8);1;3128
0;0.0;;(8, 9);;(8, 8);1;3129
0;0.0;;(8, 9);;(8, 8);1;3130
0;0.0;;(8, 9);;(8, 8);1;3131
0;0.0;;(8, 9);;(8, 8);1;3132
0;0.0;;(8, 9);;(8, 8);1;3133
0;0.0;;(8, 9);;(8, 8);1;3134
0;0.0;;(8, 9);;(8, 8);1;3135
0;0.0;;(8, 9);;(8, 8);1;3136
0;0.0;;(8, 9);;(8, 8);1;3137
0;0.0;;(8, 9);;(8, 8);1;3138
0;0.0;;(8, 9);;(8, 8);1;3139
0;0.0;;(8, 9);;(8, 8);1;3140
0;0.0;;(8, 9);;(8, 8);1;3141
0;0.0;;(8, 9);;(8, 8);1;3142
0;0.0;;(8, 9);;(8, 8);1;3143
0;0.0;;(8, 9);;(8, 8);1;3144
0;0.0;;(8, 9);;(8, 8);1;3145
0;0.0;;(8, 9);;(8, 8);1;3146
0;0.0;;(8, 9);;(8, 8);1;3147
0;0.0;;(8, 9);;(8, 8);1;3148
0;0.0;;(8, 9);;(8, 8);1;3149
0;0.0;;(8, 9);;(8, 8);1;3150
0;0.0;;(8, 9);;(8, 8);1;3151
0;0.0;;(8, 9);;(8, 8);1;3152
0;0.0;;(8, 9);;(8, 8);1;3153
0;0.0;;(8, 9);;(8, 8);1;3154
0;0.0;;(8, 9);;(8, 8);1;3155
0;0.0;;(8, 9);;(8, 8);1;3156
0;0.0;;(8, 9);;(8, 8);1;3157
0;0.0;;(8, 9);;(8, 8);1;3158
0;0.0;;(8, 9);;(8, 8);1;3159
0;0.0;;(8, 9);;(8, 8);1;3160
0;0.0;;(8, 9);;(8, 8);1;3161
0;0.0;;(8, 9);;(8, 8);1;3162
0;0.0;;(8, 9);;(8, 8);1;3163
0;0.0;;(8, 9);;(8, 8);1;3164
0;0.0;;(8, 9);;(8, 8);1;3165
0;0.0;;(8, 9);;(8, 8);1;3166
0;0.0;;(8, 9);;(8, 8);1;3167
0;0.0;;(8, 9);;(8, 8);1;3168
0;0.0;;(8, 9);;(8, 8);1;3169
0;0.0;;(8, 9);;(8, 8);1;3170
0;0.0;;(8, 9);;(8, 8);1;3171
0;0.0;;(8, 9);;(8, 8);1;3172
0;0.0;;(8, 9);;(8, 8);1;3173
0;0.0;;(8, 9);;(8, 8);1;3174
0;0.0;;(8, 9);;(8, 8);1;3175
0;0.0;;(8, 9);;(8, 8);1;3176
0;0.0;;(8, 9);;(8, 8);1;3177
0;0.0;;(8, 9);;(8, 8);1;3178
0;0.0;;(8, 9);;(8, 8);1;3179
0;0.0;;(8, 9);;(8, 8);1;3180
0;0.0;;(8, 9);;(8, 8);1;3181
0;0.0;;(8, 9);;(8, 8);1;3182
0;0.0;;(8, 9);;(8, 8);1;3183
0;0.0;;(8, 9);;(8, 8);1;3184
0;0.0;;(8, 9);;(8, 8);1;3185
0;0.0;;(8, 9);;(8, 8);1;3186
0;0.0;;(8, 9);;(8, 8);1;3187
0;0.0;;(8, 9);;(8, 8);1;3188
0;0.0;;(8, 9);;(8, 8);1;3189
0;0.0;;(8, 9);;(8, 8);1;3190
0;0.0;;(8, 9);;(8, 8);1;3191
0;0.0;;(8, 9);;(8, 8);1;3192
0;0.0;;(8, 9);;(8, 8);1;3193
0;0.0;;(8, 9);;(8, 8);1;3194
0;0.0;;(8, 9);;(8, 8);1;3195
0;0.0;;(8, 9);;(8, 8);1;3196
0;0.0;;(8, 9);;(8, 8);1;3197
0;0.0;;(8, 9);;(8, 8);1;3198
0;0.0;;(8, 9);;(8, 8);1;3199
0;0.0;;(8, 9);;(8, 8);1;3200
0;0.0;;(8, 9);;(8, 8);1;3201
0;0.0;;(8, 9);;(8, 8);1;3202
0;0.0;;(8, 9);;(8, 8);1;3203
0;0.0;;(8, 9);;(8, 8);1;3204
0;0.0;;(8, 9);;(8, 8);1;3205
0;0.0;;(8, 9);;(8, 8);1;3206
0;0.0;;(8, 9);;(8, 8);1;3207
0;0.0;;(8, 9);;(8, 8);1;3208
0;0.0;;(8, 9);;(8, 8);1;3209
0;0.0;;(8, 9);;(8, 8);1;3210
0;0.0;;(8, 9);;(8, 8);1;3211
0;0.0;;(8, 9);;(8, 8);1;3212
0;0.0;;(8, 9);;(8, 8);1;3213
0;0.0;;(8, 9);;(8, 8);1;3214
0;0.0;;(8, 9);;(8, 8);1;3215
0;0.0;;(8, 9);;(8, 8);1;3216
0;0.0;;(8, 9);;(8, 8);1;3217
0;0.0;;(8, 9);;(8, 8);1;3218
0;0.0;;(8, 9);;(8, 8);1;3219
0;0.0;;(8, 9);;(8, 8);1;3220
0;0.0;;(8, 9);;(8, 8);1;3221
0;0.0;;(8, 9);;(8, 8);1;3222
0;0.0;;(8, 9);;(8, 8);1;3223
0;0.0;;(8, 9);;(8, 8);1;3224
0;0.0;;(8, 9);;(8, 8);1;3225
0;0.0;;(8, 9);;(8, 8);1;3226
0;0.0;;(8, 9);;(8, 8);1;3227
0;0.0;;(8, 9);;(8, 8);1;3228
0;0.0;;(8, 9);;(8, 8);1;3229
0;0.0;;(8, 9);;(8, 8);1;3230
0;0.0;;(8, 9);;(8, 8);1;3231
0;0.0;;(8, 9);;(8, 8);1;3232
0;0.0;;(8, 9);;(8, 8);1;3233
0;0.0;;(8, 9);;(8, 8);1;3234
0;0.0;;(8, 9);;(8, 8);1;3235
0;0.0;;(8, 9);;(8, 8);1;3236
0;0.0;;(8, 9);;(8, 8);1;3237
0;0.0;;(8, 9);;(8, 8);1;3238
0;0.0;;(8, 9);;(8, 8);1;3239
0;0.0;;(8, 9);;(8, 8);1;3240
0;0.0;;(8, 9);;(8, 8);1;3241
0;0.0;;(8, 9);;(8, 8);1;3242
0;0.0;;(8, 9);;(8, 8);1;3243
0;0.0;;(8, 9);;(8, 8);1;3244
0;0.0;;(8, 9);;(8, 8);1;3245
0;0.0;;(8, 9);;(8, 8);1;3246
0;0.0;;(8, 9);;(8, 8);1;3247
0;0.0;;(8, 9);;(8, 8);1;3248
0;0.0;;(8, 9);;(8, 8);1;3249
0;0.0;;(8, 9);;(8, 8);1;3250
0;0.0;;(8, 9);;(8, 8);1;3251
0;0.0;;(8, 9);;(8, 8);1;3252
0;0.0;;(8, 9);;(8, 8);1;3253
0;0.0;;(8, 9);;(8, 8);1;3254
0;0.0;;(8, 9);;(8, 8);1;3255
0;0.0;;(8, 9);;(8, 8);1;3256
0;0.0;;(8, 9);;(8, 8);1;3257
0;0.0;;(8, 9);;(8, 8);1;3258
0;0.0;;(8, 9);;(8, 8);1;3259
0;0.0;;(8, 9);;(8, 8);1;3260
0;0.0;;(8, 9);;(8, 8);1;3261
0;0.0;;(8, 9);;(8, 8);1;3262
0;0.0;;(8, 9);;(8, 8);1;3263
0;0.0;;(8, 9);;(8, 8);1;3264
0;0.0;;(8, 9);;(8, 8);1;3265
0;0.0;;(8, 9);;(8, 8);1;3266
0;0.0;;(8, 9);;(8, 8);1;3267
0;0.0;;(8, 9);;(8, 8);1;3268
0;0.0;;(8, 9);;(8, 8);1;3269
0;0.0;;(8, 9);;(8, 8);1;3270
0;0.0;;(8, 9);;(8, 8);1;3271
0;0.0;;(8, 9);;(8, 8);1;3272
0;0.0;;(8, 9);;(8, 8);1;3273
0;0.0;;(8, 9);;(8, 8);1;3274
0;0.0;;(8, 9);;(8, 8);1;3275
0;0.0;;(8, 9);;(8, 8);1;3276
0;0.0;;(8, 9);;(8, 8);1;3277
0;0.0;;(8, 9);;(8, 8);1;3278
0;0.0;;(8, 9);;(8, 8);1;3279
0;0.0;;(8, 9);;(8, 8);1;3280
0;0.0;;(8, 9);;(8, 8);1;3281
0;0.0;;(8, 9);;(8, 8);1;3282
0;0.0;;(8, 9);;(8, 8);1;3283
0;0.0;;(8, 9);;(8, 8);1;3284
0;0.0;;(8, 9);;(8, 8);1;3285
0;0.0;;(8, 9);;(8, 8);1;3286
0;0.0;;(8, 9);;(8, 8);1;3287
0;0.0;;(8, 9);;(8, 8);1;3288
0;0.0;;(8, 9);;(8, 8);1;3289
0;0.0;;(8, 9);;(8, 8);1;3290
0;0.0;;(8, 9);;(8, 8);1;3291
0;0.0;;(8, 9);;(8, 8);1;3292
0;0.0;;(8, 9);;(8, 8);1;3293
0;0.0;;(8, 9);;(8, 8);1;3294
0;0.0;;(8, 9);;(8, 8);1;3295
0;0.0;;(8, 9);;(8, 8);1;3296
0;0.0;;(8, 9);;(8, 8);1;3297
0;0.0;;(8, 9);;(8, 8);1;3298
0;0.0;;(8, 9);;(8, 8);1;3299
0;0.0;;(8, 9);;(8, 8);1;3300
0;0.0;;(8, 9);;(8, 8);1;3301
0;0.0;;(8, 9);;(8, 8);1;3302
0;0.0;;(8, 9);;(8, 8);1;3303
0;0.0;;(8, 9);;(8, 8);1;3304
0;0.0;;(8, 9);;(8, 8);1;3305
0;0.0;;(8, 9);;(8, 8);1;3306
0;0.0;;(8, 9);;(8, 8);1;3307
0;0.0;;(8, 9);;(8, 8);1;3308
0;0.0;;(8, 9);;(8, 8);1;3309
0;0.0;;(8, 9);;(8, 8);1;3310
0;0.0;;(8, 9);;(8, 8);1;3311
0;0.0;;(8, 9);;(8, 8);1;3312
0;0.0;;(8, 9);;(8, 8);1;3313
0;0.0;;(8, 9);;(8, 8);1;3314
0;0.0;;(8, 9);;(8, 8);1;3315
0;0.0;;(8, 9);;(8, 8);1;3316
0;0.0;;(8, 9);;(8, 8);1;3317
0;0.0;;(8, 9);;(8, 8);1;3318
0;0.0;;(8, 9);;(8, 8);1;3319
0;0.0;;(8, 9);;(8, 8);1;3320
0;0.0;;(8, 9);;(8, 8);1;3321
0;0.0;;(8, 9);;(8, 8);1;3322
0;0.0;;(8, 9);;(8, 8);1;3323
0;0.0;;(8, 9);;(8, 8);1;3324
0;0.0;;(8, 9);;(8, 8);1;3325
0;0.0;;(8, 9);;(8, 8);1;3326
0;0.0;;(8, 9);;(8, 8);1;3327
0;0.0;;(8, 9);;(8, 8);1;3328
0;0.0;;(8, 9);;(8, 8);1;3329
0;0.0;;(8, 9);;(8, 8);1;3330
0;0.0;;(8, 9);;(8, 8);1;3331
0;0.0;;(8, 9);;(8, 8);1;3332
0;0.0;;(8, 9);;(8, 8);1;3333
0;0.0;;(8, 9);;(8, 8);1;3334
0;0.0;;(8, 9);;(8, 8);1;3335
0;0.0;;(8, 9);;(8, 8);1;3336
0;0.0;;(8, 9);;(8, 8);1;3337
0;0.0;;(8, 9);;(8, 8);1;3338
0;0.0;;(8, 9);;(8, 8);1;3339
0;0.0;;(8, 9);;(8, 8);1;3340
0;0.0;;(8, 9);;(8, 8);1;3341
0;0.0;;(8, 9);;(8, 8);1;3342
0;0.0;;(8, 9);;(8, 8);1;3343
0;0.0;;(8, 9);;(8, 8);1;3344
0;0.0;;(8, 9);;(8, 8);1;3345
0;0.0;;(8, 9);;(8, 8);1;3346
0;0.0;;(8, 9);;(8, 8);1;3347
0;0.0;;(8, 9);;(8, 8);1;3348
0;0.0;;(8, 9);;(8, 8);1;3349
0;0.0;;(8, 9);;(8, 8);1;3350
0;0.0;;(8, 9);;(8, 8);1;3351
0;0.0;;(8, 9);;(8, 8);1;3352
0;0.0;;(8, 9);;(8, 8);1;3353
0;0.0;;(8, 9);;(8, 8);1;3354
0;0.0;;(8, 9);;(8, 8);1;3355
0;0.0;;(8, 9);;(8, 8);1;3356
0;0.0;;(8, 9);;(8, 8);1;3357
0;0.0;;(8, 9);;(8, 8);1;3358
0;0.0;;(8, 9);;(8, 8);1;3359
0;0.0;;(8, 9);;(8, 8);1;3360
0;0.0;;(8, 9);;(8, 8);1;3361
0;0.0;;(8, 9);;(8, 8);1;3362
0;0.0;;(8, 9);;(8, 8);1;3363
0;0.0;;(8, 9);;(8, 8);1;3364
0;0.0;;(8, 9);;(8, 8);1;3365
0;0.0;;(8, 9);;(8, 8);1;3366
0;0.0;;(8, 9);;(8, 8);1;3367
0;0.0;;(8, 9);;(8, 8);1;3368
0;0.0;;(8, 9);;(8, 8);1;3369
0;0.0;;(8, 9);;(8, 8);1;3370
0;0.0;;(8, 9);;(8, 8);1;3371
0;0.0;;(8, 9);;(8, 8);1;3372
0;0.0;;(8, 9);;(8, 8);1;3373
0;0.0;;(8, 9);;(8, 8);1;3374
0;0.0;;(8, 9);;(8, 8);1;3375
0;0.0;;(8, 9);;(8, 8);1;3376
0;0.0;;(8, 9);;(8, 8);1;3377
0;0.0;;(8, 9);;(8, 8);1;3378
0;0.0;;(8, 9);;(8, 8);1;3379
0;0.0;;(8, 9);;(8, 8);1;3380
0;0.0;;(8, 9);;(8, 8);1;3381
0;0.0;;(8, 9);;(8, 8);1;3382
0;0.0;;(8, 9);;(8, 8);1;3383
0;0.0;;(8, 9);;(8, 8);1;3384
0;0.0;;(8, 9);;(8, 8);1;3385
0;0.0;;(8, 9);;(8, 8);1;3386
0;0.0;;(8, 9);;(8, 8);1;3387
0;0.0;;(8, 9);;(8, 8);1;3388
0;0.0;;(8, 9);;(8, 8);1;3389
0;0.0;;(8, 9);;(8, 8);1;3390
0;0.0;;(8, 9);;(8, 8);1;3391
0;0.0;;(8, 9);;(8, 8);1;3392
0;0.0;;(8, 9);;(8, 8);1;3393
0;0.0;;(8, 9);;(8, 8);1;3394
0;0.0;;(8, 9);;(8, 8);1;3395
0;0.0;;(8, 9);;(8, 8);1;3396
0;0.0;;(8, 9);;(8, 8);1;3397
0;0.0;;(8, 9);;(8, 8);1;3398
0;0.0;;(8, 9);;(8, 8);1;3399
0;0.0;;(8, 9);;(8, 8);1;3400
0;0.0;;(8, 9);;(8, 8);1;3401
0;0.0;;(8, 9);;(8, 8);1;3402
0;0.0;;(8, 9);;(8, 8);1;3403
0;0.0;;(8, 9);;(8, 8);1;3404
0;0.0;;(8, 9);;(8, 8);1;3405
0;0.0;;(8, 9);;(8, 8);1;3406
0;0.0;;(8, 9);;(8, 8);1;3407
0;0.0;;(8, 9);;(8, 8);1;3408
0;0.0;;(8, 9);;(8, 8);1;3409
0;0.0;;(8, 9);;(8, 8);1;3410
0;0.0;;(8, 9);;(8, 8);1;3411
0;0.0;;(8, 9);;(8, 8);1;3412
0;0.0;;(8, 9);;(8, 8);1;3413
0;0.0;;(8, 9);;(8, 8);1;3414
0;0.0;;(8, 9);;(8, 8);1;3415
0;0.0;;(8, 9);;(8, 8);1;3416
0;0.0;;(8, 9);;(8, 8);1;3417
0;0.0;;(8, 9);;(8, 8);1;3418
0;0.0;;(8, 9);;(8, 8);1;3419
0;0.0;;(8, 9);;(8, 8);1;3420
0;0.0;;(8, 9);;(8, 8);1;3421
0;0.0;;(8, 9);;(8, 8);1;3422
0;0.0;;(8, 9);;(8, 8);1;3423
0;0.0;;(8, 9);;(8, 8);1;3424
0;0.0;;(8, 9);;(8, 8);1;3425
0;0.0;;(8, 9);;(8, 8);1;3426
0;0.0;;(8, 9);;(8, 8);1;3427
0;0.0;;(8, 9);;(8, 8);1;3428
0;0.0;;(8, 9);;(8, 8);1;3429
0;0.0;;(8, 9);;(8, 8);1;3430
0;0.0;;(8, 9);;(8, 8);1;3431
0;0.0;;(8, 9);;(8, 8);1;3432
0;0.0;;(8, 9);;(8, 8);1;3433
0;0.0;;(8, 9);;(8, 8);1;3434
0;0.0;;(8, 9);;(8, 8);1;3435
0;0.0;;(8, 9);;(8, 8);1;3436
0;0.0;;(8, 9);;(8, 8);1;3437
0;0.0;;(8, 9);;(8, 8);1;3438
0;0.0;;(8, 9);;(8, 8);1;3439
0;0.0;;(8, 9);;(8, 8);1;3440
0;0.0;;(8, 9);;(8, 8);1;3441
0;0.0;;(8, 9);;(8, 8);1;3442
0;0.0;;(8, 9);;(8, 8);1;3443
0;0.0;;(8, 9);;(8, 8);1;3444
0;0.0;;(8, 9);;(8, 8);1;3445
0;0.0;;(8, 9);;(8, 8);1;3446
0;0.0;;(8, 9);;(8, 8);1;3447
0;0.0;;(8, 9);;(8, 8);1;3448
0;0.0;;(8, 9);;(8, 8);1;3449
0;0.0;;(8, 9);;(8, 8);1;3450
0;0.0;;(8, 9);;(8, 8);1;3451
0;0.0;;(8, 9);;(8, 8);1;3452
0;0.0;;(8, 9);;(8, 8);1;3453
0;0.0;;(8, 9);;(8, 8);1;3454
0;0.0;;(8, 9);;(8, 8);1;3455
0;0.0;;(8, 9);;(8, 8);1;3456
0;0.0;;(8, 9);;(8, 8);1;3457
0;0.0;;(8, 9);;(8, 8);1;3458
0;0.0;;(8, 9);;(8, 8);1;3459
0;0.0;;(8, 9);;(8, 8);1;3460
0;0.0;;(8, 9);;(8, 8);1;3461
0;0.0;;(8, 9);;(8, 8);1;3462
0;0.0;;(8, 9);;(8, 8);1;3463
0;0.0;;(8, 9);;(8, 8);1;3464
0;0.0;;(8, 9);;(8, 8);1;3465
0;0.0;;(8, 9);;(8, 8);1;3466
0;0.0;;(8, 9);;(8, 8);1;3467
0;0.0;;(8, 9);;(8, 8);1;3468
0;0.0;;(8, 9);;(8, 8);1;3469
0;0.0;;(8, 9);;(8, 8);1;3470
0;0.0;;(8, 9);;(8, 8);1;3471
0;0.0;;(8, 9);;(8, 8);1;3472
0;0.0;;(8, 9);;(8, 8);1;3473
0;0.0;;(8, 9);;(8, 8);1;3474
0;0.0;;(8, 9);;(8, 8);1;3475
0;0.0;;(8, 9);;(8, 8);1;3476
0;0.0;;(8, 9);;(8, 8);1;3477
0;0.0;;(8, 9);;(8, 8);1;3478
0;0.0;;(8, 9);;(8, 8);1;3479
0;0.0;;(8, 9);;(8, 8);1;3480
0;0.0;;(8, 9);;(8, 8);1;3481
0;0.0;;(8, 9);;(8, 8);1;3482
0;0.0;;(8, 9);;(8, 8);1;3483
0;0.0;;(8, 9);;(8, 8);1;3484
0;0.0;;(8, 9);;(8, 8);1;3485
0;0.0;;(8, 9);;(8, 8);1;3486
0;0.0;;(8, 9);;(8, 8);1;3487
0;0.0;;(8, 9);;(8, 8);1;3488
0;0.0;;(8, 9);;(8, 8);1;3489
0;0.0;;(8, 9);;(8, 8);1;3490
0;0.0;;(8, 9);;(8, 8);1;3491
0;0.0;;(8, 9);;(8, 8);1;3492
0;0.0;;(8, 9);;(8, 8);1;3493
0;0.0;;(8, 9);;(8, 8);1;3494
0;0.0;;(8, 9);;(8, 8);1;3495
0;0.0;;(8, 9);;(8, 8);1;3496
0;0.0;;(8, 9);;(8, 8);1;3497
0;0.0;;(8, 9);;(8, 8);1;3498
0;0.0;;(8, 9);;(8, 8);1;3499
0;0.0;;(8, 9);;(8, 8);1;3500
0;0.0;;(8, 9);;(8, 8);1;3501
0;0.0;;(8, 9);;(8, 8);1;3502
0;0.0;;(8, 9);;(8, 8);1;3503
0;0.0;;(8, 9);;(8, 8);1;3504
0;0.0;;(8, 9);;(8, 8);1;3505
0;0.0;;(8, 9);;(8, 8);1;3506
0;0.0;;(8, 9);;(8, 8);1;3507
0;0.0;;(8, 9);;(8, 8);1;3508
0;0.0;;(8, 9);;(8, 8);1;3509
0;0.0;;(8, 9);;(8, 8);1;3510
0;0.0;;(8, 9);;(8, 8);1;3511
0;0.0;;(8, 9);;(8, 8);1;3512
0;0.0;;(8, 9);;(8, 8);1;3513
0;0.0;;(8, 9);;(8, 8);1;3514
0;0.0;;(8, 9);;(8, 8);1;3515
0;0.0;;(8, 9);;(8, 8);1;3516
0;0.0;;(8, 9);;(8, 8);1;3517
0;0.0;;(8, 9);;(8, 8);1;3518
0;0.0;;(8, 9);;(8, 8);1;3519
0;0.0;;(8, 9);;(8, 8);1;3520
0;0.0;;(8, 9);;(8, 8);1;3521
0;0.0;;(8, 9);;(8, 8);1;3522
0;0.0;;(8, 9);;(8, 8);1;3523
0;0.0;;(8, 9);;(8, 8);1;3524
0;0.0;;(8, 9);;(8, 8);1;3525
0;0.0;;(8, 9);;(8, 8);1;3526
0;0.0;;(8, 9);;(8, 8);1;3527
0;0.0;;(8, 9);;(8, 8);1;3528
0;0.0;;(8, 9);;(8, 8);1;3529
0;0.0;;(8, 9);;(8, 8);1;3530
0;0.0;;(8, 9);;(8, 8);1;3531
0;0.0;;(8, 9);;(8, 8);1;3532
0;0.0;;(8, 9);;(8, 8);1;3533
0;0.0;;(8, 9);;(8, 8);1;3534
0;0.0;;(8, 9);;(8, 8);1;3535
0;0.0;;(8, 9);;(8, 8);1;3536
0;0.0;;(8, 9);;(8, 8);1;3537
0;0.0;;(8, 9);;(8, 8);1;3538
0;0.0;;(8, 9);;(8, 8);1;3539
0;0.0;;(8, 9);;(8, 8);1;3540
0;0.0;;(8, 9);;(8, 8);1;3541
0;0.0;;(8, 9);;(8, 8);1;3542
0;0.0;;(8, 9);;(8, 8);1;3543
0;0.0;;(8, 9);;(8, 8);1;3544
0;0.0;;(8, 9);;(8, 8);1;3545
0;0.0;;(8, 9);;(8, 8);1;3546
0;0.0;;(8, 9);;(8, 8);1;3547
0;0.0;;(8, 9);;(8, 8);1;3548
0;0.0;;(8, 9);;(8, 8);1;3549
0;0.0;;(8, 9);;(8, 8);1;3550
0;0.0;;(8, 9);;(8, 8);1;3551
0;0.0;;(8, 9);;(8, 8);1;3552
0;0.0;;(8, 9);;(8, 8);1;3553
0;0.0;;(8, 9);;(8, 8);1;3554
0;0.0;;(8, 9);;(8, 8);1;3555
0;0.0;;(8, 9);;(8, 8);1;3556
0;0.0;;(8, 9);;(8, 8);1;3557
0;0.0;;(8, 9);;(8, 8);1;3558
0;0.0;;(8, 9);;(8, 8);1;3559
0;0.0;;(8, 9);;(8, 8);1;3560
0;0.0;;(8, 9);;(8, 8);1;3561
0;0.0;;(8, 9);;(8, 8);1;3562
0;0.0;;(8, 9);;(8, 8);1;3563
0;0.0;;(8, 9);;(8, 8);1;3564
0;0.0;;(8, 9);;(8, 8);1;3565
0;0.0;;(8, 9);;(8, 8);1;3566
0;0.0;;(8, 9);;(8, 8);1;3567
0;0.0;;(8, 9);;(8, 8);1;3568
0;0.0;;(8, 9);;(8, 8);1;3569
0;0.0;;(8, 9);;(8, 8);1;3570
0;0.0;;(8, 9);;(8, 8);1;3571
0;0.0;;(8, 9);;(8, 8);1;3572
0;0.0;;(8, 9);;(8, 8);1;3573
0;0.0;;(8, 9);;(8, 8);1;3574
0;0.0;;(8, 9);;(8, 8);1;3575
0;0.0;;(8, 9);;(8, 8);1;3576
0;0.0;;(8, 9);;(8, 8);1;3577
0;0.0;;(8, 9);;(8, 8);1;3578
0;0.0;;(8, 9);;(8, 8);1;3579
0;0.0;;(8, 9);;(8, 8);1;3580
0;0.0;;(8, 9);;(8, 8);1;3581
0;0.0;;(8, 9);;(8, 8);1;3582
0;0.0;;(8, 9);;(8, 8);1;3583
0;0.0;;(8, 9);;(8, 8);1;3584
0;0.0;;(8, 9);;(8, 8);1;3585
0;0.0;;(8, 9);;(8, 8);1;3586
0;0.0;;(8, 9);;(8, 8);1;3587
0;0.0;;(8, 9);;(8, 8);1;3588
0;0.0;;(8, 9);;(8, 8);1;3589
0;0.0;;(8, 9);;(8, 8);1;3590
0;0.0;;(8, 9);;(8, 8);1;3591
0;0.0;;(8, 9);;(8, 8);1;3592
0;0.0;;(8, 9);;(8, 8);1;3593
0;0.0;;(8, 9);;(8, 8);1;3594
0;0.0;;(8, 9);;(8, 8);1;3595
0;0.0;;(8, 9);;(8, 8);1;3596
0;0.0;;(8, 9);;(8, 8);1;3597
0;0.0;;(8, 9);;(8, 8);1;3598
0;0.0;;(8, 9);;(8, 8);1;3599
0;0.0;;(8, 9);;(8, 8);1;3600
0;0.0;;(8, 9);;(8, 8);1;3601
0;0.0;;(8, 9);;(8, 8);1;3602
0;0.0;;(8, 9);;(8, 8);1;3603
0;0.0;;(8, 9);;(8, 8);1;3604
0;0.0;;(8, 9);;(8, 8);1;3605
0;0.0;;(8, 9);;(8, 8);1;3606
0;0.0;;(8, 9);;(8, 8);1;3607
0;0.0;;(8, 9);;(8, 8);1;3608
0;0.0;;(8, 9);;(8, 8);1;3609
0;0.0;;(8, 9);;(8, 8);1;3610
0;0.0;;(8, 9);;(8, 8);1;3611
0;0.0;;(8, 9);;(8, 8);1;3612
0;0.0;;(8, 9);;(8, 8);1;3613
0;0.0;;(8, 9);;(8, 8);1;3614
0;0.0;;(8, 9);;(8, 8);1;3615
0;0.0;;(8, 9);;(8, 8);1;3616
0;0.0;;(8, 9);;(8, 8);1;3617
0;0.0;;(8, 9);;(8, 8);1;3618
0;0.0;;(8, 9);;(8, 8);1;3619
0;0.0;;(8, 9);;(8, 8);1;3620
0;0.0;;(8, 9);;(8, 8);1;3621
0;0.0;;(8, 9);;(8, 8);1;3622
0;0.0;;(8, 9);;(8, 8);1;3623
0;0.0;;(8, 9);;(8, 8);1;3624
0;0.0;;(8, 9);;(8, 8);1;3625
0;0.0;;(8, 9);;(8, 8);1;3626
0;0.0;;(8, 9);;(8, 8);1;3627
0;0.0;;(8, 9);;(8, 8);1;3628
0;0.0;;(8, 9);;(8, 8);1;3629
0;0.0;;(8, 9);;(8, 8);1;3630
0;0.0;;(8, 9);;(8, 8);1;3631
0;0.0;;(8, 9);;(8, 8);1;3632
0;0.0;;(8, 9);;(8, 8);1;3633
0;0.0;;(8, 9);;(8, 8);1;3634
0;0.0;;(8, 9);;(8, 8);1;3635
0;0.0;;(8, 9);;(8, 8);1;3636
0;0.0;;(8, 9);;(8, 8);1;3637
0;0.0;;(8, 9);;(8, 8);1;3638
0;0.0;;(8, 9);;(8, 8);1;3639
0;0.0;;(8, 9);;(8, 8);1;3640
0;0.0;;(8, 9);;(8, 8);1;3641
0;0.0;;(8, 9);;(8, 8);1;3642
0;0.0;;(8, 9);;(8, 8);1;3643
0;0.0;;(8, 9);;(8, 8);1;3644
0;0.0;;(8, 9);;(8, 8);1;3645
0;0.0;;(8, 9);;(8, 8);1;3646
0;0.0;;(8, 9);;(8, 8);1;3647
0;0.0;;(8, 9);;(8, 8);1;3648
0;0.0;;(8, 9);;(8, 8);1;3649
0;0.0;;(8, 9);;(8, 8);1;3650
0;0.0;;(8, 9);;(8, 8);1;3651
0;0.0;;(8, 9);;(8, 8);1;3652
0;0.0;;(8, 9);;(8, 8);1;3653
0;0.0;;(8, 9);;(8, 8);1;3654
0;0.0;;(8, 9);;(8, 8);1;3655
0;0.0;;(8, 9);;(8, 8);1;3656
0;0.0;;(8, 9);;(8, 8);1;3657
0;0.0;;(8, 9);;(8, 8);1;3658
0;0.0;;(8, 9);;(8, 8);1;3659
0;0.0;;(8, 9);;(8, 8);1;3660
0;0.0;;(8, 9);;(8, 8);1;3661
0;0.0;;(8, 9);;(8, 8);1;3662
0;0.0;;(8, 9);;(8, 8);1;3663
0;0.0;;(8, 9);;(8, 8);1;3664
0;0.0;;(8, 9);;(8, 8);1;3665
0;0.0;;(8, 9);;(8, 8);1;3666
0;0.0;;(8, 9);;(8, 8);1;3667
0;0.0;;(8, 9);;(8, 8);1;3668
0;0.0;;(8, 9);;(8, 8);1;3669
0;0.0;;(8, 9);;(8, 8);1;3670
0;0.0;;(8, 9);;(8, 8);1;3671
0;0.0;;(8, 9);;(8, 8);1;3672
0;0.0;;(8, 9);;(8, 8);1;3673
0;0.0;;(8, 9);;(8, 8);1;3674
0;0.0;;(8, 9);;(8, 8);1;3675
0;0.0;;(8, 9);;(8, 8);1;3676
0;0.0;;(8, 9);;(8, 8);1;3677
0;0.0;;(8, 9);;(8, 8);1;3678
0;0.0;;(8, 9);;(8, 8);1;3679
0;0.0;;(8, 9);;(8, 8);1;3680
0;0.0;;(8, 9);;(8, 8);1;3681
0;0.0;;(8, 9);;(8, 8);1;3682
0;0.0;;(8, 9);;(8, 8);1;3683
0;0.0;;(8, 9);;(8, 8);1;3684
0;0.0;;(8, 9);;(8, 8);1;3685
0;0.0;;(8, 9);;(8, 8);1;3686
0;0.0;;(8, 9);;(8, 8);1;3687
0;0.0;;(8, 9);;(8, 8);1;3688
0;0.0;;(8, 9);;(8, 8);1;3689
0;0.0;;(8, 9);;(8, 8);1;3690
0;0.0;;(8, 9);;(8, 8);1;3691
0;0.0;;(8, 9);;(8, 8);1;3692
0;0.0;;(8, 9);;(8, 8);1;3693
0;0.0;;(8, 9);;(8, 8);1;3694
0;0.0;;(8, 9);;(8, 8);1;3695
0;0.0;;(8, 9);;(8, 8);1;3696
0;0.0;;(8, 9);;(8, 8);1;3697
0;0.0;;(8, 9);;(8, 8);1;3698
0;0.0;;(8, 9);;(8, 8);1;3699
0;0.0;;(8, 9);;(8, 8);1;3700
0;0.0;;(8, 9);;(8, 8);1;3701
0;0.0;;(8, 9);;(8, 8);1;3702
0;0.0;;(8, 9);;(8, 8);1;3703
0;0.0;;(8, 9);;(8, 8);1;3704
0;0.0;;(8, 9);;(8, 8);1;3705
0;0.0;;(8, 9);;(8, 8);1;3706
0;0.0;;(8, 9);;(8, 8);1;3707
0;0.0;;(8, 9);;(8, 8);1;3708
0;0.0;;(8, 9);;(8, 8);1;3709
0;0.0;;(8, 9);;(8, 8);1;3710
0;0.0;;(8, 9);;(8, 8);1;3711
0;0.0;;(8, 9);;(8, 8);1;3712
0;0.0;;(8, 9);;(8, 8);1;3713
0;0.0;;(8, 9);;(8, 8);1;3714
0;0.0;;(8, 9);;(8, 8);1;3715
0;0.0;;(8, 9);;(8, 8);1;3716
0;0.0;;(8, 9);;(8, 8);1;3717
0;0.0;;(8, 9);;(8, 8);1;3718
0;0.0;;(8, 9);;(8, 8);1;3719
0;0.0;;(8, 9);;(8, 8);1;3720
0;0.0;;(8, 9);;(8, 8);1;3721
0;0.0;;(8, 9);;(8, 8);1;3722
0;0.0;;(8, 9);;(8, 8);1;3723
0;0.0;;(8, 9);;(8, 8);1;3724
0;0.0;;(8, 9);;(8, 8);1;3725
0;0.0;;(8, 9);;(8, 8);1;3726
0;0.0;;(8, 9);;(8, 8);1;3727
0;0.0;;(8, 9);;(8, 8);1;3728
0;0.0;;(8, 9);;(8, 8);1;3729
0;0.0;;(8, 9);;(8, 8);1;3730
0;0.0;;(8, 9);;(8, 8);1;3731
0;0.0;;(8, 9);;(8, 8);1;3732
0;0.0;;(8, 9);;(8, 8);1;3733
0;0.0;;(8, 9);;(8, 8);1;3734
0;0.0;;(8, 9);;(8, 8);1;3735
0;0.0;;(8, 9);;(8, 8);1;3736
0;0.0;;(8, 9);;(8, 8);1;3737
0;0.0;;(8, 9);;(8, 8);1;3738
0;0.0;;(8, 9);;(8, 8);1;3739
0;0.0;;(8, 9);;(8, 8);1;3740
0;0.0;;(8, 9);;(8, 8);1;3741
0;0.0;;(8, 9);;(8, 8);1;3742
0;0.0;;(8, 9);;(8, 8);1;3743
0;0.0;;(8, 9);;(8, 8);1;3744
0;0.0;;(8, 9);;(8, 8);1;3745
0;0.0;;(8, 9);;(8, 8);1;3746
0;0.0;;(8, 9);;(8, 8);1;3747
0;0.0;;(8, 9);;(8, 8);1;3748
0;0.0;;(8, 9);;(8, 8);1;3749
0;0.0;;(8, 9);;(8, 8);1;3750
0;0.0;;(8, 9);;(8, 8);1;3751
0;0.0;;(8, 9);;(8, 8);1;3752
0;0.0;;(8, 9);;(8, 8);1;3753
0;0.0;;(8, 9);;(8, 8);1;3754
0;0.0;;(8, 9);;(8, 8);1;3755
0;0.0;;(8, 9);;(8, 8);1;3756
0;0.0;;(8, 9);;(8, 8);1;3757
0;0.0;;(8, 9);;(8, 8);1;3758
0;0.0;;(8, 9);;(8, 8);1;3759
0;0.0;;(8, 9);;(8, 8);1;3760
0;0.0;;(8, 9);;(8, 8);1;3761
0;0.0;;(8, 9);;(8, 8);1;3762
0;0.0;;(8, 9);;(8, 8);1;3763
0;0.0;;(8, 9);;(8, 8);1;3764
0;0.0;;(8, 9);;(8, 8);1;3765
0;0.0;;(8, 9);;(8, 8);1;3766
0;0.0;;(8, 9);;(8, 8);1;3767
0;0.0;;(8, 9);;(8, 8);1;3768
0;0.0;;(8, 9);;(8, 8);1;3769
0;0.0;;(8, 9);;(8, 8);1;3770
0;0.0;;(8, 9);;(8, 8);1;3771
0;0.0;;(8, 9);;(8, 8);1;3772
0;0.0;;(8, 9);;(8, 8);1;3773
0;0.0;;(8, 9);;(8, 8);1;3774
0;0.0;;(8, 9);;(8, 8);1;3775
0;0.0;;(8, 9);;(8, 8);1;3776
0;0.0;;(8, 9);;(8, 8);1;3777
0;0.0;;(8, 9);;(8, 8);1;3778
0;0.0;;(8, 9);;(8, 8);1;3779
0;0.0;;(8, 9);;(8, 8);1;3780
0;0.0;;(8, 9);;(8, 8);1;3781
0;0.0;;(8, 9);;(8, 8);1;3782
0;0.0;;(8, 9);;(8, 8);1;3783
0;0.0;;(8, 9);;(8, 8);1;3784
0;0.0;;(8, 9);;(8, 8);1;3785
0;0.0;;(8, 9);;(8, 8);1;3786
0;0.0;;(8, 9);;(8, 8);1;3787
0;0.0;;(8, 9);;(8, 8);1;3788
0;0.0;;(8, 9);;(8, 8);1;3789
0;0.0;;(8, 9);;(8, 8);1;3790
0;0.0;;(8, 9);;(8, 8);1;3791
0;0.0;;(8, 9);;(8, 8);1;3792
0;0.0;;(8, 9);;(8, 8);1;3793
0;0.0;;(8, 9);;(8, 8);1;3794
0;0.0;;(8, 9);;(8, 8);1;3795
0;0.0;;(8, 9);;(8, 8);1;3796
0;0.0;;(8, 9);;(8, 8);1;3797
0;0.0;;(8, 9);;(8, 8);1;3798
0;0.0;;(8, 9);;(8, 8);1;3799
0;0.0;;(8, 9);;(8, 8);1;3800
0;0.0;;(8, 9);;(8, 8);1;3801
0;0.0;;(8, 9);;(8, 8);1;3802
0;0.0;;(8, 9);;(8, 8);1;3803
0;0.0;;(8, 9);;(8, 8);1;3804
0;0.0;;(8, 9);;(8, 8);1;3805
0;0.0;;(8, 9);;(8, 8);1;3806
0;0.0;;(8, 9);;(8, 8);1;3807
0;0.0;;(8, 9);;(8, 8);1;3808
0;0.0;;(8, 9);;(8, 8);1;3809
0;0.0;;(8, 9);;(8, 8);1;3810
0;0.0;;(8, 9);;(8, 8);1;3811
0;0.0;;(8, 9);;(8, 8);1;3812
0;0.0;;(8, 9);;(8, 8);1;3813
0;0.0;;(8, 9);;(8, 8);1;3814
0;0.0;;(8, 9);;(8, 8);1;3815
0;0.0;;(8, 9);;(8, 8);1;3816
0;0.0;;(8, 9);;(8, 8);1;3817
0;0.0;;(8, 9);;(8, 8);1;3818
0;0.0;;(8, 9);;(8, 8);1;3819
0;0.0;;(8, 9);;(8, 8);1;3820
0;0.0;;(8, 9);;(8, 8);1;3821
0;0.0;;(8, 9);;(8, 8);1;3822
0;0.0;;(8, 9);;(8, 8);1;3823
0;0.0;;(8, 9);;(8, 8);1;3824
0;0.0;;(8, 9);;(8, 8);1;3825
0;0.0;;(8, 9);;(8, 8);1;3826
0;0.0;;(8, 9);;(8, 8);1;3827
0;0.0;;(8, 9);;(8, 8);1;3828
0;0.0;;(8, 9);;(8, 8);1;3829
0;0.0;;(8, 9);;(8, 8);1;3830
0;0.0;;(8, 9);;(8, 8);1;3831
0;0.0;;(8, 9);;(8, 8);1;3832
0;0.0;;(8, 9);;(8, 8);1;3833
0;0.0;;(8, 9);;(8, 8);1;3834
0;0.0;;(8, 9);;(8, 8);1;3835
0;0.0;;(8, 9);;(8, 8);1;3836
0;0.0;;(8, 9);;(8, 8);1;3837
0;0.0;;(8, 9);;(8, 8);1;3838
0;0.0;;(8, 9);;(8, 8);1;3839
0;0.0;;(8, 9);;(8, 8);1;3840
0;0.0;;(8, 9);;(8, 8);1;3841
0;0.0;;(8, 9);;(8, 8);1;3842
0;0.0;;(8, 9);;(8, 8);1;3843
0;0.0;;(8, 9);;(8, 8);1;3844
0;0.0;;(8, 9);;(8, 8);1;3845
0;0.0;;(8, 9);;(8, 8);1;3846
0;0.0;;(8, 9);;(8, 8);1;3847
0;0.0;;(8, 9);;(8, 8);1;3848
0;0.0;;(8, 9);;(8, 8);1;3849
0;0.0;;(8, 9);;(8, 8);1;3850
0;0.0;;(8, 9);;(8, 8);1;3851
0;0.0;;(8, 9);;(8, 8);1;3852
0;0.0;;(8, 9);;(8, 8);1;3853
0;0.0;;(8, 9);MoveEast;(9, 8);1;3854
0;0.0;;(8, 9);;(9, 8);1;3855
0;0.0;;(8, 9);;(9, 8);1;3856
0;0.0;;(8, 9);;(9, 8);1;3857
0;0.0;;(8, 9);;(9, 8);1;3858
0;0.0;;(8, 9);;(9, 8);1;3859
0;0.0;;(8, 9);;(9, 8);1;3860
0;0.0;;(8, 9);;(9, 8);1;3861
0;0.0;;(8, 9);;(9, 8);1;3862
0;0.0;;(8, 9);;(9, 8);1;3863
0;0.0;;(8, 9);;(9, 8);1;3864
0;0.0;;(8, 9);;(9, 8);1;3865
0;0.0;;(8, 9);;(9, 8);1;3866
0;0.0;;(8, 9);;(9, 8);1;3867
0;0.0;;(8, 9);;(9, 8);1;3868
0;0.0;;(8, 9);;(9, 8);1;3869
0;0.0;;(8, 9);;(9, 8);1;3870
0;0.0;;(8, 9);;(9, 8);1;3871
0;0.0;;(8, 9);;(9, 8);1;3872
0;0.0;;(8, 9);;(9, 8);1;3873
0;0.0;;(8, 9);;(9, 8);1;3874
0;0.0;;(8, 9);;(9, 8);1;3875
0;0.0;;(8, 9);;(9, 8);1;3876
0;0.0;;(8, 9);;(9, 8);1;3877
0;0.0;;(8, 9);MoveSouth;(9, 9);1;3878
0;0.0;;(8, 9);;(9, 9);1;3879
0;0.0;;(8, 9);;(9, 9);1;3880
0;0.0;;(8, 9);;(9, 9);1;3881
0;0.0;;(8, 9);;(9, 9);1;3882
0;0.0;;(8, 9);;(9, 9);1;3883
0;0.0;;(8, 9);;(9, 9);1;3884
0;0.0;;(8, 9);;(9, 9);1;3885
0;0.0;;(8, 9);;(9, 9);1;3886
0;0.0;;(8, 9);;(9, 9);1;3887
0;0.0;;(8, 9);;(9, 9);1;3888
0;0.0;;(8, 9);;(9, 9);1;3889
0;0.0;;(8, 9);MoveWest;(8, 9);1;3890
0;0.0;;(8, 9);;(8, 9);1;3891
0;0.0;;(8, 9);;(8, 9);1;3892
0;0.0;;(8, 9);;(8, 9);1;3893
0;0.0;;(8, 9);;(8, 9);1;3894
0;0.0;;(8, 9);;(8, 9);1;3895
0;0.0;;(8, 9);;(8, 9);1;3896
0;0.0;;(8, 9);;(8, 9);1;3897
0;0.0;;(8, 9);;(8, 9);1;3898
0;0.0;;(8, 9);;(8, 9);1;3899
0;0.0;;(8, 9);;(8, 9);1;3900
0;0.0;;(8, 9);;(8, 9);1;3901
0;0.0;;(8, 9);;(8, 9);1;3902
0;0.0;;(8, 9);;(8, 9);1;3903
0;0.0;;(8, 9);;(8, 9);1;3904
0;0.0;;(8, 9);;(8, 9);1;3905
0;0.0;;(8, 9);;(8, 9);1;3906
0;0.0;;(8, 9);;(8, 9);1;3907
0;0.0;;(8, 9);;(8, 9);1;3908
0;0.0;;(8, 9);;(8, 9);1;3909
0;0.0;;(8, 9);;(8, 9);1;3910
0;0.0;;(8, 9);;(8, 9);1;3911
0;0.0;;(8, 9);;(8, 9);1;3912
0;0.0;;(8, 9);;(8, 9);1;3913
0;0.0;;(8, 9);;(8, 9);1;3914
0;0.0;;(8, 9);;(8, 9);1;3915
0;0.0;;(8, 9);;(8, 9);1;3916
0;0.0;;(8, 9);;(8, 9);1;3917
0;0.0;;(8, 9);;(8, 9);1;3918
0;0.0;;(8, 9);;(8, 9);1;3919
0;0.0;;(8, 9);;(8, 9);1;3920
0;0.0;;(8, 9);;(8, 9);1;3921
0;0.0;;(8, 9);;(8, 9);1;3922
0;0.0;;(8, 9);;(8, 9);1;3923
0;0.0;;(8, 9);;(8, 9);1;3924
0;0.0;;(8, 9);;(8, 9);1;3925
0;0.0;;(8, 9);CarryObjectTogether;(8, 9);1;3926
0;0.0;;(8, 9);;(8, 9);1;3927
0;0.0;;(8, 9);;(8, 9);1;3928
0;0.0;;(8, 9);;(8, 9);1;3929
0;0.0;;(8, 9);;(8, 9);1;3930
0;0.0;;(8, 9);;(8, 9);1;3931
0;0.0;;(8, 9);;(8, 9);1;3932
0;0.0;;(8, 9);;(8, 9);1;3933
0;0.0;;(8, 9);;(8, 9);1;3934
0;0.0;;(8, 9);;(8, 9);1;3935
0;0.0;;(8, 9);;(8, 9);1;3936
0;0.0;;(8, 9);;(8, 9);1;3937
0;0.0;;(8, 9);;(8, 9);1;3938
0;0.0;;(8, 9);;(8, 9);1;3939
0;0.0;;(8, 9);;(8, 9);1;3940
0;0.0;;(8, 9);;(8, 9);1;3941
0;0.0;;(8, 9);MoveNorth;(8, 8);1;3942
0;0.0;;(8, 9);;(8, 8);1;3943
0;0.0;;(8, 9);MoveEast;(9, 8);1;3944
0;0.0;;(8, 9);;(9, 8);1;3945
0;0.0;;(8, 9);;(9, 8);1;3946
0;0.0;;(8, 9);;(9, 8);1;3947
0;0.0;;(8, 9);;(9, 8);1;3948
0;0.0;;(8, 9);;(9, 8);1;3949
0;0.0;;(8, 9);;(9, 8);1;3950
0;0.0;;(8, 9);;(9, 8);1;3951
0;0.0;;(8, 9);MoveNorth;(9, 7);1;3952
0;0.0;;(8, 9);;(9, 7);1;3953
0;0.0;;(8, 9);MoveNorth;(9, 6);1;3954
0;0.0;;(8, 9);MoveNorth;(9, 5);1;3955
0;0.0;;(8, 9);;(9, 5);1;3956
0;0.0;;(8, 9);;(9, 5);1;3957
0;0.0;;(8, 9);;(9, 5);1;3958
0;0.0;;(8, 9);;(9, 5);1;3959
0;0.0;;(8, 9);MoveEast;(10, 5);1;3960
0;0.0;;(8, 9);MoveEast;(10, 5);1;3961
0;0.0;;(8, 9);MoveEast;(10, 5);1;3962
0;0.0;;(8, 9);MoveEast;(10, 5);1;3963
0;0.0;;(8, 9);MoveEast;(10, 5);1;3964
0;0.0;;(8, 9);MoveEast;(10, 5);1;3965
0;0.0;;(8, 9);MoveEast;(11, 5);1;3966
0;0.0;;(8, 9);MoveEast;(12, 5);1;3967
0;0.0;;(8, 9);;(12, 5);1;3968
0;0.0;;(8, 9);MoveEast;(13, 5);1;3969
0;0.0;;(8, 9);MoveEast;(14, 5);1;3970
0;0.0;;(8, 9);;(14, 5);1;3971
0;0.0;;(8, 9);MoveEast;(15, 5);1;3972
0;0.0;;(8, 9);MoveEast;(16, 5);1;3973
0;0.0;;(8, 9);;(16, 5);1;3974
0;0.0;;(8, 9);;(16, 5);1;3975
0;0.0;;(8, 9);;(16, 5);1;3976
0;0.0;;(8, 9);;(16, 5);1;3977
0;0.0;;(8, 9);MoveEast;(17, 5);1;3978
0;0.0;;(8, 9);MoveEast;(18, 5);1;3979
0;0.0;;(8, 9);;(18, 5);1;3980
0;0.0;;(8, 9);MoveEast;(19, 5);1;3981
0;0.0;;(8, 9);;(19, 5);1;3982
0;0.0;;(8, 9);MoveEast;(19, 5);1;3983
0;0.0;;(8, 9);MoveEast;(19, 5);1;3984
0;0.0;;(8, 9);MoveEast;(19, 5);1;3985
0;0.0;;(8, 9);MoveEast;(19, 5);1;3986
0;0.0;;(8, 9);MoveEast;(19, 5);1;3987
0;0.0;;(8, 9);MoveEast;(20, 5);1;3988
0;0.0;;(8, 9);MoveEast;(20, 5);1;3989
0;0.0;;(8, 9);MoveEast;(20, 5);1;3990
0;0.0;;(8, 9);MoveEast;(20, 5);1;3991
0;0.0;;(8, 9);MoveEast;(20, 5);1;3992
0;0.0;;(8, 9);MoveEast;(20, 5);1;3993
0;0.0;;(8, 9);MoveEast;(21, 5);1;3994
0;0.0;;(8, 9);MoveEast;(22, 5);1;3995
0;0.0;;(8, 9);MoveEast;(22, 5);1;3996
0;0.0;;(8, 9);MoveEast;(22, 5);1;3997
0;0.0;;(8, 9);MoveEast;(22, 5);1;3998
0;0.0;;(8, 9);MoveEast;(22, 5);1;3999
0;0.0;;(8, 9);MoveEast;(22, 5);1;4000
0;0.0;;(8, 9);MoveEast;(23, 5);1;4001
0;0.0;;(8, 9);MoveSouth;(23, 5);1;4002
0;0.0;;(8, 9);MoveSouth;(23, 5);1;4003
0;0.0;;(8, 9);MoveSouth;(23, 5);1;4004
0;0.0;;(8, 9);MoveSouth;(23, 5);1;4005
0;0.0;;(8, 9);MoveSouth;(23, 5);1;4006
0;0.0;;(8, 9);MoveSouth;(23, 6);1;4007
0;0.0;;(8, 9);MoveSouth;(23, 7);1;4008
0;0.0;;(8, 9);;(23, 7);1;4009
0;0.0;;(8, 9);;(23, 7);1;4010
0;0.0;;(8, 9);MoveSouth;(23, 8);1;4011
0;0.0;;(8, 9);;(23, 8);1;4012
0;0.0;;(8, 9);MoveSouth;(23, 9);1;4013
0;0.0;;(8, 9);;(23, 9);1;4014
0;0.0;;(8, 9);MoveSouth;(23, 10);1;4015
0;0.0;;(8, 9);MoveSouth;(23, 11);1;4016
0;0.0;;(8, 9);;(23, 11);1;4017
0;0.0;;(8, 9);MoveSouth;(23, 12);1;4018
0;0.0;;(8, 9);;(23, 12);1;4019
0;0.0;;(8, 9);;(23, 12);1;4020
0;0.0;;(8, 9);;(23, 12);1;4021
0;0.0;;(8, 9);;(23, 12);1;4022
0;0.0;;(8, 9);;(23, 12);1;4023
0;0.0;;(8, 9);;(23, 12);1;4024
0;0.0;;(8, 9);;(23, 12);1;4025
0;0.0;;(8, 9);MoveNorth;(23, 11);1;4026
0;0.0;;(8, 9);;(23, 11);1;4027
0;0.0;;(8, 9);;(23, 11);1;4028
0;0.0;;(8, 9);;(23, 11);1;4029
0;0.0;;(8, 9);;(23, 11);1;4030
0;0.0;;(8, 9);;(23, 11);1;4031
0;0.0;;(8, 9);;(23, 11);1;4032
0;0.0;;(8, 9);;(23, 11);1;4033
0;0.0;;(8, 9);;(23, 11);1;4034
0;0.0;;(8, 9);;(23, 11);1;4035
0;0.0;;(8, 9);;(23, 11);1;4036
0;0.0;;(8, 9);;(23, 11);1;4037
0;0.0;;(8, 9);;(23, 11);1;4038
0;0.0;;(8, 9);;(23, 11);1;4039
0;0.0;;(8, 9);;(23, 11);1;4040
0;0.0;;(8, 9);;(23, 11);1;4041
0;0.0;;(8, 9);;(23, 11);1;4042
0;0.0;;(8, 9);;(23, 11);1;4043
0;0.0;;(8, 9);;(23, 11);1;4044
0;0.0;;(8, 9);;(23, 11);1;4045
0;0.0;;(8, 9);;(23, 11);1;4046
6;0.125;;(23, 11);DropObjectTogether;(23, 11);1;4047
6;0.125;MoveWest;(23, 11);;(23, 11);1;4048
6;0.125;MoveWest;(23, 11);;(23, 11);1;4049
6;0.125;MoveWest;(23, 11);;(23, 11);1;4050
6;0.125;MoveWest;(23, 11);;(23, 11);1;4051
6;0.125;MoveWest;(23, 11);;(23, 11);1;4052
6;0.125;MoveWest;(23, 11);;(23, 11);1;4053
6;0.125;MoveWest;(23, 11);;(23, 11);1;4054
6;0.125;MoveWest;(23, 11);;(23, 11);1;4055
6;0.125;MoveWest;(22, 11);;(23, 11);1;4056
6;0.125;MoveNorthWest;(22, 11);;(23, 11);1;4057
6;0.125;MoveNorthWest;(22, 11);;(23, 11);1;4058
6;0.125;MoveNorthWest;(22, 11);;(23, 11);1;4059
6;0.125;MoveNorthWest;(22, 11);;(23, 11);1;4060
6;0.125;MoveNorthWest;(22, 11);;(23, 11);1;4061
6;0.125;MoveNorthWest;(22, 11);;(23, 11);1;4062
6;0.125;MoveNorthWest;(22, 11);MoveWest;(22, 11);1;4063
6;0.125;MoveNorthWest;(22, 11);;(22, 11);1;4064
6;0.125;MoveNorthWest;(21, 10);;(22, 11);1;4065
6;0.125;MoveNorthWest;(21, 10);;(22, 11);1;4066
6;0.125;MoveNorthWest;(21, 10);;(22, 11);1;4067
6;0.125;MoveNorthWest;(21, 10);;(22, 11);1;4068
6;0.125;MoveNorthWest;(21, 10);;(22, 11);1;4069
6;0.125;MoveNorthWest;(21, 10);;(22, 11);1;4070
6;0.125;MoveNorthWest;(21, 10);;(22, 11);1;4071
6;0.125;MoveNorthWest;(21, 10);MoveWest;(21, 11);1;4072
6;0.125;MoveNorthWest;(21, 10);;(21, 11);1;4073
6;0.125;MoveNorthWest;(20, 9);;(21, 11);1;4074
6;0.125;MoveNorthWest;(20, 9);;(21, 11);1;4075
6;0.125;MoveNorthWest;(20, 9);;(21, 11);1;4076
6;0.125;MoveNorthWest;(20, 9);MoveWest;(20, 11);1;4077
6;0.125;MoveNorthWest;(20, 9);;(20, 11);1;4078
6;0.125;MoveNorthWest;(20, 9);MoveNorth;(20, 10);1;4079
6;0.125;MoveNorthWest;(20, 9);;(20, 10);1;4080
6;0.125;MoveNorthWest;(20, 9);MoveNorth;(20, 9);1;4081
6;0.125;MoveNorthWest;(20, 9);;(20, 9);1;4082
6;0.125;MoveNorthWest;(19, 8);;(20, 9);1;4083
6;0.125;MoveNorthWest;(19, 8);MoveNorth;(20, 8);1;4084
6;0.125;MoveNorthWest;(19, 8);;(20, 8);1;4085
6;0.125;MoveNorthWest;(19, 8);MoveNorth;(20, 7);1;4086
6;0.125;MoveNorthWest;(19, 8);;(20, 7);1;4087
6;0.125;MoveNorthWest;(19, 8);MoveNorth;(20, 6);1;4088
6;0.125;MoveNorthWest;(19, 8);;(20, 6);1;4089
6;0.125;MoveNorthWest;(19, 8);;(20, 6);1;4090
6;0.125;MoveNorthWest;(19, 8);MoveNorth;(20, 5);1;4091
6;0.125;MoveNorthWest;(19, 8);;(20, 5);1;4092
6;0.125;MoveNorthWest;(19, 8);MoveNorth;(20, 5);1;4093
6;0.125;MoveNorthWest;(19, 8);MoveNorth;(20, 5);1;4094
6;0.125;MoveNorthWest;(19, 8);MoveNorth;(20, 5);1;4095
6;0.125;MoveNorthWest;(19, 8);MoveNorth;(20, 5);1;4096
6;0.125;MoveNorthWest;(18, 7);MoveNorth;(20, 5);1;4097
6;0.125;MoveNorthWest;(18, 7);MoveNorth;(20, 5);1;4098
6;0.125;MoveNorthWest;(18, 7);MoveWest;(20, 5);1;4099
6;0.125;MoveNorthWest;(18, 7);MoveWest;(20, 5);1;4100
6;0.125;MoveNorthWest;(18, 7);MoveWest;(20, 5);1;4101
6;0.125;MoveNorthWest;(18, 7);MoveWest;(20, 5);1;4102
6;0.125;MoveNorthWest;(18, 7);MoveWest;(20, 5);1;4103
6;0.125;MoveNorthWest;(18, 7);MoveWest;(19, 5);1;4104
6;0.125;MoveNorthWest;(18, 7);MoveWest;(19, 5);1;4105
6;0.125;MoveNorthWest;(17, 6);MoveWest;(19, 5);1;4106
6;0.125;MoveWest;(17, 6);MoveWest;(19, 5);1;4107
6;0.125;MoveWest;(17, 6);MoveWest;(19, 5);1;4108
6;0.125;MoveWest;(17, 6);MoveWest;(19, 5);1;4109
6;0.125;MoveWest;(17, 6);MoveWest;(18, 5);1;4110
6;0.125;MoveWest;(17, 6);MoveWest;(17, 5);1;4111
6;0.125;MoveWest;(17, 6);;(17, 5);1;4112
6;0.125;MoveWest;(17, 6);;(17, 5);1;4113
6;0.125;MoveWest;(17, 6);;(17, 5);1;4114
6;0.125;MoveWest;(16, 6);;(17, 5);1;4115
6;0.125;MoveWest;(16, 6);;(17, 5);1;4116
6;0.125;MoveWest;(16, 6);;(17, 5);1;4117
6;0.125;MoveWest;(16, 6);;(17, 5);1;4118
6;0.125;MoveWest;(16, 6);MoveSouth;(17, 6);1;4119
6;0.125;MoveWest;(16, 6);;(17, 6);1;4120
6;0.125;MoveWest;(16, 6);;(17, 6);1;4121
6;0.125;MoveWest;(16, 6);;(17, 6);1;4122
6;0.125;MoveWest;(16, 6);;(17, 6);1;4123
6;0.125;MoveWest;(15, 6);MoveWest;(16, 6);1;4124
6;0.125;MoveWest;(15, 6);MoveWest;(15, 6);1;4125
6;0.125;MoveWest;(15, 6);;(15, 6);1;4126
6;0.125;MoveWest;(15, 6);;(15, 6);1;4127
6;0.125;MoveWest;(15, 6);;(15, 6);1;4128
6;0.125;MoveWest;(15, 6);MoveWest;(14, 6);1;4129
6;0.125;MoveWest;(15, 6);;(14, 6);1;4130
6;0.125;MoveWest;(15, 6);MoveWest;(13, 6);1;4131
6;0.125;MoveWest;(15, 6);;(13, 6);1;4132
6;0.125;MoveWest;(14, 6);;(13, 6);1;4133
6;0.125;MoveWest;(14, 6);;(13, 6);1;4134
6;0.125;MoveWest;(14, 6);;(13, 6);1;4135
6;0.125;MoveWest;(14, 6);;(13, 6);1;4136
6;0.125;MoveWest;(14, 6);;(13, 6);1;4137
6;0.125;MoveWest;(14, 6);;(13, 6);1;4138
6;0.125;MoveWest;(14, 6);;(13, 6);1;4139
6;0.125;MoveWest;(14, 6);;(13, 6);1;4140
6;0.125;MoveWest;(14, 6);;(13, 6);1;4141
6;0.125;MoveWest;(13, 6);;(13, 6);1;4142
6;0.125;MoveWest;(13, 6);;(13, 6);1;4143
6;0.125;MoveWest;(13, 6);;(13, 6);1;4144
6;0.125;MoveWest;(13, 6);;(13, 6);1;4145
6;0.125;MoveWest;(13, 6);;(13, 6);1;4146
6;0.125;MoveWest;(13, 6);;(13, 6);1;4147
6;0.125;MoveWest;(13, 6);;(13, 6);1;4148
6;0.125;MoveWest;(13, 6);;(13, 6);1;4149
6;0.125;MoveWest;(13, 6);;(13, 6);1;4150
6;0.125;MoveWest;(12, 6);;(13, 6);1;4151
6;0.125;MoveWest;(12, 6);;(13, 6);1;4152
6;0.125;MoveWest;(12, 6);;(13, 6);1;4153
6;0.125;MoveWest;(12, 6);;(13, 6);1;4154
6;0.125;MoveWest;(12, 6);;(13, 6);1;4155
6;0.125;MoveWest;(12, 6);;(13, 6);1;4156
6;0.125;MoveWest;(12, 6);;(13, 6);1;4157
6;0.125;MoveWest;(12, 6);;(13, 6);1;4158
6;0.125;MoveWest;(12, 6);;(13, 6);1;4159
6;0.125;MoveWest;(12, 6);;(13, 6);1;4160
6;0.125;MoveWest;(12, 6);;(13, 6);1;4161
6;0.125;MoveWest;(12, 6);;(13, 6);1;4162
6;0.125;MoveWest;(12, 6);;(13, 6);1;4163
6;0.125;MoveWest;(12, 6);;(13, 6);1;4164
6;0.125;MoveWest;(11, 6);;(13, 6);1;4165
6;0.125;MoveNorthWest;(11, 6);;(13, 6);1;4166
6;0.125;MoveNorthWest;(11, 6);;(13, 6);1;4167
6;0.125;MoveNorthWest;(11, 6);;(13, 6);1;4168
6;0.125;MoveNorthWest;(11, 6);;(13, 6);1;4169
6;0.125;MoveNorthWest;(11, 6);;(13, 6);1;4170
6;0.125;MoveNorthWest;(11, 6);;(13, 6);1;4171
6;0.125;MoveNorthWest;(11, 6);;(13, 6);1;4172
6;0.125;MoveNorthWest;(11, 6);;(13, 6);1;4173
6;0.125;MoveNorthWest;(11, 6);;(13, 6);1;4174
6;0.125;MoveNorthWest;(11, 6);;(13, 6);1;4175
6;0.125;MoveNorthWest;(11, 6);;(13, 6);1;4176
6;0.125;MoveNorthWest;(11, 6);;(13, 6);1;4177
6;0.125;MoveNorthWest;(11, 6);;(13, 6);1;4178
6;0.125;MoveNorthWest;(10, 5);;(13, 6);1;4179
6;0.125;MoveWest;(10, 5);;(13, 6);1;4180
6;0.125;MoveWest;(10, 5);;(13, 6);1;4181
6;0.125;MoveWest;(10, 5);;(13, 6);1;4182
6;0.125;MoveWest;(10, 5);;(13, 6);1;4183
6;0.125;MoveWest;(10, 5);;(13, 6);1;4184
6;0.125;MoveWest;(10, 5);;(13, 6);1;4185
6;0.125;MoveWest;(10, 5);;(13, 6);1;4186
6;0.125;MoveWest;(10, 5);;(13, 6);1;4187
6;0.125;MoveWest;(10, 5);;(13, 6);1;4188
6;0.125;MoveWest;(10, 5);;(13, 6);1;4189
6;0.125;MoveWest;(10, 5);;(13, 6);1;4190
6;0.125;MoveWest;(10, 5);;(13, 6);1;4191
6;0.125;MoveWest;(10, 5);;(13, 6);1;4192
6;0.125;MoveWest;(9, 5);;(13, 6);1;4193
6;0.125;;(9, 5);;(13, 6);1;4194
6;0.125;;(9, 5);;(13, 6);1;4195
6;0.125;;(9, 5);;(13, 6);1;4196
6;0.125;;(9, 5);;(13, 6);1;4197
6;0.125;;(9, 5);;(13, 6);1;4198
6;0.125;;(9, 5);;(13, 6);1;4199
6;0.125;;(9, 5);;(13, 6);1;4200
6;0.125;;(9, 5);;(13, 6);1;4201
6;0.125;;(9, 5);;(13, 6);1;4202
6;0.125;;(9, 5);;(13, 6);1;4203
6;0.125;;(9, 5);;(13, 6);1;4204
6;0.125;;(9, 5);;(13, 6);1;4205
6;0.125;;(9, 5);;(13, 6);1;4206
6;0.125;;(9, 5);;(13, 6);1;4207
6;0.125;;(9, 5);;(13, 6);1;4208
6;0.125;;(9, 5);;(13, 6);1;4209
6;0.125;;(9, 5);;(13, 6);1;4210
6;0.125;;(9, 5);;(13, 6);1;4211
6;0.125;;(9, 5);;(13, 6);1;4212
6;0.125;;(9, 5);;(13, 6);1;4213
6;0.125;;(9, 5);;(13, 6);1;4214
6;0.125;;(9, 5);;(13, 6);1;4215
6;0.125;;(9, 5);;(13, 6);1;4216
6;0.125;;(9, 5);;(13, 6);1;4217
6;0.125;;(9, 5);;(13, 6);1;4218
6;0.125;;(9, 5);;(13, 6);1;4219
6;0.125;;(9, 5);;(13, 6);1;4220
6;0.125;;(9, 5);;(13, 6);1;4221
6;0.125;;(9, 5);;(13, 6);1;4222
6;0.125;;(9, 5);;(13, 6);1;4223
6;0.125;;(9, 5);;(13, 6);1;4224
6;0.125;;(9, 5);;(13, 6);1;4225
6;0.125;;(9, 5);;(13, 6);1;4226
6;0.125;;(9, 5);;(13, 6);1;4227
6;0.125;;(9, 5);;(13, 6);1;4228
6;0.125;;(9, 5);;(13, 6);1;4229
6;0.125;;(9, 5);;(13, 6);1;4230
6;0.125;;(9, 5);;(13, 6);1;4231
6;0.125;;(9, 5);;(13, 6);1;4232
6;0.125;;(9, 5);;(13, 6);1;4233
6;0.125;;(9, 5);;(13, 6);1;4234
6;0.125;;(9, 5);;(13, 6);1;4235
6;0.125;;(9, 5);;(13, 6);1;4236
6;0.125;;(9, 5);;(13, 6);1;4237
6;0.125;;(9, 5);;(13, 6);1;4238
6;0.125;;(9, 5);;(13, 6);1;4239
6;0.125;;(9, 5);;(13, 6);1;4240
6;0.125;;(9, 5);;(13, 6);1;4241
6;0.125;;(9, 5);;(13, 6);1;4242
6;0.125;;(9, 5);;(13, 6);1;4243
6;0.125;;(9, 5);;(13, 6);1;4244
6;0.125;;(9, 5);;(13, 6);1;4245
6;0.125;;(9, 5);;(13, 6);1;4246
6;0.125;;(9, 5);;(13, 6);1;4247
6;0.125;;(9, 5);;(13, 6);1;4248
6;0.125;;(9, 5);;(13, 6);1;4249
6;0.125;;(9, 5);;(13, 6);1;4250
6;0.125;;(9, 5);;(13, 6);1;4251
6;0.125;;(9, 5);;(13, 6);1;4252
6;0.125;;(9, 5);;(13, 6);1;4253
6;0.125;;(9, 5);;(13, 6);1;4254
6;0.125;;(9, 5);;(13, 6);1;4255
6;0.125;;(9, 5);;(13, 6);1;4256
6;0.125;;(9, 5);;(13, 6);1;4257
6;0.125;;(9, 5);;(13, 6);1;4258
6;0.125;;(9, 5);;(13, 6);1;4259
6;0.125;;(9, 5);;(13, 6);1;4260
6;0.125;;(9, 5);;(13, 6);1;4261
6;0.125;;(9, 5);;(13, 6);1;4262
6;0.125;;(9, 5);;(13, 6);1;4263
6;0.125;;(9, 5);;(13, 6);1;4264
6;0.125;;(9, 5);;(13, 6);1;4265
6;0.125;;(9, 5);;(13, 6);1;4266
6;0.125;;(9, 5);;(13, 6);1;4267
6;0.125;;(9, 5);;(13, 6);1;4268
6;0.125;;(9, 5);;(13, 6);1;4269
6;0.125;;(9, 5);;(13, 6);1;4270
6;0.125;;(9, 5);MoveWest;(12, 6);1;4271
6;0.125;;(9, 5);;(12, 6);1;4272
6;0.125;;(9, 5);;(12, 6);1;4273
6;0.125;;(9, 5);;(12, 6);1;4274
6;0.125;;(9, 5);;(12, 6);1;4275
6;0.125;;(9, 5);;(12, 6);1;4276
6;0.125;;(9, 5);;(12, 6);1;4277
6;0.125;;(9, 5);;(12, 6);1;4278
6;0.125;;(9, 5);;(12, 6);1;4279
6;0.125;;(9, 5);;(12, 6);1;4280
6;0.125;;(9, 5);;(12, 6);1;4281
6;0.125;;(9, 5);;(12, 6);1;4282
6;0.125;;(9, 5);;(12, 6);1;4283
6;0.125;;(9, 5);;(12, 6);1;4284
6;0.125;;(9, 5);;(12, 6);1;4285
6;0.125;;(9, 5);;(12, 6);1;4286
6;0.125;;(9, 5);;(12, 6);1;4287
6;0.125;;(9, 5);;(12, 6);1;4288
6;0.125;;(9, 5);;(12, 6);1;4289
6;0.125;;(9, 5);;(12, 6);1;4290
6;0.125;;(9, 5);;(12, 6);1;4291
6;0.125;;(9, 5);;(12, 6);1;4292
6;0.125;;(9, 5);;(12, 6);1;4293
6;0.125;;(9, 5);;(12, 6);1;4294
6;0.125;;(9, 5);;(12, 6);1;4295
6;0.125;;(9, 5);;(12, 6);1;4296
6;0.125;;(9, 5);;(12, 6);1;4297
6;0.125;;(9, 5);;(12, 6);1;4298
6;0.125;;(9, 5);;(12, 6);1;4299
6;0.125;;(9, 5);;(12, 6);1;4300
6;0.125;;(9, 5);;(12, 6);1;4301
6;0.125;;(9, 5);;(12, 6);1;4302
6;0.125;;(9, 5);;(12, 6);1;4303
6;0.125;;(9, 5);;(12, 6);1;4304
6;0.125;;(9, 5);;(12, 6);1;4305
6;0.125;;(9, 5);;(12, 6);1;4306
6;0.125;;(9, 5);;(12, 6);1;4307
6;0.125;;(9, 5);;(12, 6);1;4308
6;0.125;;(9, 5);;(12, 6);1;4309
6;0.125;;(9, 5);;(12, 6);1;4310
6;0.125;;(9, 5);;(12, 6);1;4311
6;0.125;;(9, 5);;(12, 6);1;4312
6;0.125;;(9, 5);;(12, 6);1;4313
6;0.125;;(9, 5);;(12, 6);1;4314
6;0.125;;(9, 5);;(12, 6);1;4315
6;0.125;;(9, 5);;(12, 6);1;4316
6;0.125;;(9, 5);;(12, 6);1;4317
6;0.125;;(9, 5);;(12, 6);1;4318
6;0.125;;(9, 5);;(12, 6);1;4319
6;0.125;;(9, 5);;(12, 6);1;4320
6;0.125;;(9, 5);;(12, 6);1;4321
6;0.125;;(9, 5);;(12, 6);1;4322
6;0.125;;(9, 5);;(12, 6);1;4323
6;0.125;;(9, 5);;(12, 6);1;4324
6;0.125;;(9, 5);;(12, 6);1;4325
6;0.125;;(9, 5);;(12, 6);1;4326
6;0.125;;(9, 5);;(12, 6);1;4327
6;0.125;;(9, 5);;(12, 6);1;4328
6;0.125;;(9, 5);;(12, 6);1;4329
6;0.125;;(9, 5);;(12, 6);1;4330
6;0.125;;(9, 5);;(12, 6);1;4331
6;0.125;;(9, 5);;(12, 6);1;4332
6;0.125;;(9, 5);;(12, 6);1;4333
6;0.125;;(9, 5);;(12, 6);1;4334
6;0.125;;(9, 5);;(12, 6);1;4335
6;0.125;;(9, 5);;(12, 6);1;4336
6;0.125;;(9, 5);;(12, 6);1;4337
6;0.125;;(9, 5);;(12, 6);1;4338
6;0.125;;(9, 5);;(12, 6);1;4339
6;0.125;;(9, 5);;(12, 6);1;4340
6;0.125;;(9, 5);;(12, 6);1;4341
6;0.125;;(9, 5);;(12, 6);1;4342
6;0.125;;(9, 5);;(12, 6);1;4343
6;0.125;;(9, 5);;(12, 6);1;4344
6;0.125;;(9, 5);;(12, 6);1;4345
6;0.125;;(9, 5);;(12, 6);1;4346
6;0.125;;(9, 5);;(12, 6);1;4347
6;0.125;;(9, 5);;(12, 6);1;4348
6;0.125;;(9, 5);;(12, 6);1;4349
6;0.125;;(9, 5);;(12, 6);1;4350
6;0.125;;(9, 5);;(12, 6);1;4351
6;0.125;;(9, 5);;(12, 6);1;4352
6;0.125;;(9, 5);;(12, 6);1;4353
6;0.125;;(9, 5);;(12, 6);1;4354
6;0.125;;(9, 5);;(12, 6);1;4355
6;0.125;;(9, 5);;(12, 6);1;4356
6;0.125;;(9, 5);;(12, 6);1;4357
6;0.125;;(9, 5);;(12, 6);1;4358
6;0.125;;(9, 5);;(12, 6);1;4359
6;0.125;;(9, 5);;(12, 6);1;4360
6;0.125;;(9, 5);;(12, 6);1;4361
6;0.125;;(9, 5);;(12, 6);1;4362
6;0.125;;(9, 5);;(12, 6);1;4363
6;0.125;;(9, 5);;(12, 6);1;4364
6;0.125;;(9, 5);;(12, 6);1;4365
6;0.125;;(9, 5);;(12, 6);1;4366
6;0.125;;(9, 5);;(12, 6);1;4367
6;0.125;;(9, 5);;(12, 6);1;4368
6;0.125;;(9, 5);;(12, 6);1;4369
6;0.125;;(9, 5);;(12, 6);1;4370
6;0.125;;(9, 5);;(12, 6);1;4371
6;0.125;;(9, 5);;(12, 6);1;4372
6;0.125;;(9, 5);;(12, 6);1;4373
6;0.125;;(9, 5);;(12, 6);1;4374
6;0.125;;(9, 5);;(12, 6);1;4375
6;0.125;;(9, 5);;(12, 6);1;4376
6;0.125;;(9, 5);;(12, 6);1;4377
6;0.125;;(9, 5);;(12, 6);1;4378
6;0.125;;(9, 5);;(12, 6);1;4379
6;0.125;;(9, 5);;(12, 6);1;4380
6;0.125;;(9, 5);;(12, 6);1;4381
6;0.125;;(9, 5);;(12, 6);1;4382
6;0.125;;(9, 5);;(12, 6);1;4383
6;0.125;;(9, 5);;(12, 6);1;4384
6;0.125;;(9, 5);;(12, 6);1;4385
6;0.125;;(9, 5);;(12, 6);1;4386
6;0.125;;(9, 5);;(12, 6);1;4387
6;0.125;;(9, 5);;(12, 6);1;4388
6;0.125;;(9, 5);;(12, 6);1;4389
6;0.125;;(9, 5);;(12, 6);1;4390
6;0.125;;(9, 5);;(12, 6);1;4391
6;0.125;;(9, 5);;(12, 6);1;4392
6;0.125;;(9, 5);;(12, 6);1;4393
6;0.125;;(9, 5);;(12, 6);1;4394
6;0.125;;(9, 5);;(12, 6);1;4395
6;0.125;;(9, 5);;(12, 6);1;4396
6;0.125;;(9, 5);;(12, 6);1;4397
6;0.125;;(9, 5);;(12, 6);1;4398
6;0.125;;(9, 5);;(12, 6);1;4399
6;0.125;;(9, 5);;(12, 6);1;4400
6;0.125;;(9, 5);;(12, 6);1;4401
6;0.125;;(9, 5);;(12, 6);1;4402
6;0.125;;(9, 5);;(12, 6);1;4403
6;0.125;;(9, 5);;(12, 6);1;4404
6;0.125;;(9, 5);;(12, 6);1;4405
6;0.125;;(9, 5);;(12, 6);1;4406
6;0.125;;(9, 5);;(12, 6);1;4407
6;0.125;;(9, 5);;(12, 6);1;4408
6;0.125;;(9, 5);;(12, 6);1;4409
6;0.125;;(9, 5);;(12, 6);1;4410
6;0.125;;(9, 5);;(12, 6);1;4411
6;0.125;;(9, 5);;(12, 6);1;4412
6;0.125;;(9, 5);;(12, 6);1;4413
6;0.125;;(9, 5);;(12, 6);1;4414
6;0.125;;(9, 5);;(12, 6);1;4415
6;0.125;;(9, 5);;(12, 6);1;4416
6;0.125;;(9, 5);;(12, 6);1;4417
6;0.125;;(9, 5);;(12, 6);1;4418
6;0.125;;(9, 5);;(12, 6);1;4419
6;0.125;;(9, 5);;(12, 6);1;4420
6;0.125;;(9, 5);;(12, 6);1;4421
6;0.125;;(9, 5);;(12, 6);1;4422
6;0.125;;(9, 5);;(12, 6);1;4423
6;0.125;;(9, 5);;(12, 6);1;4424
6;0.125;;(9, 5);;(12, 6);1;4425
6;0.125;;(9, 5);;(12, 6);1;4426
6;0.125;;(9, 5);;(12, 6);1;4427
6;0.125;;(9, 5);;(12, 6);1;4428
6;0.125;;(9, 5);;(12, 6);1;4429
6;0.125;;(9, 5);;(12, 6);1;4430
6;0.125;;(9, 5);;(12, 6);1;4431
6;0.125;;(9, 5);;(12, 6);1;4432
6;0.125;;(9, 5);;(12, 6);1;4433
6;0.125;;(9, 5);;(12, 6);1;4434
6;0.125;;(9, 5);;(12, 6);1;4435
6;0.125;;(9, 5);;(12, 6);1;4436
6;0.125;;(9, 5);;(12, 6);1;4437
6;0.125;;(9, 5);;(12, 6);1;4438
6;0.125;;(9, 5);;(12, 6);1;4439
6;0.125;;(9, 5);;(12, 6);1;4440
6;0.125;;(9, 5);;(12, 6);1;4441
6;0.125;;(9, 5);;(12, 6);1;4442
6;0.125;;(9, 5);;(12, 6);1;4443
6;0.125;;(9, 5);;(12, 6);1;4444
6;0.125;;(9, 5);;(12, 6);1;4445
6;0.125;;(9, 5);;(12, 6);1;4446
6;0.125;;(9, 5);;(12, 6);1;4447
6;0.125;;(9, 5);;(12, 6);1;4448
6;0.125;;(9, 5);;(12, 6);1;4449
6;0.125;;(9, 5);;(12, 6);1;4450
6;0.125;;(9, 5);;(12, 6);1;4451
6;0.125;;(9, 5);;(12, 6);1;4452
6;0.125;;(9, 5);;(12, 6);1;4453
6;0.125;;(9, 5);;(12, 6);1;4454
6;0.125;;(9, 5);;(12, 6);1;4455
6;0.125;;(9, 5);;(12, 6);1;4456
6;0.125;;(9, 5);;(12, 6);1;4457
6;0.125;;(9, 5);;(12, 6);1;4458
6;0.125;;(9, 5);;(12, 6);1;4459
6;0.125;;(9, 5);;(12, 6);1;4460
6;0.125;;(9, 5);;(12, 6);1;4461
6;0.125;;(9, 5);;(12, 6);1;4462
6;0.125;;(9, 5);;(12, 6);1;4463
6;0.125;;(9, 5);;(12, 6);1;4464
6;0.125;;(9, 5);;(12, 6);1;4465
6;0.125;;(9, 5);;(12, 6);1;4466
6;0.125;;(9, 5);;(12, 6);1;4467
6;0.125;;(9, 5);;(12, 6);1;4468
6;0.125;;(9, 5);;(12, 6);1;4469
6;0.125;;(9, 5);;(12, 6);1;4470
6;0.125;;(9, 5);;(12, 6);1;4471
6;0.125;;(9, 5);;(12, 6);1;4472
6;0.125;;(9, 5);;(12, 6);1;4473
6;0.125;;(9, 5);;(12, 6);1;4474
6;0.125;;(9, 5);;(12, 6);1;4475
6;0.125;;(9, 5);;(12, 6);1;4476
6;0.125;;(9, 5);;(12, 6);1;4477
6;0.125;;(9, 5);;(12, 6);1;4478
6;0.125;;(9, 5);;(12, 6);1;4479
6;0.125;;(9, 5);;(12, 6);1;4480
6;0.125;;(9, 5);;(12, 6);1;4481
6;0.125;;(9, 5);;(12, 6);1;4482
6;0.125;;(9, 5);;(12, 6);1;4483
6;0.125;;(9, 5);;(12, 6);1;4484
6;0.125;;(9, 5);;(12, 6);1;4485
6;0.125;;(9, 5);;(12, 6);1;4486
6;0.125;;(9, 5);;(12, 6);1;4487
6;0.125;;(9, 5);;(12, 6);1;4488
6;0.125;;(9, 5);;(12, 6);1;4489
6;0.125;;(9, 5);;(12, 6);1;4490
6;0.125;;(9, 5);;(12, 6);1;4491
6;0.125;;(9, 5);;(12, 6);1;4492
6;0.125;;(9, 5);;(12, 6);1;4493
6;0.125;;(9, 5);;(12, 6);1;4494
6;0.125;;(9, 5);;(12, 6);1;4495
6;0.125;;(9, 5);;(12, 6);1;4496
6;0.125;;(9, 5);;(12, 6);1;4497
6;0.125;;(9, 5);;(12, 6);1;4498
6;0.125;;(9, 5);;(12, 6);1;4499
6;0.125;;(9, 5);;(12, 6);1;4500
6;0.125;;(9, 5);;(12, 6);1;4501
6;0.125;;(9, 5);;(12, 6);1;4502
6;0.125;;(9, 5);;(12, 6);1;4503
6;0.125;;(9, 5);;(12, 6);1;4504
6;0.125;;(9, 5);;(12, 6);1;4505
6;0.125;;(9, 5);;(12, 6);1;4506
6;0.125;;(9, 5);;(12, 6);1;4507
6;0.125;;(9, 5);;(12, 6);1;4508
6;0.125;;(9, 5);;(12, 6);1;4509
6;0.125;;(9, 5);;(12, 6);1;4510
6;0.125;;(9, 5);;(12, 6);1;4511
6;0.125;;(9, 5);;(12, 6);1;4512
6;0.125;;(9, 5);;(12, 6);1;4513
6;0.125;;(9, 5);;(12, 6);1;4514
6;0.125;;(9, 5);;(12, 6);1;4515
6;0.125;;(9, 5);;(12, 6);1;4516
6;0.125;;(9, 5);;(12, 6);1;4517
6;0.125;;(9, 5);;(12, 6);1;4518
6;0.125;;(9, 5);;(12, 6);1;4519
6;0.125;;(9, 5);;(12, 6);1;4520
6;0.125;;(9, 5);;(12, 6);1;4521
6;0.125;;(9, 5);;(12, 6);1;4522
6;0.125;;(9, 5);;(12, 6);1;4523
6;0.125;;(9, 5);;(12, 6);1;4524
6;0.125;;(9, 5);;(12, 6);1;4525
6;0.125;;(9, 5);;(12, 6);1;4526
6;0.125;;(9, 5);;(12, 6);1;4527
6;0.125;;(9, 5);;(12, 6);1;4528
6;0.125;;(9, 5);;(12, 6);1;4529
6;0.125;;(9, 5);;(12, 6);1;4530
6;0.125;;(9, 5);;(12, 6);1;4531
6;0.125;;(9, 5);;(12, 6);1;4532
6;0.125;;(9, 5);;(12, 6);1;4533
6;0.125;;(9, 5);;(12, 6);1;4534
6;0.125;;(9, 5);;(12, 6);1;4535
6;0.125;;(9, 5);;(12, 6);1;4536
6;0.125;;(9, 5);;(12, 6);1;4537
6;0.125;;(9, 5);;(12, 6);1;4538
6;0.125;;(9, 5);;(12, 6);1;4539
6;0.125;;(9, 5);;(12, 6);1;4540
6;0.125;;(9, 5);;(12, 6);1;4541
6;0.125;;(9, 5);;(12, 6);1;4542
6;0.125;;(9, 5);;(12, 6);1;4543
6;0.125;;(9, 5);;(12, 6);1;4544
6;0.125;;(9, 5);;(12, 6);1;4545
6;0.125;;(9, 5);;(12, 6);1;4546
6;0.125;;(9, 5);;(12, 6);1;4547
6;0.125;;(9, 5);;(12, 6);1;4548
6;0.125;;(9, 5);;(12, 6);1;4549
6;0.125;;(9, 5);;(12, 6);1;4550
6;0.125;;(9, 5);;(12, 6);1;4551
6;0.125;;(9, 5);;(12, 6);1;4552
6;0.125;;(9, 5);;(12, 6);1;4553
6;0.125;;(9, 5);;(12, 6);1;4554
6;0.125;;(9, 5);;(12, 6);1;4555
6;0.125;;(9, 5);;(12, 6);1;4556
6;0.125;;(9, 5);;(12, 6);1;4557
6;0.125;;(9, 5);;(12, 6);1;4558
6;0.125;;(9, 5);;(12, 6);1;4559
6;0.125;;(9, 5);;(12, 6);1;4560
6;0.125;;(9, 5);;(12, 6);1;4561
6;0.125;;(9, 5);;(12, 6);1;4562
6;0.125;;(9, 5);;(12, 6);1;4563
6;0.125;;(9, 5);;(12, 6);1;4564
6;0.125;;(9, 5);;(12, 6);1;4565
6;0.125;;(9, 5);;(12, 6);1;4566
6;0.125;;(9, 5);;(12, 6);1;4567
6;0.125;;(9, 5);;(12, 6);1;4568
6;0.125;;(9, 5);;(12, 6);1;4569
6;0.125;;(9, 5);;(12, 6);1;4570
6;0.125;;(9, 5);;(12, 6);1;4571
6;0.125;;(9, 5);;(12, 6);1;4572
6;0.125;;(9, 5);;(12, 6);1;4573
6;0.125;;(9, 5);;(12, 6);1;4574
6;0.125;;(9, 5);;(12, 6);1;4575
6;0.125;;(9, 5);;(12, 6);1;4576
6;0.125;;(9, 5);;(12, 6);1;4577
6;0.125;;(9, 5);;(12, 6);1;4578
6;0.125;;(9, 5);;(12, 6);1;4579
6;0.125;;(9, 5);;(12, 6);1;4580
6;0.125;;(9, 5);;(12, 6);1;4581
6;0.125;;(9, 5);;(12, 6);1;4582
6;0.125;;(9, 5);;(12, 6);1;4583
6;0.125;;(9, 5);;(12, 6);1;4584
6;0.125;;(9, 5);;(12, 6);1;4585
6;0.125;;(9, 5);;(12, 6);1;4586
6;0.125;;(9, 5);;(12, 6);1;4587
6;0.125;;(9, 5);;(12, 6);1;4588
6;0.125;;(9, 5);;(12, 6);1;4589
6;0.125;;(9, 5);;(12, 6);1;4590
6;0.125;;(9, 5);;(12, 6);1;4591
6;0.125;;(9, 5);;(12, 6);1;4592
6;0.125;;(9, 5);;(12, 6);1;4593
6;0.125;;(9, 5);;(12, 6);1;4594
6;0.125;;(9, 5);;(12, 6);1;4595
6;0.125;;(9, 5);;(12, 6);1;4596
6;0.125;;(9, 5);;(12, 6);1;4597
6;0.125;;(9, 5);;(12, 6);1;4598
6;0.125;;(9, 5);;(12, 6);1;4599
6;0.125;;(9, 5);;(12, 6);1;4600
6;0.125;;(9, 5);;(12, 6);1;4601
6;0.125;;(9, 5);;(12, 6);1;4602
6;0.125;;(9, 5);;(12, 6);1;4603
6;0.125;;(9, 5);;(12, 6);1;4604
6;0.125;;(9, 5);;(12, 6);1;4605
6;0.125;;(9, 5);;(12, 6);1;4606
6;0.125;;(9, 5);;(12, 6);1;4607
6;0.125;;(9, 5);;(12, 6);1;4608
6;0.125;;(9, 5);;(12, 6);1;4609
6;0.125;;(9, 5);;(12, 6);1;4610
6;0.125;;(9, 5);;(12, 6);1;4611
6;0.125;;(9, 5);;(12, 6);1;4612
6;0.125;;(9, 5);;(12, 6);1;4613
6;0.125;;(9, 5);;(12, 6);1;4614
6;0.125;;(9, 5);;(12, 6);1;4615
6;0.125;;(9, 5);;(12, 6);1;4616
6;0.125;;(9, 5);;(12, 6);1;4617
6;0.125;;(9, 5);;(12, 6);1;4618
6;0.125;;(9, 5);;(12, 6);1;4619
6;0.125;;(9, 5);;(12, 6);1;4620
6;0.125;;(9, 5);;(12, 6);1;4621
6;0.125;;(9, 5);;(12, 6);1;4622
6;0.125;;(9, 5);;(12, 6);1;4623
6;0.125;;(9, 5);;(12, 6);1;4624
6;0.125;;(9, 5);;(12, 6);1;4625
6;0.125;;(9, 5);;(12, 6);1;4626
6;0.125;;(9, 5);;(12, 6);1;4627
6;0.125;;(9, 5);;(12, 6);1;4628
6;0.125;;(9, 5);;(12, 6);1;4629
6;0.125;;(9, 5);;(12, 6);1;4630
6;0.125;;(9, 5);;(12, 6);1;4631
6;0.125;;(9, 5);;(12, 6);1;4632
6;0.125;;(9, 5);;(12, 6);1;4633
6;0.125;;(9, 5);;(12, 6);1;4634
6;0.125;;(9, 5);;(12, 6);1;4635
6;0.125;;(9, 5);;(12, 6);1;4636
6;0.125;;(9, 5);;(12, 6);1;4637
6;0.125;;(9, 5);;(12, 6);1;4638
6;0.125;;(9, 5);;(12, 6);1;4639
6;0.125;;(9, 5);;(12, 6);1;4640
6;0.125;;(9, 5);;(12, 6);1;4641
6;0.125;;(9, 5);;(12, 6);1;4642
6;0.125;;(9, 5);;(12, 6);1;4643
6;0.125;;(9, 5);;(12, 6);1;4644
6;0.125;;(9, 5);;(12, 6);1;4645
6;0.125;;(9, 5);;(12, 6);1;4646
6;0.125;;(9, 5);;(12, 6);1;4647
6;0.125;;(9, 5);;(12, 6);1;4648
6;0.125;;(9, 5);;(12, 6);1;4649
6;0.125;;(9, 5);;(12, 6);1;4650
6;0.125;;(9, 5);;(12, 6);1;4651
6;0.125;;(9, 5);;(12, 6);1;4652
6;0.125;;(9, 5);;(12, 6);1;4653
6;0.125;;(9, 5);;(12, 6);1;4654
6;0.125;;(9, 5);;(12, 6);1;4655
6;0.125;;(9, 5);;(12, 6);1;4656
6;0.125;;(9, 5);;(12, 6);1;4657
6;0.125;;(9, 5);;(12, 6);1;4658
6;0.125;;(9, 5);;(12, 6);1;4659
6;0.125;;(9, 5);;(12, 6);1;4660
6;0.125;;(9, 5);;(12, 6);1;4661
6;0.125;;(9, 5);;(12, 6);1;4662
6;0.125;;(9, 5);;(12, 6);1;4663
6;0.125;;(9, 5);;(12, 6);1;4664
6;0.125;;(9, 5);;(12, 6);1;4665
6;0.125;;(9, 5);;(12, 6);1;4666
6;0.125;;(9, 5);;(12, 6);1;4667
6;0.125;;(9, 5);;(12, 6);1;4668
6;0.125;;(9, 5);;(12, 6);1;4669
6;0.125;;(9, 5);;(12, 6);1;4670
6;0.125;;(9, 5);;(12, 6);1;4671
6;0.125;;(9, 5);;(12, 6);1;4672
6;0.125;;(9, 5);;(12, 6);1;4673
6;0.125;;(9, 5);;(12, 6);1;4674
6;0.125;;(9, 5);;(12, 6);1;4675
6;0.125;;(9, 5);;(12, 6);1;4676
6;0.125;;(9, 5);;(12, 6);1;4677
6;0.125;;(9, 5);;(12, 6);1;4678
6;0.125;;(9, 5);;(12, 6);1;4679
6;0.125;;(9, 5);;(12, 6);1;4680
6;0.125;;(9, 5);;(12, 6);1;4681
6;0.125;;(9, 5);;(12, 6);1;4682
6;0.125;;(9, 5);;(12, 6);1;4683
6;0.125;;(9, 5);;(12, 6);1;4684
6;0.125;;(9, 5);;(12, 6);1;4685
6;0.125;;(9, 5);;(12, 6);1;4686
6;0.125;;(9, 5);;(12, 6);1;4687
6;0.125;;(9, 5);;(12, 6);1;4688
6;0.125;;(9, 5);;(12, 6);1;4689
6;0.125;;(9, 5);;(12, 6);1;4690
6;0.125;;(9, 5);;(12, 6);1;4691
6;0.125;;(9, 5);;(12, 6);1;4692
6;0.125;;(9, 5);;(12, 6);1;4693
6;0.125;;(9, 5);;(12, 6);1;4694
6;0.125;;(9, 5);;(12, 6);1;4695
6;0.125;;(9, 5);;(12, 6);1;4696
6;0.125;;(9, 5);;(12, 6);1;4697
6;0.125;;(9, 5);;(12, 6);1;4698
6;0.125;;(9, 5);;(12, 6);1;4699
6;0.125;;(9, 5);;(12, 6);1;4700
6;0.125;;(9, 5);;(12, 6);1;4701
6;0.125;;(9, 5);;(12, 6);1;4702
6;0.125;;(9, 5);;(12, 6);1;4703
6;0.125;;(9, 5);;(12, 6);1;4704
6;0.125;;(9, 5);;(12, 6);1;4705
6;0.125;;(9, 5);;(12, 6);1;4706
6;0.125;;(9, 5);;(12, 6);1;4707
6;0.125;;(9, 5);;(12, 6);1;4708
6;0.125;;(9, 5);;(12, 6);1;4709
6;0.125;;(9, 5);;(12, 6);1;4710
6;0.125;;(9, 5);;(12, 6);1;4711
6;0.125;;(9, 5);;(12, 6);1;4712
6;0.125;;(9, 5);;(12, 6);1;4713
6;0.125;;(9, 5);;(12, 6);1;4714
6;0.125;;(9, 5);;(12, 6);1;4715
6;0.125;;(9, 5);;(12, 6);1;4716
6;0.125;;(9, 5);;(12, 6);1;4717
6;0.125;;(9, 5);;(12, 6);1;4718
6;0.125;;(9, 5);;(12, 6);1;4719
6;0.125;;(9, 5);;(12, 6);1;4720
6;0.125;;(9, 5);;(12, 6);1;4721
6;0.125;;(9, 5);;(12, 6);1;4722
6;0.125;;(9, 5);;(12, 6);1;4723
6;0.125;;(9, 5);;(12, 6);1;4724
6;0.125;;(9, 5);;(12, 6);1;4725
6;0.125;;(9, 5);;(12, 6);1;4726
6;0.125;;(9, 5);;(12, 6);1;4727
6;0.125;;(9, 5);;(12, 6);1;4728
6;0.125;;(9, 5);;(12, 6);1;4729
6;0.125;;(9, 5);;(12, 6);1;4730
6;0.125;;(9, 5);;(12, 6);1;4731
6;0.125;;(9, 5);;(12, 6);1;4732
6;0.125;;(9, 5);;(12, 6);1;4733
6;0.125;;(9, 5);;(12, 6);1;4734
6;0.125;;(9, 5);;(12, 6);1;4735
6;0.125;;(9, 5);;(12, 6);1;4736
6;0.125;;(9, 5);;(12, 6);1;4737
6;0.125;;(9, 5);;(12, 6);1;4738
6;0.125;;(9, 5);;(12, 6);1;4739
6;0.125;;(9, 5);;(12, 6);1;4740
6;0.125;;(9, 5);;(12, 6);1;4741
6;0.125;;(9, 5);;(12, 6);1;4742
6;0.125;;(9, 5);;(12, 6);1;4743
6;0.125;;(9, 5);;(12, 6);1;4744
6;0.125;;(9, 5);;(12, 6);1;4745
6;0.125;;(9, 5);;(12, 6);1;4746
6;0.125;;(9, 5);;(12, 6);1;4747
6;0.125;;(9, 5);;(12, 6);1;4748
6;0.125;;(9, 5);;(12, 6);1;4749
6;0.125;;(9, 5);;(12, 6);1;4750
6;0.125;;(9, 5);;(12, 6);1;4751
6;0.125;;(9, 5);;(12, 6);1;4752
6;0.125;;(9, 5);;(12, 6);1;4753
6;0.125;;(9, 5);;(12, 6);1;4754
6;0.125;;(9, 5);;(12, 6);1;4755
6;0.125;;(9, 5);;(12, 6);1;4756
6;0.125;;(9, 5);;(12, 6);1;4757
6;0.125;;(9, 5);;(12, 6);1;4758
6;0.125;;(9, 5);;(12, 6);1;4759
6;0.125;;(9, 5);;(12, 6);1;4760
6;0.125;;(9, 5);;(12, 6);1;4761
6;0.125;;(9, 5);;(12, 6);1;4762
6;0.125;;(9, 5);;(12, 6);1;4763
6;0.125;;(9, 5);;(12, 6);1;4764
6;0.125;;(9, 5);;(12, 6);1;4765
6;0.125;;(9, 5);;(12, 6);1;4766
6;0.125;;(9, 5);;(12, 6);1;4767
6;0.125;;(9, 5);;(12, 6);1;4768
6;0.125;;(9, 5);;(12, 6);1;4769
6;0.125;;(9, 5);;(12, 6);1;4770
6;0.125;;(9, 5);;(12, 6);1;4771
6;0.125;;(9, 5);;(12, 6);1;4772
6;0.125;;(9, 5);;(12, 6);1;4773
6;0.125;;(9, 5);;(12, 6);1;4774
6;0.125;;(9, 5);;(12, 6);1;4775
6;0.125;;(9, 5);;(12, 6);1;4776
6;0.125;;(9, 5);;(12, 6);1;4777
6;0.125;;(9, 5);;(12, 6);1;4778
6;0.125;;(9, 5);;(12, 6);1;4779
6;0.125;;(9, 5);;(12, 6);1;4780
6;0.125;;(9, 5);;(12, 6);1;4781
6;0.125;;(9, 5);;(12, 6);1;4782
6;0.125;;(9, 5);;(12, 6);1;4783
6;0.125;;(9, 5);;(12, 6);1;4784
6;0.125;;(9, 5);;(12, 6);1;4785
6;0.125;;(9, 5);;(12, 6);1;4786
6;0.125;;(9, 5);;(12, 6);1;4787
6;0.125;;(9, 5);;(12, 6);1;4788
6;0.125;;(9, 5);;(12, 6);1;4789
6;0.125;;(9, 5);;(12, 6);1;4790
6;0.125;;(9, 5);;(12, 6);1;4791
6;0.125;;(9, 5);;(12, 6);1;4792
6;0.125;;(9, 5);;(12, 6);1;4793
6;0.125;;(9, 5);;(12, 6);1;4794
6;0.125;;(9, 5);;(12, 6);1;4795
6;0.125;;(9, 5);;(12, 6);1;4796
6;0.125;;(9, 5);;(12, 6);1;4797
6;0.125;;(9, 5);;(12, 6);1;4798
6;0.125;;(9, 5);;(12, 6);1;4799
6;0.125;;(9, 5);;(12, 6);1;4800
6;0.125;;(9, 5);;(12, 6);1;4801
6;0.125;;(9, 5);;(12, 6);1;4802
6;0.125;;(9, 5);;(12, 6);1;4803
6;0.125;;(9, 5);;(12, 6);1;4804
6;0.125;;(9, 5);;(12, 6);1;4805
6;0.125;;(9, 5);;(12, 6);1;4806
6;0.125;;(9, 5);;(12, 6);1;4807
6;0.125;;(9, 5);;(12, 6);1;4808
6;0.125;;(9, 5);;(12, 6);1;4809
6;0.125;;(9, 5);;(12, 6);1;4810
6;0.125;;(9, 5);;(12, 6);1;4811
6;0.125;;(9, 5);;(12, 6);1;4812
6;0.125;;(9, 5);;(12, 6);1;4813
6;0.125;;(9, 5);;(12, 6);1;4814
6;0.125;;(9, 5);;(12, 6);1;4815
6;0.125;;(9, 5);;(12, 6);1;4816
6;0.125;;(9, 5);;(12, 6);1;4817
6;0.125;;(9, 5);;(12, 6);1;4818
6;0.125;;(9, 5);;(12, 6);1;4819
6;0.125;;(9, 5);;(12, 6);1;4820
6;0.125;;(9, 5);;(12, 6);1;4821
6;0.125;;(9, 5);;(12, 6);1;4822
6;0.125;;(9, 5);;(12, 6);1;4823
6;0.125;;(9, 5);;(12, 6);1;4824
6;0.125;;(9, 5);;(12, 6);1;4825
6;0.125;;(9, 5);;(12, 6);1;4826
6;0.125;;(9, 5);;(12, 6);1;4827
6;0.125;;(9, 5);;(12, 6);1;4828
6;0.125;;(9, 5);;(12, 6);1;4829
6;0.125;;(9, 5);;(12, 6);1;4830
6;0.125;;(9, 5);;(12, 6);1;4831
6;0.125;;(9, 5);;(12, 6);1;4832
6;0.125;;(9, 5);;(12, 6);1;4833
6;0.125;;(9, 5);;(12, 6);1;4834
6;0.125;;(9, 5);;(12, 6);1;4835
6;0.125;;(9, 5);;(12, 6);1;4836
6;0.125;;(9, 5);;(12, 6);1;4837
6;0.125;;(9, 5);;(12, 6);1;4838
6;0.125;;(9, 5);;(12, 6);1;4839
6;0.125;;(9, 5);;(12, 6);1;4840
6;0.125;;(9, 5);;(12, 6);1;4841
6;0.125;;(9, 5);;(12, 6);1;4842
6;0.125;;(9, 5);;(12, 6);1;4843
6;0.125;;(9, 5);;(12, 6);1;4844
6;0.125;;(9, 5);;(12, 6);1;4845
6;0.125;;(9, 5);;(12, 6);1;4846
6;0.125;;(9, 5);;(12, 6);1;4847
6;0.125;;(9, 5);;(12, 6);1;4848
6;0.125;;(9, 5);;(12, 6);1;4849
6;0.125;;(9, 5);;(12, 6);1;4850
6;0.125;;(9, 5);;(12, 6);1;4851
6;0.125;;(9, 5);;(12, 6);1;4852
6;0.125;;(9, 5);;(12, 6);1;4853
6;0.125;;(9, 5);;(12, 6);1;4854
6;0.125;;(9, 5);;(12, 6);1;4855
6;0.125;;(9, 5);;(12, 6);1;4856
6;0.125;;(9, 5);;(12, 6);1;4857
6;0.125;;(9, 5);;(12, 6);1;4858
6;0.125;;(9, 5);;(12, 6);1;4859
6;0.125;;(9, 5);;(12, 6);1;4860
6;0.125;;(9, 5);;(12, 6);1;4861
6;0.125;;(9, 5);;(12, 6);1;4862
6;0.125;;(9, 5);;(12, 6);1;4863
6;0.125;;(9, 5);;(12, 6);1;4864
6;0.125;;(9, 5);;(12, 6);1;4865
6;0.125;;(9, 5);;(12, 6);1;4866
6;0.125;;(9, 5);;(12, 6);1;4867
6;0.125;;(9, 5);;(12, 6);1;4868
6;0.125;;(9, 5);;(12, 6);1;4869
6;0.125;;(9, 5);;(12, 6);1;4870
6;0.125;;(9, 5);;(12, 6);1;4871
6;0.125;;(9, 5);;(12, 6);1;4872
6;0.125;;(9, 5);;(12, 6);1;4873
6;0.125;;(9, 5);;(12, 6);1;4874
6;0.125;;(9, 5);;(12, 6);1;4875
6;0.125;;(9, 5);;(12, 6);1;4876
6;0.125;;(9, 5);;(12, 6);1;4877
6;0.125;;(9, 5);;(12, 6);1;4878
6;0.125;;(9, 5);;(12, 6);1;4879
6;0.125;;(9, 5);;(12, 6);1;4880
6;0.125;;(9, 5);;(12, 6);1;4881
6;0.125;;(9, 5);;(12, 6);1;4882
6;0.125;;(9, 5);;(12, 6);1;4883
6;0.125;;(9, 5);;(12, 6);1;4884
6;0.125;;(9, 5);;(12, 6);1;4885
6;0.125;;(9, 5);;(12, 6);1;4886
6;0.125;;(9, 5);;(12, 6);1;4887
6;0.125;;(9, 5);;(12, 6);1;4888
6;0.125;;(9, 5);;(12, 6);1;4889
6;0.125;;(9, 5);;(12, 6);1;4890
6;0.125;;(9, 5);;(12, 6);1;4891
6;0.125;;(9, 5);;(12, 6);1;4892
6;0.125;;(9, 5);;(12, 6);1;4893
6;0.125;;(9, 5);;(12, 6);1;4894
6;0.125;;(9, 5);;(12, 6);1;4895
6;0.125;;(9, 5);;(12, 6);1;4896
6;0.125;;(9, 5);;(12, 6);1;4897
6;0.125;;(9, 5);;(12, 6);1;4898
6;0.125;;(9, 5);;(12, 6);1;4899
6;0.125;;(9, 5);;(12, 6);1;4900
6;0.125;;(9, 5);;(12, 6);1;4901
6;0.125;;(9, 5);;(12, 6);1;4902
6;0.125;;(9, 5);;(12, 6);1;4903
6;0.125;;(9, 5);;(12, 6);1;4904
6;0.125;;(9, 5);;(12, 6);1;4905
6;0.125;;(9, 5);;(12, 6);1;4906
6;0.125;;(9, 5);;(12, 6);1;4907
6;0.125;;(9, 5);;(12, 6);1;4908
6;0.125;;(9, 5);;(12, 6);1;4909
6;0.125;;(9, 5);;(12, 6);1;4910
6;0.125;;(9, 5);;(12, 6);1;4911
6;0.125;;(9, 5);;(12, 6);1;4912
6;0.125;;(9, 5);;(12, 6);1;4913
6;0.125;;(9, 5);;(12, 6);1;4914
6;0.125;;(9, 5);;(12, 6);1;4915
6;0.125;;(9, 5);;(12, 6);1;4916
6;0.125;;(9, 5);;(12, 6);1;4917
6;0.125;;(9, 5);;(12, 6);1;4918
6;0.125;;(9, 5);;(12, 6);1;4919
6;0.125;;(9, 5);;(12, 6);1;4920
6;0.125;;(9, 5);;(12, 6);1;4921
6;0.125;;(9, 5);;(12, 6);1;4922
6;0.125;;(9, 5);;(12, 6);1;4923
6;0.125;;(9, 5);;(12, 6);1;4924
6;0.125;;(9, 5);;(12, 6);1;4925
6;0.125;;(9, 5);;(12, 6);1;4926
6;0.125;;(9, 5);;(12, 6);1;4927
6;0.125;;(9, 5);;(12, 6);1;4928
6;0.125;;(9, 5);;(12, 6);1;4929
6;0.125;;(9, 5);;(12, 6);1;4930
6;0.125;;(9, 5);;(12, 6);1;4931
6;0.125;;(9, 5);;(12, 6);1;4932
6;0.125;;(9, 5);;(12, 6);1;4933
6;0.125;;(9, 5);;(12, 6);1;4934
6;0.125;;(9, 5);;(12, 6);1;4935
6;0.125;;(9, 5);;(12, 6);1;4936
6;0.125;;(9, 5);;(12, 6);1;4937
6;0.125;;(9, 5);;(12, 6);1;4938
6;0.125;;(9, 5);;(12, 6);1;4939
6;0.125;;(9, 5);;(12, 6);1;4940
6;0.125;;(9, 5);;(12, 6);1;4941
6;0.125;;(9, 5);;(12, 6);1;4942
6;0.125;;(9, 5);;(12, 6);1;4943
6;0.125;;(9, 5);;(12, 6);1;4944
6;0.125;;(9, 5);;(12, 6);1;4945
6;0.125;;(9, 5);;(12, 6);1;4946
6;0.125;;(9, 5);;(12, 6);1;4947
6;0.125;;(9, 5);;(12, 6);1;4948
6;0.125;;(9, 5);;(12, 6);1;4949
6;0.125;;(9, 5);;(12, 6);1;4950
6;0.125;;(9, 5);;(12, 6);1;4951
6;0.125;;(9, 5);;(12, 6);1;4952
6;0.125;;(9, 5);;(12, 6);1;4953
6;0.125;;(9, 5);;(12, 6);1;4954
6;0.125;;(9, 5);;(12, 6);1;4955
6;0.125;;(9, 5);;(12, 6);1;4956
6;0.125;;(9, 5);;(12, 6);1;4957
6;0.125;;(9, 5);;(12, 6);1;4958
6;0.125;;(9, 5);;(12, 6);1;4959
6;0.125;;(9, 5);;(12, 6);1;4960
6;0.125;;(9, 5);;(12, 6);1;4961
6;0.125;;(9, 5);;(12, 6);1;4962
6;0.125;;(9, 5);;(12, 6);1;4963
6;0.125;;(9, 5);;(12, 6);1;4964
6;0.125;;(9, 5);;(12, 6);1;4965
6;0.125;;(9, 5);;(12, 6);1;4966
6;0.125;;(9, 5);;(12, 6);1;4967
6;0.125;;(9, 5);;(12, 6);1;4968
6;0.125;;(9, 5);;(12, 6);1;4969
6;0.125;;(9, 5);;(12, 6);1;4970
6;0.125;;(9, 5);;(12, 6);1;4971
6;0.125;;(9, 5);;(12, 6);1;4972
6;0.125;;(9, 5);;(12, 6);1;4973
6;0.125;;(9, 5);;(12, 6);1;4974
6;0.125;;(9, 5);;(12, 6);1;4975
6;0.125;;(9, 5);;(12, 6);1;4976
6;0.125;;(9, 5);;(12, 6);1;4977
6;0.125;;(9, 5);;(12, 6);1;4978
6;0.125;;(9, 5);;(12, 6);1;4979
6;0.125;;(9, 5);;(12, 6);1;4980
6;0.125;;(9, 5);;(12, 6);1;4981
6;0.125;;(9, 5);;(12, 6);1;4982
6;0.125;;(9, 5);;(12, 6);1;4983
6;0.125;;(9, 5);;(12, 6);1;4984
6;0.125;;(9, 5);;(12, 6);1;4985
6;0.125;;(9, 5);;(12, 6);1;4986
6;0.125;;(9, 5);;(12, 6);1;4987
6;0.125;;(9, 5);;(12, 6);1;4988
6;0.125;;(9, 5);;(12, 6);1;4989
6;0.125;;(9, 5);;(12, 6);1;4990
6;0.125;;(9, 5);;(12, 6);1;4991
6;0.125;;(9, 5);;(12, 6);1;4992
6;0.125;;(9, 5);;(12, 6);1;4993
6;0.125;;(9, 5);;(12, 6);1;4994
6;0.125;;(9, 5);;(12, 6);1;4995
6;0.125;;(9, 5);;(12, 6);1;4996
6;0.125;;(9, 5);;(12, 6);1;4997
6;0.125;;(9, 5);;(12, 6);1;4998
6;0.125;;(9, 5);;(12, 6);1;4999
6;0.125;;(9, 5);;(12, 6);1;5000
6;0.125;;(9, 5);;(12, 6);1;5001
6;0.125;;(9, 5);;(12, 6);1;5002
6;0.125;;(9, 5);;(12, 6);1;5003
6;0.125;;(9, 5);;(12, 6);1;5004
6;0.125;;(9, 5);;(12, 6);1;5005
6;0.125;;(9, 5);;(12, 6);1;5006
6;0.125;;(9, 5);;(12, 6);1;5007
6;0.125;;(9, 5);;(12, 6);1;5008
6;0.125;;(9, 5);;(12, 6);1;5009
6;0.125;;(9, 5);;(12, 6);1;5010
6;0.125;;(9, 5);;(12, 6);1;5011
6;0.125;;(9, 5);;(12, 6);1;5012
6;0.125;;(9, 5);;(12, 6);1;5013
6;0.125;;(9, 5);;(12, 6);1;5014
6;0.125;;(9, 5);;(12, 6);1;5015
6;0.125;;(9, 5);;(12, 6);1;5016
6;0.125;;(9, 5);;(12, 6);1;5017
6;0.125;;(9, 5);;(12, 6);1;5018
6;0.125;;(9, 5);;(12, 6);1;5019
6;0.125;;(9, 5);;(12, 6);1;5020
6;0.125;;(9, 5);;(12, 6);1;5021
6;0.125;;(9, 5);;(12, 6);1;5022
6;0.125;;(9, 5);;(12, 6);1;5023
6;0.125;;(9, 5);;(12, 6);1;5024
6;0.125;;(9, 5);;(12, 6);1;5025
6;0.125;;(9, 5);;(12, 6);1;5026
6;0.125;;(9, 5);;(12, 6);1;5027
6;0.125;;(9, 5);;(12, 6);1;5028
6;0.125;;(9, 5);;(12, 6);1;5029
6;0.125;;(9, 5);;(12, 6);1;5030
6;0.125;;(9, 5);;(12, 6);1;5031
6;0.125;;(9, 5);;(12, 6);1;5032
6;0.125;;(9, 5);;(12, 6);1;5033
6;0.125;;(9, 5);;(12, 6);1;5034
6;0.125;;(9, 5);;(12, 6);1;5035
6;0.125;;(9, 5);;(12, 6);1;5036
6;0.125;;(9, 5);;(12, 6);1;5037
6;0.125;;(9, 5);;(12, 6);1;5038
6;0.125;;(9, 5);;(12, 6);1;5039
6;0.125;;(9, 5);;(12, 6);1;5040
6;0.125;;(9, 5);;(12, 6);1;5041
6;0.125;;(9, 5);;(12, 6);1;5042
6;0.125;;(9, 5);;(12, 6);1;5043
6;0.125;;(9, 5);;(12, 6);1;5044
6;0.125;;(9, 5);;(12, 6);1;5045
6;0.125;;(9, 5);;(12, 6);1;5046
6;0.125;;(9, 5);;(12, 6);1;5047
6;0.125;;(9, 5);;(12, 6);1;5048
6;0.125;;(9, 5);;(12, 6);1;5049
6;0.125;;(9, 5);;(12, 6);1;5050
6;0.125;;(9, 5);;(12, 6);1;5051
6;0.125;;(9, 5);;(12, 6);1;5052
6;0.125;;(9, 5);;(12, 6);1;5053
6;0.125;;(9, 5);;(12, 6);1;5054
6;0.125;;(9, 5);;(12, 6);1;5055
6;0.125;;(9, 5);;(12, 6);1;5056
6;0.125;;(9, 5);;(12, 6);1;5057
6;0.125;;(9, 5);;(12, 6);1;5058
6;0.125;;(9, 5);;(12, 6);1;5059
6;0.125;;(9, 5);;(12, 6);1;5060
6;0.125;;(9, 5);;(12, 6);1;5061
6;0.125;;(9, 5);;(12, 6);1;5062
6;0.125;;(9, 5);;(12, 6);1;5063
6;0.125;;(9, 5);;(12, 6);1;5064
6;0.125;;(9, 5);;(12, 6);1;5065
6;0.125;;(9, 5);;(12, 6);1;5066
6;0.125;;(9, 5);;(12, 6);1;5067
6;0.125;;(9, 5);;(12, 6);1;5068
6;0.125;;(9, 5);;(12, 6);1;5069
6;0.125;;(9, 5);;(12, 6);1;5070
6;0.125;;(9, 5);;(12, 6);1;5071
6;0.125;;(9, 5);;(12, 6);1;5072
6;0.125;;(9, 5);;(12, 6);1;5073
6;0.125;;(9, 5);;(12, 6);1;5074
6;0.125;;(9, 5);;(12, 6);1;5075
6;0.125;;(9, 5);;(12, 6);1;5076
6;0.125;;(9, 5);;(12, 6);1;5077
6;0.125;;(9, 5);;(12, 6);1;5078
6;0.125;;(9, 5);;(12, 6);1;5079
6;0.125;;(9, 5);;(12, 6);1;5080
6;0.125;;(9, 5);;(12, 6);1;5081
6;0.125;;(9, 5);;(12, 6);1;5082
6;0.125;;(9, 5);;(12, 6);1;5083
6;0.125;;(9, 5);;(12, 6);1;5084
6;0.125;;(9, 5);;(12, 6);1;5085
6;0.125;;(9, 5);;(12, 6);1;5086
6;0.125;;(9, 5);;(12, 6);1;5087
6;0.125;;(9, 5);;(12, 6);1;5088
6;0.125;;(9, 5);;(12, 6);1;5089
6;0.125;;(9, 5);;(12, 6);1;5090
6;0.125;;(9, 5);;(12, 6);1;5091
6;0.125;;(9, 5);;(12, 6);1;5092
6;0.125;;(9, 5);;(12, 6);1;5093
6;0.125;;(9, 5);;(12, 6);1;5094
6;0.125;;(9, 5);;(12, 6);1;5095
6;0.125;;(9, 5);;(12, 6);1;5096
6;0.125;;(9, 5);;(12, 6);1;5097
6;0.125;;(9, 5);;(12, 6);1;5098
6;0.125;;(9, 5);;(12, 6);1;5099
6;0.125;;(9, 5);;(12, 6);1;5100
6;0.125;;(9, 5);;(12, 6);1;5101
6;0.125;;(9, 5);;(12, 6);1;5102
6;0.125;;(9, 5);;(12, 6);1;5103
6;0.125;;(9, 5);;(12, 6);1;5104
6;0.125;;(9, 5);;(12, 6);1;5105
6;0.125;;(9, 5);;(12, 6);1;5106
6;0.125;;(9, 5);;(12, 6);1;5107
6;0.125;;(9, 5);;(12, 6);1;5108
6;0.125;;(9, 5);;(12, 6);1;5109
6;0.125;;(9, 5);;(12, 6);1;5110
6;0.125;;(9, 5);;(12, 6);1;5111
6;0.125;;(9, 5);;(12, 6);1;5112
6;0.125;;(9, 5);;(12, 6);1;5113
6;0.125;;(9, 5);;(12, 6);1;5114
6;0.125;;(9, 5);;(12, 6);1;5115
6;0.125;;(9, 5);;(12, 6);1;5116
6;0.125;;(9, 5);;(12, 6);1;5117
6;0.125;;(9, 5);;(12, 6);1;5118
6;0.125;;(9, 5);;(12, 6);1;5119
6;0.125;;(9, 5);;(12, 6);1;5120
6;0.125;;(9, 5);;(12, 6);1;5121
6;0.125;;(9, 5);;(12, 6);1;5122
6;0.125;;(9, 5);;(12, 6);1;5123
6;0.125;;(9, 5);;(12, 6);1;5124
6;0.125;;(9, 5);;(12, 6);1;5125
6;0.125;;(9, 5);;(12, 6);1;5126
6;0.125;;(9, 5);;(12, 6);1;5127
6;0.125;;(9, 5);;(12, 6);1;5128
6;0.125;;(9, 5);;(12, 6);1;5129
6;0.125;;(9, 5);;(12, 6);1;5130
6;0.125;;(9, 5);;(12, 6);1;5131
6;0.125;;(9, 5);;(12, 6);1;5132
6;0.125;;(9, 5);;(12, 6);1;5133
6;0.125;;(9, 5);;(12, 6);1;5134
6;0.125;;(9, 5);;(12, 6);1;5135
6;0.125;;(9, 5);;(12, 6);1;5136
6;0.125;;(9, 5);;(12, 6);1;5137
6;0.125;;(9, 5);;(12, 6);1;5138
6;0.125;;(9, 5);;(12, 6);1;5139
6;0.125;;(9, 5);;(12, 6);1;5140
6;0.125;;(9, 5);;(12, 6);1;5141
6;0.125;;(9, 5);;(12, 6);1;5142
6;0.125;;(9, 5);;(12, 6);1;5143
6;0.125;;(9, 5);;(12, 6);1;5144
6;0.125;;(9, 5);;(12, 6);1;5145
6;0.125;;(9, 5);;(12, 6);1;5146
6;0.125;;(9, 5);;(12, 6);1;5147
6;0.125;;(9, 5);;(12, 6);1;5148
6;0.125;;(9, 5);;(12, 6);1;5149
6;0.125;;(9, 5);;(12, 6);1;5150
6;0.125;;(9, 5);;(12, 6);1;5151
6;0.125;;(9, 5);;(12, 6);1;5152
6;0.125;;(9, 5);;(12, 6);1;5153
6;0.125;;(9, 5);;(12, 6);1;5154
6;0.125;;(9, 5);;(12, 6);1;5155
6;0.125;;(9, 5);;(12, 6);1;5156
6;0.125;;(9, 5);;(12, 6);1;5157
6;0.125;;(9, 5);;(12, 6);1;5158
6;0.125;;(9, 5);;(12, 6);1;5159
6;0.125;;(9, 5);;(12, 6);1;5160
6;0.125;;(9, 5);;(12, 6);1;5161
6;0.125;;(9, 5);;(12, 6);1;5162
6;0.125;;(9, 5);;(12, 6);1;5163
6;0.125;;(9, 5);;(12, 6);1;5164
6;0.125;;(9, 5);;(12, 6);1;5165
6;0.125;;(9, 5);;(12, 6);1;5166
6;0.125;;(9, 5);;(12, 6);1;5167
6;0.125;;(9, 5);;(12, 6);1;5168
6;0.125;;(9, 5);;(12, 6);1;5169
6;0.125;;(9, 5);;(12, 6);1;5170
6;0.125;;(9, 5);;(12, 6);1;5171
6;0.125;;(9, 5);;(12, 6);1;5172
6;0.125;;(9, 5);;(12, 6);1;5173
6;0.125;;(9, 5);;(12, 6);1;5174
6;0.125;;(9, 5);;(12, 6);1;5175
6;0.125;;(9, 5);;(12, 6);1;5176
6;0.125;;(9, 5);;(12, 6);1;5177
6;0.125;;(9, 5);;(12, 6);1;5178
6;0.125;;(9, 5);;(12, 6);1;5179
6;0.125;;(9, 5);;(12, 6);1;5180
6;0.125;;(9, 5);;(12, 6);1;5181
6;0.125;;(9, 5);;(12, 6);1;5182
6;0.125;;(9, 5);;(12, 6);1;5183
6;0.125;;(9, 5);;(12, 6);1;5184
6;0.125;;(9, 5);;(12, 6);1;5185
6;0.125;;(9, 5);;(12, 6);1;5186
6;0.125;;(9, 5);;(12, 6);1;5187
6;0.125;;(9, 5);;(12, 6);1;5188
6;0.125;;(9, 5);;(12, 6);1;5189
6;0.125;;(9, 5);;(12, 6);1;5190
6;0.125;;(9, 5);;(12, 6);1;5191
6;0.125;;(9, 5);;(12, 6);1;5192
6;0.125;;(9, 5);;(12, 6);1;5193
6;0.125;;(9, 5);;(12, 6);1;5194
6;0.125;;(9, 5);;(12, 6);1;5195
6;0.125;;(9, 5);;(12, 6);1;5196
6;0.125;;(9, 5);;(12, 6);1;5197
6;0.125;;(9, 5);;(12, 6);1;5198
6;0.125;;(9, 5);;(12, 6);1;5199
6;0.125;;(9, 5);;(12, 6);1;5200
6;0.125;;(9, 5);;(12, 6);1;5201
6;0.125;;(9, 5);;(12, 6);1;5202
6;0.125;;(9, 5);;(12, 6);1;5203
6;0.125;;(9, 5);;(12, 6);1;5204
6;0.125;;(9, 5);;(12, 6);1;5205
6;0.125;;(9, 5);;(12, 6);1;5206
6;0.125;;(9, 5);;(12, 6);1;5207
6;0.125;;(9, 5);;(12, 6);1;5208
6;0.125;;(9, 5);;(12, 6);1;5209
6;0.125;;(9, 5);;(12, 6);1;5210
6;0.125;;(9, 5);;(12, 6);1;5211
6;0.125;;(9, 5);;(12, 6);1;5212
6;0.125;;(9, 5);;(12, 6);1;5213
6;0.125;;(9, 5);;(12, 6);1;5214
6;0.125;;(9, 5);;(12, 6);1;5215
6;0.125;;(9, 5);;(12, 6);1;5216
6;0.125;;(9, 5);;(12, 6);1;5217
6;0.125;;(9, 5);;(12, 6);1;5218
6;0.125;;(9, 5);;(12, 6);1;5219
6;0.125;;(9, 5);;(12, 6);1;5220
6;0.125;;(9, 5);;(12, 6);1;5221
6;0.125;;(9, 5);;(12, 6);1;5222
6;0.125;;(9, 5);;(12, 6);1;5223
6;0.125;;(9, 5);;(12, 6);1;5224
6;0.125;;(9, 5);;(12, 6);1;5225
6;0.125;;(9, 5);;(12, 6);1;5226
6;0.125;;(9, 5);;(12, 6);1;5227
6;0.125;;(9, 5);;(12, 6);1;5228
6;0.125;;(9, 5);;(12, 6);1;5229
6;0.125;;(9, 5);;(12, 6);1;5230
6;0.125;;(9, 5);;(12, 6);1;5231
6;0.125;;(9, 5);;(12, 6);1;5232
6;0.125;;(9, 5);;(12, 6);1;5233
6;0.125;;(9, 5);;(12, 6);1;5234
6;0.125;;(9, 5);;(12, 6);1;5235
6;0.125;;(9, 5);;(12, 6);1;5236
6;0.125;;(9, 5);;(12, 6);1;5237
6;0.125;;(9, 5);;(12, 6);1;5238
6;0.125;;(9, 5);;(12, 6);1;5239
6;0.125;;(9, 5);;(12, 6);1;5240
6;0.125;;(9, 5);;(12, 6);1;5241
6;0.125;;(9, 5);;(12, 6);1;5242
6;0.125;;(9, 5);;(12, 6);1;5243
6;0.125;;(9, 5);;(12, 6);1;5244
6;0.125;;(9, 5);;(12, 6);1;5245
6;0.125;;(9, 5);;(12, 6);1;5246
6;0.125;;(9, 5);;(12, 6);1;5247
6;0.125;;(9, 5);;(12, 6);1;5248
6;0.125;;(9, 5);;(12, 6);1;5249
6;0.125;;(9, 5);;(12, 6);1;5250
6;0.125;;(9, 5);;(12, 6);1;5251
6;0.125;;(9, 5);;(12, 6);1;5252
6;0.125;;(9, 5);;(12, 6);1;5253
6;0.125;;(9, 5);;(12, 6);1;5254
6;0.125;;(9, 5);;(12, 6);1;5255
6;0.125;;(9, 5);;(12, 6);1;5256
6;0.125;;(9, 5);;(12, 6);1;5257
6;0.125;;(9, 5);;(12, 6);1;5258
6;0.125;;(9, 5);;(12, 6);1;5259
6;0.125;;(9, 5);;(12, 6);1;5260
6;0.125;;(9, 5);;(12, 6);1;5261
6;0.125;;(9, 5);;(12, 6);1;5262
6;0.125;;(9, 5);;(12, 6);1;5263
6;0.125;;(9, 5);;(12, 6);1;5264
6;0.125;;(9, 5);;(12, 6);1;5265
6;0.125;;(9, 5);;(12, 6);1;5266
6;0.125;;(9, 5);;(12, 6);1;5267
6;0.125;;(9, 5);;(12, 6);1;5268
6;0.125;;(9, 5);;(12, 6);1;5269
6;0.125;;(9, 5);;(12, 6);1;5270
6;0.125;;(9, 5);;(12, 6);1;5271
6;0.125;;(9, 5);;(12, 6);1;5272
6;0.125;;(9, 5);;(12, 6);1;5273
6;0.125;;(9, 5);;(12, 6);1;5274
6;0.125;;(9, 5);;(12, 6);1;5275
6;0.125;;(9, 5);;(12, 6);1;5276
6;0.125;;(9, 5);;(12, 6);1;5277
6;0.125;;(9, 5);;(12, 6);1;5278
6;0.125;;(9, 5);;(12, 6);1;5279
6;0.125;;(9, 5);;(12, 6);1;5280
6;0.125;;(9, 5);;(12, 6);1;5281
6;0.125;;(9, 5);;(12, 6);1;5282
6;0.125;;(9, 5);;(12, 6);1;5283
6;0.125;;(9, 5);;(12, 6);1;5284
6;0.125;;(9, 5);;(12, 6);1;5285
6;0.125;;(9, 5);;(12, 6);1;5286
6;0.125;;(9, 5);;(12, 6);1;5287
6;0.125;;(9, 5);;(12, 6);1;5288
6;0.125;;(9, 5);;(12, 6);1;5289
6;0.125;;(9, 5);;(12, 6);1;5290
6;0.125;;(9, 5);;(12, 6);1;5291
6;0.125;;(9, 5);;(12, 6);1;5292
6;0.125;;(9, 5);;(12, 6);1;5293
6;0.125;;(9, 5);;(12, 6);1;5294
6;0.125;;(9, 5);;(12, 6);1;5295
6;0.125;;(9, 5);;(12, 6);1;5296
6;0.125;;(9, 5);;(12, 6);1;5297
6;0.125;;(9, 5);;(12, 6);1;5298
6;0.125;;(9, 5);;(12, 6);1;5299
6;0.125;;(9, 5);;(12, 6);1;5300
6;0.125;;(9, 5);;(12, 6);1;5301
6;0.125;;(9, 5);;(12, 6);1;5302
6;0.125;;(9, 5);;(12, 6);1;5303
6;0.125;;(9, 5);;(12, 6);1;5304
6;0.125;;(9, 5);;(12, 6);1;5305
6;0.125;;(9, 5);;(12, 6);1;5306
6;0.125;;(9, 5);;(12, 6);1;5307
6;0.125;;(9, 5);;(12, 6);1;5308
6;0.125;;(9, 5);;(12, 6);1;5309
6;0.125;;(9, 5);;(12, 6);1;5310
6;0.125;;(9, 5);;(12, 6);1;5311
6;0.125;;(9, 5);;(12, 6);1;5312
6;0.125;;(9, 5);;(12, 6);1;5313
6;0.125;;(9, 5);;(12, 6);1;5314
6;0.125;;(9, 5);;(12, 6);1;5315
6;0.125;;(9, 5);;(12, 6);1;5316
6;0.125;;(9, 5);;(12, 6);1;5317
6;0.125;;(9, 5);;(12, 6);1;5318
6;0.125;;(9, 5);;(12, 6);1;5319
6;0.125;;(9, 5);;(12, 6);1;5320
6;0.125;;(9, 5);;(12, 6);1;5321
6;0.125;;(9, 5);;(12, 6);1;5322
6;0.125;;(9, 5);;(12, 6);1;5323
6;0.125;;(9, 5);;(12, 6);1;5324
6;0.125;;(9, 5);;(12, 6);1;5325
6;0.125;;(9, 5);;(12, 6);1;5326
6;0.125;;(9, 5);;(12, 6);1;5327
6;0.125;;(9, 5);;(12, 6);1;5328
6;0.125;;(9, 5);;(12, 6);1;5329
6;0.125;;(9, 5);;(12, 6);1;5330
6;0.125;;(9, 5);;(12, 6);1;5331
6;0.125;;(9, 5);;(12, 6);1;5332
6;0.125;;(9, 5);;(12, 6);1;5333
6;0.125;;(9, 5);;(12, 6);1;5334
6;0.125;;(9, 5);;(12, 6);1;5335
6;0.125;;(9, 5);;(12, 6);1;5336
6;0.125;;(9, 5);;(12, 6);1;5337
6;0.125;;(9, 5);;(12, 6);1;5338
6;0.125;;(9, 5);;(12, 6);1;5339
6;0.125;;(9, 5);;(12, 6);1;5340
6;0.125;;(9, 5);;(12, 6);1;5341
6;0.125;;(9, 5);;(12, 6);1;5342
6;0.125;;(9, 5);;(12, 6);1;5343
6;0.125;;(9, 5);;(12, 6);1;5344
6;0.125;;(9, 5);;(12, 6);1;5345
6;0.125;;(9, 5);;(12, 6);1;5346
6;0.125;;(9, 5);;(12, 6);1;5347
6;0.125;;(9, 5);;(12, 6);1;5348
6;0.125;;(9, 5);;(12, 6);1;5349
6;0.125;;(9, 5);;(12, 6);1;5350
6;0.125;;(9, 5);;(12, 6);1;5351
6;0.125;;(9, 5);;(12, 6);1;5352
6;0.125;;(9, 5);;(12, 6);1;5353
6;0.125;;(9, 5);;(12, 6);1;5354
6;0.125;;(9, 5);;(12, 6);1;5355
6;0.125;;(9, 5);;(12, 6);1;5356
6;0.125;;(9, 5);;(12, 6);1;5357
6;0.125;;(9, 5);;(12, 6);1;5358
6;0.125;;(9, 5);;(12, 6);1;5359
6;0.125;;(9, 5);;(12, 6);1;5360
6;0.125;;(9, 5);;(12, 6);1;5361
6;0.125;;(9, 5);;(12, 6);1;5362
6;0.125;;(9, 5);;(12, 6);1;5363
6;0.125;;(9, 5);;(12, 6);1;5364
6;0.125;;(9, 5);;(12, 6);1;5365
6;0.125;;(9, 5);;(12, 6);1;5366
6;0.125;;(9, 5);;(12, 6);1;5367
6;0.125;;(9, 5);;(12, 6);1;5368
6;0.125;;(9, 5);;(12, 6);1;5369
6;0.125;;(9, 5);;(12, 6);1;5370
6;0.125;;(9, 5);;(12, 6);1;5371
6;0.125;;(9, 5);;(12, 6);1;5372
6;0.125;;(9, 5);;(12, 6);1;5373
6;0.125;;(9, 5);;(12, 6);1;5374
6;0.125;;(9, 5);;(12, 6);1;5375
6;0.125;;(9, 5);;(12, 6);1;5376
6;0.125;;(9, 5);;(12, 6);1;5377
6;0.125;;(9, 5);;(12, 6);1;5378
6;0.125;;(9, 5);;(12, 6);1;5379
6;0.125;;(9, 5);;(12, 6);1;5380
6;0.125;;(9, 5);;(12, 6);1;5381
6;0.125;;(9, 5);;(12, 6);1;5382
6;0.125;;(9, 5);;(12, 6);1;5383
6;0.125;;(9, 5);;(12, 6);1;5384
6;0.125;;(9, 5);;(12, 6);1;5385
6;0.125;;(9, 5);;(12, 6);1;5386
6;0.125;;(9, 5);;(12, 6);1;5387
6;0.125;;(9, 5);;(12, 6);1;5388
6;0.125;;(9, 5);;(12, 6);1;5389
6;0.125;;(9, 5);;(12, 6);1;5390
6;0.125;;(9, 5);;(12, 6);1;5391
6;0.125;;(9, 5);;(12, 6);1;5392
6;0.125;;(9, 5);;(12, 6);1;5393
6;0.125;;(9, 5);;(12, 6);1;5394
6;0.125;;(9, 5);;(12, 6);1;5395
6;0.125;;(9, 5);;(12, 6);1;5396
6;0.125;;(9, 5);;(12, 6);1;5397
6;0.125;;(9, 5);;(12, 6);1;5398
6;0.125;;(9, 5);;(12, 6);1;5399
6;0.125;;(9, 5);;(12, 6);1;5400
6;0.125;;(9, 5);;(12, 6);1;5401
6;0.125;;(9, 5);;(12, 6);1;5402
6;0.125;;(9, 5);;(12, 6);1;5403
6;0.125;;(9, 5);;(12, 6);1;5404
6;0.125;;(9, 5);;(12, 6);1;5405
6;0.125;;(9, 5);;(12, 6);1;5406
6;0.125;;(9, 5);;(12, 6);1;5407
6;0.125;;(9, 5);;(12, 6);1;5408
6;0.125;;(9, 5);;(12, 6);1;5409
6;0.125;;(9, 5);;(12, 6);1;5410
6;0.125;;(9, 5);;(12, 6);1;5411
6;0.125;;(9, 5);;(12, 6);1;5412
6;0.125;;(9, 5);;(12, 6);1;5413
6;0.125;;(9, 5);;(12, 6);1;5414
6;0.125;;(9, 5);;(12, 6);1;5415
6;0.125;;(9, 5);;(12, 6);1;5416
6;0.125;;(9, 5);;(12, 6);1;5417
6;0.125;;(9, 5);;(12, 6);1;5418
6;0.125;;(9, 5);;(12, 6);1;5419
6;0.125;;(9, 5);;(12, 6);1;5420
6;0.125;;(9, 5);;(12, 6);1;5421
6;0.125;;(9, 5);;(12, 6);1;5422
6;0.125;;(9, 5);;(12, 6);1;5423
6;0.125;;(9, 5);;(12, 6);1;5424
6;0.125;;(9, 5);;(12, 6);1;5425
6;0.125;;(9, 5);;(12, 6);1;5426
6;0.125;;(9, 5);;(12, 6);1;5427
6;0.125;;(9, 5);;(12, 6);1;5428
6;0.125;;(9, 5);;(12, 6);1;5429
6;0.125;;(9, 5);;(12, 6);1;5430
6;0.125;;(9, 5);;(12, 6);1;5431
6;0.125;;(9, 5);;(12, 6);1;5432
6;0.125;;(9, 5);;(12, 6);1;5433
6;0.125;;(9, 5);;(12, 6);1;5434
6;0.125;;(9, 5);;(12, 6);1;5435
6;0.125;;(9, 5);;(12, 6);1;5436
6;0.125;;(9, 5);;(12, 6);1;5437
6;0.125;;(9, 5);;(12, 6);1;5438
6;0.125;;(9, 5);;(12, 6);1;5439
6;0.125;;(9, 5);;(12, 6);1;5440
6;0.125;;(9, 5);;(12, 6);1;5441
6;0.125;;(9, 5);;(12, 6);1;5442
6;0.125;;(9, 5);;(12, 6);1;5443
6;0.125;;(9, 5);;(12, 6);1;5444
6;0.125;;(9, 5);;(12, 6);1;5445
6;0.125;;(9, 5);;(12, 6);1;5446
6;0.125;;(9, 5);;(12, 6);1;5447
6;0.125;;(9, 5);;(12, 6);1;5448
6;0.125;;(9, 5);;(12, 6);1;5449
6;0.125;;(9, 5);;(12, 6);1;5450
6;0.125;;(9, 5);;(12, 6);1;5451
6;0.125;;(9, 5);;(12, 6);1;5452
6;0.125;;(9, 5);;(12, 6);1;5453
6;0.125;;(9, 5);;(12, 6);1;5454
6;0.125;;(9, 5);;(12, 6);1;5455
6;0.125;;(9, 5);;(12, 6);1;5456
6;0.125;;(9, 5);;(12, 6);1;5457
6;0.125;;(9, 5);;(12, 6);1;5458
6;0.125;;(9, 5);;(12, 6);1;5459
6;0.125;;(9, 5);;(12, 6);1;5460
6;0.125;;(9, 5);;(12, 6);1;5461
6;0.125;;(9, 5);;(12, 6);1;5462
6;0.125;;(9, 5);;(12, 6);1;5463
6;0.125;;(9, 5);;(12, 6);1;5464
6;0.125;;(9, 5);;(12, 6);1;5465
6;0.125;;(9, 5);;(12, 6);1;5466
6;0.125;;(9, 5);;(12, 6);1;5467
6;0.125;;(9, 5);;(12, 6);1;5468
6;0.125;;(9, 5);;(12, 6);1;5469
6;0.125;;(9, 5);;(12, 6);1;5470
6;0.125;;(9, 5);;(12, 6);1;5471
6;0.125;;(9, 5);;(12, 6);1;5472
6;0.125;;(9, 5);;(12, 6);1;5473
6;0.125;;(9, 5);;(12, 6);1;5474
6;0.125;;(9, 5);;(12, 6);1;5475
6;0.125;;(9, 5);;(12, 6);1;5476
6;0.125;;(9, 5);;(12, 6);1;5477
6;0.125;;(9, 5);;(12, 6);1;5478
6;0.125;;(9, 5);;(12, 6);1;5479
6;0.125;;(9, 5);;(12, 6);1;5480
6;0.125;;(9, 5);;(12, 6);1;5481
6;0.125;;(9, 5);;(12, 6);1;5482
6;0.125;;(9, 5);;(12, 6);1;5483
6;0.125;;(9, 5);;(12, 6);1;5484
6;0.125;;(9, 5);;(12, 6);1;5485
6;0.125;;(9, 5);;(12, 6);1;5486
6;0.125;;(9, 5);;(12, 6);1;5487
6;0.125;;(9, 5);;(12, 6);1;5488
6;0.125;;(9, 5);;(12, 6);1;5489
6;0.125;;(9, 5);;(12, 6);1;5490
6;0.125;;(9, 5);;(12, 6);1;5491
6;0.125;;(9, 5);;(12, 6);1;5492
6;0.125;;(9, 5);;(12, 6);1;5493
6;0.125;;(9, 5);;(12, 6);1;5494
6;0.125;;(9, 5);;(12, 6);1;5495
6;0.125;;(9, 5);;(12, 6);1;5496
6;0.125;;(9, 5);;(12, 6);1;5497
6;0.125;;(9, 5);;(12, 6);1;5498
6;0.125;;(9, 5);;(12, 6);1;5499
6;0.125;;(9, 5);;(12, 6);1;5500
6;0.125;;(9, 5);;(12, 6);1;5501
6;0.125;;(9, 5);;(12, 6);1;5502
6;0.125;;(9, 5);;(12, 6);1;5503
6;0.125;;(9, 5);;(12, 6);1;5504
6;0.125;;(9, 5);;(12, 6);1;5505
6;0.125;;(9, 5);;(12, 6);1;5506
6;0.125;;(9, 5);;(12, 6);1;5507
6;0.125;;(9, 5);;(12, 6);1;5508
6;0.125;;(9, 5);;(12, 6);1;5509
6;0.125;;(9, 5);;(12, 6);1;5510
6;0.125;;(9, 5);;(12, 6);1;5511
6;0.125;;(9, 5);;(12, 6);1;5512
6;0.125;;(9, 5);;(12, 6);1;5513
6;0.125;;(9, 5);;(12, 6);1;5514
6;0.125;;(9, 5);;(12, 6);1;5515
6;0.125;;(9, 5);;(12, 6);1;5516
6;0.125;;(9, 5);;(12, 6);1;5517
6;0.125;;(9, 5);;(12, 6);1;5518
6;0.125;;(9, 5);;(12, 6);1;5519
6;0.125;;(9, 5);;(12, 6);1;5520
6;0.125;;(9, 5);;(12, 6);1;5521
6;0.125;;(9, 5);;(12, 6);1;5522
6;0.125;;(9, 5);;(12, 6);1;5523
6;0.125;;(9, 5);;(12, 6);1;5524
6;0.125;;(9, 5);;(12, 6);1;5525
6;0.125;;(9, 5);;(12, 6);1;5526
6;0.125;;(9, 5);;(12, 6);1;5527
6;0.125;;(9, 5);;(12, 6);1;5528
6;0.125;;(9, 5);;(12, 6);1;5529
6;0.125;;(9, 5);;(12, 6);1;5530
6;0.125;;(9, 5);;(12, 6);1;5531
6;0.125;;(9, 5);;(12, 6);1;5532
6;0.125;;(9, 5);;(12, 6);1;5533
6;0.125;;(9, 5);;(12, 6);1;5534
6;0.125;;(9, 5);;(12, 6);1;5535
6;0.125;;(9, 5);;(12, 6);1;5536
6;0.125;;(9, 5);;(12, 6);1;5537
6;0.125;;(9, 5);;(12, 6);1;5538
6;0.125;;(9, 5);;(12, 6);1;5539
6;0.125;;(9, 5);;(12, 6);1;5540
6;0.125;;(9, 5);;(12, 6);1;5541
6;0.125;;(9, 5);;(12, 6);1;5542
6;0.125;;(9, 5);;(12, 6);1;5543
6;0.125;;(9, 5);;(12, 6);1;5544
6;0.125;;(9, 5);;(12, 6);1;5545
6;0.125;;(9, 5);;(12, 6);1;5546
6;0.125;;(9, 5);;(12, 6);1;5547
6;0.125;;(9, 5);;(12, 6);1;5548
6;0.125;;(9, 5);;(12, 6);1;5549
6;0.125;;(9, 5);;(12, 6);1;5550
6;0.125;;(9, 5);;(12, 6);1;5551
6;0.125;;(9, 5);;(12, 6);1;5552
6;0.125;;(9, 5);;(12, 6);1;5553
6;0.125;;(9, 5);;(12, 6);1;5554
6;0.125;;(9, 5);;(12, 6);1;5555
6;0.125;;(9, 5);;(12, 6);1;5556
6;0.125;;(9, 5);;(12, 6);1;5557
6;0.125;;(9, 5);;(12, 6);1;5558
6;0.125;;(9, 5);;(12, 6);1;5559
6;0.125;;(9, 5);;(12, 6);1;5560
6;0.125;;(9, 5);;(12, 6);1;5561
6;0.125;;(9, 5);;(12, 6);1;5562
6;0.125;;(9, 5);;(12, 6);1;5563
6;0.125;;(9, 5);;(12, 6);1;5564
6;0.125;;(9, 5);;(12, 6);1;5565
6;0.125;;(9, 5);;(12, 6);1;5566
6;0.125;;(9, 5);;(12, 6);1;5567
6;0.125;;(9, 5);;(12, 6);1;5568
6;0.125;;(9, 5);;(12, 6);1;5569
6;0.125;;(9, 5);;(12, 6);1;5570
6;0.125;;(9, 5);;(12, 6);1;5571
6;0.125;;(9, 5);;(12, 6);1;5572
6;0.125;;(9, 5);;(12, 6);1;5573
6;0.125;;(9, 5);;(12, 6);1;5574
6;0.125;;(9, 5);;(12, 6);1;5575
6;0.125;;(9, 5);;(12, 6);1;5576
6;0.125;;(9, 5);;(12, 6);1;5577
6;0.125;;(9, 5);;(12, 6);1;5578
6;0.125;;(9, 5);;(12, 6);1;5579
6;0.125;;(9, 5);;(12, 6);1;5580
6;0.125;;(9, 5);;(12, 6);1;5581
6;0.125;;(9, 5);;(12, 6);1;5582
6;0.125;;(9, 5);;(12, 6);1;5583
6;0.125;;(9, 5);;(12, 6);1;5584
6;0.125;;(9, 5);;(12, 6);1;5585
6;0.125;;(9, 5);;(12, 6);1;5586
6;0.125;;(9, 5);;(12, 6);1;5587
6;0.125;;(9, 5);;(12, 6);1;5588
6;0.125;;(9, 5);;(12, 6);1;5589
6;0.125;;(9, 5);;(12, 6);1;5590
6;0.125;;(9, 5);;(12, 6);1;5591
6;0.125;;(9, 5);;(12, 6);1;5592
6;0.125;;(9, 5);;(12, 6);1;5593
6;0.125;;(9, 5);;(12, 6);1;5594
6;0.125;;(9, 5);;(12, 6);1;5595
6;0.125;;(9, 5);;(12, 6);1;5596
6;0.125;;(9, 5);;(12, 6);1;5597
6;0.125;;(9, 5);;(12, 6);1;5598
6;0.125;;(9, 5);;(12, 6);1;5599
6;0.125;;(9, 5);;(12, 6);1;5600
6;0.125;;(9, 5);;(12, 6);1;5601
6;0.125;;(9, 5);;(12, 6);1;5602
6;0.125;;(9, 5);;(12, 6);1;5603
6;0.125;;(9, 5);;(12, 6);1;5604
6;0.125;;(9, 5);;(12, 6);1;5605
6;0.125;;(9, 5);;(12, 6);1;5606
6;0.125;;(9, 5);;(12, 6);1;5607
6;0.125;;(9, 5);;(12, 6);1;5608
6;0.125;;(9, 5);;(12, 6);1;5609
6;0.125;;(9, 5);;(12, 6);1;5610
6;0.125;;(9, 5);;(12, 6);1;5611
6;0.125;;(9, 5);;(12, 6);1;5612
6;0.125;;(9, 5);;(12, 6);1;5613
6;0.125;;(9, 5);;(12, 6);1;5614
6;0.125;;(9, 5);;(12, 6);1;5615
6;0.125;;(9, 5);;(12, 6);1;5616
6;0.125;;(9, 5);;(12, 6);1;5617
6;0.125;;(9, 5);;(12, 6);1;5618
6;0.125;;(9, 5);;(12, 6);1;5619
6;0.125;;(9, 5);;(12, 6);1;5620
6;0.125;;(9, 5);;(12, 6);1;5621
6;0.125;;(9, 5);;(12, 6);1;5622
6;0.125;;(9, 5);;(12, 6);1;5623
6;0.125;;(9, 5);;(12, 6);1;5624
6;0.125;;(9, 5);;(12, 6);1;5625
6;0.125;;(9, 5);;(12, 6);1;5626
6;0.125;;(9, 5);;(12, 6);1;5627
6;0.125;;(9, 5);;(12, 6);1;5628
6;0.125;;(9, 5);;(12, 6);1;5629
6;0.125;;(9, 5);;(12, 6);1;5630
6;0.125;;(9, 5);;(12, 6);1;5631
6;0.125;;(9, 5);;(12, 6);1;5632
6;0.125;;(9, 5);;(12, 6);1;5633
6;0.125;;(9, 5);;(12, 6);1;5634
6;0.125;;(9, 5);;(12, 6);1;5635
6;0.125;;(9, 5);;(12, 6);1;5636
6;0.125;;(9, 5);;(12, 6);1;5637
6;0.125;;(9, 5);;(12, 6);1;5638
6;0.125;;(9, 5);;(12, 6);1;5639
6;0.125;;(9, 5);;(12, 6);1;5640
6;0.125;;(9, 5);;(12, 6);1;5641
6;0.125;;(9, 5);;(12, 6);1;5642
6;0.125;;(9, 5);;(12, 6);1;5643
6;0.125;;(9, 5);;(12, 6);1;5644
6;0.125;;(9, 5);;(12, 6);1;5645
6;0.125;;(9, 5);;(12, 6);1;5646
6;0.125;;(9, 5);;(12, 6);1;5647
6;0.125;;(9, 5);;(12, 6);1;5648
6;0.125;;(9, 5);;(12, 6);1;5649
6;0.125;;(9, 5);;(12, 6);1;5650
6;0.125;;(9, 5);;(12, 6);1;5651
6;0.125;;(9, 5);;(12, 6);1;5652
6;0.125;;(9, 5);;(12, 6);1;5653
6;0.125;;(9, 5);;(12, 6);1;5654
6;0.125;;(9, 5);;(12, 6);1;5655
6;0.125;;(9, 5);;(12, 6);1;5656
6;0.125;;(9, 5);;(12, 6);1;5657
6;0.125;;(9, 5);;(12, 6);1;5658
6;0.125;;(9, 5);;(12, 6);1;5659
6;0.125;;(9, 5);;(12, 6);1;5660
6;0.125;;(9, 5);;(12, 6);1;5661
6;0.125;;(9, 5);;(12, 6);1;5662
6;0.125;;(9, 5);;(12, 6);1;5663
6;0.125;;(9, 5);;(12, 6);1;5664
6;0.125;;(9, 5);;(12, 6);1;5665
6;0.125;;(9, 5);;(12, 6);1;5666
6;0.125;;(9, 5);;(12, 6);1;5667
6;0.125;;(9, 5);;(12, 6);1;5668
6;0.125;;(9, 5);;(12, 6);1;5669
6;0.125;;(9, 5);;(12, 6);1;5670
6;0.125;;(9, 5);;(12, 6);1;5671
6;0.125;;(9, 5);;(12, 6);1;5672
6;0.125;;(9, 5);;(12, 6);1;5673
6;0.125;;(9, 5);;(12, 6);1;5674
6;0.125;;(9, 5);;(12, 6);1;5675
6;0.125;;(9, 5);;(12, 6);1;5676
6;0.125;;(9, 5);;(12, 6);1;5677
6;0.125;;(9, 5);;(12, 6);1;5678
6;0.125;;(9, 5);;(12, 6);1;5679
6;0.125;;(9, 5);;(12, 6);1;5680
6;0.125;;(9, 5);;(12, 6);1;5681
6;0.125;;(9, 5);;(12, 6);1;5682
6;0.125;;(9, 5);;(12, 6);1;5683
6;0.125;;(9, 5);;(12, 6);1;5684
6;0.125;;(9, 5);;(12, 6);1;5685
6;0.125;;(9, 5);;(12, 6);1;5686
6;0.125;;(9, 5);;(12, 6);1;5687
6;0.125;;(9, 5);;(12, 6);1;5688
6;0.125;;(9, 5);;(12, 6);1;5689
6;0.125;;(9, 5);;(12, 6);1;5690
6;0.125;;(9, 5);;(12, 6);1;5691
6;0.125;;(9, 5);;(12, 6);1;5692
6;0.125;;(9, 5);;(12, 6);1;5693
6;0.125;;(9, 5);;(12, 6);1;5694
6;0.125;;(9, 5);;(12, 6);1;5695
6;0.125;;(9, 5);;(12, 6);1;5696
6;0.125;;(9, 5);;(12, 6);1;5697
6;0.125;;(9, 5);;(12, 6);1;5698
6;0.125;;(9, 5);;(12, 6);1;5699
6;0.125;;(9, 5);;(12, 6);1;5700
6;0.125;;(9, 5);;(12, 6);1;5701
6;0.125;;(9, 5);;(12, 6);1;5702
6;0.125;;(9, 5);;(12, 6);1;5703
6;0.125;;(9, 5);;(12, 6);1;5704
6;0.125;;(9, 5);;(12, 6);1;5705
6;0.125;;(9, 5);;(12, 6);1;5706
6;0.125;;(9, 5);;(12, 6);1;5707
6;0.125;;(9, 5);;(12, 6);1;5708
6;0.125;;(9, 5);;(12, 6);1;5709
6;0.125;;(9, 5);;(12, 6);1;5710
6;0.125;;(9, 5);;(12, 6);1;5711
6;0.125;;(9, 5);;(12, 6);1;5712
6;0.125;;(9, 5);;(12, 6);1;5713
6;0.125;;(9, 5);;(12, 6);1;5714
6;0.125;;(9, 5);;(12, 6);1;5715
6;0.125;;(9, 5);;(12, 6);1;5716
6;0.125;;(9, 5);;(12, 6);1;5717
6;0.125;;(9, 5);;(12, 6);1;5718
6;0.125;;(9, 5);;(12, 6);1;5719
6;0.125;;(9, 5);;(12, 6);1;5720
6;0.125;;(9, 5);;(12, 6);1;5721
6;0.125;;(9, 5);;(12, 6);1;5722
6;0.125;;(9, 5);;(12, 6);1;5723
6;0.125;;(9, 5);;(12, 6);1;5724
6;0.125;;(9, 5);;(12, 6);1;5725
6;0.125;;(9, 5);;(12, 6);1;5726
6;0.125;;(9, 5);;(12, 6);1;5727
6;0.125;;(9, 5);;(12, 6);1;5728
6;0.125;;(9, 5);;(12, 6);1;5729
6;0.125;;(9, 5);;(12, 6);1;5730
6;0.125;;(9, 5);;(12, 6);1;5731
6;0.125;;(9, 5);;(12, 6);1;5732
6;0.125;;(9, 5);;(12, 6);1;5733
6;0.125;;(9, 5);;(12, 6);1;5734
6;0.125;;(9, 5);;(12, 6);1;5735
6;0.125;;(9, 5);;(12, 6);1;5736
6;0.125;;(9, 5);;(12, 6);1;5737
6;0.125;;(9, 5);;(12, 6);1;5738
6;0.125;;(9, 5);;(12, 6);1;5739
6;0.125;;(9, 5);;(12, 6);1;5740
6;0.125;;(9, 5);;(12, 6);1;5741
6;0.125;;(9, 5);;(12, 6);1;5742
6;0.125;;(9, 5);;(12, 6);1;5743
6;0.125;;(9, 5);;(12, 6);1;5744
6;0.125;;(9, 5);;(12, 6);1;5745
6;0.125;;(9, 5);;(12, 6);1;5746
6;0.125;;(9, 5);;(12, 6);1;5747
6;0.125;;(9, 5);;(12, 6);1;5748
6;0.125;;(9, 5);;(12, 6);1;5749
6;0.125;;(9, 5);;(12, 6);1;5750
6;0.125;;(9, 5);;(12, 6);1;5751
6;0.125;;(9, 5);;(12, 6);1;5752
6;0.125;;(9, 5);;(12, 6);1;5753
6;0.125;;(9, 5);;(12, 6);1;5754
6;0.125;;(9, 5);;(12, 6);1;5755
6;0.125;;(9, 5);;(12, 6);1;5756
6;0.125;;(9, 5);;(12, 6);1;5757
6;0.125;;(9, 5);;(12, 6);1;5758
6;0.125;;(9, 5);;(12, 6);1;5759
6;0.125;;(9, 5);;(12, 6);1;5760
6;0.125;;(9, 5);;(12, 6);1;5761
6;0.125;;(9, 5);;(12, 6);1;5762
6;0.125;;(9, 5);;(12, 6);1;5763
6;0.125;;(9, 5);;(12, 6);1;5764
6;0.125;;(9, 5);;(12, 6);1;5765
6;0.125;;(9, 5);;(12, 6);1;5766
6;0.125;;(9, 5);;(12, 6);1;5767
6;0.125;;(9, 5);;(12, 6);1;5768
6;0.125;;(9, 5);;(12, 6);1;5769
6;0.125;;(9, 5);;(12, 6);1;5770
6;0.125;;(9, 5);;(12, 6);1;5771
6;0.125;;(9, 5);;(12, 6);1;5772
6;0.125;;(9, 5);;(12, 6);1;5773
6;0.125;;(9, 5);;(12, 6);1;5774
6;0.125;;(9, 5);;(12, 6);1;5775
6;0.125;;(9, 5);;(12, 6);1;5776
6;0.125;;(9, 5);;(12, 6);1;5777
6;0.125;;(9, 5);;(12, 6);1;5778
6;0.125;;(9, 5);;(12, 6);1;5779
6;0.125;;(9, 5);;(12, 6);1;5780
6;0.125;;(9, 5);;(12, 6);1;5781
6;0.125;;(9, 5);;(12, 6);1;5782
6;0.125;;(9, 5);;(12, 6);1;5783
6;0.125;;(9, 5);;(12, 6);1;5784
6;0.125;;(9, 5);;(12, 6);1;5785
6;0.125;;(9, 5);;(12, 6);1;5786
6;0.125;;(9, 5);;(12, 6);1;5787
6;0.125;;(9, 5);;(12, 6);1;5788
6;0.125;;(9, 5);;(12, 6);1;5789
6;0.125;;(9, 5);;(12, 6);1;5790
6;0.125;;(9, 5);;(12, 6);1;5791
6;0.125;;(9, 5);;(12, 6);1;5792
6;0.125;;(9, 5);;(12, 6);1;5793
6;0.125;;(9, 5);;(12, 6);1;5794
6;0.125;;(9, 5);;(12, 6);1;5795
6;0.125;;(9, 5);;(12, 6);1;5796
6;0.125;;(9, 5);;(12, 6);1;5797
6;0.125;;(9, 5);;(12, 6);1;5798
6;0.125;;(9, 5);;(12, 6);1;5799
6;0.125;;(9, 5);;(12, 6);1;5800
6;0.125;;(9, 5);;(12, 6);1;5801
6;0.125;;(9, 5);;(12, 6);1;5802
6;0.125;;(9, 5);;(12, 6);1;5803
6;0.125;;(9, 5);;(12, 6);1;5804
6;0.125;;(9, 5);;(12, 6);1;5805
6;0.125;;(9, 5);;(12, 6);1;5806
6;0.125;;(9, 5);;(12, 6);1;5807
6;0.125;;(9, 5);;(12, 6);1;5808
6;0.125;;(9, 5);;(12, 6);1;5809
6;0.125;;(9, 5);;(12, 6);1;5810
6;0.125;;(9, 5);;(12, 6);1;5811
6;0.125;;(9, 5);;(12, 6);1;5812
6;0.125;;(9, 5);;(12, 6);1;5813
6;0.125;;(9, 5);;(12, 6);1;5814
6;0.125;;(9, 5);;(12, 6);1;5815
6;0.125;;(9, 5);;(12, 6);1;5816
6;0.125;;(9, 5);;(12, 6);1;5817
6;0.125;;(9, 5);;(12, 6);1;5818
6;0.125;;(9, 5);;(12, 6);1;5819
6;0.125;;(9, 5);;(12, 6);1;5820
6;0.125;;(9, 5);;(12, 6);1;5821
6;0.125;;(9, 5);;(12, 6);1;5822
6;0.125;;(9, 5);;(12, 6);1;5823
6;0.125;;(9, 5);;(12, 6);1;5824
6;0.125;;(9, 5);;(12, 6);1;5825
6;0.125;;(9, 5);;(12, 6);1;5826
6;0.125;;(9, 5);;(12, 6);1;5827
6;0.125;;(9, 5);;(12, 6);1;5828
6;0.125;;(9, 5);;(12, 6);1;5829
6;0.125;;(9, 5);;(12, 6);1;5830
6;0.125;;(9, 5);;(12, 6);1;5831
6;0.125;;(9, 5);;(12, 6);1;5832
6;0.125;;(9, 5);;(12, 6);1;5833
6;0.125;;(9, 5);;(12, 6);1;5834
6;0.125;;(9, 5);;(12, 6);1;5835
6;0.125;;(9, 5);;(12, 6);1;5836
6;0.125;;(9, 5);;(12, 6);1;5837
6;0.125;;(9, 5);;(12, 6);1;5838
6;0.125;;(9, 5);;(12, 6);1;5839
6;0.125;;(9, 5);;(12, 6);1;5840
6;0.125;;(9, 5);;(12, 6);1;5841
6;0.125;;(9, 5);;(12, 6);1;5842
6;0.125;;(9, 5);;(12, 6);1;5843
6;0.125;;(9, 5);;(12, 6);1;5844
6;0.125;;(9, 5);;(12, 6);1;5845
6;0.125;;(9, 5);;(12, 6);1;5846
6;0.125;;(9, 5);;(12, 6);1;5847
6;0.125;;(9, 5);;(12, 6);1;5848
6;0.125;;(9, 5);;(12, 6);1;5849
6;0.125;;(9, 5);;(12, 6);1;5850
6;0.125;;(9, 5);;(12, 6);1;5851
6;0.125;;(9, 5);;(12, 6);1;5852
6;0.125;;(9, 5);;(12, 6);1;5853
6;0.125;;(9, 5);;(12, 6);1;5854
6;0.125;;(9, 5);;(12, 6);1;5855
6;0.125;;(9, 5);;(12, 6);1;5856
6;0.125;;(9, 5);;(12, 6);1;5857
6;0.125;;(9, 5);;(12, 6);1;5858
6;0.125;;(9, 5);;(12, 6);1;5859
6;0.125;;(9, 5);;(12, 6);1;5860
6;0.125;;(9, 5);;(12, 6);1;5861
6;0.125;;(9, 5);;(12, 6);1;5862
6;0.125;;(9, 5);;(12, 6);1;5863
6;0.125;;(9, 5);;(12, 6);1;5864
6;0.125;;(9, 5);;(12, 6);1;5865
6;0.125;;(9, 5);;(12, 6);1;5866
6;0.125;;(9, 5);;(12, 6);1;5867
6;0.125;;(9, 5);;(12, 6);1;5868
6;0.125;;(9, 5);;(12, 6);1;5869
6;0.125;;(9, 5);;(12, 6);1;5870
6;0.125;;(9, 5);;(12, 6);1;5871
6;0.125;;(9, 5);;(12, 6);1;5872
6;0.125;;(9, 5);;(12, 6);1;5873
6;0.125;;(9, 5);;(12, 6);1;5874
6;0.125;;(9, 5);;(12, 6);1;5875
6;0.125;;(9, 5);;(12, 6);1;5876
6;0.125;;(9, 5);;(12, 6);1;5877
6;0.125;;(9, 5);;(12, 6);1;5878
6;0.125;;(9, 5);;(12, 6);1;5879
6;0.125;;(9, 5);;(12, 6);1;5880
6;0.125;;(9, 5);;(12, 6);1;5881
6;0.125;;(9, 5);;(12, 6);1;5882
6;0.125;;(9, 5);;(12, 6);1;5883
6;0.125;;(9, 5);;(12, 6);1;5884
6;0.125;;(9, 5);;(12, 6);1;5885
6;0.125;;(9, 5);;(12, 6);1;5886
6;0.125;;(9, 5);;(12, 6);1;5887
6;0.125;;(9, 5);;(12, 6);1;5888
6;0.125;;(9, 5);;(12, 6);1;5889
6;0.125;;(9, 5);;(12, 6);1;5890
6;0.125;;(9, 5);;(12, 6);1;5891
6;0.125;;(9, 5);;(12, 6);1;5892
6;0.125;;(9, 5);;(12, 6);1;5893
6;0.125;;(9, 5);;(12, 6);1;5894
6;0.125;;(9, 5);;(12, 6);1;5895
6;0.125;;(9, 5);;(12, 6);1;5896
6;0.125;;(9, 5);;(12, 6);1;5897
6;0.125;;(9, 5);;(12, 6);1;5898
6;0.125;;(9, 5);;(12, 6);1;5899
6;0.125;;(9, 5);;(12, 6);1;5900
6;0.125;;(9, 5);;(12, 6);1;5901
6;0.125;;(9, 5);;(12, 6);1;5902
6;0.125;;(9, 5);;(12, 6);1;5903
6;0.125;;(9, 5);;(12, 6);1;5904
6;0.125;;(9, 5);;(12, 6);1;5905
6;0.125;;(9, 5);;(12, 6);1;5906
6;0.125;;(9, 5);;(12, 6);1;5907
6;0.125;;(9, 5);;(12, 6);1;5908
6;0.125;;(9, 5);;(12, 6);1;5909
6;0.125;;(9, 5);;(12, 6);1;5910
6;0.125;;(9, 5);;(12, 6);1;5911
6;0.125;;(9, 5);;(12, 6);1;5912
6;0.125;;(9, 5);;(12, 6);1;5913
6;0.125;;(9, 5);;(12, 6);1;5914
6;0.125;;(9, 5);;(12, 6);1;5915
6;0.125;;(9, 5);;(12, 6);1;5916
6;0.125;;(9, 5);;(12, 6);1;5917
6;0.125;;(9, 5);;(12, 6);1;5918
6;0.125;;(9, 5);;(12, 6);1;5919
6;0.125;;(9, 5);;(12, 6);1;5920
6;0.125;;(9, 5);;(12, 6);1;5921
6;0.125;;(9, 5);;(12, 6);1;5922
6;0.125;;(9, 5);;(12, 6);1;5923
6;0.125;;(9, 5);;(12, 6);1;5924
6;0.125;;(9, 5);;(12, 6);1;5925
6;0.125;;(9, 5);;(12, 6);1;5926
6;0.125;;(9, 5);;(12, 6);1;5927
6;0.125;;(9, 5);;(12, 6);1;5928
6;0.125;;(9, 5);;(12, 6);1;5929
6;0.125;;(9, 5);;(12, 6);1;5930
6;0.125;;(9, 5);;(12, 6);1;5931
6;0.125;;(9, 5);;(12, 6);1;5932
6;0.125;;(9, 5);;(12, 6);1;5933
6;0.125;;(9, 5);;(12, 6);1;5934
6;0.125;;(9, 5);;(12, 6);1;5935
6;0.125;;(9, 5);;(12, 6);1;5936
6;0.125;;(9, 5);;(12, 6);1;5937
6;0.125;;(9, 5);;(12, 6);1;5938
6;0.125;;(9, 5);;(12, 6);1;5939
6;0.125;;(9, 5);;(12, 6);1;5940
6;0.125;;(9, 5);;(12, 6);1;5941
6;0.125;;(9, 5);;(12, 6);1;5942
6;0.125;;(9, 5);;(12, 6);1;5943
6;0.125;;(9, 5);;(12, 6);1;5944
6;0.125;;(9, 5);;(12, 6);1;5945
6;0.125;;(9, 5);;(12, 6);1;5946
6;0.125;;(9, 5);;(12, 6);1;5947
6;0.125;;(9, 5);;(12, 6);1;5948
6;0.125;;(9, 5);;(12, 6);1;5949
6;0.125;;(9, 5);;(12, 6);1;5950
6;0.125;;(9, 5);;(12, 6);1;5951
6;0.125;;(9, 5);;(12, 6);1;5952
6;0.125;;(9, 5);;(12, 6);1;5953
6;0.125;;(9, 5);;(12, 6);1;5954
6;0.125;;(9, 5);;(12, 6);1;5955
6;0.125;;(9, 5);;(12, 6);1;5956
6;0.125;;(9, 5);;(12, 6);1;5957
6;0.125;;(9, 5);;(12, 6);1;5958
6;0.125;;(9, 5);;(12, 6);1;5959
6;0.125;;(9, 5);;(12, 6);1;5960
6;0.125;;(9, 5);;(12, 6);1;5961
6;0.125;;(9, 5);;(12, 6);1;5962
6;0.125;;(9, 5);;(12, 6);1;5963
6;0.125;;(9, 5);;(12, 6);1;5964
6;0.125;;(9, 5);;(12, 6);1;5965
6;0.125;;(9, 5);;(12, 6);1;5966
6;0.125;;(9, 5);;(12, 6);1;5967
6;0.125;;(9, 5);;(12, 6);1;5968
6;0.125;;(9, 5);;(12, 6);1;5969
6;0.125;;(9, 5);;(12, 6);1;5970
6;0.125;;(9, 5);;(12, 6);1;5971
6;0.125;;(9, 5);;(12, 6);1;5972
6;0.125;;(9, 5);;(12, 6);1;5973
6;0.125;;(9, 5);;(12, 6);1;5974
6;0.125;;(9, 5);;(12, 6);1;5975
6;0.125;;(9, 5);;(12, 6);1;5976
6;0.125;;(9, 5);;(12, 6);1;5977
6;0.125;;(9, 5);;(12, 6);1;5978
6;0.125;;(9, 5);;(12, 6);1;5979
6;0.125;;(9, 5);;(12, 6);1;5980
6;0.125;;(9, 5);;(12, 6);1;5981
6;0.125;;(9, 5);;(12, 6);1;5982
6;0.125;;(9, 5);;(12, 6);1;5983
6;0.125;;(9, 5);;(12, 6);1;5984
6;0.125;;(9, 5);;(12, 6);1;5985
6;0.125;;(9, 5);;(12, 6);1;5986
6;0.125;;(9, 5);;(12, 6);1;5987
6;0.125;;(9, 5);;(12, 6);1;5988
6;0.125;;(9, 5);;(12, 6);1;5989
6;0.125;;(9, 5);;(12, 6);1;5990
6;0.125;;(9, 5);;(12, 6);1;5991
6;0.125;;(9, 5);;(12, 6);1;5992
6;0.125;;(9, 5);;(12, 6);1;5993
6;0.125;;(9, 5);;(12, 6);1;5994
6;0.125;;(9, 5);;(12, 6);1;5995
6;0.125;;(9, 5);;(12, 6);1;5996
6;0.125;;(9, 5);;(12, 6);1;5997
6;0.125;;(9, 5);;(12, 6);1;5998
6;0.125;;(9, 5);;(12, 6);1;5999
6;0.125;;(9, 5);;(12, 6);1;6000
6;0.125;;(9, 5);;(12, 6);1;6001
6;0.125;;(9, 5);;(12, 6);1;6002
6;0.125;;(9, 5);;(12, 6);1;6003
6;0.125;;(9, 5);;(12, 6);1;6004
6;0.125;;(9, 5);;(12, 6);1;6005
6;0.125;;(9, 5);;(12, 6);1;6006
6;0.125;;(9, 5);;(12, 6);1;6007
6;0.125;;(9, 5);;(12, 6);1;6008
6;0.125;;(9, 5);;(12, 6);1;6009
6;0.125;;(9, 5);;(12, 6);1;6010
6;0.125;;(9, 5);;(12, 6);1;6011
6;0.125;;(9, 5);;(12, 6);1;6012
6;0.125;;(9, 5);;(12, 6);1;6013
6;0.125;;(9, 5);;(12, 6);1;6014
6;0.125;;(9, 5);;(12, 6);1;6015
6;0.125;;(9, 5);;(12, 6);1;6016
6;0.125;;(9, 5);;(12, 6);1;6017
6;0.125;;(9, 5);;(12, 6);1;6018
6;0.125;;(9, 5);;(12, 6);1;6019
6;0.125;;(9, 5);;(12, 6);1;6020
6;0.125;;(9, 5);;(12, 6);1;6021
6;0.125;;(9, 5);;(12, 6);1;6022
6;0.125;;(9, 5);;(12, 6);1;6023
6;0.125;;(9, 5);;(12, 6);1;6024
6;0.125;;(9, 5);;(12, 6);1;6025
6;0.125;;(9, 5);;(12, 6);1;6026
6;0.125;;(9, 5);;(12, 6);1;6027
6;0.125;;(9, 5);;(12, 6);1;6028
6;0.125;;(9, 5);;(12, 6);1;6029
6;0.125;;(9, 5);;(12, 6);1;6030
6;0.125;;(9, 5);;(12, 6);1;6031
6;0.125;;(9, 5);;(12, 6);1;6032
6;0.125;;(9, 5);;(12, 6);1;6033
6;0.125;;(9, 5);;(12, 6);1;6034
6;0.125;;(9, 5);;(12, 6);1;6035
6;0.125;;(9, 5);;(12, 6);1;6036
6;0.125;;(9, 5);;(12, 6);1;6037
6;0.125;;(9, 5);;(12, 6);1;6038
6;0.125;;(9, 5);;(12, 6);1;6039
6;0.125;;(9, 5);;(12, 6);1;6040
6;0.125;;(9, 5);;(12, 6);1;6041
6;0.125;;(9, 5);;(12, 6);1;6042
6;0.125;;(9, 5);;(12, 6);1;6043
6;0.125;;(9, 5);;(12, 6);1;6044
6;0.125;;(9, 5);;(12, 6);1;6045
6;0.125;;(9, 5);;(12, 6);1;6046
6;0.125;;(9, 5);;(12, 6);1;6047
6;0.125;;(9, 5);;(12, 6);1;6048
6;0.125;;(9, 5);;(12, 6);1;6049
6;0.125;;(9, 5);;(12, 6);1;6050
6;0.125;;(9, 5);;(12, 6);1;6051
6;0.125;;(9, 5);;(12, 6);1;6052
6;0.125;;(9, 5);;(12, 6);1;6053
6;0.125;;(9, 5);;(12, 6);1;6054
6;0.125;;(9, 5);;(12, 6);1;6055
6;0.125;;(9, 5);;(12, 6);1;6056
6;0.125;;(9, 5);;(12, 6);1;6057
6;0.125;;(9, 5);;(12, 6);1;6058
6;0.125;;(9, 5);;(12, 6);1;6059
6;0.125;;(9, 5);;(12, 6);1;6060
6;0.125;;(9, 5);;(12, 6);1;6061
6;0.125;;(9, 5);;(12, 6);1;6062
6;0.125;;(9, 5);;(12, 6);1;6063
6;0.125;;(9, 5);;(12, 6);1;6064
6;0.125;;(9, 5);;(12, 6);1;6065
6;0.125;;(9, 5);;(12, 6);1;6066
6;0.125;;(9, 5);;(12, 6);1;6067
6;0.125;;(9, 5);;(12, 6);1;6068
6;0.125;;(9, 5);;(12, 6);1;6069
6;0.125;;(9, 5);;(12, 6);1;6070
6;0.125;;(9, 5);;(12, 6);1;6071
6;0.125;;(9, 5);;(12, 6);1;6072
6;0.125;;(9, 5);;(12, 6);1;6073
6;0.125;;(9, 5);;(12, 6);1;6074
6;0.125;;(9, 5);;(12, 6);1;6075
6;0.125;;(9, 5);;(12, 6);1;6076
6;0.125;;(9, 5);;(12, 6);1;6077
6;0.125;;(9, 5);;(12, 6);1;6078
6;0.125;;(9, 5);;(12, 6);1;6079
6;0.125;;(9, 5);;(12, 6);1;6080
6;0.125;;(9, 5);;(12, 6);1;6081
6;0.125;;(9, 5);;(12, 6);1;6082
6;0.125;;(9, 5);;(12, 6);1;6083
6;0.125;;(9, 5);;(12, 6);1;6084
6;0.125;;(9, 5);;(12, 6);1;6085
6;0.125;;(9, 5);;(12, 6);1;6086
6;0.125;;(9, 5);;(12, 6);1;6087
6;0.125;;(9, 5);;(12, 6);1;6088
6;0.125;;(9, 5);;(12, 6);1;6089
6;0.125;;(9, 5);;(12, 6);1;6090
6;0.125;;(9, 5);;(12, 6);1;6091
6;0.125;;(9, 5);;(12, 6);1;6092
6;0.125;;(9, 5);;(12, 6);1;6093
6;0.125;;(9, 5);;(12, 6);1;6094
6;0.125;;(9, 5);;(12, 6);1;6095
6;0.125;;(9, 5);;(12, 6);1;6096
6;0.125;;(9, 5);;(12, 6);1;6097
6;0.125;;(9, 5);;(12, 6);1;6098
6;0.125;;(9, 5);;(12, 6);1;6099
6;0.125;;(9, 5);;(12, 6);1;6100
6;0.125;;(9, 5);;(12, 6);1;6101
6;0.125;;(9, 5);;(12, 6);1;6102
6;0.125;;(9, 5);;(12, 6);1;6103
6;0.125;;(9, 5);;(12, 6);1;6104
6;0.125;;(9, 5);;(12, 6);1;6105
6;0.125;;(9, 5);;(12, 6);1;6106
6;0.125;;(9, 5);;(12, 6);1;6107
6;0.125;;(9, 5);;(12, 6);1;6108
6;0.125;;(9, 5);;(12, 6);1;6109
6;0.125;;(9, 5);;(12, 6);1;6110
6;0.125;;(9, 5);;(12, 6);1;6111
6;0.125;;(9, 5);;(12, 6);1;6112
6;0.125;;(9, 5);;(12, 6);1;6113
6;0.125;;(9, 5);;(12, 6);1;6114
6;0.125;;(9, 5);;(12, 6);1;6115
6;0.125;;(9, 5);;(12, 6);1;6116
6;0.125;;(9, 5);;(12, 6);1;6117
6;0.125;;(9, 5);;(12, 6);1;6118
6;0.125;;(9, 5);;(12, 6);1;6119
6;0.125;;(9, 5);;(12, 6);1;6120
6;0.125;;(9, 5);;(12, 6);1;6121
6;0.125;;(9, 5);;(12, 6);1;6122
6;0.125;;(9, 5);;(12, 6);1;6123
6;0.125;;(9, 5);;(12, 6);1;6124
6;0.125;;(9, 5);;(12, 6);1;6125
6;0.125;;(9, 5);;(12, 6);1;6126
6;0.125;;(9, 5);;(12, 6);1;6127
6;0.125;;(9, 5);;(12, 6);1;6128
6;0.125;;(9, 5);;(12, 6);1;6129
6;0.125;;(9, 5);;(12, 6);1;6130
6;0.125;;(9, 5);;(12, 6);1;6131
6;0.125;;(9, 5);;(12, 6);1;6132
6;0.125;;(9, 5);;(12, 6);1;6133
6;0.125;;(9, 5);;(12, 6);1;6134
6;0.125;;(9, 5);;(12, 6);1;6135
6;0.125;;(9, 5);;(12, 6);1;6136
6;0.125;;(9, 5);;(12, 6);1;6137
6;0.125;;(9, 5);;(12, 6);1;6138
6;0.125;;(9, 5);;(12, 6);1;6139
6;0.125;;(9, 5);;(12, 6);1;6140
6;0.125;;(9, 5);;(12, 6);1;6141
6;0.125;;(9, 5);;(12, 6);1;6142
6;0.125;;(9, 5);;(12, 6);1;6143
6;0.125;;(9, 5);;(12, 6);1;6144
6;0.125;;(9, 5);;(12, 6);1;6145
6;0.125;;(9, 5);;(12, 6);1;6146
6;0.125;;(9, 5);;(12, 6);1;6147
6;0.125;;(9, 5);;(12, 6);1;6148
6;0.125;;(9, 5);;(12, 6);1;6149
6;0.125;;(9, 5);;(12, 6);1;6150
6;0.125;;(9, 5);;(12, 6);1;6151
6;0.125;;(9, 5);;(12, 6);1;6152
6;0.125;;(9, 5);;(12, 6);1;6153
6;0.125;;(9, 5);;(12, 6);1;6154
6;0.125;;(9, 5);;(12, 6);1;6155
6;0.125;;(9, 5);;(12, 6);1;6156
6;0.125;;(9, 5);;(12, 6);1;6157
6;0.125;;(9, 5);;(12, 6);1;6158
6;0.125;;(9, 5);;(12, 6);1;6159
6;0.125;;(9, 5);;(12, 6);1;6160
6;0.125;;(9, 5);;(12, 6);1;6161
6;0.125;;(9, 5);;(12, 6);1;6162
6;0.125;;(9, 5);;(12, 6);1;6163
6;0.125;;(9, 5);;(12, 6);1;6164
6;0.125;;(9, 5);;(12, 6);1;6165
6;0.125;;(9, 5);;(12, 6);1;6166
6;0.125;;(9, 5);;(12, 6);1;6167
6;0.125;;(9, 5);;(12, 6);1;6168
6;0.125;;(9, 5);;(12, 6);1;6169
6;0.125;;(9, 5);;(12, 6);1;6170
6;0.125;;(9, 5);;(12, 6);1;6171
6;0.125;;(9, 5);;(12, 6);1;6172
6;0.125;;(9, 5);;(12, 6);1;6173
6;0.125;;(9, 5);;(12, 6);1;6174
6;0.125;;(9, 5);;(12, 6);1;6175
6;0.125;;(9, 5);;(12, 6);1;6176
6;0.125;;(9, 5);;(12, 6);1;6177
6;0.125;;(9, 5);;(12, 6);1;6178
6;0.125;;(9, 5);;(12, 6);1;6179
6;0.125;;(9, 5);;(12, 6);1;6180
6;0.125;;(9, 5);;(12, 6);1;6181
6;0.125;;(9, 5);;(12, 6);1;6182
6;0.125;;(9, 5);;(12, 6);1;6183
6;0.125;;(9, 5);;(12, 6);1;6184
6;0.125;;(9, 5);;(12, 6);1;6185
6;0.125;;(9, 5);;(12, 6);1;6186
6;0.125;;(9, 5);;(12, 6);1;6187
6;0.125;;(9, 5);;(12, 6);1;6188
6;0.125;;(9, 5);;(12, 6);1;6189
6;0.125;;(9, 5);;(12, 6);1;6190
6;0.125;;(9, 5);;(12, 6);1;6191
6;0.125;;(9, 5);;(12, 6);1;6192
6;0.125;;(9, 5);;(12, 6);1;6193
6;0.125;;(9, 5);;(12, 6);1;6194
6;0.125;;(9, 5);;(12, 6);1;6195
6;0.125;;(9, 5);;(12, 6);1;6196
6;0.125;;(9, 5);;(12, 6);1;6197
6;0.125;;(9, 5);;(12, 6);1;6198
6;0.125;;(9, 5);;(12, 6);1;6199
6;0.125;;(9, 5);;(12, 6);1;6200
6;0.125;;(9, 5);;(12, 6);1;6201
6;0.125;;(9, 5);;(12, 6);1;6202
6;0.125;;(9, 5);;(12, 6);1;6203
6;0.125;;(9, 5);;(12, 6);1;6204
6;0.125;;(9, 5);;(12, 6);1;6205
6;0.125;;(9, 5);;(12, 6);1;6206
6;0.125;;(9, 5);;(12, 6);1;6207
6;0.125;;(9, 5);;(12, 6);1;6208
6;0.125;;(9, 5);;(12, 6);1;6209
6;0.125;;(9, 5);;(12, 6);1;6210
6;0.125;;(9, 5);;(12, 6);1;6211
6;0.125;;(9, 5);;(12, 6);1;6212
6;0.125;;(9, 5);;(12, 6);1;6213
6;0.125;;(9, 5);;(12, 6);1;6214
6;0.125;;(9, 5);;(12, 6);1;6215
6;0.125;;(9, 5);;(12, 6);1;6216
6;0.125;;(9, 5);;(12, 6);1;6217
6;0.125;;(9, 5);;(12, 6);1;6218
6;0.125;;(9, 5);;(12, 6);1;6219
6;0.125;;(9, 5);;(12, 6);1;6220
6;0.125;;(9, 5);;(12, 6);1;6221
6;0.125;;(9, 5);;(12, 6);1;6222
6;0.125;;(9, 5);;(12, 6);1;6223
6;0.125;;(9, 5);;(12, 6);1;6224
6;0.125;;(9, 5);;(12, 6);1;6225
6;0.125;;(9, 5);;(12, 6);1;6226
6;0.125;;(9, 5);;(12, 6);1;6227
6;0.125;;(9, 5);;(12, 6);1;6228
6;0.125;;(9, 5);;(12, 6);1;6229
6;0.125;;(9, 5);;(12, 6);1;6230
6;0.125;;(9, 5);;(12, 6);1;6231
6;0.125;;(9, 5);;(12, 6);1;6232
6;0.125;;(9, 5);;(12, 6);1;6233
6;0.125;;(9, 5);;(12, 6);1;6234
6;0.125;;(9, 5);;(12, 6);1;6235
6;0.125;;(9, 5);;(12, 6);1;6236
6;0.125;;(9, 5);;(12, 6);1;6237
6;0.125;;(9, 5);;(12, 6);1;6238
6;0.125;;(9, 5);;(12, 6);1;6239
6;0.125;;(9, 5);;(12, 6);1;6240
6;0.125;;(9, 5);;(12, 6);1;6241
6;0.125;;(9, 5);;(12, 6);1;6242
6;0.125;;(9, 5);;(12, 6);1;6243
6;0.125;;(9, 5);;(12, 6);1;6244
6;0.125;;(9, 5);;(12, 6);1;6245
6;0.125;;(9, 5);;(12, 6);1;6246
6;0.125;;(9, 5);;(12, 6);1;6247
6;0.125;;(9, 5);;(12, 6);1;6248
6;0.125;;(9, 5);;(12, 6);1;6249
6;0.125;;(9, 5);;(12, 6);1;6250
6;0.125;;(9, 5);;(12, 6);1;6251
6;0.125;;(9, 5);;(12, 6);1;6252
6;0.125;;(9, 5);;(12, 6);1;6253
6;0.125;;(9, 5);;(12, 6);1;6254
6;0.125;;(9, 5);;(12, 6);1;6255
6;0.125;;(9, 5);;(12, 6);1;6256
6;0.125;;(9, 5);;(12, 6);1;6257
6;0.125;;(9, 5);;(12, 6);1;6258
6;0.125;;(9, 5);;(12, 6);1;6259
6;0.125;;(9, 5);;(12, 6);1;6260
6;0.125;;(9, 5);;(12, 6);1;6261
6;0.125;;(9, 5);;(12, 6);1;6262
6;0.125;;(9, 5);;(12, 6);1;6263
6;0.125;;(9, 5);;(12, 6);1;6264
6;0.125;;(9, 5);;(12, 6);1;6265
6;0.125;;(9, 5);;(12, 6);1;6266
6;0.125;;(9, 5);;(12, 6);1;6267
6;0.125;;(9, 5);;(12, 6);1;6268
6;0.125;;(9, 5);;(12, 6);1;6269
6;0.125;;(9, 5);;(12, 6);1;6270
6;0.125;;(9, 5);;(12, 6);1;6271
6;0.125;;(9, 5);;(12, 6);1;6272
6;0.125;;(9, 5);;(12, 6);1;6273
6;0.125;;(9, 5);;(12, 6);1;6274
6;0.125;;(9, 5);;(12, 6);1;6275
6;0.125;;(9, 5);;(12, 6);1;6276
6;0.125;;(9, 5);;(12, 6);1;6277
6;0.125;;(9, 5);;(12, 6);1;6278
6;0.125;;(9, 5);;(12, 6);1;6279
6;0.125;;(9, 5);;(12, 6);1;6280
6;0.125;;(9, 5);;(12, 6);1;6281
6;0.125;;(9, 5);;(12, 6);1;6282
6;0.125;;(9, 5);;(12, 6);1;6283
6;0.125;;(9, 5);;(12, 6);1;6284
6;0.125;;(9, 5);;(12, 6);1;6285
6;0.125;;(9, 5);;(12, 6);1;6286
6;0.125;;(9, 5);;(12, 6);1;6287
6;0.125;;(9, 5);;(12, 6);1;6288
6;0.125;;(9, 5);;(12, 6);1;6289
6;0.125;;(9, 5);;(12, 6);1;6290
6;0.125;;(9, 5);;(12, 6);1;6291
6;0.125;;(9, 5);;(12, 6);1;6292
6;0.125;;(9, 5);;(12, 6);1;6293
6;0.125;;(9, 5);;(12, 6);1;6294
6;0.125;;(9, 5);;(12, 6);1;6295
6;0.125;;(9, 5);;(12, 6);1;6296
6;0.125;;(9, 5);;(12, 6);1;6297
6;0.125;;(9, 5);;(12, 6);1;6298
6;0.125;;(9, 5);;(12, 6);1;6299
6;0.125;;(9, 5);;(12, 6);1;6300
6;0.125;;(9, 5);;(12, 6);1;6301
6;0.125;;(9, 5);;(12, 6);1;6302
6;0.125;;(9, 5);;(12, 6);1;6303
6;0.125;;(9, 5);;(12, 6);1;6304
6;0.125;;(9, 5);;(12, 6);1;6305
6;0.125;;(9, 5);;(12, 6);1;6306
6;0.125;;(9, 5);;(12, 6);1;6307
6;0.125;;(9, 5);;(12, 6);1;6308
6;0.125;;(9, 5);;(12, 6);1;6309
6;0.125;;(9, 5);;(12, 6);1;6310
6;0.125;;(9, 5);;(12, 6);1;6311
6;0.125;;(9, 5);;(12, 6);1;6312
6;0.125;;(9, 5);;(12, 6);1;6313
6;0.125;;(9, 5);;(12, 6);1;6314
6;0.125;;(9, 5);;(12, 6);1;6315
6;0.125;;(9, 5);;(12, 6);1;6316
6;0.125;;(9, 5);;(12, 6);1;6317
6;0.125;;(9, 5);;(12, 6);1;6318
6;0.125;;(9, 5);;(12, 6);1;6319
6;0.125;;(9, 5);;(12, 6);1;6320
6;0.125;;(9, 5);;(12, 6);1;6321
6;0.125;;(9, 5);;(12, 6);1;6322
6;0.125;;(9, 5);;(12, 6);1;6323
6;0.125;;(9, 5);;(12, 6);1;6324
6;0.125;;(9, 5);;(12, 6);1;6325
6;0.125;;(9, 5);;(12, 6);1;6326
6;0.125;;(9, 5);;(12, 6);1;6327
6;0.125;;(9, 5);;(12, 6);1;6328
6;0.125;;(9, 5);;(12, 6);1;6329
6;0.125;;(9, 5);;(12, 6);1;6330
6;0.125;;(9, 5);;(12, 6);1;6331
6;0.125;;(9, 5);;(12, 6);1;6332
6;0.125;;(9, 5);;(12, 6);1;6333
6;0.125;;(9, 5);;(12, 6);1;6334
6;0.125;;(9, 5);;(12, 6);1;6335
6;0.125;;(9, 5);;(12, 6);1;6336
6;0.125;;(9, 5);;(12, 6);1;6337
6;0.125;;(9, 5);;(12, 6);1;6338
6;0.125;;(9, 5);;(12, 6);1;6339
6;0.125;;(9, 5);;(12, 6);1;6340
6;0.125;;(9, 5);;(12, 6);1;6341
6;0.125;;(9, 5);;(12, 6);1;6342
6;0.125;;(9, 5);;(12, 6);1;6343
6;0.125;;(9, 5);;(12, 6);1;6344
6;0.125;;(9, 5);;(12, 6);1;6345
6;0.125;;(9, 5);;(12, 6);1;6346
6;0.125;;(9, 5);;(12, 6);1;6347
6;0.125;;(9, 5);;(12, 6);1;6348
6;0.125;;(9, 5);;(12, 6);1;6349
6;0.125;;(9, 5);;(12, 6);1;6350
6;0.125;;(9, 5);;(12, 6);1;6351
6;0.125;;(9, 5);;(12, 6);1;6352
6;0.125;;(9, 5);;(12, 6);1;6353
6;0.125;;(9, 5);;(12, 6);1;6354
6;0.125;;(9, 5);;(12, 6);1;6355
6;0.125;;(9, 5);;(12, 6);1;6356
6;0.125;;(9, 5);;(12, 6);1;6357
6;0.125;;(9, 5);;(12, 6);1;6358
6;0.125;;(9, 5);;(12, 6);1;6359
6;0.125;;(9, 5);;(12, 6);1;6360
6;0.125;;(9, 5);;(12, 6);1;6361
6;0.125;;(9, 5);;(12, 6);1;6362
6;0.125;;(9, 5);;(12, 6);1;6363
6;0.125;;(9, 5);;(12, 6);1;6364
6;0.125;;(9, 5);;(12, 6);1;6365
6;0.125;;(9, 5);;(12, 6);1;6366
6;0.125;;(9, 5);;(12, 6);1;6367
6;0.125;;(9, 5);;(12, 6);1;6368
6;0.125;;(9, 5);;(12, 6);1;6369
6;0.125;;(9, 5);;(12, 6);1;6370
6;0.125;;(9, 5);;(12, 6);1;6371
6;0.125;;(9, 5);;(12, 6);1;6372
6;0.125;;(9, 5);;(12, 6);1;6373
6;0.125;;(9, 5);;(12, 6);1;6374
6;0.125;;(9, 5);;(12, 6);1;6375
6;0.125;;(9, 5);;(12, 6);1;6376
6;0.125;;(9, 5);;(12, 6);1;6377
6;0.125;;(9, 5);;(12, 6);1;6378
6;0.125;;(9, 5);;(12, 6);1;6379
6;0.125;;(9, 5);;(12, 6);1;6380
6;0.125;;(9, 5);;(12, 6);1;6381
6;0.125;;(9, 5);;(12, 6);1;6382
6;0.125;;(9, 5);;(12, 6);1;6383
6;0.125;;(9, 5);;(12, 6);1;6384
6;0.125;;(9, 5);;(12, 6);1;6385
6;0.125;;(9, 5);;(12, 6);1;6386
6;0.125;;(9, 5);;(12, 6);1;6387
6;0.125;;(9, 5);;(12, 6);1;6388
6;0.125;;(9, 5);;(12, 6);1;6389
6;0.125;;(9, 5);;(12, 6);1;6390
6;0.125;;(9, 5);;(12, 6);1;6391
6;0.125;;(9, 5);;(12, 6);1;6392
6;0.125;;(9, 5);;(12, 6);1;6393
6;0.125;;(9, 5);;(12, 6);1;6394
6;0.125;;(9, 5);;(12, 6);1;6395
6;0.125;;(9, 5);;(12, 6);1;6396
6;0.125;;(9, 5);;(12, 6);1;6397
6;0.125;;(9, 5);;(12, 6);1;6398
6;0.125;;(9, 5);;(12, 6);1;6399
6;0.125;;(9, 5);;(12, 6);1;6400
6;0.125;;(9, 5);;(12, 6);1;6401
6;0.125;;(9, 5);;(12, 6);1;6402
6;0.125;;(9, 5);;(12, 6);1;6403
6;0.125;;(9, 5);;(12, 6);1;6404
6;0.125;;(9, 5);;(12, 6);1;6405
6;0.125;;(9, 5);;(12, 6);1;6406
6;0.125;;(9, 5);;(12, 6);1;6407
6;0.125;;(9, 5);;(12, 6);1;6408
6;0.125;;(9, 5);;(12, 6);1;6409
6;0.125;;(9, 5);;(12, 6);1;6410
6;0.125;;(9, 5);;(12, 6);1;6411
6;0.125;;(9, 5);;(12, 6);1;6412
6;0.125;;(9, 5);;(12, 6);1;6413
6;0.125;;(9, 5);;(12, 6);1;6414
6;0.125;;(9, 5);;(12, 6);1;6415
6;0.125;;(9, 5);;(12, 6);1;6416
6;0.125;;(9, 5);;(12, 6);1;6417
6;0.125;;(9, 5);;(12, 6);1;6418
6;0.125;;(9, 5);;(12, 6);1;6419
6;0.125;;(9, 5);;(12, 6);1;6420
6;0.125;;(9, 5);;(12, 6);1;6421
6;0.125;;(9, 5);;(12, 6);1;6422
6;0.125;;(9, 5);;(12, 6);1;6423
6;0.125;;(9, 5);;(12, 6);1;6424
6;0.125;;(9, 5);;(12, 6);1;6425
6;0.125;;(9, 5);;(12, 6);1;6426
6;0.125;;(9, 5);;(12, 6);1;6427
6;0.125;;(9, 5);;(12, 6);1;6428
6;0.125;;(9, 5);;(12, 6);1;6429
6;0.125;;(9, 5);;(12, 6);1;6430
6;0.125;;(9, 5);;(12, 6);1;6431
6;0.125;;(9, 5);;(12, 6);1;6432
6;0.125;;(9, 5);;(12, 6);1;6433
6;0.125;;(9, 5);;(12, 6);1;6434
6;0.125;;(9, 5);;(12, 6);1;6435
6;0.125;;(9, 5);;(12, 6);1;6436
6;0.125;;(9, 5);;(12, 6);1;6437
6;0.125;;(9, 5);;(12, 6);1;6438
6;0.125;;(9, 5);;(12, 6);1;6439
6;0.125;;(9, 5);;(12, 6);1;6440
6;0.125;;(9, 5);;(12, 6);1;6441
6;0.125;;(9, 5);;(12, 6);1;6442
6;0.125;;(9, 5);;(12, 6);1;6443
6;0.125;;(9, 5);;(12, 6);1;6444
6;0.125;;(9, 5);;(12, 6);1;6445
6;0.125;;(9, 5);;(12, 6);1;6446
6;0.125;;(9, 5);;(12, 6);1;6447
6;0.125;;(9, 5);;(12, 6);1;6448
6;0.125;;(9, 5);;(12, 6);1;6449
6;0.125;;(9, 5);;(12, 6);1;6450
6;0.125;;(9, 5);;(12, 6);1;6451
6;0.125;;(9, 5);;(12, 6);1;6452
6;0.125;;(9, 5);;(12, 6);1;6453
6;0.125;;(9, 5);;(12, 6);1;6454
6;0.125;;(9, 5);;(12, 6);1;6455
6;0.125;;(9, 5);;(12, 6);1;6456
6;0.125;;(9, 5);;(12, 6);1;6457
6;0.125;;(9, 5);;(12, 6);1;6458
6;0.125;;(9, 5);;(12, 6);1;6459
6;0.125;;(9, 5);;(12, 6);1;6460
6;0.125;;(9, 5);;(12, 6);1;6461
6;0.125;;(9, 5);;(12, 6);1;6462
6;0.125;;(9, 5);;(12, 6);1;6463
6;0.125;;(9, 5);;(12, 6);1;6464
6;0.125;;(9, 5);;(12, 6);1;6465
6;0.125;;(9, 5);;(12, 6);1;6466
6;0.125;;(9, 5);;(12, 6);1;6467
6;0.125;;(9, 5);;(12, 6);1;6468
6;0.125;;(9, 5);;(12, 6);1;6469
6;0.125;;(9, 5);;(12, 6);1;6470
6;0.125;;(9, 5);;(12, 6);1;6471
6;0.125;;(9, 5);;(12, 6);1;6472
6;0.125;;(9, 5);;(12, 6);1;6473
6;0.125;;(9, 5);;(12, 6);1;6474
6;0.125;;(9, 5);;(12, 6);1;6475
6;0.125;;(9, 5);;(12, 6);1;6476
6;0.125;;(9, 5);;(12, 6);1;6477
6;0.125;;(9, 5);;(12, 6);1;6478
6;0.125;;(9, 5);;(12, 6);1;6479
6;0.125;;(9, 5);;(12, 6);1;6480
6;0.125;;(9, 5);;(12, 6);1;6481
6;0.125;;(9, 5);;(12, 6);1;6482
6;0.125;;(9, 5);;(12, 6);1;6483
6;0.125;;(9, 5);;(12, 6);1;6484
6;0.125;;(9, 5);;(12, 6);1;6485
6;0.125;;(9, 5);;(12, 6);1;6486
6;0.125;;(9, 5);;(12, 6);1;6487
6;0.125;;(9, 5);;(12, 6);1;6488
6;0.125;;(9, 5);;(12, 6);1;6489
6;0.125;;(9, 5);;(12, 6);1;6490
6;0.125;;(9, 5);;(12, 6);1;6491
6;0.125;;(9, 5);;(12, 6);1;6492
6;0.125;;(9, 5);;(12, 6);1;6493
6;0.125;;(9, 5);;(12, 6);1;6494
6;0.125;;(9, 5);;(12, 6);1;6495
6;0.125;;(9, 5);;(12, 6);1;6496
6;0.125;;(9, 5);;(12, 6);1;6497
6;0.125;;(9, 5);;(12, 6);1;6498
6;0.125;;(9, 5);;(12, 6);1;6499
6;0.125;;(9, 5);;(12, 6);1;6500
6;0.125;;(9, 5);;(12, 6);1;6501
6;0.125;;(9, 5);;(12, 6);1;6502
6;0.125;;(9, 5);;(12, 6);1;6503
6;0.125;;(9, 5);;(12, 6);1;6504
6;0.125;;(9, 5);;(12, 6);1;6505
6;0.125;;(9, 5);;(12, 6);1;6506
6;0.125;;(9, 5);;(12, 6);1;6507
6;0.125;;(9, 5);;(12, 6);1;6508
6;0.125;;(9, 5);;(12, 6);1;6509
6;0.125;;(9, 5);;(12, 6);1;6510
6;0.125;;(9, 5);;(12, 6);1;6511
6;0.125;;(9, 5);;(12, 6);1;6512
6;0.125;;(9, 5);;(12, 6);1;6513
6;0.125;;(9, 5);;(12, 6);1;6514
6;0.125;;(9, 5);;(12, 6);1;6515
6;0.125;;(9, 5);;(12, 6);1;6516
6;0.125;;(9, 5);;(12, 6);1;6517
6;0.125;;(9, 5);;(12, 6);1;6518
6;0.125;;(9, 5);;(12, 6);1;6519
6;0.125;;(9, 5);;(12, 6);1;6520
6;0.125;;(9, 5);;(12, 6);1;6521
6;0.125;;(9, 5);;(12, 6);1;6522
6;0.125;;(9, 5);;(12, 6);1;6523
6;0.125;;(9, 5);;(12, 6);1;6524
6;0.125;;(9, 5);;(12, 6);1;6525
6;0.125;;(9, 5);;(12, 6);1;6526
6;0.125;;(9, 5);;(12, 6);1;6527
6;0.125;;(9, 5);;(12, 6);1;6528
6;0.125;;(9, 5);;(12, 6);1;6529
6;0.125;;(9, 5);;(12, 6);1;6530
6;0.125;;(9, 5);;(12, 6);1;6531
6;0.125;;(9, 5);;(12, 6);1;6532
6;0.125;;(9, 5);;(12, 6);1;6533
6;0.125;;(9, 5);;(12, 6);1;6534
6;0.125;;(9, 5);;(12, 6);1;6535
6;0.125;;(9, 5);;(12, 6);1;6536
6;0.125;;(9, 5);;(12, 6);1;6537
6;0.125;;(9, 5);;(12, 6);1;6538
6;0.125;;(9, 5);;(12, 6);1;6539
6;0.125;;(9, 5);;(12, 6);1;6540
6;0.125;;(9, 5);;(12, 6);1;6541
6;0.125;;(9, 5);;(12, 6);1;6542
6;0.125;;(9, 5);;(12, 6);1;6543
6;0.125;;(9, 5);;(12, 6);1;6544
6;0.125;;(9, 5);;(12, 6);1;6545
6;0.125;;(9, 5);;(12, 6);1;6546
6;0.125;;(9, 5);;(12, 6);1;6547
6;0.125;;(9, 5);;(12, 6);1;6548
6;0.125;;(9, 5);;(12, 6);1;6549
6;0.125;;(9, 5);;(12, 6);1;6550
6;0.125;;(9, 5);;(12, 6);1;6551
6;0.125;;(9, 5);;(12, 6);1;6552
6;0.125;;(9, 5);;(12, 6);1;6553
6;0.125;;(9, 5);;(12, 6);1;6554
6;0.125;;(9, 5);;(12, 6);1;6555
6;0.125;;(9, 5);;(12, 6);1;6556
6;0.125;;(9, 5);;(12, 6);1;6557
6;0.125;;(9, 5);;(12, 6);1;6558
6;0.125;;(9, 5);;(12, 6);1;6559
6;0.125;;(9, 5);;(12, 6);1;6560
6;0.125;;(9, 5);;(12, 6);1;6561
6;0.125;;(9, 5);;(12, 6);1;6562
6;0.125;;(9, 5);;(12, 6);1;6563
6;0.125;;(9, 5);;(12, 6);1;6564
6;0.125;;(9, 5);;(12, 6);1;6565
6;0.125;;(9, 5);;(12, 6);1;6566
6;0.125;;(9, 5);;(12, 6);1;6567
6;0.125;;(9, 5);;(12, 6);1;6568
6;0.125;;(9, 5);;(12, 6);1;6569
6;0.125;;(9, 5);;(12, 6);1;6570
6;0.125;;(9, 5);;(12, 6);1;6571
6;0.125;;(9, 5);;(12, 6);1;6572
6;0.125;;(9, 5);;(12, 6);1;6573
6;0.125;;(9, 5);;(12, 6);1;6574
6;0.125;;(9, 5);;(12, 6);1;6575
6;0.125;;(9, 5);;(12, 6);1;6576
6;0.125;;(9, 5);;(12, 6);1;6577
6;0.125;;(9, 5);;(12, 6);1;6578
6;0.125;;(9, 5);;(12, 6);1;6579
6;0.125;;(9, 5);;(12, 6);1;6580
6;0.125;;(9, 5);;(12, 6);1;6581
6;0.125;;(9, 5);;(12, 6);1;6582
6;0.125;;(9, 5);;(12, 6);1;6583
6;0.125;;(9, 5);;(12, 6);1;6584
6;0.125;;(9, 5);;(12, 6);1;6585
6;0.125;;(9, 5);;(12, 6);1;6586
6;0.125;;(9, 5);;(12, 6);1;6587
6;0.125;;(9, 5);;(12, 6);1;6588
6;0.125;;(9, 5);;(12, 6);1;6589
6;0.125;;(9, 5);;(12, 6);1;6590
6;0.125;;(9, 5);;(12, 6);1;6591
6;0.125;;(9, 5);;(12, 6);1;6592
6;0.125;;(9, 5);;(12, 6);1;6593
6;0.125;;(9, 5);;(12, 6);1;6594
6;0.125;;(9, 5);;(12, 6);1;6595
6;0.125;;(9, 5);;(12, 6);1;6596
6;0.125;;(9, 5);;(12, 6);1;6597
6;0.125;;(9, 5);;(12, 6);1;6598
6;0.125;;(9, 5);;(12, 6);1;6599
6;0.125;;(9, 5);;(12, 6);1;6600
6;0.125;;(9, 5);;(12, 6);1;6601
6;0.125;;(9, 5);;(12, 6);1;6602
6;0.125;;(9, 5);;(12, 6);1;6603
6;0.125;;(9, 5);;(12, 6);1;6604
6;0.125;;(9, 5);;(12, 6);1;6605
6;0.125;;(9, 5);;(12, 6);1;6606
6;0.125;;(9, 5);;(12, 6);1;6607
6;0.125;;(9, 5);;(12, 6);1;6608
6;0.125;;(9, 5);;(12, 6);1;6609
6;0.125;;(9, 5);;(12, 6);1;6610
6;0.125;;(9, 5);;(12, 6);1;6611
6;0.125;;(9, 5);;(12, 6);1;6612
6;0.125;;(9, 5);;(12, 6);1;6613
6;0.125;;(9, 5);;(12, 6);1;6614
6;0.125;;(9, 5);;(12, 6);1;6615
6;0.125;;(9, 5);;(12, 6);1;6616
6;0.125;;(9, 5);;(12, 6);1;6617
6;0.125;;(9, 5);;(12, 6);1;6618
6;0.125;;(9, 5);;(12, 6);1;6619
6;0.125;;(9, 5);;(12, 6);1;6620
6;0.125;;(9, 5);;(12, 6);1;6621
6;0.125;;(9, 5);;(12, 6);1;6622
6;0.125;;(9, 5);;(12, 6);1;6623
6;0.125;;(9, 5);;(12, 6);1;6624
6;0.125;;(9, 5);;(12, 6);1;6625
6;0.125;;(9, 5);;(12, 6);1;6626
6;0.125;;(9, 5);;(12, 6);1;6627
6;0.125;;(9, 5);;(12, 6);1;6628
6;0.125;;(9, 5);;(12, 6);1;6629
6;0.125;;(9, 5);;(12, 6);1;6630
6;0.125;;(9, 5);;(12, 6);1;6631
6;0.125;;(9, 5);;(12, 6);1;6632
6;0.125;;(9, 5);;(12, 6);1;6633
6;0.125;;(9, 5);;(12, 6);1;6634
6;0.125;;(9, 5);;(12, 6);1;6635
6;0.125;;(9, 5);;(12, 6);1;6636
6;0.125;;(9, 5);;(12, 6);1;6637
6;0.125;;(9, 5);;(12, 6);1;6638
6;0.125;;(9, 5);;(12, 6);1;6639
6;0.125;;(9, 5);;(12, 6);1;6640
6;0.125;;(9, 5);;(12, 6);1;6641
6;0.125;;(9, 5);;(12, 6);1;6642
6;0.125;;(9, 5);;(12, 6);1;6643
6;0.125;;(9, 5);;(12, 6);1;6644
6;0.125;;(9, 5);;(12, 6);1;6645
6;0.125;;(9, 5);;(12, 6);1;6646
6;0.125;;(9, 5);;(12, 6);1;6647
6;0.125;;(9, 5);;(12, 6);1;6648
6;0.125;;(9, 5);;(12, 6);1;6649
6;0.125;;(9, 5);;(12, 6);1;6650
6;0.125;;(9, 5);;(12, 6);1;6651
6;0.125;;(9, 5);;(12, 6);1;6652
6;0.125;;(9, 5);;(12, 6);1;6653
6;0.125;;(9, 5);;(12, 6);1;6654
6;0.125;;(9, 5);;(12, 6);1;6655
6;0.125;;(9, 5);;(12, 6);1;6656
6;0.125;;(9, 5);;(12, 6);1;6657
6;0.125;;(9, 5);;(12, 6);1;6658
6;0.125;;(9, 5);;(12, 6);1;6659
6;0.125;;(9, 5);;(12, 6);1;6660
6;0.125;;(9, 5);;(12, 6);1;6661
6;0.125;;(9, 5);;(12, 6);1;6662
6;0.125;;(9, 5);;(12, 6);1;6663
6;0.125;;(9, 5);;(12, 6);1;6664
6;0.125;;(9, 5);;(12, 6);1;6665
6;0.125;;(9, 5);;(12, 6);1;6666
6;0.125;;(9, 5);;(12, 6);1;6667
6;0.125;;(9, 5);;(12, 6);1;6668
6;0.125;;(9, 5);;(12, 6);1;6669
6;0.125;;(9, 5);;(12, 6);1;6670
6;0.125;;(9, 5);;(12, 6);1;6671
6;0.125;;(9, 5);;(12, 6);1;6672
6;0.125;;(9, 5);;(12, 6);1;6673
6;0.125;;(9, 5);;(12, 6);1;6674
6;0.125;;(9, 5);;(12, 6);1;6675
6;0.125;;(9, 5);;(12, 6);1;6676
6;0.125;;(9, 5);;(12, 6);1;6677
6;0.125;;(9, 5);;(12, 6);1;6678
6;0.125;;(9, 5);;(12, 6);1;6679
6;0.125;;(9, 5);;(12, 6);1;6680
6;0.125;;(9, 5);;(12, 6);1;6681
6;0.125;;(9, 5);;(12, 6);1;6682
6;0.125;;(9, 5);;(12, 6);1;6683
6;0.125;;(9, 5);;(12, 6);1;6684
6;0.125;;(9, 5);;(12, 6);1;6685
6;0.125;;(9, 5);;(12, 6);1;6686
6;0.125;;(9, 5);;(12, 6);1;6687
6;0.125;;(9, 5);;(12, 6);1;6688
6;0.125;;(9, 5);;(12, 6);1;6689
6;0.125;;(9, 5);;(12, 6);1;6690
6;0.125;;(9, 5);;(12, 6);1;6691
6;0.125;;(9, 5);;(12, 6);1;6692
6;0.125;;(9, 5);;(12, 6);1;6693
6;0.125;;(9, 5);;(12, 6);1;6694
6;0.125;;(9, 5);;(12, 6);1;6695
6;0.125;;(9, 5);;(12, 6);1;6696
6;0.125;;(9, 5);;(12, 6);1;6697
6;0.125;;(9, 5);;(12, 6);1;6698
6;0.125;;(9, 5);;(12, 6);1;6699
6;0.125;;(9, 5);;(12, 6);1;6700
6;0.125;;(9, 5);;(12, 6);1;6701
6;0.125;;(9, 5);;(12, 6);1;6702
6;0.125;;(9, 5);;(12, 6);1;6703
6;0.125;;(9, 5);;(12, 6);1;6704
6;0.125;;(9, 5);;(12, 6);1;6705
6;0.125;;(9, 5);;(12, 6);1;6706
6;0.125;;(9, 5);;(12, 6);1;6707
6;0.125;;(9, 5);;(12, 6);1;6708
6;0.125;;(9, 5);;(12, 6);1;6709
6;0.125;;(9, 5);;(12, 6);1;6710
6;0.125;;(9, 5);;(12, 6);1;6711
6;0.125;;(9, 5);;(12, 6);1;6712
6;0.125;;(9, 5);;(12, 6);1;6713
6;0.125;;(9, 5);;(12, 6);1;6714
6;0.125;;(9, 5);;(12, 6);1;6715
6;0.125;;(9, 5);;(12, 6);1;6716
6;0.125;;(9, 5);;(12, 6);1;6717
6;0.125;;(9, 5);;(12, 6);1;6718
6;0.125;;(9, 5);;(12, 6);1;6719
6;0.125;;(9, 5);;(12, 6);1;6720
6;0.125;;(9, 5);;(12, 6);1;6721
6;0.125;;(9, 5);;(12, 6);1;6722
6;0.125;;(9, 5);;(12, 6);1;6723
6;0.125;;(9, 5);;(12, 6);1;6724
6;0.125;;(9, 5);;(12, 6);1;6725
6;0.125;;(9, 5);;(12, 6);1;6726
6;0.125;;(9, 5);;(12, 6);1;6727
6;0.125;;(9, 5);;(12, 6);1;6728
6;0.125;;(9, 5);;(12, 6);1;6729
6;0.125;;(9, 5);;(12, 6);1;6730
6;0.125;;(9, 5);;(12, 6);1;6731
6;0.125;;(9, 5);;(12, 6);1;6732
6;0.125;;(9, 5);;(12, 6);1;6733
6;0.125;;(9, 5);;(12, 6);1;6734
6;0.125;;(9, 5);;(12, 6);1;6735
6;0.125;;(9, 5);;(12, 6);1;6736
6;0.125;;(9, 5);;(12, 6);1;6737
6;0.125;;(9, 5);;(12, 6);1;6738
6;0.125;;(9, 5);;(12, 6);1;6739
6;0.125;;(9, 5);;(12, 6);1;6740
6;0.125;;(9, 5);;(12, 6);1;6741
6;0.125;;(9, 5);;(12, 6);1;6742
6;0.125;;(9, 5);;(12, 6);1;6743
6;0.125;;(9, 5);;(12, 6);1;6744
6;0.125;;(9, 5);;(12, 6);1;6745
6;0.125;;(9, 5);;(12, 6);1;6746
6;0.125;;(9, 5);;(12, 6);1;6747
6;0.125;;(9, 5);;(12, 6);1;6748
6;0.125;;(9, 5);;(12, 6);1;6749
6;0.125;;(9, 5);;(12, 6);1;6750
6;0.125;;(9, 5);;(12, 6);1;6751
6;0.125;;(9, 5);;(12, 6);1;6752
6;0.125;;(9, 5);;(12, 6);1;6753
6;0.125;;(9, 5);;(12, 6);1;6754
6;0.125;;(9, 5);;(12, 6);1;6755
6;0.125;;(9, 5);;(12, 6);1;6756
6;0.125;;(9, 5);;(12, 6);1;6757
6;0.125;;(9, 5);;(12, 6);1;6758
6;0.125;;(9, 5);;(12, 6);1;6759
6;0.125;;(9, 5);;(12, 6);1;6760
6;0.125;;(9, 5);;(12, 6);1;6761
6;0.125;;(9, 5);;(12, 6);1;6762
6;0.125;;(9, 5);;(12, 6);1;6763
6;0.125;;(9, 5);;(12, 6);1;6764
6;0.125;;(9, 5);;(12, 6);1;6765
6;0.125;;(9, 5);;(12, 6);1;6766
6;0.125;;(9, 5);;(12, 6);1;6767
6;0.125;;(9, 5);;(12, 6);1;6768
6;0.125;;(9, 5);;(12, 6);1;6769
6;0.125;;(9, 5);;(12, 6);1;6770
6;0.125;;(9, 5);;(12, 6);1;6771
6;0.125;;(9, 5);;(12, 6);1;6772
6;0.125;;(9, 5);;(12, 6);1;6773
6;0.125;;(9, 5);;(12, 6);1;6774
6;0.125;;(9, 5);;(12, 6);1;6775
6;0.125;;(9, 5);;(12, 6);1;6776
6;0.125;;(9, 5);;(12, 6);1;6777
6;0.125;;(9, 5);;(12, 6);1;6778
6;0.125;;(9, 5);;(12, 6);1;6779
6;0.125;;(9, 5);;(12, 6);1;6780
6;0.125;;(9, 5);;(12, 6);1;6781
6;0.125;;(9, 5);;(12, 6);1;6782
6;0.125;;(9, 5);;(12, 6);1;6783
6;0.125;;(9, 5);;(12, 6);1;6784
6;0.125;;(9, 5);;(12, 6);1;6785
6;0.125;;(9, 5);;(12, 6);1;6786
6;0.125;;(9, 5);;(12, 6);1;6787
6;0.125;;(9, 5);;(12, 6);1;6788
6;0.125;;(9, 5);;(12, 6);1;6789
6;0.125;;(9, 5);;(12, 6);1;6790
6;0.125;;(9, 5);;(12, 6);1;6791
6;0.125;;(9, 5);;(12, 6);1;6792
6;0.125;;(9, 5);;(12, 6);1;6793
6;0.125;;(9, 5);;(12, 6);1;6794
6;0.125;;(9, 5);;(12, 6);1;6795
6;0.125;;(9, 5);;(12, 6);1;6796
6;0.125;;(9, 5);;(12, 6);1;6797
6;0.125;;(9, 5);;(12, 6);1;6798
6;0.125;;(9, 5);;(12, 6);1;6799
6;0.125;;(9, 5);;(12, 6);1;6800
6;0.125;;(9, 5);;(12, 6);1;6801
6;0.125;;(9, 5);;(12, 6);1;6802
6;0.125;;(9, 5);;(12, 6);1;6803
6;0.125;;(9, 5);;(12, 6);1;6804
6;0.125;;(9, 5);;(12, 6);1;6805
6;0.125;;(9, 5);;(12, 6);1;6806
6;0.125;;(9, 5);;(12, 6);1;6807
6;0.125;;(9, 5);;(12, 6);1;6808
6;0.125;;(9, 5);;(12, 6);1;6809
6;0.125;;(9, 5);;(12, 6);1;6810
6;0.125;;(9, 5);;(12, 6);1;6811
6;0.125;;(9, 5);;(12, 6);1;6812
6;0.125;;(9, 5);;(12, 6);1;6813
6;0.125;;(9, 5);;(12, 6);1;6814
6;0.125;;(9, 5);;(12, 6);1;6815
6;0.125;;(9, 5);;(12, 6);1;6816
6;0.125;;(9, 5);;(12, 6);1;6817
6;0.125;;(9, 5);;(12, 6);1;6818
6;0.125;;(9, 5);;(12, 6);1;6819
6;0.125;;(9, 5);;(12, 6);1;6820
6;0.125;;(9, 5);;(12, 6);1;6821
6;0.125;;(9, 5);;(12, 6);1;6822
6;0.125;;(9, 5);;(12, 6);1;6823
6;0.125;;(9, 5);;(12, 6);1;6824
6;0.125;;(9, 5);;(12, 6);1;6825
6;0.125;;(9, 5);;(12, 6);1;6826
6;0.125;;(9, 5);;(12, 6);1;6827
6;0.125;;(9, 5);;(12, 6);1;6828
6;0.125;;(9, 5);;(12, 6);1;6829
6;0.125;;(9, 5);;(12, 6);1;6830
6;0.125;;(9, 5);;(12, 6);1;6831
6;0.125;;(9, 5);;(12, 6);1;6832
6;0.125;;(9, 5);;(12, 6);1;6833
6;0.125;;(9, 5);;(12, 6);1;6834
6;0.125;;(9, 5);;(12, 6);1;6835
6;0.125;;(9, 5);;(12, 6);1;6836
6;0.125;;(9, 5);;(12, 6);1;6837
6;0.125;;(9, 5);;(12, 6);1;6838
6;0.125;;(9, 5);;(12, 6);1;6839
6;0.125;;(9, 5);;(12, 6);1;6840
6;0.125;;(9, 5);;(12, 6);1;6841
6;0.125;;(9, 5);;(12, 6);1;6842
6;0.125;;(9, 5);;(12, 6);1;6843
6;0.125;;(9, 5);;(12, 6);1;6844
6;0.125;;(9, 5);;(12, 6);1;6845
6;0.125;;(9, 5);;(12, 6);1;6846
6;0.125;;(9, 5);;(12, 6);1;6847
6;0.125;;(9, 5);;(12, 6);1;6848
6;0.125;;(9, 5);;(12, 6);1;6849
6;0.125;;(9, 5);;(12, 6);1;6850
6;0.125;;(9, 5);;(12, 6);1;6851
6;0.125;;(9, 5);;(12, 6);1;6852
6;0.125;;(9, 5);;(12, 6);1;6853
6;0.125;;(9, 5);;(12, 6);1;6854
6;0.125;;(9, 5);;(12, 6);1;6855
6;0.125;;(9, 5);;(12, 6);1;6856
6;0.125;;(9, 5);;(12, 6);1;6857
6;0.125;;(9, 5);;(12, 6);1;6858
6;0.125;;(9, 5);;(12, 6);1;6859
6;0.125;;(9, 5);;(12, 6);1;6860
6;0.125;;(9, 5);;(12, 6);1;6861
6;0.125;;(9, 5);;(12, 6);1;6862
6;0.125;;(9, 5);;(12, 6);1;6863
6;0.125;;(9, 5);;(12, 6);1;6864
6;0.125;;(9, 5);;(12, 6);1;6865
6;0.125;;(9, 5);;(12, 6);1;6866
6;0.125;;(9, 5);;(12, 6);1;6867
6;0.125;;(9, 5);;(12, 6);1;6868
6;0.125;;(9, 5);;(12, 6);1;6869
6;0.125;;(9, 5);;(12, 6);1;6870
6;0.125;;(9, 5);;(12, 6);1;6871
6;0.125;;(9, 5);;(12, 6);1;6872
6;0.125;;(9, 5);;(12, 6);1;6873
6;0.125;;(9, 5);;(12, 6);1;6874
6;0.125;;(9, 5);;(12, 6);1;6875
6;0.125;;(9, 5);;(12, 6);1;6876
6;0.125;;(9, 5);;(12, 6);1;6877
6;0.125;;(9, 5);;(12, 6);1;6878
6;0.125;;(9, 5);;(12, 6);1;6879
6;0.125;;(9, 5);;(12, 6);1;6880
6;0.125;;(9, 5);;(12, 6);1;6881
6;0.125;;(9, 5);;(12, 6);1;6882
6;0.125;;(9, 5);;(12, 6);1;6883
6;0.125;;(9, 5);;(12, 6);1;6884
6;0.125;;(9, 5);;(12, 6);1;6885
6;0.125;;(9, 5);;(12, 6);1;6886
6;0.125;;(9, 5);;(12, 6);1;6887
6;0.125;;(9, 5);;(12, 6);1;6888
6;0.125;;(9, 5);;(12, 6);1;6889
6;0.125;;(9, 5);;(12, 6);1;6890
6;0.125;;(9, 5);;(12, 6);1;6891
6;0.125;;(9, 5);;(12, 6);1;6892
6;0.125;;(9, 5);;(12, 6);1;6893
6;0.125;;(9, 5);;(12, 6);1;6894
6;0.125;;(9, 5);;(12, 6);1;6895
6;0.125;;(9, 5);;(12, 6);1;6896
6;0.125;;(9, 5);;(12, 6);1;6897
6;0.125;;(9, 5);;(12, 6);1;6898
6;0.125;;(9, 5);;(12, 6);1;6899
6;0.125;;(9, 5);;(12, 6);1;6900
6;0.125;;(9, 5);;(12, 6);1;6901
6;0.125;;(9, 5);;(12, 6);1;6902
6;0.125;;(9, 5);;(12, 6);1;6903
6;0.125;;(9, 5);;(12, 6);1;6904
6;0.125;;(9, 5);;(12, 6);1;6905
6;0.125;;(9, 5);;(12, 6);1;6906
6;0.125;;(9, 5);;(12, 6);1;6907
6;0.125;;(9, 5);;(12, 6);1;6908
6;0.125;;(9, 5);;(12, 6);1;6909
6;0.125;;(9, 5);;(12, 6);1;6910
6;0.125;;(9, 5);;(12, 6);1;6911
6;0.125;;(9, 5);;(12, 6);1;6912
6;0.125;;(9, 5);;(12, 6);1;6913
6;0.125;;(9, 5);;(12, 6);1;6914
6;0.125;;(9, 5);;(12, 6);1;6915
6;0.125;;(9, 5);;(12, 6);1;6916
6;0.125;;(9, 5);;(12, 6);1;6917
6;0.125;;(9, 5);;(12, 6);1;6918
6;0.125;;(9, 5);;(12, 6);1;6919
6;0.125;;(9, 5);;(12, 6);1;6920
6;0.125;;(9, 5);;(12, 6);1;6921
6;0.125;;(9, 5);;(12, 6);1;6922
6;0.125;;(9, 5);;(12, 6);1;6923
6;0.125;;(9, 5);;(12, 6);1;6924
6;0.125;;(9, 5);;(12, 6);1;6925
6;0.125;;(9, 5);;(12, 6);1;6926
6;0.125;;(9, 5);;(12, 6);1;6927
6;0.125;;(9, 5);;(12, 6);1;6928
6;0.125;;(9, 5);;(12, 6);1;6929
6;0.125;;(9, 5);;(12, 6);1;6930
6;0.125;;(9, 5);;(12, 6);1;6931
6;0.125;;(9, 5);;(12, 6);1;6932
6;0.125;;(9, 5);;(12, 6);1;6933
6;0.125;;(9, 5);;(12, 6);1;6934
6;0.125;;(9, 5);;(12, 6);1;6935
6;0.125;;(9, 5);;(12, 6);1;6936
6;0.125;;(9, 5);;(12, 6);1;6937
6;0.125;;(9, 5);;(12, 6);1;6938
6;0.125;;(9, 5);;(12, 6);1;6939
6;0.125;;(9, 5);;(12, 6);1;6940
6;0.125;;(9, 5);;(12, 6);1;6941
6;0.125;;(9, 5);;(12, 6);1;6942
6;0.125;;(9, 5);;(12, 6);1;6943
6;0.125;;(9, 5);;(12, 6);1;6944
6;0.125;;(9, 5);;(12, 6);1;6945
6;0.125;;(9, 5);;(12, 6);1;6946
6;0.125;;(9, 5);;(12, 6);1;6947
6;0.125;;(9, 5);;(12, 6);1;6948
6;0.125;;(9, 5);;(12, 6);1;6949
6;0.125;;(9, 5);;(12, 6);1;6950
6;0.125;;(9, 5);;(12, 6);1;6951
6;0.125;;(9, 5);;(12, 6);1;6952
6;0.125;;(9, 5);;(12, 6);1;6953
6;0.125;;(9, 5);;(12, 6);1;6954
6;0.125;;(9, 5);;(12, 6);1;6955
6;0.125;;(9, 5);;(12, 6);1;6956
6;0.125;;(9, 5);;(12, 6);1;6957
6;0.125;;(9, 5);;(12, 6);1;6958
6;0.125;;(9, 5);;(12, 6);1;6959
6;0.125;;(9, 5);;(12, 6);1;6960
6;0.125;;(9, 5);;(12, 6);1;6961
6;0.125;;(9, 5);;(12, 6);1;6962
6;0.125;;(9, 5);;(12, 6);1;6963
6;0.125;;(9, 5);;(12, 6);1;6964
6;0.125;;(9, 5);;(12, 6);1;6965
6;0.125;;(9, 5);;(12, 6);1;6966
6;0.125;;(9, 5);;(12, 6);1;6967
6;0.125;;(9, 5);;(12, 6);1;6968
6;0.125;;(9, 5);;(12, 6);1;6969
6;0.125;;(9, 5);;(12, 6);1;6970
6;0.125;;(9, 5);;(12, 6);1;6971
6;0.125;;(9, 5);;(12, 6);1;6972
6;0.125;;(9, 5);;(12, 6);1;6973
6;0.125;;(9, 5);;(12, 6);1;6974
6;0.125;;(9, 5);;(12, 6);1;6975
6;0.125;;(9, 5);;(12, 6);1;6976
6;0.125;;(9, 5);;(12, 6);1;6977
6;0.125;;(9, 5);;(12, 6);1;6978
6;0.125;;(9, 5);;(12, 6);1;6979
6;0.125;;(9, 5);;(12, 6);1;6980
6;0.125;;(9, 5);;(12, 6);1;6981
6;0.125;;(9, 5);;(12, 6);1;6982
6;0.125;;(9, 5);;(12, 6);1;6983
6;0.125;;(9, 5);;(12, 6);1;6984
6;0.125;;(9, 5);;(12, 6);1;6985
6;0.125;;(9, 5);;(12, 6);1;6986
6;0.125;;(9, 5);;(12, 6);1;6987
6;0.125;;(9, 5);;(12, 6);1;6988
6;0.125;;(9, 5);;(12, 6);1;6989
6;0.125;;(9, 5);;(12, 6);1;6990
6;0.125;;(9, 5);;(12, 6);1;6991
6;0.125;;(9, 5);;(12, 6);1;6992
6;0.125;;(9, 5);;(12, 6);1;6993
6;0.125;;(9, 5);;(12, 6);1;6994
6;0.125;;(9, 5);;(12, 6);1;6995
6;0.125;;(9, 5);;(12, 6);1;6996
6;0.125;;(9, 5);;(12, 6);1;6997
6;0.125;;(9, 5);;(12, 6);1;6998
6;0.125;;(9, 5);;(12, 6);1;6999
6;0.125;;(9, 5);;(12, 6);1;7000
6;0.125;;(9, 5);;(12, 6);1;7001
6;0.125;;(9, 5);;(12, 6);1;7002
6;0.125;;(9, 5);;(12, 6);1;7003
6;0.125;;(9, 5);;(12, 6);1;7004
6;0.125;;(9, 5);;(12, 6);1;7005
6;0.125;;(9, 5);;(12, 6);1;7006
6;0.125;;(9, 5);;(12, 6);1;7007
6;0.125;;(9, 5);;(12, 6);1;7008
6;0.125;;(9, 5);;(12, 6);1;7009
6;0.125;;(9, 5);;(12, 6);1;7010
6;0.125;;(9, 5);;(12, 6);1;7011
6;0.125;;(9, 5);;(12, 6);1;7012
6;0.125;;(9, 5);;(12, 6);1;7013
6;0.125;;(9, 5);;(12, 6);1;7014
6;0.125;;(9, 5);;(12, 6);1;7015
6;0.125;;(9, 5);;(12, 6);1;7016
6;0.125;;(9, 5);;(12, 6);1;7017
6;0.125;;(9, 5);;(12, 6);1;7018
6;0.125;;(9, 5);;(12, 6);1;7019
6;0.125;;(9, 5);;(12, 6);1;7020
6;0.125;;(9, 5);;(12, 6);1;7021
6;0.125;;(9, 5);;(12, 6);1;7022
6;0.125;;(9, 5);;(12, 6);1;7023
6;0.125;;(9, 5);;(12, 6);1;7024
6;0.125;;(9, 5);;(12, 6);1;7025
6;0.125;;(9, 5);;(12, 6);1;7026
6;0.125;;(9, 5);;(12, 6);1;7027
6;0.125;;(9, 5);;(12, 6);1;7028
6;0.125;;(9, 5);;(12, 6);1;7029
6;0.125;;(9, 5);;(12, 6);1;7030
6;0.125;;(9, 5);;(12, 6);1;7031
6;0.125;;(9, 5);;(12, 6);1;7032
6;0.125;;(9, 5);;(12, 6);1;7033
6;0.125;;(9, 5);;(12, 6);1;7034
6;0.125;;(9, 5);;(12, 6);1;7035
6;0.125;;(9, 5);;(12, 6);1;7036
6;0.125;;(9, 5);;(12, 6);1;7037
6;0.125;;(9, 5);;(12, 6);1;7038
6;0.125;;(9, 5);;(12, 6);1;7039
6;0.125;;(9, 5);;(12, 6);1;7040
6;0.125;;(9, 5);;(12, 6);1;7041
6;0.125;;(9, 5);;(12, 6);1;7042
6;0.125;;(9, 5);;(12, 6);1;7043
6;0.125;;(9, 5);;(12, 6);1;7044
6;0.125;;(9, 5);;(12, 6);1;7045
6;0.125;;(9, 5);;(12, 6);1;7046
6;0.125;;(9, 5);;(12, 6);1;7047
6;0.125;;(9, 5);;(12, 6);1;7048
6;0.125;;(9, 5);;(12, 6);1;7049
6;0.125;;(9, 5);;(12, 6);1;7050
6;0.125;;(9, 5);;(12, 6);1;7051
6;0.125;;(9, 5);;(12, 6);1;7052
6;0.125;;(9, 5);;(12, 6);1;7053
6;0.125;;(9, 5);;(12, 6);1;7054
6;0.125;;(9, 5);;(12, 6);1;7055
6;0.125;;(9, 5);;(12, 6);1;7056
6;0.125;;(9, 5);;(12, 6);1;7057
6;0.125;;(9, 5);;(12, 6);1;7058
6;0.125;;(9, 5);;(12, 6);1;7059
6;0.125;;(9, 5);;(12, 6);1;7060
6;0.125;;(9, 5);;(12, 6);1;7061
6;0.125;;(9, 5);;(12, 6);1;7062
6;0.125;;(9, 5);;(12, 6);1;7063
6;0.125;;(9, 5);;(12, 6);1;7064
6;0.125;;(9, 5);;(12, 6);1;7065
6;0.125;;(9, 5);;(12, 6);1;7066
6;0.125;;(9, 5);;(12, 6);1;7067
6;0.125;;(9, 5);;(12, 6);1;7068
6;0.125;;(9, 5);;(12, 6);1;7069
6;0.125;;(9, 5);;(12, 6);1;7070
6;0.125;;(9, 5);;(12, 6);1;7071
6;0.125;;(9, 5);;(12, 6);1;7072
6;0.125;;(9, 5);;(12, 6);1;7073
6;0.125;;(9, 5);;(12, 6);1;7074
6;0.125;;(9, 5);;(12, 6);1;7075
6;0.125;;(9, 5);;(12, 6);1;7076
6;0.125;;(9, 5);;(12, 6);1;7077
6;0.125;;(9, 5);;(12, 6);1;7078
6;0.125;;(9, 5);;(12, 6);1;7079
6;0.125;;(9, 5);;(12, 6);1;7080
6;0.125;;(9, 5);;(12, 6);1;7081
6;0.125;;(9, 5);;(12, 6);1;7082
6;0.125;;(9, 5);;(12, 6);1;7083
6;0.125;;(9, 5);;(12, 6);1;7084
6;0.125;;(9, 5);;(12, 6);1;7085
6;0.125;;(9, 5);;(12, 6);1;7086
6;0.125;;(9, 5);;(12, 6);1;7087
6;0.125;;(9, 5);;(12, 6);1;7088
6;0.125;;(9, 5);;(12, 6);1;7089
6;0.125;;(9, 5);;(12, 6);1;7090
6;0.125;;(9, 5);;(12, 6);1;7091
6;0.125;;(9, 5);;(12, 6);1;7092
6;0.125;;(9, 5);;(12, 6);1;7093
6;0.125;;(9, 5);;(12, 6);1;7094
6;0.125;;(9, 5);;(12, 6);1;7095
6;0.125;;(9, 5);;(12, 6);1;7096
6;0.125;;(9, 5);;(12, 6);1;7097
6;0.125;;(9, 5);;(12, 6);1;7098
6;0.125;;(9, 5);;(12, 6);1;7099
6;0.125;;(9, 5);;(12, 6);1;7100
6;0.125;;(9, 5);;(12, 6);1;7101
6;0.125;;(9, 5);;(12, 6);1;7102
6;0.125;;(9, 5);;(12, 6);1;7103
6;0.125;;(9, 5);;(12, 6);1;7104
6;0.125;;(9, 5);;(12, 6);1;7105
6;0.125;;(9, 5);;(12, 6);1;7106
6;0.125;;(9, 5);;(12, 6);1;7107
6;0.125;;(9, 5);;(12, 6);1;7108
6;0.125;;(9, 5);;(12, 6);1;7109
6;0.125;;(9, 5);;(12, 6);1;7110
6;0.125;;(9, 5);;(12, 6);1;7111
6;0.125;;(9, 5);;(12, 6);1;7112
6;0.125;;(9, 5);;(12, 6);1;7113
6;0.125;;(9, 5);;(12, 6);1;7114
6;0.125;;(9, 5);;(12, 6);1;7115
6;0.125;;(9, 5);;(12, 6);1;7116
6;0.125;;(9, 5);;(12, 6);1;7117
6;0.125;;(9, 5);;(12, 6);1;7118
6;0.125;;(9, 5);;(12, 6);1;7119
6;0.125;;(9, 5);;(12, 6);1;7120
6;0.125;;(9, 5);;(12, 6);1;7121
6;0.125;;(9, 5);;(12, 6);1;7122
6;0.125;;(9, 5);;(12, 6);1;7123
6;0.125;;(9, 5);;(12, 6);1;7124
6;0.125;;(9, 5);;(12, 6);1;7125
6;0.125;;(9, 5);;(12, 6);1;7126
6;0.125;;(9, 5);;(12, 6);1;7127
6;0.125;;(9, 5);;(12, 6);1;7128
6;0.125;;(9, 5);;(12, 6);1;7129
6;0.125;;(9, 5);;(12, 6);1;7130
6;0.125;;(9, 5);;(12, 6);1;7131
6;0.125;;(9, 5);;(12, 6);1;7132
6;0.125;;(9, 5);;(12, 6);1;7133
6;0.125;;(9, 5);;(12, 6);1;7134
6;0.125;;(9, 5);;(12, 6);1;7135
6;0.125;;(9, 5);;(12, 6);1;7136
6;0.125;;(9, 5);;(12, 6);1;7137
6;0.125;;(9, 5);;(12, 6);1;7138
6;0.125;;(9, 5);;(12, 6);1;7139
6;0.125;;(9, 5);;(12, 6);1;7140
6;0.125;;(9, 5);;(12, 6);1;7141
6;0.125;;(9, 5);;(12, 6);1;7142
6;0.125;;(9, 5);;(12, 6);1;7143
6;0.125;;(9, 5);;(12, 6);1;7144
6;0.125;;(9, 5);;(12, 6);1;7145
6;0.125;;(9, 5);;(12, 6);1;7146
6;0.125;;(9, 5);;(12, 6);1;7147
6;0.125;;(9, 5);;(12, 6);1;7148
6;0.125;;(9, 5);;(12, 6);1;7149
6;0.125;;(9, 5);;(12, 6);1;7150
6;0.125;;(9, 5);;(12, 6);1;7151
6;0.125;;(9, 5);;(12, 6);1;7152
6;0.125;;(9, 5);;(12, 6);1;7153
6;0.125;;(9, 5);;(12, 6);1;7154
6;0.125;;(9, 5);;(12, 6);1;7155
6;0.125;;(9, 5);;(12, 6);1;7156
6;0.125;;(9, 5);;(12, 6);1;7157
6;0.125;;(9, 5);;(12, 6);1;7158
6;0.125;;(9, 5);;(12, 6);1;7159
6;0.125;;(9, 5);;(12, 6);1;7160
6;0.125;;(9, 5);;(12, 6);1;7161
6;0.125;;(9, 5);;(12, 6);1;7162
6;0.125;;(9, 5);;(12, 6);1;7163
6;0.125;;(9, 5);;(12, 6);1;7164
6;0.125;;(9, 5);;(12, 6);1;7165
6;0.125;;(9, 5);;(12, 6);1;7166
6;0.125;;(9, 5);;(12, 6);1;7167
6;0.125;;(9, 5);;(12, 6);1;7168
6;0.125;;(9, 5);;(12, 6);1;7169
6;0.125;;(9, 5);;(12, 6);1;7170
6;0.125;;(9, 5);;(12, 6);1;7171
6;0.125;;(9, 5);;(12, 6);1;7172
6;0.125;;(9, 5);;(12, 6);1;7173
6;0.125;;(9, 5);;(12, 6);1;7174
6;0.125;;(9, 5);;(12, 6);1;7175
6;0.125;;(9, 5);;(12, 6);1;7176
6;0.125;;(9, 5);;(12, 6);1;7177
6;0.125;;(9, 5);;(12, 6);1;7178
6;0.125;;(9, 5);;(12, 6);1;7179
6;0.125;;(9, 5);;(12, 6);1;7180
6;0.125;;(9, 5);;(12, 6);1;7181
6;0.125;;(9, 5);;(12, 6);1;7182
6;0.125;;(9, 5);;(12, 6);1;7183
6;0.125;;(9, 5);;(12, 6);1;7184
6;0.125;;(9, 5);;(12, 6);1;7185
6;0.125;;(9, 5);;(12, 6);1;7186
6;0.125;;(9, 5);;(12, 6);1;7187
6;0.125;;(9, 5);;(12, 6);1;7188
6;0.125;;(9, 5);;(12, 6);1;7189
6;0.125;;(9, 5);;(12, 6);1;7190
6;0.125;;(9, 5);;(12, 6);1;7191
6;0.125;;(9, 5);;(12, 6);1;7192
6;0.125;;(9, 5);;(12, 6);1;7193
6;0.125;;(9, 5);;(12, 6);1;7194
6;0.125;;(9, 5);;(12, 6);1;7195
6;0.125;;(9, 5);;(12, 6);1;7196
6;0.125;;(9, 5);;(12, 6);1;7197
6;0.125;;(9, 5);;(12, 6);1;7198
6;0.125;;(9, 5);;(12, 6);1;7199
6;0.125;;(9, 5);;(12, 6);1;7200
6;0.125;;(9, 5);;(12, 6);1;7201
6;0.125;;(9, 5);;(12, 6);1;7202
6;0.125;;(9, 5);;(12, 6);1;7203
6;0.125;;(9, 5);;(12, 6);1;7204
6;0.125;;(9, 5);;(12, 6);1;7205
6;0.125;;(9, 5);;(12, 6);1;7206
6;0.125;;(9, 5);;(12, 6);1;7207
6;0.125;;(9, 5);;(12, 6);1;7208
6;0.125;;(9, 5);;(12, 6);1;7209
6;0.125;;(9, 5);;(12, 6);1;7210
6;0.125;;(9, 5);;(12, 6);1;7211
6;0.125;;(9, 5);;(12, 6);1;7212
6;0.125;;(9, 5);;(12, 6);1;7213
6;0.125;;(9, 5);;(12, 6);1;7214
6;0.125;;(9, 5);;(12, 6);1;7215
6;0.125;;(9, 5);;(12, 6);1;7216
6;0.125;;(9, 5);;(12, 6);1;7217
6;0.125;;(9, 5);;(12, 6);1;7218
6;0.125;;(9, 5);;(12, 6);1;7219
6;0.125;;(9, 5);;(12, 6);1;7220
6;0.125;;(9, 5);;(12, 6);1;7221
6;0.125;;(9, 5);;(12, 6);1;7222
6;0.125;;(9, 5);;(12, 6);1;7223
6;0.125;;(9, 5);;(12, 6);1;7224
6;0.125;;(9, 5);;(12, 6);1;7225
6;0.125;;(9, 5);;(12, 6);1;7226
6;0.125;;(9, 5);;(12, 6);1;7227
6;0.125;;(9, 5);;(12, 6);1;7228
6;0.125;;(9, 5);;(12, 6);1;7229
6;0.125;;(9, 5);;(12, 6);1;7230
6;0.125;;(9, 5);;(12, 6);1;7231
6;0.125;;(9, 5);;(12, 6);1;7232
6;0.125;;(9, 5);;(12, 6);1;7233
6;0.125;;(9, 5);;(12, 6);1;7234
6;0.125;;(9, 5);;(12, 6);1;7235
6;0.125;;(9, 5);;(12, 6);1;7236
6;0.125;;(9, 5);;(12, 6);1;7237
6;0.125;;(9, 5);;(12, 6);1;7238
6;0.125;;(9, 5);;(12, 6);1;7239
6;0.125;;(9, 5);;(12, 6);1;7240
6;0.125;;(9, 5);;(12, 6);1;7241
6;0.125;;(9, 5);;(12, 6);1;7242
6;0.125;;(9, 5);;(12, 6);1;7243
6;0.125;;(9, 5);;(12, 6);1;7244
6;0.125;;(9, 5);;(12, 6);1;7245
6;0.125;;(9, 5);;(12, 6);1;7246
6;0.125;;(9, 5);;(12, 6);1;7247
6;0.125;;(9, 5);;(12, 6);1;7248
6;0.125;;(9, 5);;(12, 6);1;7249
6;0.125;;(9, 5);;(12, 6);1;7250
6;0.125;;(9, 5);;(12, 6);1;7251
6;0.125;;(9, 5);;(12, 6);1;7252
6;0.125;;(9, 5);;(12, 6);1;7253
6;0.125;;(9, 5);;(12, 6);1;7254
6;0.125;;(9, 5);;(12, 6);1;7255
6;0.125;;(9, 5);;(12, 6);1;7256
6;0.125;;(9, 5);;(12, 6);1;7257
6;0.125;;(9, 5);;(12, 6);1;7258
6;0.125;;(9, 5);;(12, 6);1;7259
6;0.125;;(9, 5);;(12, 6);1;7260
6;0.125;;(9, 5);;(12, 6);1;7261
6;0.125;;(9, 5);;(12, 6);1;7262
6;0.125;;(9, 5);;(12, 6);1;7263
6;0.125;;(9, 5);;(12, 6);1;7264
6;0.125;;(9, 5);;(12, 6);1;7265
6;0.125;;(9, 5);;(12, 6);1;7266
6;0.125;;(9, 5);;(12, 6);1;7267
6;0.125;;(9, 5);;(12, 6);1;7268
6;0.125;;(9, 5);;(12, 6);1;7269
6;0.125;;(9, 5);;(12, 6);1;7270
6;0.125;;(9, 5);;(12, 6);1;7271
6;0.125;;(9, 5);;(12, 6);1;7272
6;0.125;;(9, 5);;(12, 6);1;7273
6;0.125;;(9, 5);;(12, 6);1;7274
6;0.125;;(9, 5);;(12, 6);1;7275
6;0.125;;(9, 5);;(12, 6);1;7276
6;0.125;;(9, 5);;(12, 6);1;7277
6;0.125;;(9, 5);;(12, 6);1;7278
6;0.125;;(9, 5);;(12, 6);1;7279
6;0.125;;(9, 5);;(12, 6);1;7280
6;0.125;;(9, 5);;(12, 6);1;7281
6;0.125;;(9, 5);;(12, 6);1;7282
6;0.125;;(9, 5);;(12, 6);1;7283
6;0.125;;(9, 5);;(12, 6);1;7284
6;0.125;;(9, 5);;(12, 6);1;7285
6;0.125;;(9, 5);;(12, 6);1;7286
6;0.125;;(9, 5);;(12, 6);1;7287
6;0.125;;(9, 5);;(12, 6);1;7288
6;0.125;;(9, 5);;(12, 6);1;7289
6;0.125;;(9, 5);;(12, 6);1;7290
6;0.125;;(9, 5);;(12, 6);1;7291
6;0.125;;(9, 5);;(12, 6);1;7292
6;0.125;;(9, 5);;(12, 6);1;7293
6;0.125;;(9, 5);;(12, 6);1;7294
6;0.125;;(9, 5);;(12, 6);1;7295
6;0.125;;(9, 5);;(12, 6);1;7296
6;0.125;;(9, 5);;(12, 6);1;7297
6;0.125;;(9, 5);;(12, 6);1;7298
6;0.125;;(9, 5);;(12, 6);1;7299
6;0.125;;(9, 5);;(12, 6);1;7300
6;0.125;;(9, 5);;(12, 6);1;7301
6;0.125;;(9, 5);;(12, 6);1;7302
6;0.125;;(9, 5);;(12, 6);1;7303
6;0.125;;(9, 5);;(12, 6);1;7304
6;0.125;;(9, 5);;(12, 6);1;7305
6;0.125;;(9, 5);;(12, 6);1;7306
6;0.125;;(9, 5);;(12, 6);1;7307
6;0.125;;(9, 5);;(12, 6);1;7308
6;0.125;;(9, 5);;(12, 6);1;7309
6;0.125;;(9, 5);;(12, 6);1;7310
6;0.125;;(9, 5);;(12, 6);1;7311
6;0.125;;(9, 5);;(12, 6);1;7312
6;0.125;;(9, 5);;(12, 6);1;7313
6;0.125;;(9, 5);;(12, 6);1;7314
6;0.125;;(9, 5);;(12, 6);1;7315
6;0.125;;(9, 5);;(12, 6);1;7316
6;0.125;;(9, 5);;(12, 6);1;7317
6;0.125;;(9, 5);;(12, 6);1;7318
6;0.125;;(9, 5);;(12, 6);1;7319
6;0.125;;(9, 5);;(12, 6);1;7320
6;0.125;;(9, 5);;(12, 6);1;7321
6;0.125;;(9, 5);;(12, 6);1;7322
6;0.125;;(9, 5);;(12, 6);1;7323
6;0.125;;(9, 5);;(12, 6);1;7324
6;0.125;;(9, 5);;(12, 6);1;7325
6;0.125;;(9, 5);;(12, 6);1;7326
6;0.125;;(9, 5);;(12, 6);1;7327
6;0.125;;(9, 5);;(12, 6);1;7328
6;0.125;;(9, 5);;(12, 6);1;7329
6;0.125;;(9, 5);;(12, 6);1;7330
6;0.125;;(9, 5);;(12, 6);1;7331
6;0.125;;(9, 5);;(12, 6);1;7332
6;0.125;;(9, 5);;(12, 6);1;7333
6;0.125;;(9, 5);;(12, 6);1;7334
6;0.125;;(9, 5);;(12, 6);1;7335
6;0.125;;(9, 5);;(12, 6);1;7336
6;0.125;;(9, 5);;(12, 6);1;7337
6;0.125;;(9, 5);;(12, 6);1;7338
6;0.125;;(9, 5);;(12, 6);1;7339
6;0.125;;(9, 5);;(12, 6);1;7340
6;0.125;;(9, 5);;(12, 6);1;7341
6;0.125;;(9, 5);;(12, 6);1;7342
6;0.125;;(9, 5);;(12, 6);1;7343
6;0.125;;(9, 5);;(12, 6);1;7344
6;0.125;;(9, 5);;(12, 6);1;7345
6;0.125;;(9, 5);;(12, 6);1;7346
6;0.125;;(9, 5);;(12, 6);1;7347
6;0.125;;(9, 5);;(12, 6);1;7348
6;0.125;;(9, 5);;(12, 6);1;7349
6;0.125;;(9, 5);;(12, 6);1;7350
6;0.125;;(9, 5);;(12, 6);1;7351
6;0.125;;(9, 5);;(12, 6);1;7352
6;0.125;;(9, 5);;(12, 6);1;7353
6;0.125;;(9, 5);;(12, 6);1;7354
6;0.125;;(9, 5);;(12, 6);1;7355
6;0.125;;(9, 5);;(12, 6);1;7356
6;0.125;;(9, 5);;(12, 6);1;7357
6;0.125;;(9, 5);;(12, 6);1;7358
6;0.125;;(9, 5);;(12, 6);1;7359
6;0.125;;(9, 5);;(12, 6);1;7360
6;0.125;;(9, 5);;(12, 6);1;7361
6;0.125;;(9, 5);;(12, 6);1;7362
6;0.125;;(9, 5);;(12, 6);1;7363
6;0.125;;(9, 5);;(12, 6);1;7364
6;0.125;;(9, 5);;(12, 6);1;7365
6;0.125;;(9, 5);;(12, 6);1;7366
6;0.125;;(9, 5);;(12, 6);1;7367
6;0.125;;(9, 5);;(12, 6);1;7368
6;0.125;;(9, 5);;(12, 6);1;7369
6;0.125;;(9, 5);;(12, 6);1;7370
6;0.125;;(9, 5);;(12, 6);1;7371
6;0.125;;(9, 5);;(12, 6);1;7372
6;0.125;;(9, 5);;(12, 6);1;7373
6;0.125;;(9, 5);;(12, 6);1;7374
6;0.125;;(9, 5);;(12, 6);1;7375
6;0.125;;(9, 5);;(12, 6);1;7376
6;0.125;;(9, 5);;(12, 6);1;7377
6;0.125;;(9, 5);;(12, 6);1;7378
6;0.125;;(9, 5);;(12, 6);1;7379
6;0.125;;(9, 5);;(12, 6);1;7380
6;0.125;;(9, 5);;(12, 6);1;7381
6;0.125;;(9, 5);;(12, 6);1;7382
6;0.125;;(9, 5);;(12, 6);1;7383
6;0.125;;(9, 5);;(12, 6);1;7384
6;0.125;;(9, 5);;(12, 6);1;7385
6;0.125;;(9, 5);;(12, 6);1;7386
6;0.125;;(9, 5);;(12, 6);1;7387
6;0.125;;(9, 5);;(12, 6);1;7388
6;0.125;;(9, 5);;(12, 6);1;7389
6;0.125;;(9, 5);;(12, 6);1;7390
6;0.125;;(9, 5);;(12, 6);1;7391
6;0.125;;(9, 5);;(12, 6);1;7392
6;0.125;;(9, 5);;(12, 6);1;7393
6;0.125;;(9, 5);;(12, 6);1;7394
6;0.125;;(9, 5);;(12, 6);1;7395
6;0.125;;(9, 5);;(12, 6);1;7396
6;0.125;;(9, 5);;(12, 6);1;7397
6;0.125;;(9, 5);;(12, 6);1;7398
6;0.125;;(9, 5);;(12, 6);1;7399
6;0.125;;(9, 5);;(12, 6);1;7400
6;0.125;;(9, 5);;(12, 6);1;7401
6;0.125;;(9, 5);;(12, 6);1;7402
6;0.125;;(9, 5);;(12, 6);1;7403
6;0.125;;(9, 5);;(12, 6);1;7404
6;0.125;;(9, 5);;(12, 6);1;7405
6;0.125;;(9, 5);;(12, 6);1;7406
6;0.125;;(9, 5);;(12, 6);1;7407
6;0.125;;(9, 5);;(12, 6);1;7408
6;0.125;;(9, 5);;(12, 6);1;7409
6;0.125;;(9, 5);;(12, 6);1;7410
6;0.125;;(9, 5);;(12, 6);1;7411
6;0.125;;(9, 5);;(12, 6);1;7412
6;0.125;;(9, 5);;(12, 6);1;7413
6;0.125;;(9, 5);;(12, 6);1;7414
6;0.125;;(9, 5);;(12, 6);1;7415
6;0.125;;(9, 5);;(12, 6);1;7416
6;0.125;;(9, 5);;(12, 6);1;7417
6;0.125;;(9, 5);;(12, 6);1;7418
6;0.125;;(9, 5);;(12, 6);1;7419
6;0.125;;(9, 5);;(12, 6);1;7420
6;0.125;;(9, 5);;(12, 6);1;7421
6;0.125;;(9, 5);;(12, 6);1;7422
6;0.125;;(9, 5);;(12, 6);1;7423
6;0.125;;(9, 5);;(12, 6);1;7424
6;0.125;;(9, 5);;(12, 6);1;7425
6;0.125;;(9, 5);;(12, 6);1;7426
6;0.125;;(9, 5);;(12, 6);1;7427
6;0.125;;(9, 5);;(12, 6);1;7428
6;0.125;;(9, 5);;(12, 6);1;7429
6;0.125;;(9, 5);;(12, 6);1;7430
6;0.125;;(9, 5);;(12, 6);1;7431
6;0.125;;(9, 5);;(12, 6);1;7432
6;0.125;;(9, 5);;(12, 6);1;7433
6;0.125;;(9, 5);;(12, 6);1;7434
6;0.125;;(9, 5);;(12, 6);1;7435
6;0.125;;(9, 5);;(12, 6);1;7436
6;0.125;;(9, 5);;(12, 6);1;7437
6;0.125;;(9, 5);;(12, 6);1;7438
6;0.125;;(9, 5);;(12, 6);1;7439
6;0.125;;(9, 5);;(12, 6);1;7440
6;0.125;;(9, 5);;(12, 6);1;7441
6;0.125;;(9, 5);;(12, 6);1;7442
6;0.125;;(9, 5);;(12, 6);1;7443
6;0.125;;(9, 5);;(12, 6);1;7444
6;0.125;;(9, 5);;(12, 6);1;7445
6;0.125;;(9, 5);;(12, 6);1;7446
6;0.125;;(9, 5);;(12, 6);1;7447
6;0.125;;(9, 5);;(12, 6);1;7448
6;0.125;;(9, 5);;(12, 6);1;7449
6;0.125;;(9, 5);;(12, 6);1;7450
6;0.125;;(9, 5);;(12, 6);1;7451
6;0.125;;(9, 5);;(12, 6);1;7452
6;0.125;;(9, 5);;(12, 6);1;7453
6;0.125;;(9, 5);;(12, 6);1;7454
6;0.125;;(9, 5);;(12, 6);1;7455
6;0.125;;(9, 5);;(12, 6);1;7456
6;0.125;;(9, 5);;(12, 6);1;7457
6;0.125;;(9, 5);;(12, 6);1;7458
6;0.125;;(9, 5);;(12, 6);1;7459
6;0.125;;(9, 5);;(12, 6);1;7460
6;0.125;;(9, 5);;(12, 6);1;7461
6;0.125;;(9, 5);;(12, 6);1;7462
6;0.125;;(9, 5);;(12, 6);1;7463
6;0.125;;(9, 5);;(12, 6);1;7464
6;0.125;;(9, 5);;(12, 6);1;7465
6;0.125;;(9, 5);;(12, 6);1;7466
6;0.125;;(9, 5);;(12, 6);1;7467
6;0.125;;(9, 5);;(12, 6);1;7468
6;0.125;;(9, 5);;(12, 6);1;7469
6;0.125;;(9, 5);;(12, 6);1;7470
6;0.125;;(9, 5);;(12, 6);1;7471
6;0.125;;(9, 5);;(12, 6);1;7472
6;0.125;;(9, 5);;(12, 6);1;7473
6;0.125;;(9, 5);;(12, 6);1;7474
6;0.125;;(9, 5);;(12, 6);1;7475
6;0.125;;(9, 5);;(12, 6);1;7476
6;0.125;;(9, 5);;(12, 6);1;7477
6;0.125;;(9, 5);;(12, 6);1;7478
6;0.125;;(9, 5);;(12, 6);1;7479
6;0.125;;(9, 5);;(12, 6);1;7480
6;0.125;;(9, 5);;(12, 6);1;7481
6;0.125;;(9, 5);;(12, 6);1;7482
6;0.125;;(9, 5);;(12, 6);1;7483
6;0.125;;(9, 5);;(12, 6);1;7484
6;0.125;;(9, 5);;(12, 6);1;7485
6;0.125;;(9, 5);;(12, 6);1;7486
6;0.125;;(9, 5);;(12, 6);1;7487
6;0.125;;(9, 5);;(12, 6);1;7488
6;0.125;;(9, 5);;(12, 6);1;7489
6;0.125;;(9, 5);;(12, 6);1;7490
6;0.125;;(9, 5);;(12, 6);1;7491
6;0.125;;(9, 5);;(12, 6);1;7492
6;0.125;;(9, 5);;(12, 6);1;7493
6;0.125;;(9, 5);;(12, 6);1;7494
6;0.125;;(9, 5);;(12, 6);1;7495
6;0.125;;(9, 5);;(12, 6);1;7496
6;0.125;;(9, 5);;(12, 6);1;7497
6;0.125;;(9, 5);;(12, 6);1;7498
6;0.125;;(9, 5);;(12, 6);1;7499
6;0.125;;(9, 5);;(12, 6);1;7500
6;0.125;;(9, 5);;(12, 6);1;7501
6;0.125;;(9, 5);;(12, 6);1;7502
6;0.125;;(9, 5);;(12, 6);1;7503
6;0.125;;(9, 5);;(12, 6);1;7504
6;0.125;;(9, 5);;(12, 6);1;7505
6;0.125;;(9, 5);;(12, 6);1;7506
6;0.125;;(9, 5);;(12, 6);1;7507
6;0.125;;(9, 5);;(12, 6);1;7508
6;0.125;;(9, 5);;(12, 6);1;7509
6;0.125;;(9, 5);;(12, 6);1;7510
6;0.125;;(9, 5);;(12, 6);1;7511
6;0.125;;(9, 5);;(12, 6);1;7512
6;0.125;;(9, 5);;(12, 6);1;7513
6;0.125;;(9, 5);;(12, 6);1;7514
6;0.125;;(9, 5);;(12, 6);1;7515
6;0.125;;(9, 5);;(12, 6);1;7516
6;0.125;;(9, 5);;(12, 6);1;7517
6;0.125;;(9, 5);;(12, 6);1;7518
6;0.125;;(9, 5);;(12, 6);1;7519
6;0.125;;(9, 5);;(12, 6);1;7520
6;0.125;;(9, 5);;(12, 6);1;7521
6;0.125;;(9, 5);;(12, 6);1;7522
6;0.125;;(9, 5);;(12, 6);1;7523
6;0.125;;(9, 5);;(12, 6);1;7524
6;0.125;;(9, 5);;(12, 6);1;7525
6;0.125;;(9, 5);;(12, 6);1;7526
6;0.125;;(9, 5);;(12, 6);1;7527
6;0.125;;(9, 5);;(12, 6);1;7528
6;0.125;;(9, 5);;(12, 6);1;7529
6;0.125;;(9, 5);;(12, 6);1;7530
6;0.125;;(9, 5);;(12, 6);1;7531
6;0.125;;(9, 5);;(12, 6);1;7532
6;0.125;;(9, 5);;(12, 6);1;7533
6;0.125;;(9, 5);;(12, 6);1;7534
6;0.125;;(9, 5);;(12, 6);1;7535
6;0.125;;(9, 5);;(12, 6);1;7536
6;0.125;;(9, 5);;(12, 6);1;7537
6;0.125;;(9, 5);;(12, 6);1;7538
6;0.125;;(9, 5);;(12, 6);1;7539
6;0.125;;(9, 5);;(12, 6);1;7540
6;0.125;;(9, 5);;(12, 6);1;7541
6;0.125;;(9, 5);;(12, 6);1;7542
6;0.125;;(9, 5);;(12, 6);1;7543
6;0.125;;(9, 5);;(12, 6);1;7544
6;0.125;;(9, 5);;(12, 6);1;7545
6;0.125;;(9, 5);;(12, 6);1;7546
6;0.125;;(9, 5);;(12, 6);1;7547
6;0.125;;(9, 5);;(12, 6);1;7548
6;0.125;;(9, 5);;(12, 6);1;7549
6;0.125;;(9, 5);;(12, 6);1;7550
6;0.125;;(9, 5);;(12, 6);1;7551
6;0.125;;(9, 5);;(12, 6);1;7552
6;0.125;;(9, 5);;(12, 6);1;7553
6;0.125;;(9, 5);;(12, 6);1;7554
6;0.125;;(9, 5);;(12, 6);1;7555
6;0.125;;(9, 5);;(12, 6);1;7556
6;0.125;;(9, 5);;(12, 6);1;7557
6;0.125;;(9, 5);;(12, 6);1;7558
6;0.125;;(9, 5);;(12, 6);1;7559
6;0.125;;(9, 5);;(12, 6);1;7560
6;0.125;;(9, 5);;(12, 6);1;7561
6;0.125;;(9, 5);;(12, 6);1;7562
6;0.125;;(9, 5);;(12, 6);1;7563
6;0.125;;(9, 5);;(12, 6);1;7564
6;0.125;;(9, 5);;(12, 6);1;7565
6;0.125;;(9, 5);;(12, 6);1;7566
6;0.125;;(9, 5);;(12, 6);1;7567
6;0.125;;(9, 5);;(12, 6);1;7568
6;0.125;;(9, 5);;(12, 6);1;7569
6;0.125;;(9, 5);;(12, 6);1;7570
6;0.125;;(9, 5);;(12, 6);1;7571
6;0.125;;(9, 5);;(12, 6);1;7572
6;0.125;;(9, 5);;(12, 6);1;7573
6;0.125;;(9, 5);;(12, 6);1;7574
6;0.125;;(9, 5);;(12, 6);1;7575
6;0.125;;(9, 5);;(12, 6);1;7576
6;0.125;;(9, 5);;(12, 6);1;7577
6;0.125;;(9, 5);;(12, 6);1;7578
6;0.125;;(9, 5);;(12, 6);1;7579
6;0.125;;(9, 5);;(12, 6);1;7580
6;0.125;;(9, 5);;(12, 6);1;7581
6;0.125;;(9, 5);;(12, 6);1;7582
6;0.125;;(9, 5);;(12, 6);1;7583
6;0.125;;(9, 5);;(12, 6);1;7584
6;0.125;;(9, 5);;(12, 6);1;7585
6;0.125;;(9, 5);;(12, 6);1;7586
6;0.125;;(9, 5);;(12, 6);1;7587
6;0.125;;(9, 5);;(12, 6);1;7588
6;0.125;;(9, 5);;(12, 6);1;7589
6;0.125;;(9, 5);;(12, 6);1;7590
6;0.125;;(9, 5);;(12, 6);1;7591
6;0.125;;(9, 5);;(12, 6);1;7592
6;0.125;;(9, 5);;(12, 6);1;7593
6;0.125;;(9, 5);;(12, 6);1;7594
6;0.125;;(9, 5);;(12, 6);1;7595
6;0.125;;(9, 5);;(12, 6);1;7596
6;0.125;;(9, 5);;(12, 6);1;7597
6;0.125;;(9, 5);;(12, 6);1;7598
6;0.125;;(9, 5);;(12, 6);1;7599
6;0.125;;(9, 5);;(12, 6);1;7600
6;0.125;;(9, 5);;(12, 6);1;7601
6;0.125;;(9, 5);;(12, 6);1;7602
6;0.125;;(9, 5);;(12, 6);1;7603
6;0.125;;(9, 5);;(12, 6);1;7604
6;0.125;;(9, 5);;(12, 6);1;7605
6;0.125;;(9, 5);;(12, 6);1;7606
6;0.125;;(9, 5);;(12, 6);1;7607
6;0.125;;(9, 5);;(12, 6);1;7608
6;0.125;;(9, 5);;(12, 6);1;7609
6;0.125;;(9, 5);;(12, 6);1;7610
6;0.125;;(9, 5);;(12, 6);1;7611
6;0.125;;(9, 5);;(12, 6);1;7612
6;0.125;;(9, 5);;(12, 6);1;7613
6;0.125;;(9, 5);;(12, 6);1;7614
6;0.125;;(9, 5);;(12, 6);1;7615
6;0.125;;(9, 5);;(12, 6);1;7616
6;0.125;;(9, 5);;(12, 6);1;7617
6;0.125;;(9, 5);;(12, 6);1;7618
6;0.125;;(9, 5);;(12, 6);1;7619
6;0.125;;(9, 5);;(12, 6);1;7620
6;0.125;;(9, 5);;(12, 6);1;7621
6;0.125;;(9, 5);;(12, 6);1;7622
6;0.125;;(9, 5);;(12, 6);1;7623
6;0.125;;(9, 5);;(12, 6);1;7624
6;0.125;;(9, 5);;(12, 6);1;7625
6;0.125;;(9, 5);;(12, 6);1;7626
6;0.125;;(9, 5);;(12, 6);1;7627
6;0.125;;(9, 5);;(12, 6);1;7628
6;0.125;;(9, 5);;(12, 6);1;7629
6;0.125;;(9, 5);;(12, 6);1;7630
6;0.125;;(9, 5);;(12, 6);1;7631
6;0.125;;(9, 5);;(12, 6);1;7632
6;0.125;;(9, 5);;(12, 6);1;7633
6;0.125;;(9, 5);;(12, 6);1;7634
6;0.125;;(9, 5);;(12, 6);1;7635
6;0.125;;(9, 5);;(12, 6);1;7636
6;0.125;;(9, 5);;(12, 6);1;7637
6;0.125;;(9, 5);;(12, 6);1;7638
6;0.125;;(9, 5);;(12, 6);1;7639
6;0.125;;(9, 5);;(12, 6);1;7640
6;0.125;;(9, 5);;(12, 6);1;7641
6;0.125;;(9, 5);;(12, 6);1;7642
6;0.125;;(9, 5);;(12, 6);1;7643
6;0.125;;(9, 5);;(12, 6);1;7644
6;0.125;;(9, 5);;(12, 6);1;7645
6;0.125;;(9, 5);;(12, 6);1;7646
6;0.125;;(9, 5);;(12, 6);1;7647
6;0.125;;(9, 5);;(12, 6);1;7648
6;0.125;;(9, 5);;(12, 6);1;7649
6;0.125;;(9, 5);;(12, 6);1;7650
6;0.125;;(9, 5);;(12, 6);1;7651
6;0.125;;(9, 5);;(12, 6);1;7652
6;0.125;;(9, 5);;(12, 6);1;7653
6;0.125;;(9, 5);;(12, 6);1;7654
6;0.125;;(9, 5);;(12, 6);1;7655
6;0.125;;(9, 5);;(12, 6);1;7656
6;0.125;;(9, 5);;(12, 6);1;7657
6;0.125;;(9, 5);;(12, 6);1;7658
6;0.125;;(9, 5);;(12, 6);1;7659
6;0.125;;(9, 5);;(12, 6);1;7660
6;0.125;;(9, 5);;(12, 6);1;7661
6;0.125;;(9, 5);;(12, 6);1;7662
6;0.125;;(9, 5);;(12, 6);1;7663
6;0.125;;(9, 5);;(12, 6);1;7664
6;0.125;;(9, 5);;(12, 6);1;7665
6;0.125;;(9, 5);;(12, 6);1;7666
6;0.125;;(9, 5);;(12, 6);1;7667
6;0.125;;(9, 5);;(12, 6);1;7668
6;0.125;;(9, 5);;(12, 6);1;7669
6;0.125;;(9, 5);;(12, 6);1;7670
6;0.125;;(9, 5);;(12, 6);1;7671
6;0.125;;(9, 5);;(12, 6);1;7672
6;0.125;;(9, 5);;(12, 6);1;7673
6;0.125;;(9, 5);;(12, 6);1;7674
6;0.125;;(9, 5);;(12, 6);1;7675
6;0.125;;(9, 5);;(12, 6);1;7676
6;0.125;;(9, 5);;(12, 6);1;7677
6;0.125;;(9, 5);;(12, 6);1;7678
6;0.125;;(9, 5);;(12, 6);1;7679
6;0.125;;(9, 5);;(12, 6);1;7680
6;0.125;;(9, 5);;(12, 6);1;7681
6;0.125;;(9, 5);;(12, 6);1;7682
6;0.125;;(9, 5);;(12, 6);1;7683
6;0.125;;(9, 5);;(12, 6);1;7684
6;0.125;;(9, 5);;(12, 6);1;7685
6;0.125;;(9, 5);;(12, 6);1;7686
6;0.125;;(9, 5);;(12, 6);1;7687
6;0.125;;(9, 5);;(12, 6);1;7688
6;0.125;;(9, 5);;(12, 6);1;7689
6;0.125;;(9, 5);;(12, 6);1;7690
6;0.125;;(9, 5);;(12, 6);1;7691
6;0.125;;(9, 5);;(12, 6);1;7692
6;0.125;;(9, 5);;(12, 6);1;7693
6;0.125;;(9, 5);;(12, 6);1;7694
6;0.125;;(9, 5);;(12, 6);1;7695
6;0.125;;(9, 5);;(12, 6);1;7696
6;0.125;;(9, 5);;(12, 6);1;7697
6;0.125;;(9, 5);;(12, 6);1;7698
6;0.125;;(9, 5);;(12, 6);1;7699
6;0.125;;(9, 5);;(12, 6);1;7700
6;0.125;;(9, 5);;(12, 6);1;7701
6;0.125;;(9, 5);;(12, 6);1;7702
6;0.125;;(9, 5);;(12, 6);1;7703
6;0.125;;(9, 5);;(12, 6);1;7704
6;0.125;;(9, 5);;(12, 6);1;7705
6;0.125;;(9, 5);;(12, 6);1;7706
6;0.125;;(9, 5);;(12, 6);1;7707
6;0.125;;(9, 5);;(12, 6);1;7708
6;0.125;;(9, 5);;(12, 6);1;7709
6;0.125;;(9, 5);;(12, 6);1;7710
6;0.125;;(9, 5);;(12, 6);1;7711
6;0.125;;(9, 5);;(12, 6);1;7712
6;0.125;;(9, 5);;(12, 6);1;7713
6;0.125;;(9, 5);;(12, 6);1;7714
6;0.125;;(9, 5);;(12, 6);1;7715
6;0.125;;(9, 5);;(12, 6);1;7716
6;0.125;;(9, 5);;(12, 6);1;7717
6;0.125;;(9, 5);;(12, 6);1;7718
6;0.125;;(9, 5);;(12, 6);1;7719
6;0.125;;(9, 5);;(12, 6);1;7720
6;0.125;;(9, 5);;(12, 6);1;7721
6;0.125;;(9, 5);;(12, 6);1;7722
6;0.125;;(9, 5);;(12, 6);1;7723
6;0.125;;(9, 5);;(12, 6);1;7724
6;0.125;;(9, 5);;(12, 6);1;7725
6;0.125;;(9, 5);;(12, 6);1;7726
6;0.125;;(9, 5);;(12, 6);1;7727
6;0.125;;(9, 5);;(12, 6);1;7728
6;0.125;;(9, 5);;(12, 6);1;7729
6;0.125;;(9, 5);;(12, 6);1;7730
6;0.125;;(9, 5);;(12, 6);1;7731
6;0.125;;(9, 5);;(12, 6);1;7732
6;0.125;;(9, 5);;(12, 6);1;7733
6;0.125;;(9, 5);;(12, 6);1;7734
6;0.125;;(9, 5);;(12, 6);1;7735
6;0.125;;(9, 5);;(12, 6);1;7736
6;0.125;;(9, 5);;(12, 6);1;7737
6;0.125;;(9, 5);;(12, 6);1;7738
6;0.125;;(9, 5);;(12, 6);1;7739
6;0.125;;(9, 5);;(12, 6);1;7740
6;0.125;;(9, 5);;(12, 6);1;7741
6;0.125;;(9, 5);;(12, 6);1;7742
6;0.125;;(9, 5);;(12, 6);1;7743
6;0.125;;(9, 5);;(12, 6);1;7744
6;0.125;;(9, 5);;(12, 6);1;7745
6;0.125;;(9, 5);;(12, 6);1;7746
6;0.125;;(9, 5);;(12, 6);1;7747
6;0.125;;(9, 5);;(12, 6);1;7748
6;0.125;;(9, 5);;(12, 6);1;7749
6;0.125;;(9, 5);;(12, 6);1;7750
6;0.125;;(9, 5);;(12, 6);1;7751
6;0.125;;(9, 5);;(12, 6);1;7752
6;0.125;;(9, 5);;(12, 6);1;7753
6;0.125;;(9, 5);;(12, 6);1;7754
6;0.125;;(9, 5);;(12, 6);1;7755
6;0.125;;(9, 5);;(12, 6);1;7756
6;0.125;;(9, 5);;(12, 6);1;7757
6;0.125;;(9, 5);;(12, 6);1;7758
6;0.125;;(9, 5);;(12, 6);1;7759
6;0.125;;(9, 5);;(12, 6);1;7760
6;0.125;;(9, 5);;(12, 6);1;7761
6;0.125;;(9, 5);;(12, 6);1;7762
6;0.125;;(9, 5);;(12, 6);1;7763
6;0.125;;(9, 5);;(12, 6);1;7764
6;0.125;;(9, 5);;(12, 6);1;7765
6;0.125;;(9, 5);;(12, 6);1;7766
6;0.125;;(9, 5);;(12, 6);1;7767
6;0.125;;(9, 5);;(12, 6);1;7768
6;0.125;;(9, 5);;(12, 6);1;7769
6;0.125;;(9, 5);;(12, 6);1;7770
6;0.125;;(9, 5);;(12, 6);1;7771
6;0.125;;(9, 5);;(12, 6);1;7772
6;0.125;;(9, 5);;(12, 6);1;7773
6;0.125;;(9, 5);;(12, 6);1;7774
6;0.125;;(9, 5);;(12, 6);1;7775
6;0.125;;(9, 5);;(12, 6);1;7776
6;0.125;;(9, 5);;(12, 6);1;7777
6;0.125;;(9, 5);;(12, 6);1;7778
6;0.125;;(9, 5);;(12, 6);1;7779
6;0.125;;(9, 5);;(12, 6);1;7780
6;0.125;;(9, 5);;(12, 6);1;7781
6;0.125;;(9, 5);;(12, 6);1;7782
6;0.125;;(9, 5);;(12, 6);1;7783
6;0.125;;(9, 5);;(12, 6);1;7784
6;0.125;;(9, 5);;(12, 6);1;7785
6;0.125;;(9, 5);;(12, 6);1;7786
6;0.125;;(9, 5);;(12, 6);1;7787
6;0.125;;(9, 5);;(12, 6);1;7788
6;0.125;;(9, 5);;(12, 6);1;7789
6;0.125;;(9, 5);;(12, 6);1;7790
6;0.125;;(9, 5);;(12, 6);1;7791
6;0.125;;(9, 5);;(12, 6);1;7792
6;0.125;;(9, 5);;(12, 6);1;7793
6;0.125;;(9, 5);;(12, 6);1;7794
6;0.125;;(9, 5);;(12, 6);1;7795
6;0.125;;(9, 5);;(12, 6);1;7796
6;0.125;;(9, 5);;(12, 6);1;7797
6;0.125;;(9, 5);;(12, 6);1;7798
6;0.125;;(9, 5);;(12, 6);1;7799
6;0.125;;(9, 5);;(12, 6);1;7800
6;0.125;;(9, 5);;(12, 6);1;7801
6;0.125;;(9, 5);;(12, 6);1;7802
6;0.125;;(9, 5);;(12, 6);1;7803
6;0.125;;(9, 5);;(12, 6);1;7804
6;0.125;;(9, 5);;(12, 6);1;7805
6;0.125;;(9, 5);;(12, 6);1;7806
6;0.125;;(9, 5);;(12, 6);1;7807
6;0.125;;(9, 5);;(12, 6);1;7808
6;0.125;;(9, 5);;(12, 6);1;7809
6;0.125;;(9, 5);;(12, 6);1;7810
6;0.125;;(9, 5);;(12, 6);1;7811
6;0.125;;(9, 5);;(12, 6);1;7812
6;0.125;;(9, 5);;(12, 6);1;7813
6;0.125;;(9, 5);;(12, 6);1;7814
6;0.125;;(9, 5);;(12, 6);1;7815
6;0.125;;(9, 5);;(12, 6);1;7816
6;0.125;;(9, 5);;(12, 6);1;7817
6;0.125;;(9, 5);;(12, 6);1;7818
6;0.125;;(9, 5);;(12, 6);1;7819
6;0.125;;(9, 5);;(12, 6);1;7820
6;0.125;;(9, 5);;(12, 6);1;7821
6;0.125;;(9, 5);;(12, 6);1;7822
6;0.125;;(9, 5);;(12, 6);1;7823
6;0.125;;(9, 5);;(12, 6);1;7824
6;0.125;;(9, 5);;(12, 6);1;7825
6;0.125;;(9, 5);;(12, 6);1;7826
6;0.125;;(9, 5);;(12, 6);1;7827
6;0.125;;(9, 5);;(12, 6);1;7828
6;0.125;;(9, 5);;(12, 6);1;7829
6;0.125;;(9, 5);;(12, 6);1;7830
6;0.125;;(9, 5);;(12, 6);1;7831
6;0.125;;(9, 5);;(12, 6);1;7832
6;0.125;;(9, 5);;(12, 6);1;7833
6;0.125;;(9, 5);;(12, 6);1;7834
6;0.125;;(9, 5);;(12, 6);1;7835
6;0.125;;(9, 5);;(12, 6);1;7836
6;0.125;;(9, 5);;(12, 6);1;7837
6;0.125;;(9, 5);;(12, 6);1;7838
6;0.125;;(9, 5);;(12, 6);1;7839
6;0.125;;(9, 5);;(12, 6);1;7840
6;0.125;;(9, 5);;(12, 6);1;7841
6;0.125;;(9, 5);;(12, 6);1;7842
6;0.125;;(9, 5);;(12, 6);1;7843
6;0.125;;(9, 5);;(12, 6);1;7844
6;0.125;;(9, 5);;(12, 6);1;7845
6;0.125;;(9, 5);;(12, 6);1;7846
6;0.125;;(9, 5);;(12, 6);1;7847
6;0.125;;(9, 5);;(12, 6);1;7848
6;0.125;;(9, 5);;(12, 6);1;7849
6;0.125;;(9, 5);;(12, 6);1;7850
6;0.125;;(9, 5);;(12, 6);1;7851
6;0.125;;(9, 5);;(12, 6);1;7852
6;0.125;;(9, 5);;(12, 6);1;7853
6;0.125;;(9, 5);;(12, 6);1;7854
6;0.125;;(9, 5);;(12, 6);1;7855
6;0.125;;(9, 5);;(12, 6);1;7856
6;0.125;;(9, 5);;(12, 6);1;7857
6;0.125;;(9, 5);;(12, 6);1;7858
6;0.125;;(9, 5);;(12, 6);1;7859
6;0.125;;(9, 5);;(12, 6);1;7860
6;0.125;;(9, 5);;(12, 6);1;7861
6;0.125;;(9, 5);;(12, 6);1;7862
6;0.125;;(9, 5);;(12, 6);1;7863
6;0.125;;(9, 5);;(12, 6);1;7864
6;0.125;;(9, 5);;(12, 6);1;7865
6;0.125;;(9, 5);;(12, 6);1;7866
6;0.125;;(9, 5);;(12, 6);1;7867
6;0.125;;(9, 5);;(12, 6);1;7868
6;0.125;;(9, 5);;(12, 6);1;7869
6;0.125;;(9, 5);;(12, 6);1;7870
6;0.125;;(9, 5);;(12, 6);1;7871
6;0.125;;(9, 5);;(12, 6);1;7872
6;0.125;;(9, 5);;(12, 6);1;7873
6;0.125;;(9, 5);;(12, 6);1;7874
6;0.125;;(9, 5);;(12, 6);1;7875
6;0.125;;(9, 5);;(12, 6);1;7876
6;0.125;;(9, 5);;(12, 6);1;7877
6;0.125;;(9, 5);;(12, 6);1;7878
6;0.125;;(9, 5);;(12, 6);1;7879
6;0.125;;(9, 5);;(12, 6);1;7880
6;0.125;;(9, 5);;(12, 6);1;7881
6;0.125;;(9, 5);;(12, 6);1;7882
6;0.125;;(9, 5);;(12, 6);1;7883
6;0.125;;(9, 5);;(12, 6);1;7884
6;0.125;;(9, 5);;(12, 6);1;7885
6;0.125;;(9, 5);;(12, 6);1;7886
6;0.125;;(9, 5);;(12, 6);1;7887
6;0.125;;(9, 5);;(12, 6);1;7888
6;0.125;;(9, 5);;(12, 6);1;7889
6;0.125;;(9, 5);;(12, 6);1;7890
6;0.125;;(9, 5);;(12, 6);1;7891
6;0.125;;(9, 5);;(12, 6);1;7892
6;0.125;;(9, 5);;(12, 6);1;7893
6;0.125;;(9, 5);;(12, 6);1;7894
6;0.125;;(9, 5);;(12, 6);1;7895
6;0.125;;(9, 5);;(12, 6);1;7896
6;0.125;;(9, 5);;(12, 6);1;7897
6;0.125;;(9, 5);;(12, 6);1;7898
6;0.125;;(9, 5);;(12, 6);1;7899
6;0.125;;(9, 5);;(12, 6);1;7900
6;0.125;;(9, 5);;(12, 6);1;7901
6;0.125;;(9, 5);;(12, 6);1;7902
6;0.125;;(9, 5);;(12, 6);1;7903
6;0.125;;(9, 5);;(12, 6);1;7904
6;0.125;;(9, 5);;(12, 6);1;7905
6;0.125;;(9, 5);;(12, 6);1;7906
6;0.125;;(9, 5);;(12, 6);1;7907
6;0.125;;(9, 5);;(12, 6);1;7908
6;0.125;;(9, 5);;(12, 6);1;7909
6;0.125;;(9, 5);;(12, 6);1;7910
6;0.125;;(9, 5);;(12, 6);1;7911
6;0.125;;(9, 5);;(12, 6);1;7912
6;0.125;;(9, 5);;(12, 6);1;7913
6;0.125;;(9, 5);;(12, 6);1;7914
6;0.125;;(9, 5);;(12, 6);1;7915
6;0.125;;(9, 5);;(12, 6);1;7916
6;0.125;;(9, 5);;(12, 6);1;7917
6;0.125;;(9, 5);;(12, 6);1;7918
6;0.125;;(9, 5);;(12, 6);1;7919
6;0.125;;(9, 5);;(12, 6);1;7920
6;0.125;;(9, 5);;(12, 6);1;7921
6;0.125;;(9, 5);;(12, 6);1;7922
6;0.125;;(9, 5);;(12, 6);1;7923
6;0.125;;(9, 5);;(12, 6);1;7924
6;0.125;;(9, 5);;(12, 6);1;7925
6;0.125;;(9, 5);;(12, 6);1;7926
6;0.125;;(9, 5);;(12, 6);1;7927
6;0.125;;(9, 5);;(12, 6);1;7928
6;0.125;;(9, 5);;(12, 6);1;7929
6;0.125;;(9, 5);;(12, 6);1;7930
6;0.125;;(9, 5);;(12, 6);1;7931
6;0.125;;(9, 5);;(12, 6);1;7932
6;0.125;;(9, 5);;(12, 6);1;7933
6;0.125;;(9, 5);;(12, 6);1;7934
6;0.125;;(9, 5);;(12, 6);1;7935
6;0.125;;(9, 5);;(12, 6);1;7936
6;0.125;;(9, 5);;(12, 6);1;7937
6;0.125;;(9, 5);;(12, 6);1;7938
6;0.125;;(9, 5);;(12, 6);1;7939
6;0.125;;(9, 5);;(12, 6);1;7940
6;0.125;;(9, 5);;(12, 6);1;7941
6;0.125;;(9, 5);;(12, 6);1;7942
6;0.125;;(9, 5);;(12, 6);1;7943
6;0.125;;(9, 5);;(12, 6);1;7944
6;0.125;;(9, 5);;(12, 6);1;7945
6;0.125;;(9, 5);;(12, 6);1;7946
6;0.125;;(9, 5);;(12, 6);1;7947
6;0.125;;(9, 5);;(12, 6);1;7948
6;0.125;;(9, 5);;(12, 6);1;7949
6;0.125;;(9, 5);;(12, 6);1;7950
6;0.125;;(9, 5);;(12, 6);1;7951
6;0.125;;(9, 5);;(12, 6);1;7952
6;0.125;;(9, 5);;(12, 6);1;7953
6;0.125;;(9, 5);;(12, 6);1;7954
6;0.125;;(9, 5);;(12, 6);1;7955
6;0.125;;(9, 5);;(12, 6);1;7956
6;0.125;;(9, 5);;(12, 6);1;7957
6;0.125;;(9, 5);;(12, 6);1;7958
6;0.125;;(9, 5);;(12, 6);1;7959
6;0.125;;(9, 5);;(12, 6);1;7960
6;0.125;;(9, 5);;(12, 6);1;7961
6;0.125;;(9, 5);;(12, 6);1;7962
6;0.125;;(9, 5);;(12, 6);1;7963
6;0.125;;(9, 5);;(12, 6);1;7964
6;0.125;;(9, 5);;(12, 6);1;7965
6;0.125;;(9, 5);;(12, 6);1;7966
6;0.125;;(9, 5);;(12, 6);1;7967
6;0.125;;(9, 5);;(12, 6);1;7968
6;0.125;;(9, 5);;(12, 6);1;7969
6;0.125;;(9, 5);;(12, 6);1;7970
6;0.125;;(9, 5);;(12, 6);1;7971
6;0.125;;(9, 5);;(12, 6);1;7972
6;0.125;;(9, 5);;(12, 6);1;7973
6;0.125;;(9, 5);;(12, 6);1;7974
6;0.125;;(9, 5);;(12, 6);1;7975
6;0.125;;(9, 5);;(12, 6);1;7976
6;0.125;;(9, 5);;(12, 6);1;7977
6;0.125;;(9, 5);;(12, 6);1;7978
6;0.125;;(9, 5);;(12, 6);1;7979
6;0.125;;(9, 5);;(12, 6);1;7980
6;0.125;;(9, 5);;(12, 6);1;7981
6;0.125;;(9, 5);;(12, 6);1;7982
6;0.125;;(9, 5);;(12, 6);1;7983
6;0.125;;(9, 5);;(12, 6);1;7984
6;0.125;;(9, 5);;(12, 6);1;7985
6;0.125;;(9, 5);;(12, 6);1;7986
6;0.125;;(9, 5);;(12, 6);1;7987
6;0.125;;(9, 5);;(12, 6);1;7988
6;0.125;;(9, 5);;(12, 6);1;7989
6;0.125;;(9, 5);;(12, 6);1;7990
6;0.125;;(9, 5);;(12, 6);1;7991
6;0.125;;(9, 5);;(12, 6);1;7992
6;0.125;;(9, 5);;(12, 6);1;7993
6;0.125;;(9, 5);;(12, 6);1;7994
6;0.125;;(9, 5);;(12, 6);1;7995
6;0.125;;(9, 5);;(12, 6);1;7996
6;0.125;;(9, 5);;(12, 6);1;7997
6;0.125;;(9, 5);;(12, 6);1;7998
6;0.125;;(9, 5);;(12, 6);1;7999
6;0.125;;(9, 5);;(12, 6);1;8000
6;0.125;;(9, 5);;(12, 6);1;8001
6;0.125;;(9, 5);;(12, 6);1;8002
6;0.125;;(9, 5);;(12, 6);1;8003
6;0.125;;(9, 5);;(12, 6);1;8004
6;0.125;;(9, 5);;(12, 6);1;8005
6;0.125;;(9, 5);;(12, 6);1;8006
6;0.125;;(9, 5);;(12, 6);1;8007
6;0.125;;(9, 5);;(12, 6);1;8008
6;0.125;;(9, 5);;(12, 6);1;8009
6;0.125;;(9, 5);;(12, 6);1;8010
6;0.125;;(9, 5);;(12, 6);1;8011
6;0.125;;(9, 5);;(12, 6);1;8012
6;0.125;;(9, 5);;(12, 6);1;8013
6;0.125;;(9, 5);;(12, 6);1;8014
6;0.125;;(9, 5);;(12, 6);1;8015
6;0.125;;(9, 5);;(12, 6);1;8016
6;0.125;;(9, 5);;(12, 6);1;8017
6;0.125;;(9, 5);;(12, 6);1;8018
6;0.125;;(9, 5);;(12, 6);1;8019
6;0.125;;(9, 5);;(12, 6);1;8020
6;0.125;;(9, 5);;(12, 6);1;8021
6;0.125;;(9, 5);;(12, 6);1;8022
6;0.125;;(9, 5);;(12, 6);1;8023
6;0.125;;(9, 5);;(12, 6);1;8024
6;0.125;;(9, 5);;(12, 6);1;8025
6;0.125;;(9, 5);;(12, 6);1;8026
6;0.125;;(9, 5);;(12, 6);1;8027
6;0.125;;(9, 5);;(12, 6);1;8028
6;0.125;;(9, 5);;(12, 6);1;8029
6;0.125;;(9, 5);;(12, 6);1;8030
6;0.125;;(9, 5);;(12, 6);1;8031
6;0.125;;(9, 5);;(12, 6);1;8032
6;0.125;;(9, 5);;(12, 6);1;8033
6;0.125;;(9, 5);;(12, 6);1;8034
6;0.125;;(9, 5);;(12, 6);1;8035
6;0.125;;(9, 5);;(12, 6);1;8036
6;0.125;;(9, 5);;(12, 6);1;8037
6;0.125;;(9, 5);;(12, 6);1;8038
6;0.125;;(9, 5);;(12, 6);1;8039
6;0.125;;(9, 5);;(12, 6);1;8040
6;0.125;;(9, 5);;(12, 6);1;8041
6;0.125;;(9, 5);;(12, 6);1;8042
6;0.125;;(9, 5);;(12, 6);1;8043
6;0.125;;(9, 5);;(12, 6);1;8044
6;0.125;;(9, 5);;(12, 6);1;8045
6;0.125;;(9, 5);;(12, 6);1;8046
6;0.125;;(9, 5);;(12, 6);1;8047
6;0.125;;(9, 5);;(12, 6);1;8048
6;0.125;;(9, 5);;(12, 6);1;8049
6;0.125;;(9, 5);;(12, 6);1;8050
6;0.125;;(9, 5);;(12, 6);1;8051
6;0.125;;(9, 5);;(12, 6);1;8052
6;0.125;;(9, 5);;(12, 6);1;8053
6;0.125;;(9, 5);;(12, 6);1;8054
6;0.125;;(9, 5);;(12, 6);1;8055
6;0.125;;(9, 5);;(12, 6);1;8056
6;0.125;;(9, 5);;(12, 6);1;8057
6;0.125;;(9, 5);;(12, 6);1;8058
6;0.125;;(9, 5);;(12, 6);1;8059
6;0.125;;(9, 5);;(12, 6);1;8060
6;0.125;;(9, 5);;(12, 6);1;8061
6;0.125;;(9, 5);;(12, 6);1;8062
6;0.125;;(9, 5);;(12, 6);1;8063
6;0.125;;(9, 5);;(12, 6);1;8064
6;0.125;;(9, 5);;(12, 6);1;8065
6;0.125;;(9, 5);;(12, 6);1;8066
6;0.125;;(9, 5);;(12, 6);1;8067
6;0.125;;(9, 5);;(12, 6);1;8068
6;0.125;;(9, 5);;(12, 6);1;8069
6;0.125;;(9, 5);;(12, 6);1;8070
6;0.125;;(9, 5);;(12, 6);1;8071
6;0.125;;(9, 5);;(12, 6);1;8072
6;0.125;;(9, 5);;(12, 6);1;8073
6;0.125;;(9, 5);;(12, 6);1;8074
6;0.125;;(9, 5);;(12, 6);1;8075
6;0.125;;(9, 5);;(12, 6);1;8076
6;0.125;;(9, 5);;(12, 6);1;8077
6;0.125;;(9, 5);;(12, 6);1;8078
6;0.125;;(9, 5);;(12, 6);1;8079
6;0.125;;(9, 5);;(12, 6);1;8080
6;0.125;;(9, 5);;(12, 6);1;8081
6;0.125;;(9, 5);;(12, 6);1;8082
6;0.125;;(9, 5);;(12, 6);1;8083
6;0.125;;(9, 5);;(12, 6);1;8084
6;0.125;;(9, 5);;(12, 6);1;8085
6;0.125;;(9, 5);;(12, 6);1;8086
6;0.125;;(9, 5);;(12, 6);1;8087
6;0.125;;(9, 5);;(12, 6);1;8088
6;0.125;;(9, 5);;(12, 6);1;8089
6;0.125;;(9, 5);;(12, 6);1;8090
6;0.125;;(9, 5);;(12, 6);1;8091
6;0.125;;(9, 5);;(12, 6);1;8092
6;0.125;;(9, 5);;(12, 6);1;8093
6;0.125;;(9, 5);;(12, 6);1;8094
6;0.125;;(9, 5);;(12, 6);1;8095
6;0.125;;(9, 5);;(12, 6);1;8096
6;0.125;;(9, 5);;(12, 6);1;8097
6;0.125;;(9, 5);;(12, 6);1;8098
6;0.125;;(9, 5);;(12, 6);1;8099
6;0.125;;(9, 5);;(12, 6);1;8100
6;0.125;;(9, 5);;(12, 6);1;8101
6;0.125;;(9, 5);;(12, 6);1;8102
6;0.125;;(9, 5);;(12, 6);1;8103
6;0.125;;(9, 5);;(12, 6);1;8104
6;0.125;;(9, 5);;(12, 6);1;8105
6;0.125;;(9, 5);;(12, 6);1;8106
6;0.125;;(9, 5);;(12, 6);1;8107
6;0.125;;(9, 5);;(12, 6);1;8108
6;0.125;;(9, 5);;(12, 6);1;8109
6;0.125;;(9, 5);;(12, 6);1;8110
6;0.125;;(9, 5);;(12, 6);1;8111
6;0.125;;(9, 5);;(12, 6);1;8112
6;0.125;;(9, 5);;(12, 6);1;8113
6;0.125;;(9, 5);;(12, 6);1;8114
6;0.125;;(9, 5);;(12, 6);1;8115
6;0.125;;(9, 5);;(12, 6);1;8116
6;0.125;;(9, 5);;(12, 6);1;8117
6;0.125;;(9, 5);;(12, 6);1;8118
6;0.125;;(9, 5);;(12, 6);1;8119
6;0.125;;(9, 5);;(12, 6);1;8120
6;0.125;;(9, 5);;(12, 6);1;8121
6;0.125;;(9, 5);;(12, 6);1;8122
6;0.125;;(9, 5);;(12, 6);1;8123
6;0.125;;(9, 5);;(12, 6);1;8124
6;0.125;;(9, 5);;(12, 6);1;8125
6;0.125;;(9, 5);;(12, 6);1;8126
6;0.125;;(9, 5);;(12, 6);1;8127
6;0.125;;(9, 5);;(12, 6);1;8128
6;0.125;;(9, 5);;(12, 6);1;8129
6;0.125;;(9, 5);;(12, 6);1;8130
6;0.125;;(9, 5);;(12, 6);1;8131
6;0.125;;(9, 5);;(12, 6);1;8132
6;0.125;;(9, 5);;(12, 6);1;8133
6;0.125;;(9, 5);;(12, 6);1;8134
6;0.125;;(9, 5);;(12, 6);1;8135
6;0.125;;(9, 5);;(12, 6);1;8136
6;0.125;;(9, 5);;(12, 6);1;8137
6;0.125;;(9, 5);;(12, 6);1;8138
6;0.125;;(9, 5);;(12, 6);1;8139
6;0.125;;(9, 5);;(12, 6);1;8140
6;0.125;;(9, 5);;(12, 6);1;8141
6;0.125;;(9, 5);;(12, 6);1;8142
6;0.125;;(9, 5);;(12, 6);1;8143
6;0.125;;(9, 5);;(12, 6);1;8144
6;0.125;;(9, 5);;(12, 6);1;8145
6;0.125;;(9, 5);;(12, 6);1;8146
6;0.125;;(9, 5);;(12, 6);1;8147
6;0.125;;(9, 5);;(12, 6);1;8148
6;0.125;;(9, 5);;(12, 6);1;8149
6;0.125;;(9, 5);;(12, 6);1;8150
6;0.125;;(9, 5);;(12, 6);1;8151
6;0.125;;(9, 5);;(12, 6);1;8152
6;0.125;;(9, 5);;(12, 6);1;8153
6;0.125;;(9, 5);;(12, 6);1;8154
6;0.125;;(9, 5);;(12, 6);1;8155
6;0.125;;(9, 5);;(12, 6);1;8156
6;0.125;;(9, 5);;(12, 6);1;8157
6;0.125;;(9, 5);;(12, 6);1;8158
6;0.125;;(9, 5);;(12, 6);1;8159
6;0.125;;(9, 5);;(12, 6);1;8160
6;0.125;;(9, 5);;(12, 6);1;8161
6;0.125;;(9, 5);;(12, 6);1;8162
6;0.125;;(9, 5);;(12, 6);1;8163
6;0.125;;(9, 5);;(12, 6);1;8164
6;0.125;;(9, 5);;(12, 6);1;8165
6;0.125;;(9, 5);;(12, 6);1;8166
6;0.125;;(9, 5);;(12, 6);1;8167
6;0.125;;(9, 5);;(12, 6);1;8168
6;0.125;;(9, 5);;(12, 6);1;8169
6;0.125;;(9, 5);;(12, 6);1;8170
6;0.125;;(9, 5);;(12, 6);1;8171
6;0.125;;(9, 5);;(12, 6);1;8172
6;0.125;;(9, 5);;(12, 6);1;8173
6;0.125;;(9, 5);;(12, 6);1;8174
6;0.125;;(9, 5);;(12, 6);1;8175
6;0.125;;(9, 5);;(12, 6);1;8176
6;0.125;;(9, 5);;(12, 6);1;8177
6;0.125;;(9, 5);;(12, 6);1;8178
6;0.125;;(9, 5);;(12, 6);1;8179
6;0.125;;(9, 5);;(12, 6);1;8180
6;0.125;;(9, 5);;(12, 6);1;8181
6;0.125;;(9, 5);;(12, 6);1;8182
6;0.125;;(9, 5);;(12, 6);1;8183
6;0.125;;(9, 5);;(12, 6);1;8184
6;0.125;;(9, 5);;(12, 6);1;8185
6;0.125;;(9, 5);;(12, 6);1;8186
6;0.125;;(9, 5);;(12, 6);1;8187
6;0.125;;(9, 5);;(12, 6);1;8188
6;0.125;;(9, 5);;(12, 6);1;8189
6;0.125;;(9, 5);;(12, 6);1;8190
6;0.125;;(9, 5);;(12, 6);1;8191
6;0.125;;(9, 5);;(12, 6);1;8192
6;0.125;;(9, 5);;(12, 6);1;8193
6;0.125;;(9, 5);;(12, 6);1;8194
6;0.125;;(9, 5);;(12, 6);1;8195
6;0.125;;(9, 5);;(12, 6);1;8196
6;0.125;;(9, 5);;(12, 6);1;8197
6;0.125;;(9, 5);;(12, 6);1;8198
6;0.125;;(9, 5);;(12, 6);1;8199
6;0.125;;(9, 5);;(12, 6);1;8200
6;0.125;;(9, 5);;(12, 6);1;8201
6;0.125;;(9, 5);;(12, 6);1;8202
6;0.125;;(9, 5);;(12, 6);1;8203
6;0.125;;(9, 5);;(12, 6);1;8204
6;0.125;;(9, 5);;(12, 6);1;8205
6;0.125;;(9, 5);;(12, 6);1;8206
6;0.125;;(9, 5);;(12, 6);1;8207
6;0.125;;(9, 5);;(12, 6);1;8208
6;0.125;;(9, 5);;(12, 6);1;8209
6;0.125;;(9, 5);;(12, 6);1;8210
6;0.125;;(9, 5);;(12, 6);1;8211
6;0.125;;(9, 5);;(12, 6);1;8212
6;0.125;;(9, 5);;(12, 6);1;8213
6;0.125;;(9, 5);;(12, 6);1;8214
6;0.125;;(9, 5);;(12, 6);1;8215
6;0.125;;(9, 5);;(12, 6);1;8216
6;0.125;;(9, 5);;(12, 6);1;8217
6;0.125;;(9, 5);;(12, 6);1;8218
6;0.125;;(9, 5);;(12, 6);1;8219
6;0.125;;(9, 5);;(12, 6);1;8220
6;0.125;;(9, 5);;(12, 6);1;8221
6;0.125;;(9, 5);;(12, 6);1;8222
6;0.125;;(9, 5);;(12, 6);1;8223
6;0.125;;(9, 5);;(12, 6);1;8224
6;0.125;;(9, 5);;(12, 6);1;8225
6;0.125;;(9, 5);;(12, 6);1;8226
6;0.125;;(9, 5);;(12, 6);1;8227
6;0.125;;(9, 5);;(12, 6);1;8228
6;0.125;;(9, 5);;(12, 6);1;8229
6;0.125;;(9, 5);;(12, 6);1;8230
6;0.125;;(9, 5);;(12, 6);1;8231
6;0.125;;(9, 5);;(12, 6);1;8232
6;0.125;;(9, 5);;(12, 6);1;8233
6;0.125;;(9, 5);;(12, 6);1;8234
6;0.125;;(9, 5);;(12, 6);1;8235
6;0.125;;(9, 5);;(12, 6);1;8236
6;0.125;;(9, 5);;(12, 6);1;8237
6;0.125;;(9, 5);;(12, 6);1;8238
6;0.125;;(9, 5);;(12, 6);1;8239
6;0.125;;(9, 5);;(12, 6);1;8240
6;0.125;;(9, 5);;(12, 6);1;8241
6;0.125;;(9, 5);;(12, 6);1;8242
6;0.125;;(9, 5);;(12, 6);1;8243
6;0.125;;(9, 5);;(12, 6);1;8244
6;0.125;;(9, 5);;(12, 6);1;8245
6;0.125;;(9, 5);;(12, 6);1;8246
6;0.125;;(9, 5);;(12, 6);1;8247
6;0.125;;(9, 5);;(12, 6);1;8248
6;0.125;;(9, 5);;(12, 6);1;8249
6;0.125;;(9, 5);;(12, 6);1;8250
6;0.125;;(9, 5);;(12, 6);1;8251
6;0.125;;(9, 5);;(12, 6);1;8252
6;0.125;;(9, 5);;(12, 6);1;8253
6;0.125;;(9, 5);;(12, 6);1;8254
6;0.125;;(9, 5);;(12, 6);1;8255
6;0.125;;(9, 5);;(12, 6);1;8256
6;0.125;;(9, 5);;(12, 6);1;8257
6;0.125;;(9, 5);;(12, 6);1;8258
6;0.125;;(9, 5);;(12, 6);1;8259
6;0.125;;(9, 5);;(12, 6);1;8260
6;0.125;;(9, 5);;(12, 6);1;8261
6;0.125;;(9, 5);;(12, 6);1;8262
6;0.125;;(9, 5);;(12, 6);1;8263
6;0.125;;(9, 5);;(12, 6);1;8264
6;0.125;;(9, 5);;(12, 6);1;8265
6;0.125;;(9, 5);;(12, 6);1;8266
6;0.125;;(9, 5);;(12, 6);1;8267
6;0.125;;(9, 5);;(12, 6);1;8268
6;0.125;;(9, 5);;(12, 6);1;8269
6;0.125;;(9, 5);;(12, 6);1;8270
6;0.125;;(9, 5);;(12, 6);1;8271
6;0.125;;(9, 5);;(12, 6);1;8272
6;0.125;;(9, 5);;(12, 6);1;8273
6;0.125;;(9, 5);;(12, 6);1;8274
6;0.125;;(9, 5);;(12, 6);1;8275
6;0.125;;(9, 5);;(12, 6);1;8276
6;0.125;;(9, 5);;(12, 6);1;8277
6;0.125;;(9, 5);;(12, 6);1;8278
6;0.125;;(9, 5);;(12, 6);1;8279
6;0.125;;(9, 5);;(12, 6);1;8280
6;0.125;;(9, 5);;(12, 6);1;8281
6;0.125;;(9, 5);;(12, 6);1;8282
6;0.125;;(9, 5);;(12, 6);1;8283
6;0.125;;(9, 5);;(12, 6);1;8284
6;0.125;;(9, 5);;(12, 6);1;8285
6;0.125;;(9, 5);;(12, 6);1;8286
6;0.125;;(9, 5);;(12, 6);1;8287
6;0.125;;(9, 5);;(12, 6);1;8288
6;0.125;;(9, 5);;(12, 6);1;8289
6;0.125;;(9, 5);;(12, 6);1;8290
6;0.125;;(9, 5);;(12, 6);1;8291
6;0.125;;(9, 5);;(12, 6);1;8292
6;0.125;;(9, 5);;(12, 6);1;8293
6;0.125;;(9, 5);;(12, 6);1;8294
6;0.125;;(9, 5);;(12, 6);1;8295
6;0.125;;(9, 5);;(12, 6);1;8296
6;0.125;;(9, 5);;(12, 6);1;8297
6;0.125;;(9, 5);;(12, 6);1;8298
6;0.125;;(9, 5);;(12, 6);1;8299
6;0.125;;(9, 5);;(12, 6);1;8300
6;0.125;;(9, 5);;(12, 6);1;8301
6;0.125;;(9, 5);;(12, 6);1;8302
6;0.125;;(9, 5);;(12, 6);1;8303
6;0.125;;(9, 5);;(12, 6);1;8304
6;0.125;;(9, 5);;(12, 6);1;8305
6;0.125;;(9, 5);;(12, 6);1;8306
6;0.125;;(9, 5);;(12, 6);1;8307
6;0.125;;(9, 5);;(12, 6);1;8308
6;0.125;;(9, 5);;(12, 6);1;8309
6;0.125;;(9, 5);;(12, 6);1;8310
6;0.125;;(9, 5);;(12, 6);1;8311
6;0.125;;(9, 5);;(12, 6);1;8312
6;0.125;;(9, 5);;(12, 6);1;8313
6;0.125;;(9, 5);;(12, 6);1;8314
6;0.125;;(9, 5);;(12, 6);1;8315
6;0.125;;(9, 5);;(12, 6);1;8316
6;0.125;;(9, 5);;(12, 6);1;8317
6;0.125;;(9, 5);;(12, 6);1;8318
6;0.125;;(9, 5);;(12, 6);1;8319
6;0.125;;(9, 5);;(12, 6);1;8320
6;0.125;;(9, 5);;(12, 6);1;8321
6;0.125;;(9, 5);;(12, 6);1;8322
6;0.125;;(9, 5);;(12, 6);1;8323
6;0.125;;(9, 5);;(12, 6);1;8324
6;0.125;;(9, 5);;(12, 6);1;8325
6;0.125;;(9, 5);;(12, 6);1;8326
6;0.125;;(9, 5);;(12, 6);1;8327
6;0.125;;(9, 5);;(12, 6);1;8328
6;0.125;;(9, 5);;(12, 6);1;8329
6;0.125;;(9, 5);;(12, 6);1;8330
6;0.125;;(9, 5);;(12, 6);1;8331
6;0.125;;(9, 5);;(12, 6);1;8332
6;0.125;;(9, 5);;(12, 6);1;8333
6;0.125;;(9, 5);;(12, 6);1;8334
6;0.125;;(9, 5);;(12, 6);1;8335
6;0.125;;(9, 5);;(12, 6);1;8336
6;0.125;;(9, 5);;(12, 6);1;8337
6;0.125;;(9, 5);;(12, 6);1;8338
6;0.125;;(9, 5);;(12, 6);1;8339
6;0.125;;(9, 5);;(12, 6);1;8340
6;0.125;;(9, 5);;(12, 6);1;8341
6;0.125;;(9, 5);;(12, 6);1;8342
6;0.125;;(9, 5);;(12, 6);1;8343
6;0.125;;(9, 5);;(12, 6);1;8344
6;0.125;;(9, 5);;(12, 6);1;8345
6;0.125;;(9, 5);;(12, 6);1;8346
6;0.125;;(9, 5);;(12, 6);1;8347
6;0.125;;(9, 5);;(12, 6);1;8348
6;0.125;;(9, 5);;(12, 6);1;8349
6;0.125;;(9, 5);;(12, 6);1;8350
6;0.125;;(9, 5);;(12, 6);1;8351
6;0.125;;(9, 5);;(12, 6);1;8352
6;0.125;;(9, 5);;(12, 6);1;8353
6;0.125;;(9, 5);;(12, 6);1;8354
6;0.125;;(9, 5);;(12, 6);1;8355
6;0.125;;(9, 5);;(12, 6);1;8356
6;0.125;;(9, 5);;(12, 6);1;8357
6;0.125;;(9, 5);;(12, 6);1;8358
6;0.125;;(9, 5);;(12, 6);1;8359
6;0.125;;(9, 5);;(12, 6);1;8360
6;0.125;;(9, 5);;(12, 6);1;8361
6;0.125;;(9, 5);;(12, 6);1;8362
6;0.125;;(9, 5);;(12, 6);1;8363
6;0.125;;(9, 5);;(12, 6);1;8364
6;0.125;;(9, 5);;(12, 6);1;8365
6;0.125;;(9, 5);;(12, 6);1;8366
6;0.125;;(9, 5);;(12, 6);1;8367
6;0.125;;(9, 5);;(12, 6);1;8368
6;0.125;;(9, 5);;(12, 6);1;8369
6;0.125;;(9, 5);;(12, 6);1;8370
6;0.125;;(9, 5);;(12, 6);1;8371
6;0.125;;(9, 5);;(12, 6);1;8372
6;0.125;;(9, 5);;(12, 6);1;8373
6;0.125;;(9, 5);;(12, 6);1;8374
6;0.125;;(9, 5);;(12, 6);1;8375
6;0.125;;(9, 5);;(12, 6);1;8376
6;0.125;;(9, 5);;(12, 6);1;8377
6;0.125;;(9, 5);;(12, 6);1;8378
6;0.125;;(9, 5);;(12, 6);1;8379
6;0.125;;(9, 5);;(12, 6);1;8380
6;0.125;;(9, 5);;(12, 6);1;8381
6;0.125;;(9, 5);;(12, 6);1;8382
6;0.125;;(9, 5);;(12, 6);1;8383
6;0.125;;(9, 5);;(12, 6);1;8384
6;0.125;;(9, 5);;(12, 6);1;8385
6;0.125;;(9, 5);;(12, 6);1;8386
6;0.125;;(9, 5);;(12, 6);1;8387
6;0.125;;(9, 5);;(12, 6);1;8388
6;0.125;;(9, 5);;(12, 6);1;8389
6;0.125;;(9, 5);;(12, 6);1;8390
6;0.125;;(9, 5);;(12, 6);1;8391
6;0.125;;(9, 5);;(12, 6);1;8392
6;0.125;;(9, 5);;(12, 6);1;8393
6;0.125;;(9, 5);;(12, 6);1;8394
6;0.125;;(9, 5);;(12, 6);1;8395
6;0.125;;(9, 5);;(12, 6);1;8396
6;0.125;;(9, 5);;(12, 6);1;8397
6;0.125;;(9, 5);;(12, 6);1;8398
6;0.125;;(9, 5);;(12, 6);1;8399
6;0.125;;(9, 5);;(12, 6);1;8400
6;0.125;;(9, 5);;(12, 6);1;8401
6;0.125;;(9, 5);;(12, 6);1;8402
6;0.125;;(9, 5);;(12, 6);1;8403
6;0.125;;(9, 5);;(12, 6);1;8404
6;0.125;;(9, 5);;(12, 6);1;8405
6;0.125;;(9, 5);;(12, 6);1;8406
6;0.125;;(9, 5);;(12, 6);1;8407
6;0.125;;(9, 5);;(12, 6);1;8408
6;0.125;;(9, 5);;(12, 6);1;8409
6;0.125;;(9, 5);;(12, 6);1;8410
6;0.125;;(9, 5);;(12, 6);1;8411
6;0.125;;(9, 5);;(12, 6);1;8412
6;0.125;;(9, 5);;(12, 6);1;8413
6;0.125;;(9, 5);;(12, 6);1;8414
6;0.125;;(9, 5);;(12, 6);1;8415
6;0.125;;(9, 5);;(12, 6);1;8416
6;0.125;;(9, 5);;(12, 6);1;8417
6;0.125;;(9, 5);;(12, 6);1;8418
6;0.125;;(9, 5);;(12, 6);1;8419
6;0.125;;(9, 5);;(12, 6);1;8420
6;0.125;;(9, 5);;(12, 6);1;8421
6;0.125;;(9, 5);;(12, 6);1;8422
6;0.125;;(9, 5);;(12, 6);1;8423
6;0.125;;(9, 5);;(12, 6);1;8424
6;0.125;;(9, 5);;(12, 6);1;8425
6;0.125;;(9, 5);;(12, 6);1;8426
6;0.125;;(9, 5);;(12, 6);1;8427
6;0.125;;(9, 5);;(12, 6);1;8428
6;0.125;;(9, 5);;(12, 6);1;8429
6;0.125;;(9, 5);;(12, 6);1;8430
6;0.125;;(9, 5);;(12, 6);1;8431
6;0.125;;(9, 5);;(12, 6);1;8432
6;0.125;;(9, 5);;(12, 6);1;8433
6;0.125;;(9, 5);;(12, 6);1;8434
6;0.125;;(9, 5);;(12, 6);1;8435
6;0.125;;(9, 5);;(12, 6);1;8436
6;0.125;;(9, 5);;(12, 6);1;8437
6;0.125;;(9, 5);;(12, 6);1;8438
6;0.125;;(9, 5);;(12, 6);1;8439
6;0.125;;(9, 5);;(12, 6);1;8440
6;0.125;;(9, 5);;(12, 6);1;8441
6;0.125;;(9, 5);;(12, 6);1;8442
6;0.125;;(9, 5);;(12, 6);1;8443
6;0.125;;(9, 5);;(12, 6);1;8444
6;0.125;;(9, 5);;(12, 6);1;8445
6;0.125;;(9, 5);;(12, 6);1;8446
6;0.125;;(9, 5);;(12, 6);1;8447
6;0.125;;(9, 5);;(12, 6);1;8448
6;0.125;;(9, 5);;(12, 6);1;8449
6;0.125;;(9, 5);;(12, 6);1;8450
6;0.125;;(9, 5);;(12, 6);1;8451
6;0.125;;(9, 5);;(12, 6);1;8452
6;0.125;;(9, 5);;(12, 6);1;8453
6;0.125;;(9, 5);;(12, 6);1;8454
6;0.125;;(9, 5);;(12, 6);1;8455
6;0.125;;(9, 5);;(12, 6);1;8456
6;0.125;;(9, 5);;(12, 6);1;8457
6;0.125;;(9, 5);;(12, 6);1;8458
6;0.125;;(9, 5);;(12, 6);1;8459
6;0.125;;(9, 5);;(12, 6);1;8460
6;0.125;;(9, 5);;(12, 6);1;8461
6;0.125;;(9, 5);;(12, 6);1;8462
6;0.125;;(9, 5);;(12, 6);1;8463
6;0.125;;(9, 5);;(12, 6);1;8464
6;0.125;;(9, 5);;(12, 6);1;8465
6;0.125;;(9, 5);;(12, 6);1;8466
6;0.125;;(9, 5);;(12, 6);1;8467
6;0.125;;(9, 5);;(12, 6);1;8468
6;0.125;;(9, 5);;(12, 6);1;8469
6;0.125;;(9, 5);;(12, 6);1;8470
6;0.125;;(9, 5);;(12, 6);1;8471
6;0.125;;(9, 5);;(12, 6);1;8472
6;0.125;;(9, 5);;(12, 6);1;8473
6;0.125;;(9, 5);;(12, 6);1;8474
6;0.125;;(9, 5);;(12, 6);1;8475
6;0.125;;(9, 5);;(12, 6);1;8476
6;0.125;;(9, 5);;(12, 6);1;8477
6;0.125;;(9, 5);;(12, 6);1;8478
6;0.125;;(9, 5);;(12, 6);1;8479
6;0.125;;(9, 5);;(12, 6);1;8480
6;0.125;;(9, 5);;(12, 6);1;8481
6;0.125;;(9, 5);;(12, 6);1;8482
6;0.125;;(9, 5);;(12, 6);1;8483
6;0.125;;(9, 5);;(12, 6);1;8484
6;0.125;;(9, 5);;(12, 6);1;8485
6;0.125;;(9, 5);;(12, 6);1;8486
6;0.125;;(9, 5);;(12, 6);1;8487
6;0.125;;(9, 5);;(12, 6);1;8488
6;0.125;;(9, 5);;(12, 6);1;8489
6;0.125;;(9, 5);;(12, 6);1;8490
6;0.125;;(9, 5);;(12, 6);1;8491
6;0.125;;(9, 5);;(12, 6);1;8492
6;0.125;;(9, 5);;(12, 6);1;8493
6;0.125;;(9, 5);;(12, 6);1;8494
6;0.125;;(9, 5);;(12, 6);1;8495
6;0.125;;(9, 5);;(12, 6);1;8496
6;0.125;;(9, 5);;(12, 6);1;8497
6;0.125;;(9, 5);;(12, 6);1;8498
6;0.125;;(9, 5);;(12, 6);1;8499
6;0.125;;(9, 5);;(12, 6);1;8500
6;0.125;;(9, 5);;(12, 6);1;8501
6;0.125;;(9, 5);;(12, 6);1;8502
6;0.125;;(9, 5);;(12, 6);1;8503
6;0.125;;(9, 5);;(12, 6);1;8504
6;0.125;;(9, 5);;(12, 6);1;8505
6;0.125;;(9, 5);;(12, 6);1;8506
6;0.125;;(9, 5);;(12, 6);1;8507
6;0.125;;(9, 5);;(12, 6);1;8508
6;0.125;;(9, 5);;(12, 6);1;8509
6;0.125;;(9, 5);;(12, 6);1;8510
6;0.125;;(9, 5);;(12, 6);1;8511
6;0.125;;(9, 5);;(12, 6);1;8512
6;0.125;;(9, 5);;(12, 6);1;8513
6;0.125;;(9, 5);;(12, 6);1;8514
6;0.125;;(9, 5);;(12, 6);1;8515
6;0.125;;(9, 5);;(12, 6);1;8516
6;0.125;;(9, 5);;(12, 6);1;8517
6;0.125;;(9, 5);;(12, 6);1;8518
6;0.125;;(9, 5);;(12, 6);1;8519
6;0.125;;(9, 5);;(12, 6);1;8520
6;0.125;;(9, 5);;(12, 6);1;8521
6;0.125;;(9, 5);;(12, 6);1;8522
6;0.125;;(9, 5);;(12, 6);1;8523
6;0.125;;(9, 5);;(12, 6);1;8524
6;0.125;;(9, 5);;(12, 6);1;8525
6;0.125;;(9, 5);;(12, 6);1;8526
6;0.125;;(9, 5);;(12, 6);1;8527
6;0.125;;(9, 5);;(12, 6);1;8528
6;0.125;;(9, 5);;(12, 6);1;8529
6;0.125;;(9, 5);;(12, 6);1;8530
6;0.125;;(9, 5);;(12, 6);1;8531
6;0.125;;(9, 5);;(12, 6);1;8532
6;0.125;;(9, 5);;(12, 6);1;8533
6;0.125;;(9, 5);;(12, 6);1;8534
6;0.125;;(9, 5);;(12, 6);1;8535
6;0.125;;(9, 5);;(12, 6);1;8536
6;0.125;;(9, 5);;(12, 6);1;8537
6;0.125;;(9, 5);;(12, 6);1;8538
6;0.125;;(9, 5);;(12, 6);1;8539
6;0.125;;(9, 5);;(12, 6);1;8540
6;0.125;;(9, 5);;(12, 6);1;8541
6;0.125;;(9, 5);;(12, 6);1;8542
6;0.125;;(9, 5);;(12, 6);1;8543
6;0.125;;(9, 5);;(12, 6);1;8544
6;0.125;;(9, 5);;(12, 6);1;8545
6;0.125;;(9, 5);;(12, 6);1;8546
6;0.125;;(9, 5);;(12, 6);1;8547
6;0.125;;(9, 5);;(12, 6);1;8548
6;0.125;;(9, 5);;(12, 6);1;8549
6;0.125;;(9, 5);;(12, 6);1;8550
6;0.125;;(9, 5);;(12, 6);1;8551
6;0.125;;(9, 5);;(12, 6);1;8552
6;0.125;;(9, 5);;(12, 6);1;8553
6;0.125;;(9, 5);;(12, 6);1;8554
6;0.125;;(9, 5);;(12, 6);1;8555
6;0.125;;(9, 5);;(12, 6);1;8556
6;0.125;;(9, 5);;(12, 6);1;8557
6;0.125;;(9, 5);;(12, 6);1;8558
6;0.125;;(9, 5);;(12, 6);1;8559
6;0.125;;(9, 5);;(12, 6);1;8560
6;0.125;;(9, 5);;(12, 6);1;8561
6;0.125;;(9, 5);;(12, 6);1;8562
6;0.125;;(9, 5);;(12, 6);1;8563
6;0.125;;(9, 5);;(12, 6);1;8564
6;0.125;;(9, 5);;(12, 6);1;8565
6;0.125;;(9, 5);;(12, 6);1;8566
6;0.125;;(9, 5);;(12, 6);1;8567
6;0.125;;(9, 5);;(12, 6);1;8568
6;0.125;;(9, 5);;(12, 6);1;8569
